split,model,K,metric,t,value,n
fixed,gtinit_vf,0,derr,0,0.38899194251664065,364.0
fixed,gtinit_vf,0,derr,1,0.3476435008080124,364.0
fixed,gtinit_vf,0,derr,2,0.33923284943819376,364.0
fixed,gtinit_vf,0,derr,3,0.3203477986658422,364.0
fixed,gtinit_vf,0,derr,4,0.30876670752211915,364.0
fixed,gtinit_vf,0,derr,5,0.29570299786116394,364.0
fixed,gtinit_vf,0,derr,6,0.30420299232067477,364.0
fixed,gtinit_vf,0,derr,7,0.2953913727990137,364.0
fixed,gtinit_vf,0,derr,8,0.3063809976882332,364.0
fixed,gtinit_vf,0,derr,9,0.32903311780275224,364.0
fixed,gtinit_vf,0,derr,10,0.32208301283541946,364.0
fixed,gtinit_vf,0,derr,11,0.3265424537994377,364.0
fixed,gtinit_vf,0,derr,12,0.3581273584002322,364.0
fixed,gtinit_vf,0,derr,13,0.3415650497088311,364.0
fixed,gtinit_vf,0,derr,14,0.34192589576775717,364.0
fixed,gtinit_vf,0,derr,15,0.35300447045733313,364.0
fixed,gtinit_vf,0,derr,16,0.36975689607437007,364.0
fixed,gtinit_vf,0,derr,17,0.36531136353285265,364.0
fixed,gtinit_vf,0,derr,18,0.3837722037038715,364.0
fixed,gtinit_vf,0,derr,19,0.371138120694393,364.0
fixed,gtinit_vf,0,derr,20,0.34698612327370176,364.0
fixed,gtinit_vf,0,derr,21,0.34366796594522486,364.0
fixed,gtinit_vf,0,derr,22,0.42267725984872945,364.0
fixed,gtinit_vf,0,derr,23,0.33354152952945165,364.0
fixed,gtinit_vf,0,derr,24,0.3266433865077548,364.0
fixed,gtinit_vf,0,derr,25,0.3484355566235116,364.0
fixed,gtinit_vf,0,derr,26,0.3556673513356965,364.0
fixed,gtinit_vf,0,derr,27,0.34502005540243874,364.0
fixed,gtinit_vf,0,derr,28,0.32934213579622107,364.0
fixed,gtinit_vf,0,derr,29,0.3223718337837484,364.0
fixed,gtinit_vf,0,derr,30,0.31003736400117093,364.0
fixed,gtinit_vf,0,derr,31,0.3033705849128847,364.0
fixed,gtinit_vf,0,derr,32,0.304741515056486,364.0
fixed,gtinit_vf,0,derr,33,0.3003976696252741,364.0
fixed,gtinit_vf,0,derr,34,0.2893596334321486,364.0
fixed,gtinit_vf,0,derr,35,0.2888526873212758,364.0
fixed,gtinit_vf,0,derr,36,0.2831991527812903,364.0
fixed,gtinit_vf,0,derr,37,0.28905736815163885,364.0
fixed,gtinit_vf,0,derr,38,0.31369167222938205,364.0
fixed,gtinit_vf,0,derr,39,0.2841547096050907,364.0
fixed,gtinit_vf,0,derr,40,0.30482656022554244,364.0
fixed,gtinit_vf,0,derr,41,0.43375795694313696,364.0
fixed,gtinit_vf,0,derr,42,0.42703140741418844,364.0
fixed,gtinit_vf,0,derr,43,0.2789664116667604,364.0
fixed,gtinit_vf,0,derr,44,0.2641692858721529,364.0
fixed,gtinit_vf,0,derr,45,0.2934408250704899,364.0
fixed,gtinit_vf,0,derr,46,0.30177022503934553,364.0
fixed,gtinit_vf,0,derr,47,0.30419806169939567,364.0
fixed,gtinit_vf,0,derr,48,0.28488898546956887,364.0
fixed,gtinit_vf,0,derr,49,0.2697336418492781,364.0
fixed,gtinit_vf,0,derr,50,0.24704033389667068,364.0
fixed,gtinit_vf,0,derr,51,0.24864389139974674,364.0
fixed,gtinit_vf,0,derr,52,0.2597959524885352,364.0
fixed,gtinit_vf,0,derr,53,0.27210889930662874,364.0
fixed,gtinit_vf,0,derr,54,0.2743905543984211,364.0
fixed,gtinit_vf,0,derr,55,0.26137577079154634,364.0
fixed,gtinit_vf,0,derr,56,0.2674471980989348,364.0
fixed,gtinit_vf,0,derr,57,0.25963889309563315,364.0
fixed,gtinit_vf,0,derr,58,0.2879661858020412,364.0
fixed,gtinit_vf,0,derr,59,0.2691009972438953,364.0
fixed,gtinit_vf,0,derr,60,0.2636806090761508,364.0
fixed,gtinit_vf,0,derr,61,0.3763808401808102,364.0
fixed,gtinit_vf,0,derr,62,0.3697021378582896,364.0
fixed,gtinit_vf,0,dmag,0,0.3132153053276732,364.0
fixed,gtinit_vf,0,dmag,1,0.2905740250249977,364.0
fixed,gtinit_vf,0,dmag,2,0.2686051315945256,364.0
fixed,gtinit_vf,0,dmag,3,0.2483554882570528,364.0
fixed,gtinit_vf,0,dmag,4,0.23596480742588147,364.0
fixed,gtinit_vf,0,dmag,5,0.22991339120358883,364.0
fixed,gtinit_vf,0,dmag,6,0.21913240440087495,364.0
fixed,gtinit_vf,0,dmag,7,0.21354956541640255,364.0
fixed,gtinit_vf,0,dmag,8,0.2042034969327378,364.0
fixed,gtinit_vf,0,dmag,9,0.1922025166318885,364.0
fixed,gtinit_vf,0,dmag,10,0.18675791924041543,364.0
fixed,gtinit_vf,0,dmag,11,0.18075225884504206,364.0
fixed,gtinit_vf,0,dmag,12,0.17577875526826625,364.0
fixed,gtinit_vf,0,dmag,13,0.16896566718427852,364.0
fixed,gtinit_vf,0,dmag,14,0.16590737050481058,364.0
fixed,gtinit_vf,0,dmag,15,0.16356671199069492,364.0
fixed,gtinit_vf,0,dmag,16,0.16003333100701098,364.0
fixed,gtinit_vf,0,dmag,17,0.15703219334994042,364.0
fixed,gtinit_vf,0,dmag,18,0.15503781009465456,364.0
fixed,gtinit_vf,0,dmag,19,0.15195955684060578,364.0
fixed,gtinit_vf,0,dmag,20,0.1501176818683334,364.0
fixed,gtinit_vf,0,dmag,21,0.14722134490691863,364.0
fixed,gtinit_vf,0,dmag,22,0.14241885897386206,364.0
fixed,gtinit_vf,0,dmag,23,0.13625807596810655,364.0
fixed,gtinit_vf,0,dmag,24,0.13282382823424516,364.0
fixed,gtinit_vf,0,dmag,25,0.13178193818644754,364.0
fixed,gtinit_vf,0,dmag,26,0.12332836254295167,364.0
fixed,gtinit_vf,0,dmag,27,0.11891751845397956,364.0
fixed,gtinit_vf,0,dmag,28,0.11641760664777114,364.0
fixed,gtinit_vf,0,dmag,29,0.11536989546160899,364.0
fixed,gtinit_vf,0,dmag,30,0.10950794009936994,364.0
fixed,gtinit_vf,0,dmag,31,0.106471482984169,364.0
fixed,gtinit_vf,0,dmag,32,0.10082086967816065,364.0
fixed,gtinit_vf,0,dmag,33,0.0968975495895023,364.0
fixed,gtinit_vf,0,dmag,34,0.09308106171038862,364.0
fixed,gtinit_vf,0,dmag,35,0.08934317287671698,364.0
fixed,gtinit_vf,0,dmag,36,0.08693750146878781,364.0
fixed,gtinit_vf,0,dmag,37,0.08533263042477052,364.0
fixed,gtinit_vf,0,dmag,38,0.08502232257512163,364.0
fixed,gtinit_vf,0,dmag,39,0.08453936667365769,364.0
fixed,gtinit_vf,0,dmag,40,0.08523536335733198,364.0
fixed,gtinit_vf,0,dmag,41,0.0833196119510231,364.0
fixed,gtinit_vf,0,dmag,42,0.08186266964792714,364.0
fixed,gtinit_vf,0,dmag,43,0.0798355617744664,364.0
fixed,gtinit_vf,0,dmag,44,0.07709521310311834,364.0
fixed,gtinit_vf,0,dmag,45,0.0733628335836149,364.0
fixed,gtinit_vf,0,dmag,46,0.07370007810551304,364.0
fixed,gtinit_vf,0,dmag,47,0.0713732766900928,364.0
fixed,gtinit_vf,0,dmag,48,0.07023645309183829,364.0
fixed,gtinit_vf,0,dmag,49,0.0713202622258565,364.0
fixed,gtinit_vf,0,dmag,50,0.06836433699712731,364.0
fixed,gtinit_vf,0,dmag,51,0.06762789126106916,364.0
fixed,gtinit_vf,0,dmag,52,0.06607911832743212,364.0
fixed,gtinit_vf,0,dmag,53,0.06531521655583325,364.0
fixed,gtinit_vf,0,dmag,54,0.06533587905373629,364.0
fixed,gtinit_vf,0,dmag,55,0.06368276213838177,364.0
fixed,gtinit_vf,0,dmag,56,0.06207407805505771,364.0
fixed,gtinit_vf,0,dmag,57,0.060235106715021636,364.0
fixed,gtinit_vf,0,dmag,58,0.06217477004719223,364.0
fixed,gtinit_vf,0,dmag,59,0.06254204930891129,364.0
fixed,gtinit_vf,0,dmag,60,0.06524046258182152,364.0
fixed,gtinit_vf,0,dmag,61,0.06564641295763367,364.0
fixed,gtinit_vf,0,dmag,62,0.0672256658979497,364.0
fixed,gtinit_vf,0,err,0,6.250390221513297e-08,364.0
fixed,gtinit_vf,0,err,1,0.38899194273156124,364.0
fixed,gtinit_vf,0,err,2,0.6377242048690607,364.0
fixed,gtinit_vf,0,err,3,0.8128486133620634,364.0
fixed,gtinit_vf,0,err,4,0.922708117433793,364.0
fixed,gtinit_vf,0,err,5,1.0115096329578332,364.0
fixed,gtinit_vf,0,err,6,1.0890624666033866,364.0
fixed,gtinit_vf,0,err,7,1.1846523607497688,364.0
fixed,gtinit_vf,0,err,8,1.2557769660930058,364.0
fixed,gtinit_vf,0,err,9,1.3231615992774675,364.0
fixed,gtinit_vf,0,err,10,1.3971918104523486,364.0
fixed,gtinit_vf,0,err,11,1.4554736541768352,364.0
fixed,gtinit_vf,0,err,12,1.520862211565395,364.0
fixed,gtinit_vf,0,err,13,1.5945024494040798,364.0
fixed,gtinit_vf,0,err,14,1.6527227806029738,364.0
fixed,gtinit_vf,0,err,15,1.7190807632856318,364.0
fixed,gtinit_vf,0,err,16,1.7686081852886704,364.0
fixed,gtinit_vf,0,err,17,1.8272859931483374,364.0
fixed,gtinit_vf,0,err,18,1.8842436991386362,364.0
fixed,gtinit_vf,0,err,19,1.9149059974230254,364.0
fixed,gtinit_vf,0,err,20,1.9375268216807764,364.0
fixed,gtinit_vf,0,err,21,1.9812024871890361,364.0
fixed,gtinit_vf,0,err,22,2.013654028075737,364.0
fixed,gtinit_vf,0,err,23,2.0108019842223808,364.0
fixed,gtinit_vf,0,err,24,2.020573748582667,364.0
fixed,gtinit_vf,0,err,25,2.022965856223971,364.0
fixed,gtinit_vf,0,err,26,2.030143824498077,364.0
fixed,gtinit_vf,0,err,27,2.0443659239745404,364.0
fixed,gtinit_vf,0,err,28,2.062487982540995,364.0
fixed,gtinit_vf,0,err,29,2.053629728054607,364.0
fixed,gtinit_vf,0,err,30,2.05004523981076,364.0
fixed,gtinit_vf,0,err,31,2.030173130742796,364.0
fixed,gtinit_vf,0,err,32,2.033347605267069,364.0
fixed,gtinit_vf,0,err,33,2.0353977771087006,364.0
fixed,gtinit_vf,0,err,34,2.0445324580420503,364.0
fixed,gtinit_vf,0,err,35,2.0387181436622535,364.0
fixed,gtinit_vf,0,err,36,2.035410364004937,364.0
fixed,gtinit_vf,0,err,37,2.0560257781992903,364.0
fixed,gtinit_vf,0,err,38,2.070463038325965,364.0
fixed,gtinit_vf,0,err,39,2.0885294961569074,364.0
fixed,gtinit_vf,0,err,40,2.095792641760884,364.0
fixed,gtinit_vf,0,err,41,2.095821934905681,364.0
fixed,gtinit_vf,0,err,42,2.1309474363595573,364.0
fixed,gtinit_vf,0,err,43,2.110998086140051,364.0
fixed,gtinit_vf,0,err,44,2.107570957515266,364.0
fixed,gtinit_vf,0,err,45,2.110878835913244,364.0
fixed,gtinit_vf,0,err,46,2.108840422152163,364.0
fixed,gtinit_vf,0,err,47,2.104013081025946,364.0
fixed,gtinit_vf,0,err,48,2.108435009288919,364.0
fixed,gtinit_vf,0,err,49,2.1045559508787406,364.0
fixed,gtinit_vf,0,err,50,2.0929622284167415,364.0
fixed,gtinit_vf,0,err,51,2.0865575872607285,364.0
fixed,gtinit_vf,0,err,52,2.0954417639545033,364.0
fixed,gtinit_vf,0,err,53,2.0945924008776853,364.0
fixed,gtinit_vf,0,err,54,2.0946199524697366,364.0
fixed,gtinit_vf,0,err,55,2.08849265819395,364.0
fixed,gtinit_vf,0,err,56,2.0890616997257694,364.0
fixed,gtinit_vf,0,err,57,2.0954543877761442,364.0
fixed,gtinit_vf,0,err,58,2.099752555672939,364.0
fixed,gtinit_vf,0,err,59,2.0913011122208376,364.0
fixed,gtinit_vf,0,err,60,2.094634078361176,364.0
fixed,gtinit_vf,0,err,61,2.0958328886510253,364.0
fixed,gtinit_vf,0,err,62,2.1160907113290097,364.0
fixed,gtinit_vf,0,err,63,2.111090363545732,364.0
fixed,samplerGT_static,-1,derr,0,0.4370516077474599,364.0
fixed,samplerGT_static,-1,derr,1,0.39688343111269564,364.0
fixed,samplerGT_static,-1,derr,2,0.38573094382421574,364.0
fixed,samplerGT_static,-1,derr,3,0.3293008714406444,364.0
fixed,samplerGT_static,-1,derr,4,0.3110108863220775,364.0
fixed,samplerGT_static,-1,derr,5,0.29507878732836834,364.0
fixed,samplerGT_static,-1,derr,6,0.302676813279734,364.0
fixed,samplerGT_static,-1,derr,7,0.30078517161194585,364.0
fixed,samplerGT_static,-1,derr,8,0.30479537630658393,364.0
fixed,samplerGT_static,-1,derr,9,0.32759331693299687,364.0
fixed,samplerGT_static,-1,derr,10,0.31619639011166456,364.0
fixed,samplerGT_static,-1,derr,11,0.32412984131216227,364.0
fixed,samplerGT_static,-1,derr,12,0.3539730228731859,364.0
fixed,samplerGT_static,-1,derr,13,0.34324387926608324,364.0
fixed,samplerGT_static,-1,derr,14,0.3341394760594754,364.0
fixed,samplerGT_static,-1,derr,15,0.3411418194319684,364.0
fixed,samplerGT_static,-1,derr,16,0.3707715828601107,364.0
fixed,samplerGT_static,-1,derr,17,0.3651731013049177,364.0
fixed,samplerGT_static,-1,derr,18,0.37695240390558654,364.0
fixed,samplerGT_static,-1,derr,19,0.3629591517498369,364.0
fixed,samplerGT_static,-1,derr,20,0.3394170387591757,364.0
fixed,samplerGT_static,-1,derr,21,0.3179057770649196,364.0
fixed,samplerGT_static,-1,derr,22,0.42725565035796753,364.0
fixed,samplerGT_static,-1,derr,23,0.3247958877466742,364.0
fixed,samplerGT_static,-1,derr,24,0.32771531501938433,364.0
fixed,samplerGT_static,-1,derr,25,0.3440132456278981,364.0
fixed,samplerGT_static,-1,derr,26,0.35342725841482014,364.0
fixed,samplerGT_static,-1,derr,27,0.338788198808638,364.0
fixed,samplerGT_static,-1,derr,28,0.32812123715872415,364.0
fixed,samplerGT_static,-1,derr,29,0.3216085068927566,364.0
fixed,samplerGT_static,-1,derr,30,0.30909729886359977,364.0
fixed,samplerGT_static,-1,derr,31,0.3031589440709737,364.0
fixed,samplerGT_static,-1,derr,32,0.30309595486947466,364.0
fixed,samplerGT_static,-1,derr,33,0.30010021222079847,364.0
fixed,samplerGT_static,-1,derr,34,0.2890005634514267,364.0
fixed,samplerGT_static,-1,derr,35,0.28582176758529065,364.0
fixed,samplerGT_static,-1,derr,36,0.27953781601512334,364.0
fixed,samplerGT_static,-1,derr,37,0.28443709535749406,364.0
fixed,samplerGT_static,-1,derr,38,0.3089562351354858,364.0
fixed,samplerGT_static,-1,derr,39,0.2810189830123928,364.0
fixed,samplerGT_static,-1,derr,40,0.29801435913163965,364.0
fixed,samplerGT_static,-1,derr,41,0.43117210975141973,364.0
fixed,samplerGT_static,-1,derr,42,0.4202545941346785,364.0
fixed,samplerGT_static,-1,derr,43,0.2748093677986577,364.0
fixed,samplerGT_static,-1,derr,44,0.25915903204304913,364.0
fixed,samplerGT_static,-1,derr,45,0.28521550931343503,364.0
fixed,samplerGT_static,-1,derr,46,0.29311368144424327,364.0
fixed,samplerGT_static,-1,derr,47,0.29984860514945627,364.0
fixed,samplerGT_static,-1,derr,48,0.2762512388398646,364.0
fixed,samplerGT_static,-1,derr,49,0.270042171118433,364.0
fixed,samplerGT_static,-1,derr,50,0.24382991257128767,364.0
fixed,samplerGT_static,-1,derr,51,0.24644188175827347,364.0
fixed,samplerGT_static,-1,derr,52,0.25331348605239046,364.0
fixed,samplerGT_static,-1,derr,53,0.26704746828117704,364.0
fixed,samplerGT_static,-1,derr,54,0.26743933948519344,364.0
fixed,samplerGT_static,-1,derr,55,0.25363851443014956,364.0
fixed,samplerGT_static,-1,derr,56,0.26353911550429004,364.0
fixed,samplerGT_static,-1,derr,57,0.25428514612280856,364.0
fixed,samplerGT_static,-1,derr,58,0.2841121532754706,364.0
fixed,samplerGT_static,-1,derr,59,0.2652193722673334,364.0
fixed,samplerGT_static,-1,derr,60,0.2629494765660838,364.0
fixed,samplerGT_static,-1,derr,61,0.3705593785450149,364.0
fixed,samplerGT_static,-1,derr,62,0.36243685453638924,364.0
fixed,samplerGT_static,-1,dmag,0,0.0,364.0
fixed,samplerGT_static,-1,dmag,1,0.0,364.0
fixed,samplerGT_static,-1,dmag,2,0.0,364.0
fixed,samplerGT_static,-1,dmag,3,0.0,364.0
fixed,samplerGT_static,-1,dmag,4,0.0,364.0
fixed,samplerGT_static,-1,dmag,5,0.0,364.0
fixed,samplerGT_static,-1,dmag,6,0.0,364.0
fixed,samplerGT_static,-1,dmag,7,0.0,364.0
fixed,samplerGT_static,-1,dmag,8,0.0,364.0
fixed,samplerGT_static,-1,dmag,9,0.0,364.0
fixed,samplerGT_static,-1,dmag,10,0.0,364.0
fixed,samplerGT_static,-1,dmag,11,0.0,364.0
fixed,samplerGT_static,-1,dmag,12,0.0,364.0
fixed,samplerGT_static,-1,dmag,13,0.0,364.0
fixed,samplerGT_static,-1,dmag,14,0.0,364.0
fixed,samplerGT_static,-1,dmag,15,0.0,364.0
fixed,samplerGT_static,-1,dmag,16,0.0,364.0
fixed,samplerGT_static,-1,dmag,17,0.0,364.0
fixed,samplerGT_static,-1,dmag,18,0.0,364.0
fixed,samplerGT_static,-1,dmag,19,0.0,364.0
fixed,samplerGT_static,-1,dmag,20,0.0,364.0
fixed,samplerGT_static,-1,dmag,21,0.0,364.0
fixed,samplerGT_static,-1,dmag,22,0.0,364.0
fixed,samplerGT_static,-1,dmag,23,0.0,364.0
fixed,samplerGT_static,-1,dmag,24,0.0,364.0
fixed,samplerGT_static,-1,dmag,25,0.0,364.0
fixed,samplerGT_static,-1,dmag,26,0.0,364.0
fixed,samplerGT_static,-1,dmag,27,0.0,364.0
fixed,samplerGT_static,-1,dmag,28,0.0,364.0
fixed,samplerGT_static,-1,dmag,29,0.0,364.0
fixed,samplerGT_static,-1,dmag,30,0.0,364.0
fixed,samplerGT_static,-1,dmag,31,0.0,364.0
fixed,samplerGT_static,-1,dmag,32,0.0,364.0
fixed,samplerGT_static,-1,dmag,33,0.0,364.0
fixed,samplerGT_static,-1,dmag,34,0.0,364.0
fixed,samplerGT_static,-1,dmag,35,0.0,364.0
fixed,samplerGT_static,-1,dmag,36,0.0,364.0
fixed,samplerGT_static,-1,dmag,37,0.0,364.0
fixed,samplerGT_static,-1,dmag,38,0.0,364.0
fixed,samplerGT_static,-1,dmag,39,0.0,364.0
fixed,samplerGT_static,-1,dmag,40,0.0,364.0
fixed,samplerGT_static,-1,dmag,41,0.0,364.0
fixed,samplerGT_static,-1,dmag,42,0.0,364.0
fixed,samplerGT_static,-1,dmag,43,0.0,364.0
fixed,samplerGT_static,-1,dmag,44,0.0,364.0
fixed,samplerGT_static,-1,dmag,45,0.0,364.0
fixed,samplerGT_static,-1,dmag,46,0.0,364.0
fixed,samplerGT_static,-1,dmag,47,0.0,364.0
fixed,samplerGT_static,-1,dmag,48,0.0,364.0
fixed,samplerGT_static,-1,dmag,49,0.0,364.0
fixed,samplerGT_static,-1,dmag,50,0.0,364.0
fixed,samplerGT_static,-1,dmag,51,0.0,364.0
fixed,samplerGT_static,-1,dmag,52,0.0,364.0
fixed,samplerGT_static,-1,dmag,53,0.0,364.0
fixed,samplerGT_static,-1,dmag,54,0.0,364.0
fixed,samplerGT_static,-1,dmag,55,0.0,364.0
fixed,samplerGT_static,-1,dmag,56,0.0,364.0
fixed,samplerGT_static,-1,dmag,57,0.0,364.0
fixed,samplerGT_static,-1,dmag,58,0.0,364.0
fixed,samplerGT_static,-1,dmag,59,0.0,364.0
fixed,samplerGT_static,-1,dmag,60,0.0,364.0
fixed,samplerGT_static,-1,dmag,61,0.0,364.0
fixed,samplerGT_static,-1,dmag,62,0.0,364.0
fixed,samplerGT_static,-1,err,0,1.9437240797125697,364.0
fixed,samplerGT_static,-1,err,1,2.1113413884703593,364.0
fixed,samplerGT_static,-1,err,2,2.2777905298540215,364.0
fixed,samplerGT_static,-1,err,3,2.4249013112796547,364.0
fixed,samplerGT_static,-1,err,4,2.5247579024019786,364.0
fixed,samplerGT_static,-1,err,5,2.619187501793381,364.0
fixed,samplerGT_static,-1,err,6,2.714153193465463,364.0
fixed,samplerGT_static,-1,err,7,2.8138772371051073,364.0
fixed,samplerGT_static,-1,err,8,2.9078976759707507,364.0
fixed,samplerGT_static,-1,err,9,2.9989103389842464,364.0
fixed,samplerGT_static,-1,err,10,3.087177461819658,364.0
fixed,samplerGT_static,-1,err,11,3.162915194832855,364.0
fixed,samplerGT_static,-1,err,12,3.223784506169484,364.0
fixed,samplerGT_static,-1,err,13,3.2861327421165787,364.0
fixed,samplerGT_static,-1,err,14,3.356489206748185,364.0
fixed,samplerGT_static,-1,err,15,3.418477572136364,364.0
fixed,samplerGT_static,-1,err,16,3.4719024557088107,364.0
fixed,samplerGT_static,-1,err,17,3.514905690614666,364.0
fixed,samplerGT_static,-1,err,18,3.579615692904855,364.0
fixed,samplerGT_static,-1,err,19,3.6220695004276515,364.0
fixed,samplerGT_static,-1,err,20,3.6811680211306927,364.0
fixed,samplerGT_static,-1,err,21,3.7318366350544694,364.0
fixed,samplerGT_static,-1,err,22,3.7565517714881644,364.0
fixed,samplerGT_static,-1,err,23,3.8257543610838707,364.0
fixed,samplerGT_static,-1,err,24,3.8669671821397724,364.0
fixed,samplerGT_static,-1,err,25,3.9324455384205965,364.0
fixed,samplerGT_static,-1,err,26,3.996273959411695,364.0
fixed,samplerGT_static,-1,err,27,4.037819957520278,364.0
fixed,samplerGT_static,-1,err,28,4.10034460314846,364.0
fixed,samplerGT_static,-1,err,29,4.1541792663899075,364.0
fixed,samplerGT_static,-1,err,30,4.219643124307578,364.0
fixed,samplerGT_static,-1,err,31,4.26147640543161,364.0
fixed,samplerGT_static,-1,err,32,4.313584442289322,364.0
fixed,samplerGT_static,-1,err,33,4.347645005395451,364.0
fixed,samplerGT_static,-1,err,34,4.390034292032431,364.0
fixed,samplerGT_static,-1,err,35,4.431926086696458,364.0
fixed,samplerGT_static,-1,err,36,4.452004998558008,364.0
fixed,samplerGT_static,-1,err,37,4.484683331085757,364.0
fixed,samplerGT_static,-1,err,38,4.504548971780711,364.0
fixed,samplerGT_static,-1,err,39,4.520916447673851,364.0
fixed,samplerGT_static,-1,err,40,4.527309331715437,364.0
fixed,samplerGT_static,-1,err,41,4.563458737280668,364.0
fixed,samplerGT_static,-1,err,42,4.559645834155791,364.0
fixed,samplerGT_static,-1,err,43,4.594663343095519,364.0
fixed,samplerGT_static,-1,err,44,4.611203561608606,364.0
fixed,samplerGT_static,-1,err,45,4.633728493758287,364.0
fixed,samplerGT_static,-1,err,46,4.651094761351639,364.0
fixed,samplerGT_static,-1,err,47,4.675474870556987,364.0
fixed,samplerGT_static,-1,err,48,4.693693146093206,364.0
fixed,samplerGT_static,-1,err,49,4.701083979419958,364.0
fixed,samplerGT_static,-1,err,50,4.7035825141429255,364.0
fixed,samplerGT_static,-1,err,51,4.705384073742143,364.0
fixed,samplerGT_static,-1,err,52,4.7147154420778,364.0
fixed,samplerGT_static,-1,err,53,4.724857992073013,364.0
fixed,samplerGT_static,-1,err,54,4.720723755972887,364.0
fixed,samplerGT_static,-1,err,55,4.716204428852914,364.0
fixed,samplerGT_static,-1,err,56,4.730938978837086,364.0
fixed,samplerGT_static,-1,err,57,4.709282821666577,364.0
fixed,samplerGT_static,-1,err,58,4.705710169296343,364.0
fixed,samplerGT_static,-1,err,59,4.704352369523803,364.0
fixed,samplerGT_static,-1,err,60,4.694174776263122,364.0
fixed,samplerGT_static,-1,err,61,4.686324914176385,364.0
fixed,samplerGT_static,-1,err,62,4.6692830685812625,364.0
fixed,samplerGT_static,-1,err,63,4.695930111170797,364.0
fixed,samplerGT_static,1,derr,0,0.4370516077474599,364.0
fixed,samplerGT_static,1,derr,1,0.39688343111269564,364.0
fixed,samplerGT_static,1,derr,2,0.38573094382421574,364.0
fixed,samplerGT_static,1,derr,3,0.3293008714406444,364.0
fixed,samplerGT_static,1,derr,4,0.3110108863220775,364.0
fixed,samplerGT_static,1,derr,5,0.29507878732836834,364.0
fixed,samplerGT_static,1,derr,6,0.302676813279734,364.0
fixed,samplerGT_static,1,derr,7,0.30078517161194585,364.0
fixed,samplerGT_static,1,derr,8,0.30479537630658393,364.0
fixed,samplerGT_static,1,derr,9,0.32759331693299687,364.0
fixed,samplerGT_static,1,derr,10,0.31619639011166456,364.0
fixed,samplerGT_static,1,derr,11,0.32412984131216227,364.0
fixed,samplerGT_static,1,derr,12,0.3539730228731859,364.0
fixed,samplerGT_static,1,derr,13,0.34324387926608324,364.0
fixed,samplerGT_static,1,derr,14,0.3341394760594754,364.0
fixed,samplerGT_static,1,derr,15,0.3411418194319684,364.0
fixed,samplerGT_static,1,derr,16,0.3707715828601107,364.0
fixed,samplerGT_static,1,derr,17,0.3651731013049177,364.0
fixed,samplerGT_static,1,derr,18,0.37695240390558654,364.0
fixed,samplerGT_static,1,derr,19,0.3629591517498369,364.0
fixed,samplerGT_static,1,derr,20,0.3394170387591757,364.0
fixed,samplerGT_static,1,derr,21,0.3179057770649196,364.0
fixed,samplerGT_static,1,derr,22,0.42725565035796753,364.0
fixed,samplerGT_static,1,derr,23,0.3247958877466742,364.0
fixed,samplerGT_static,1,derr,24,0.32771531501938433,364.0
fixed,samplerGT_static,1,derr,25,0.3440132456278981,364.0
fixed,samplerGT_static,1,derr,26,0.35342725841482014,364.0
fixed,samplerGT_static,1,derr,27,0.338788198808638,364.0
fixed,samplerGT_static,1,derr,28,0.32812123715872415,364.0
fixed,samplerGT_static,1,derr,29,0.3216085068927566,364.0
fixed,samplerGT_static,1,derr,30,0.30909729886359977,364.0
fixed,samplerGT_static,1,derr,31,0.3031589440709737,364.0
fixed,samplerGT_static,1,derr,32,0.30309595486947466,364.0
fixed,samplerGT_static,1,derr,33,0.30010021222079847,364.0
fixed,samplerGT_static,1,derr,34,0.2890005634514267,364.0
fixed,samplerGT_static,1,derr,35,0.28582176758529065,364.0
fixed,samplerGT_static,1,derr,36,0.27953781601512334,364.0
fixed,samplerGT_static,1,derr,37,0.28443709535749406,364.0
fixed,samplerGT_static,1,derr,38,0.3089562351354858,364.0
fixed,samplerGT_static,1,derr,39,0.2810189830123928,364.0
fixed,samplerGT_static,1,derr,40,0.29801435913163965,364.0
fixed,samplerGT_static,1,derr,41,0.43117210975141973,364.0
fixed,samplerGT_static,1,derr,42,0.4202545941346785,364.0
fixed,samplerGT_static,1,derr,43,0.2748093677986577,364.0
fixed,samplerGT_static,1,derr,44,0.25915903204304913,364.0
fixed,samplerGT_static,1,derr,45,0.28521550931343503,364.0
fixed,samplerGT_static,1,derr,46,0.29311368144424327,364.0
fixed,samplerGT_static,1,derr,47,0.29984860514945627,364.0
fixed,samplerGT_static,1,derr,48,0.2762512388398646,364.0
fixed,samplerGT_static,1,derr,49,0.270042171118433,364.0
fixed,samplerGT_static,1,derr,50,0.24382991257128767,364.0
fixed,samplerGT_static,1,derr,51,0.24644188175827347,364.0
fixed,samplerGT_static,1,derr,52,0.25331348605239046,364.0
fixed,samplerGT_static,1,derr,53,0.26704746828117704,364.0
fixed,samplerGT_static,1,derr,54,0.26743933948519344,364.0
fixed,samplerGT_static,1,derr,55,0.25363851443014956,364.0
fixed,samplerGT_static,1,derr,56,0.26353911550429004,364.0
fixed,samplerGT_static,1,derr,57,0.25428514612280856,364.0
fixed,samplerGT_static,1,derr,58,0.2841121532754706,364.0
fixed,samplerGT_static,1,derr,59,0.2652193722673334,364.0
fixed,samplerGT_static,1,derr,60,0.2629494765660838,364.0
fixed,samplerGT_static,1,derr,61,0.3705593785450149,364.0
fixed,samplerGT_static,1,derr,62,0.36243685453638924,364.0
fixed,samplerGT_static,1,dmag,0,0.0,364.0
fixed,samplerGT_static,1,dmag,1,0.0,364.0
fixed,samplerGT_static,1,dmag,2,0.0,364.0
fixed,samplerGT_static,1,dmag,3,0.0,364.0
fixed,samplerGT_static,1,dmag,4,0.0,364.0
fixed,samplerGT_static,1,dmag,5,0.0,364.0
fixed,samplerGT_static,1,dmag,6,0.0,364.0
fixed,samplerGT_static,1,dmag,7,0.0,364.0
fixed,samplerGT_static,1,dmag,8,0.0,364.0
fixed,samplerGT_static,1,dmag,9,0.0,364.0
fixed,samplerGT_static,1,dmag,10,0.0,364.0
fixed,samplerGT_static,1,dmag,11,0.0,364.0
fixed,samplerGT_static,1,dmag,12,0.0,364.0
fixed,samplerGT_static,1,dmag,13,0.0,364.0
fixed,samplerGT_static,1,dmag,14,0.0,364.0
fixed,samplerGT_static,1,dmag,15,0.0,364.0
fixed,samplerGT_static,1,dmag,16,0.0,364.0
fixed,samplerGT_static,1,dmag,17,0.0,364.0
fixed,samplerGT_static,1,dmag,18,0.0,364.0
fixed,samplerGT_static,1,dmag,19,0.0,364.0
fixed,samplerGT_static,1,dmag,20,0.0,364.0
fixed,samplerGT_static,1,dmag,21,0.0,364.0
fixed,samplerGT_static,1,dmag,22,0.0,364.0
fixed,samplerGT_static,1,dmag,23,0.0,364.0
fixed,samplerGT_static,1,dmag,24,0.0,364.0
fixed,samplerGT_static,1,dmag,25,0.0,364.0
fixed,samplerGT_static,1,dmag,26,0.0,364.0
fixed,samplerGT_static,1,dmag,27,0.0,364.0
fixed,samplerGT_static,1,dmag,28,0.0,364.0
fixed,samplerGT_static,1,dmag,29,0.0,364.0
fixed,samplerGT_static,1,dmag,30,0.0,364.0
fixed,samplerGT_static,1,dmag,31,0.0,364.0
fixed,samplerGT_static,1,dmag,32,0.0,364.0
fixed,samplerGT_static,1,dmag,33,0.0,364.0
fixed,samplerGT_static,1,dmag,34,0.0,364.0
fixed,samplerGT_static,1,dmag,35,0.0,364.0
fixed,samplerGT_static,1,dmag,36,0.0,364.0
fixed,samplerGT_static,1,dmag,37,0.0,364.0
fixed,samplerGT_static,1,dmag,38,0.0,364.0
fixed,samplerGT_static,1,dmag,39,0.0,364.0
fixed,samplerGT_static,1,dmag,40,0.0,364.0
fixed,samplerGT_static,1,dmag,41,0.0,364.0
fixed,samplerGT_static,1,dmag,42,0.0,364.0
fixed,samplerGT_static,1,dmag,43,0.0,364.0
fixed,samplerGT_static,1,dmag,44,0.0,364.0
fixed,samplerGT_static,1,dmag,45,0.0,364.0
fixed,samplerGT_static,1,dmag,46,0.0,364.0
fixed,samplerGT_static,1,dmag,47,0.0,364.0
fixed,samplerGT_static,1,dmag,48,0.0,364.0
fixed,samplerGT_static,1,dmag,49,0.0,364.0
fixed,samplerGT_static,1,dmag,50,0.0,364.0
fixed,samplerGT_static,1,dmag,51,0.0,364.0
fixed,samplerGT_static,1,dmag,52,0.0,364.0
fixed,samplerGT_static,1,dmag,53,0.0,364.0
fixed,samplerGT_static,1,dmag,54,0.0,364.0
fixed,samplerGT_static,1,dmag,55,0.0,364.0
fixed,samplerGT_static,1,dmag,56,0.0,364.0
fixed,samplerGT_static,1,dmag,57,0.0,364.0
fixed,samplerGT_static,1,dmag,58,0.0,364.0
fixed,samplerGT_static,1,dmag,59,0.0,364.0
fixed,samplerGT_static,1,dmag,60,0.0,364.0
fixed,samplerGT_static,1,dmag,61,0.0,364.0
fixed,samplerGT_static,1,dmag,62,0.0,364.0
fixed,samplerGT_static,1,err,0,1.9572257610795263,364.0
fixed,samplerGT_static,1,err,1,2.1359248424542474,364.0
fixed,samplerGT_static,1,err,2,2.301090459329086,364.0
fixed,samplerGT_static,1,err,3,2.446705604811291,364.0
fixed,samplerGT_static,1,err,4,2.5465907295244734,364.0
fixed,samplerGT_static,1,err,5,2.637805967172096,364.0
fixed,samplerGT_static,1,err,6,2.7288150014867494,364.0
fixed,samplerGT_static,1,err,7,2.8323477006384303,364.0
fixed,samplerGT_static,1,err,8,2.9322803487980758,364.0
fixed,samplerGT_static,1,err,9,3.0224217421242168,364.0
fixed,samplerGT_static,1,err,10,3.1052977908197996,364.0
fixed,samplerGT_static,1,err,11,3.1793260685690155,364.0
fixed,samplerGT_static,1,err,12,3.2429805431555914,364.0
fixed,samplerGT_static,1,err,13,3.3050726527286756,364.0
fixed,samplerGT_static,1,err,14,3.3737531604838895,364.0
fixed,samplerGT_static,1,err,15,3.436482422053814,364.0
fixed,samplerGT_static,1,err,16,3.48806119665176,364.0
fixed,samplerGT_static,1,err,17,3.530102227988479,364.0
fixed,samplerGT_static,1,err,18,3.596495461660427,364.0
fixed,samplerGT_static,1,err,19,3.6414948127099445,364.0
fixed,samplerGT_static,1,err,20,3.7036259497751245,364.0
fixed,samplerGT_static,1,err,21,3.753673974629287,364.0
fixed,samplerGT_static,1,err,22,3.77873630715268,364.0
fixed,samplerGT_static,1,err,23,3.843637817099199,364.0
fixed,samplerGT_static,1,err,24,3.8814358333801176,364.0
fixed,samplerGT_static,1,err,25,3.9438150200870012,364.0
fixed,samplerGT_static,1,err,26,4.003918398048851,364.0
fixed,samplerGT_static,1,err,27,4.044824360491155,364.0
fixed,samplerGT_static,1,err,28,4.1074363846372774,364.0
fixed,samplerGT_static,1,err,29,4.161976823112467,364.0
fixed,samplerGT_static,1,err,30,4.2301822285075765,364.0
fixed,samplerGT_static,1,err,31,4.271024129384166,364.0
fixed,samplerGT_static,1,err,32,4.32223179084914,364.0
fixed,samplerGT_static,1,err,33,4.355479637345115,364.0
fixed,samplerGT_static,1,err,34,4.397882188086982,364.0
fixed,samplerGT_static,1,err,35,4.440927915193222,364.0
fixed,samplerGT_static,1,err,36,4.462464449006123,364.0
fixed,samplerGT_static,1,err,37,4.497026300364798,364.0
fixed,samplerGT_static,1,err,38,4.523789053762352,364.0
fixed,samplerGT_static,1,err,39,4.540177836195453,364.0
fixed,samplerGT_static,1,err,40,4.55190239240835,364.0
fixed,samplerGT_static,1,err,41,4.59122846439317,364.0
fixed,samplerGT_static,1,err,42,4.586677094409754,364.0
fixed,samplerGT_static,1,err,43,4.620636032341601,364.0
fixed,samplerGT_static,1,err,44,4.633824693141403,364.0
fixed,samplerGT_static,1,err,45,4.65388300883901,364.0
fixed,samplerGT_static,1,err,46,4.670345526720796,364.0
fixed,samplerGT_static,1,err,47,4.695091240681135,364.0
fixed,samplerGT_static,1,err,48,4.7116595313444245,364.0
fixed,samplerGT_static,1,err,49,4.720479615605795,364.0
fixed,samplerGT_static,1,err,50,4.724438858719973,364.0
fixed,samplerGT_static,1,err,51,4.72595872263332,364.0
fixed,samplerGT_static,1,err,52,4.735431337422067,364.0
fixed,samplerGT_static,1,err,53,4.7464307977275535,364.0
fixed,samplerGT_static,1,err,54,4.7424204888252115,364.0
fixed,samplerGT_static,1,err,55,4.736645669727535,364.0
fixed,samplerGT_static,1,err,56,4.751079002906988,364.0
fixed,samplerGT_static,1,err,57,4.7278461913158605,364.0
fixed,samplerGT_static,1,err,58,4.724187303375412,364.0
fixed,samplerGT_static,1,err,59,4.723844562258039,364.0
fixed,samplerGT_static,1,err,60,4.713643893763259,364.0
fixed,samplerGT_static,1,err,61,4.704595337529759,364.0
fixed,samplerGT_static,1,err,62,4.689260849749649,364.0
fixed,samplerGT_static,1,err,63,4.714663985011342,364.0
fixed,samplerGT_static,5,derr,0,0.4370516077474599,364.0
fixed,samplerGT_static,5,derr,1,0.39688343111269564,364.0
fixed,samplerGT_static,5,derr,2,0.38573094382421574,364.0
fixed,samplerGT_static,5,derr,3,0.3293008714406444,364.0
fixed,samplerGT_static,5,derr,4,0.3110108863220775,364.0
fixed,samplerGT_static,5,derr,5,0.29507878732836834,364.0
fixed,samplerGT_static,5,derr,6,0.302676813279734,364.0
fixed,samplerGT_static,5,derr,7,0.30078517161194585,364.0
fixed,samplerGT_static,5,derr,8,0.30479537630658393,364.0
fixed,samplerGT_static,5,derr,9,0.32759331693299687,364.0
fixed,samplerGT_static,5,derr,10,0.31619639011166456,364.0
fixed,samplerGT_static,5,derr,11,0.32412984131216227,364.0
fixed,samplerGT_static,5,derr,12,0.3539730228731859,364.0
fixed,samplerGT_static,5,derr,13,0.34324387926608324,364.0
fixed,samplerGT_static,5,derr,14,0.3341394760594754,364.0
fixed,samplerGT_static,5,derr,15,0.3411418194319684,364.0
fixed,samplerGT_static,5,derr,16,0.3707715828601107,364.0
fixed,samplerGT_static,5,derr,17,0.3651731013049177,364.0
fixed,samplerGT_static,5,derr,18,0.37695240390558654,364.0
fixed,samplerGT_static,5,derr,19,0.3629591517498369,364.0
fixed,samplerGT_static,5,derr,20,0.3394170387591757,364.0
fixed,samplerGT_static,5,derr,21,0.3179057770649196,364.0
fixed,samplerGT_static,5,derr,22,0.42725565035796753,364.0
fixed,samplerGT_static,5,derr,23,0.3247958877466742,364.0
fixed,samplerGT_static,5,derr,24,0.32771531501938433,364.0
fixed,samplerGT_static,5,derr,25,0.3440132456278981,364.0
fixed,samplerGT_static,5,derr,26,0.35342725841482014,364.0
fixed,samplerGT_static,5,derr,27,0.338788198808638,364.0
fixed,samplerGT_static,5,derr,28,0.32812123715872415,364.0
fixed,samplerGT_static,5,derr,29,0.3216085068927566,364.0
fixed,samplerGT_static,5,derr,30,0.30909729886359977,364.0
fixed,samplerGT_static,5,derr,31,0.3031589440709737,364.0
fixed,samplerGT_static,5,derr,32,0.30309595486947466,364.0
fixed,samplerGT_static,5,derr,33,0.30010021222079847,364.0
fixed,samplerGT_static,5,derr,34,0.2890005634514267,364.0
fixed,samplerGT_static,5,derr,35,0.28582176758529065,364.0
fixed,samplerGT_static,5,derr,36,0.27953781601512334,364.0
fixed,samplerGT_static,5,derr,37,0.28443709535749406,364.0
fixed,samplerGT_static,5,derr,38,0.3089562351354858,364.0
fixed,samplerGT_static,5,derr,39,0.2810189830123928,364.0
fixed,samplerGT_static,5,derr,40,0.29801435913163965,364.0
fixed,samplerGT_static,5,derr,41,0.43117210975141973,364.0
fixed,samplerGT_static,5,derr,42,0.4202545941346785,364.0
fixed,samplerGT_static,5,derr,43,0.2748093677986577,364.0
fixed,samplerGT_static,5,derr,44,0.25915903204304913,364.0
fixed,samplerGT_static,5,derr,45,0.28521550931343503,364.0
fixed,samplerGT_static,5,derr,46,0.29311368144424327,364.0
fixed,samplerGT_static,5,derr,47,0.29984860514945627,364.0
fixed,samplerGT_static,5,derr,48,0.2762512388398646,364.0
fixed,samplerGT_static,5,derr,49,0.270042171118433,364.0
fixed,samplerGT_static,5,derr,50,0.24382991257128767,364.0
fixed,samplerGT_static,5,derr,51,0.24644188175827347,364.0
fixed,samplerGT_static,5,derr,52,0.25331348605239046,364.0
fixed,samplerGT_static,5,derr,53,0.26704746828117704,364.0
fixed,samplerGT_static,5,derr,54,0.26743933948519344,364.0
fixed,samplerGT_static,5,derr,55,0.25363851443014956,364.0
fixed,samplerGT_static,5,derr,56,0.26353911550429004,364.0
fixed,samplerGT_static,5,derr,57,0.25428514612280856,364.0
fixed,samplerGT_static,5,derr,58,0.2841121532754706,364.0
fixed,samplerGT_static,5,derr,59,0.2652193722673334,364.0
fixed,samplerGT_static,5,derr,60,0.2629494765660838,364.0
fixed,samplerGT_static,5,derr,61,0.3705593785450149,364.0
fixed,samplerGT_static,5,derr,62,0.36243685453638924,364.0
fixed,samplerGT_static,5,dmag,0,0.0,364.0
fixed,samplerGT_static,5,dmag,1,0.0,364.0
fixed,samplerGT_static,5,dmag,2,0.0,364.0
fixed,samplerGT_static,5,dmag,3,0.0,364.0
fixed,samplerGT_static,5,dmag,4,0.0,364.0
fixed,samplerGT_static,5,dmag,5,0.0,364.0
fixed,samplerGT_static,5,dmag,6,0.0,364.0
fixed,samplerGT_static,5,dmag,7,0.0,364.0
fixed,samplerGT_static,5,dmag,8,0.0,364.0
fixed,samplerGT_static,5,dmag,9,0.0,364.0
fixed,samplerGT_static,5,dmag,10,0.0,364.0
fixed,samplerGT_static,5,dmag,11,0.0,364.0
fixed,samplerGT_static,5,dmag,12,0.0,364.0
fixed,samplerGT_static,5,dmag,13,0.0,364.0
fixed,samplerGT_static,5,dmag,14,0.0,364.0
fixed,samplerGT_static,5,dmag,15,0.0,364.0
fixed,samplerGT_static,5,dmag,16,0.0,364.0
fixed,samplerGT_static,5,dmag,17,0.0,364.0
fixed,samplerGT_static,5,dmag,18,0.0,364.0
fixed,samplerGT_static,5,dmag,19,0.0,364.0
fixed,samplerGT_static,5,dmag,20,0.0,364.0
fixed,samplerGT_static,5,dmag,21,0.0,364.0
fixed,samplerGT_static,5,dmag,22,0.0,364.0
fixed,samplerGT_static,5,dmag,23,0.0,364.0
fixed,samplerGT_static,5,dmag,24,0.0,364.0
fixed,samplerGT_static,5,dmag,25,0.0,364.0
fixed,samplerGT_static,5,dmag,26,0.0,364.0
fixed,samplerGT_static,5,dmag,27,0.0,364.0
fixed,samplerGT_static,5,dmag,28,0.0,364.0
fixed,samplerGT_static,5,dmag,29,0.0,364.0
fixed,samplerGT_static,5,dmag,30,0.0,364.0
fixed,samplerGT_static,5,dmag,31,0.0,364.0
fixed,samplerGT_static,5,dmag,32,0.0,364.0
fixed,samplerGT_static,5,dmag,33,0.0,364.0
fixed,samplerGT_static,5,dmag,34,0.0,364.0
fixed,samplerGT_static,5,dmag,35,0.0,364.0
fixed,samplerGT_static,5,dmag,36,0.0,364.0
fixed,samplerGT_static,5,dmag,37,0.0,364.0
fixed,samplerGT_static,5,dmag,38,0.0,364.0
fixed,samplerGT_static,5,dmag,39,0.0,364.0
fixed,samplerGT_static,5,dmag,40,0.0,364.0
fixed,samplerGT_static,5,dmag,41,0.0,364.0
fixed,samplerGT_static,5,dmag,42,0.0,364.0
fixed,samplerGT_static,5,dmag,43,0.0,364.0
fixed,samplerGT_static,5,dmag,44,0.0,364.0
fixed,samplerGT_static,5,dmag,45,0.0,364.0
fixed,samplerGT_static,5,dmag,46,0.0,364.0
fixed,samplerGT_static,5,dmag,47,0.0,364.0
fixed,samplerGT_static,5,dmag,48,0.0,364.0
fixed,samplerGT_static,5,dmag,49,0.0,364.0
fixed,samplerGT_static,5,dmag,50,0.0,364.0
fixed,samplerGT_static,5,dmag,51,0.0,364.0
fixed,samplerGT_static,5,dmag,52,0.0,364.0
fixed,samplerGT_static,5,dmag,53,0.0,364.0
fixed,samplerGT_static,5,dmag,54,0.0,364.0
fixed,samplerGT_static,5,dmag,55,0.0,364.0
fixed,samplerGT_static,5,dmag,56,0.0,364.0
fixed,samplerGT_static,5,dmag,57,0.0,364.0
fixed,samplerGT_static,5,dmag,58,0.0,364.0
fixed,samplerGT_static,5,dmag,59,0.0,364.0
fixed,samplerGT_static,5,dmag,60,0.0,364.0
fixed,samplerGT_static,5,dmag,61,0.0,364.0
fixed,samplerGT_static,5,dmag,62,0.0,364.0
fixed,samplerGT_static,5,err,0,1.8558378459496812,364.0
fixed,samplerGT_static,5,err,1,1.9513423250435473,364.0
fixed,samplerGT_static,5,err,2,2.0754744121088433,364.0
fixed,samplerGT_static,5,err,3,2.195931341621902,364.0
fixed,samplerGT_static,5,err,4,2.282227811741305,364.0
fixed,samplerGT_static,5,err,5,2.3588919980185374,364.0
fixed,samplerGT_static,5,err,6,2.439880429470277,364.0
fixed,samplerGT_static,5,err,7,2.529329624477324,364.0
fixed,samplerGT_static,5,err,8,2.6128723574699935,364.0
fixed,samplerGT_static,5,err,9,2.687777016598445,364.0
fixed,samplerGT_static,5,err,10,2.7583305091484562,364.0
fixed,samplerGT_static,5,err,11,2.8230247231466428,364.0
fixed,samplerGT_static,5,err,12,2.8750208227352783,364.0
fixed,samplerGT_static,5,err,13,2.927292869886854,364.0
fixed,samplerGT_static,5,err,14,2.9893106719949745,364.0
fixed,samplerGT_static,5,err,15,3.0444506651588847,364.0
fixed,samplerGT_static,5,err,16,3.0842418051682987,364.0
fixed,samplerGT_static,5,err,17,3.110235593394264,364.0
fixed,samplerGT_static,5,err,18,3.1612075302790807,364.0
fixed,samplerGT_static,5,err,19,3.1950356160382647,364.0
fixed,samplerGT_static,5,err,20,3.2443305163101837,364.0
fixed,samplerGT_static,5,err,21,3.2841337396875843,364.0
fixed,samplerGT_static,5,err,22,3.311853252351284,364.0
fixed,samplerGT_static,5,err,23,3.3611861035064026,364.0
fixed,samplerGT_static,5,err,24,3.39096971986058,364.0
fixed,samplerGT_static,5,err,25,3.446741705084895,364.0
fixed,samplerGT_static,5,err,26,3.494381600028866,364.0
fixed,samplerGT_static,5,err,27,3.526164172278656,364.0
fixed,samplerGT_static,5,err,28,3.5838675223045295,364.0
fixed,samplerGT_static,5,err,29,3.6345098767798025,364.0
fixed,samplerGT_static,5,err,30,3.6907502859830856,364.0
fixed,samplerGT_static,5,err,31,3.7304814492280665,364.0
fixed,samplerGT_static,5,err,32,3.7834336272144053,364.0
fixed,samplerGT_static,5,err,33,3.818013127361025,364.0
fixed,samplerGT_static,5,err,34,3.8642293028124084,364.0
fixed,samplerGT_static,5,err,35,3.9061007511157255,364.0
fixed,samplerGT_static,5,err,36,3.9262222149869896,364.0
fixed,samplerGT_static,5,err,37,3.9633839696973236,364.0
fixed,samplerGT_static,5,err,38,3.985770787184055,364.0
fixed,samplerGT_static,5,err,39,4.003400783699292,364.0
fixed,samplerGT_static,5,err,40,4.010433726094582,364.0
fixed,samplerGT_static,5,err,41,4.049009104269547,364.0
fixed,samplerGT_static,5,err,42,4.048149617081815,364.0
fixed,samplerGT_static,5,err,43,4.083364598207421,364.0
fixed,samplerGT_static,5,err,44,4.099687598481938,364.0
fixed,samplerGT_static,5,err,45,4.121330060228542,364.0
fixed,samplerGT_static,5,err,46,4.136126672173594,364.0
fixed,samplerGT_static,5,err,47,4.157551210250828,364.0
fixed,samplerGT_static,5,err,48,4.173713445909076,364.0
fixed,samplerGT_static,5,err,49,4.181805322622205,364.0
fixed,samplerGT_static,5,err,50,4.184182738046069,364.0
fixed,samplerGT_static,5,err,51,4.185051562366905,364.0
fixed,samplerGT_static,5,err,52,4.195437001412387,364.0
fixed,samplerGT_static,5,err,53,4.2063941815560995,364.0
fixed,samplerGT_static,5,err,54,4.203164295835809,364.0
fixed,samplerGT_static,5,err,55,4.19677135020822,364.0
fixed,samplerGT_static,5,err,56,4.210369135079148,364.0
fixed,samplerGT_static,5,err,57,4.189692793311654,364.0
fixed,samplerGT_static,5,err,58,4.185507730468289,364.0
fixed,samplerGT_static,5,err,59,4.183736291806121,364.0
fixed,samplerGT_static,5,err,60,4.173757659291828,364.0
fixed,samplerGT_static,5,err,61,4.167305821409593,364.0
fixed,samplerGT_static,5,err,62,4.149311692177594,364.0
fixed,samplerGT_static,5,err,63,4.175962400059778,364.0
fixed,samplerGT_static,10,derr,0,0.4370516077474599,364.0
fixed,samplerGT_static,10,derr,1,0.39688343111269564,364.0
fixed,samplerGT_static,10,derr,2,0.38573094382421574,364.0
fixed,samplerGT_static,10,derr,3,0.3293008714406444,364.0
fixed,samplerGT_static,10,derr,4,0.3110108863220775,364.0
fixed,samplerGT_static,10,derr,5,0.29507878732836834,364.0
fixed,samplerGT_static,10,derr,6,0.302676813279734,364.0
fixed,samplerGT_static,10,derr,7,0.30078517161194585,364.0
fixed,samplerGT_static,10,derr,8,0.30479537630658393,364.0
fixed,samplerGT_static,10,derr,9,0.32759331693299687,364.0
fixed,samplerGT_static,10,derr,10,0.31619639011166456,364.0
fixed,samplerGT_static,10,derr,11,0.32412984131216227,364.0
fixed,samplerGT_static,10,derr,12,0.3539730228731859,364.0
fixed,samplerGT_static,10,derr,13,0.34324387926608324,364.0
fixed,samplerGT_static,10,derr,14,0.3341394760594754,364.0
fixed,samplerGT_static,10,derr,15,0.3411418194319684,364.0
fixed,samplerGT_static,10,derr,16,0.3707715828601107,364.0
fixed,samplerGT_static,10,derr,17,0.3651731013049177,364.0
fixed,samplerGT_static,10,derr,18,0.37695240390558654,364.0
fixed,samplerGT_static,10,derr,19,0.3629591517498369,364.0
fixed,samplerGT_static,10,derr,20,0.3394170387591757,364.0
fixed,samplerGT_static,10,derr,21,0.3179057770649196,364.0
fixed,samplerGT_static,10,derr,22,0.42725565035796753,364.0
fixed,samplerGT_static,10,derr,23,0.3247958877466742,364.0
fixed,samplerGT_static,10,derr,24,0.32771531501938433,364.0
fixed,samplerGT_static,10,derr,25,0.3440132456278981,364.0
fixed,samplerGT_static,10,derr,26,0.35342725841482014,364.0
fixed,samplerGT_static,10,derr,27,0.338788198808638,364.0
fixed,samplerGT_static,10,derr,28,0.32812123715872415,364.0
fixed,samplerGT_static,10,derr,29,0.3216085068927566,364.0
fixed,samplerGT_static,10,derr,30,0.30909729886359977,364.0
fixed,samplerGT_static,10,derr,31,0.3031589440709737,364.0
fixed,samplerGT_static,10,derr,32,0.30309595486947466,364.0
fixed,samplerGT_static,10,derr,33,0.30010021222079847,364.0
fixed,samplerGT_static,10,derr,34,0.2890005634514267,364.0
fixed,samplerGT_static,10,derr,35,0.28582176758529065,364.0
fixed,samplerGT_static,10,derr,36,0.27953781601512334,364.0
fixed,samplerGT_static,10,derr,37,0.28443709535749406,364.0
fixed,samplerGT_static,10,derr,38,0.3089562351354858,364.0
fixed,samplerGT_static,10,derr,39,0.2810189830123928,364.0
fixed,samplerGT_static,10,derr,40,0.29801435913163965,364.0
fixed,samplerGT_static,10,derr,41,0.43117210975141973,364.0
fixed,samplerGT_static,10,derr,42,0.4202545941346785,364.0
fixed,samplerGT_static,10,derr,43,0.2748093677986577,364.0
fixed,samplerGT_static,10,derr,44,0.25915903204304913,364.0
fixed,samplerGT_static,10,derr,45,0.28521550931343503,364.0
fixed,samplerGT_static,10,derr,46,0.29311368144424327,364.0
fixed,samplerGT_static,10,derr,47,0.29984860514945627,364.0
fixed,samplerGT_static,10,derr,48,0.2762512388398646,364.0
fixed,samplerGT_static,10,derr,49,0.270042171118433,364.0
fixed,samplerGT_static,10,derr,50,0.24382991257128767,364.0
fixed,samplerGT_static,10,derr,51,0.24644188175827347,364.0
fixed,samplerGT_static,10,derr,52,0.25331348605239046,364.0
fixed,samplerGT_static,10,derr,53,0.26704746828117704,364.0
fixed,samplerGT_static,10,derr,54,0.26743933948519344,364.0
fixed,samplerGT_static,10,derr,55,0.25363851443014956,364.0
fixed,samplerGT_static,10,derr,56,0.26353911550429004,364.0
fixed,samplerGT_static,10,derr,57,0.25428514612280856,364.0
fixed,samplerGT_static,10,derr,58,0.2841121532754706,364.0
fixed,samplerGT_static,10,derr,59,0.2652193722673334,364.0
fixed,samplerGT_static,10,derr,60,0.2629494765660838,364.0
fixed,samplerGT_static,10,derr,61,0.3705593785450149,364.0
fixed,samplerGT_static,10,derr,62,0.36243685453638924,364.0
fixed,samplerGT_static,10,dmag,0,0.0,364.0
fixed,samplerGT_static,10,dmag,1,0.0,364.0
fixed,samplerGT_static,10,dmag,2,0.0,364.0
fixed,samplerGT_static,10,dmag,3,0.0,364.0
fixed,samplerGT_static,10,dmag,4,0.0,364.0
fixed,samplerGT_static,10,dmag,5,0.0,364.0
fixed,samplerGT_static,10,dmag,6,0.0,364.0
fixed,samplerGT_static,10,dmag,7,0.0,364.0
fixed,samplerGT_static,10,dmag,8,0.0,364.0
fixed,samplerGT_static,10,dmag,9,0.0,364.0
fixed,samplerGT_static,10,dmag,10,0.0,364.0
fixed,samplerGT_static,10,dmag,11,0.0,364.0
fixed,samplerGT_static,10,dmag,12,0.0,364.0
fixed,samplerGT_static,10,dmag,13,0.0,364.0
fixed,samplerGT_static,10,dmag,14,0.0,364.0
fixed,samplerGT_static,10,dmag,15,0.0,364.0
fixed,samplerGT_static,10,dmag,16,0.0,364.0
fixed,samplerGT_static,10,dmag,17,0.0,364.0
fixed,samplerGT_static,10,dmag,18,0.0,364.0
fixed,samplerGT_static,10,dmag,19,0.0,364.0
fixed,samplerGT_static,10,dmag,20,0.0,364.0
fixed,samplerGT_static,10,dmag,21,0.0,364.0
fixed,samplerGT_static,10,dmag,22,0.0,364.0
fixed,samplerGT_static,10,dmag,23,0.0,364.0
fixed,samplerGT_static,10,dmag,24,0.0,364.0
fixed,samplerGT_static,10,dmag,25,0.0,364.0
fixed,samplerGT_static,10,dmag,26,0.0,364.0
fixed,samplerGT_static,10,dmag,27,0.0,364.0
fixed,samplerGT_static,10,dmag,28,0.0,364.0
fixed,samplerGT_static,10,dmag,29,0.0,364.0
fixed,samplerGT_static,10,dmag,30,0.0,364.0
fixed,samplerGT_static,10,dmag,31,0.0,364.0
fixed,samplerGT_static,10,dmag,32,0.0,364.0
fixed,samplerGT_static,10,dmag,33,0.0,364.0
fixed,samplerGT_static,10,dmag,34,0.0,364.0
fixed,samplerGT_static,10,dmag,35,0.0,364.0
fixed,samplerGT_static,10,dmag,36,0.0,364.0
fixed,samplerGT_static,10,dmag,37,0.0,364.0
fixed,samplerGT_static,10,dmag,38,0.0,364.0
fixed,samplerGT_static,10,dmag,39,0.0,364.0
fixed,samplerGT_static,10,dmag,40,0.0,364.0
fixed,samplerGT_static,10,dmag,41,0.0,364.0
fixed,samplerGT_static,10,dmag,42,0.0,364.0
fixed,samplerGT_static,10,dmag,43,0.0,364.0
fixed,samplerGT_static,10,dmag,44,0.0,364.0
fixed,samplerGT_static,10,dmag,45,0.0,364.0
fixed,samplerGT_static,10,dmag,46,0.0,364.0
fixed,samplerGT_static,10,dmag,47,0.0,364.0
fixed,samplerGT_static,10,dmag,48,0.0,364.0
fixed,samplerGT_static,10,dmag,49,0.0,364.0
fixed,samplerGT_static,10,dmag,50,0.0,364.0
fixed,samplerGT_static,10,dmag,51,0.0,364.0
fixed,samplerGT_static,10,dmag,52,0.0,364.0
fixed,samplerGT_static,10,dmag,53,0.0,364.0
fixed,samplerGT_static,10,dmag,54,0.0,364.0
fixed,samplerGT_static,10,dmag,55,0.0,364.0
fixed,samplerGT_static,10,dmag,56,0.0,364.0
fixed,samplerGT_static,10,dmag,57,0.0,364.0
fixed,samplerGT_static,10,dmag,58,0.0,364.0
fixed,samplerGT_static,10,dmag,59,0.0,364.0
fixed,samplerGT_static,10,dmag,60,0.0,364.0
fixed,samplerGT_static,10,dmag,61,0.0,364.0
fixed,samplerGT_static,10,dmag,62,0.0,364.0
fixed,samplerGT_static,10,err,0,1.8653067131782626,364.0
fixed,samplerGT_static,10,err,1,1.9231498008491574,364.0
fixed,samplerGT_static,10,err,2,2.025818990400204,364.0
fixed,samplerGT_static,10,err,3,2.132745471506656,364.0
fixed,samplerGT_static,10,err,4,2.2087144641267074,364.0
fixed,samplerGT_static,10,err,5,2.2772256114243805,364.0
fixed,samplerGT_static,10,err,6,2.3502056077941433,364.0
fixed,samplerGT_static,10,err,7,2.431482948280953,364.0
fixed,samplerGT_static,10,err,8,2.5099691399833657,364.0
fixed,samplerGT_static,10,err,9,2.5837147074577573,364.0
fixed,samplerGT_static,10,err,10,2.6502531115170362,364.0
fixed,samplerGT_static,10,err,11,2.7092761394086775,364.0
fixed,samplerGT_static,10,err,12,2.7528877191982426,364.0
fixed,samplerGT_static,10,err,13,2.7945907585895977,364.0
fixed,samplerGT_static,10,err,14,2.854065966966388,364.0
fixed,samplerGT_static,10,err,15,2.9059199492682466,364.0
fixed,samplerGT_static,10,err,16,2.943200048386723,364.0
fixed,samplerGT_static,10,err,17,2.969803385272786,364.0
fixed,samplerGT_static,10,err,18,3.021487883895963,364.0
fixed,samplerGT_static,10,err,19,3.052848077246121,364.0
fixed,samplerGT_static,10,err,20,3.0969261474661773,364.0
fixed,samplerGT_static,10,err,21,3.1355795922515157,364.0
fixed,samplerGT_static,10,err,22,3.163063761706536,364.0
fixed,samplerGT_static,10,err,23,3.207226794745241,364.0
fixed,samplerGT_static,10,err,24,3.2362023231747385,364.0
fixed,samplerGT_static,10,err,25,3.28871070004099,364.0
fixed,samplerGT_static,10,err,26,3.3338115370863086,364.0
fixed,samplerGT_static,10,err,27,3.365300449859965,364.0
fixed,samplerGT_static,10,err,28,3.4231247542487395,364.0
fixed,samplerGT_static,10,err,29,3.47208473610354,364.0
fixed,samplerGT_static,10,err,30,3.526130605284329,364.0
fixed,samplerGT_static,10,err,31,3.5640758345579053,364.0
fixed,samplerGT_static,10,err,32,3.617005784269218,364.0
fixed,samplerGT_static,10,err,33,3.6499233850902253,364.0
fixed,samplerGT_static,10,err,34,3.695567449452458,364.0
fixed,samplerGT_static,10,err,35,3.7374637143706884,364.0
fixed,samplerGT_static,10,err,36,3.7581148414084544,364.0
fixed,samplerGT_static,10,err,37,3.794979097178349,364.0
fixed,samplerGT_static,10,err,38,3.8194707373341363,364.0
fixed,samplerGT_static,10,err,39,3.8385244722549734,364.0
fixed,samplerGT_static,10,err,40,3.8445379120799212,364.0
fixed,samplerGT_static,10,err,41,3.8840350976193343,364.0
fixed,samplerGT_static,10,err,42,3.885259301862219,364.0
fixed,samplerGT_static,10,err,43,3.9185919836982266,364.0
fixed,samplerGT_static,10,err,44,3.9335464968622387,364.0
fixed,samplerGT_static,10,err,45,3.9558899689997946,364.0
fixed,samplerGT_static,10,err,46,3.9685773232153485,364.0
fixed,samplerGT_static,10,err,47,3.9883201251645666,364.0
fixed,samplerGT_static,10,err,48,4.006565234736427,364.0
fixed,samplerGT_static,10,err,49,4.016104371174351,364.0
fixed,samplerGT_static,10,err,50,4.017756523257429,364.0
fixed,samplerGT_static,10,err,51,4.020054906115427,364.0
fixed,samplerGT_static,10,err,52,4.030266784459025,364.0
fixed,samplerGT_static,10,err,53,4.042420430497809,364.0
fixed,samplerGT_static,10,err,54,4.037856745400599,364.0
fixed,samplerGT_static,10,err,55,4.029972253264962,364.0
fixed,samplerGT_static,10,err,56,4.04286083554501,364.0
fixed,samplerGT_static,10,err,57,4.021912030998495,364.0
fixed,samplerGT_static,10,err,58,4.020400205647553,364.0
fixed,samplerGT_static,10,err,59,4.017476069444156,364.0
fixed,samplerGT_static,10,err,60,4.005892140565665,364.0
fixed,samplerGT_static,10,err,61,3.9986967126746755,364.0
fixed,samplerGT_static,10,err,62,3.985635305253359,364.0
fixed,samplerGT_static,10,err,63,4.011222196313051,364.0
fixed,samplerGT_vf,-1,derr,0,0.4253332535091503,364.0
fixed,samplerGT_vf,-1,derr,1,0.3942523553844664,364.0
fixed,samplerGT_vf,-1,derr,2,0.3968121971904331,364.0
fixed,samplerGT_vf,-1,derr,3,0.3635980682555012,364.0
fixed,samplerGT_vf,-1,derr,4,0.3419846215577042,364.0
fixed,samplerGT_vf,-1,derr,5,0.3336451099791492,364.0
fixed,samplerGT_vf,-1,derr,6,0.3383062347447354,364.0
fixed,samplerGT_vf,-1,derr,7,0.33320029532577783,364.0
fixed,samplerGT_vf,-1,derr,8,0.33755286112632393,364.0
fixed,samplerGT_vf,-1,derr,9,0.3581965922106793,364.0
fixed,samplerGT_vf,-1,derr,10,0.3452718923088409,364.0
fixed,samplerGT_vf,-1,derr,11,0.3425829992890563,364.0
fixed,samplerGT_vf,-1,derr,12,0.3709884106770037,364.0
fixed,samplerGT_vf,-1,derr,13,0.35641395367763845,364.0
fixed,samplerGT_vf,-1,derr,14,0.3521635347562792,364.0
fixed,samplerGT_vf,-1,derr,15,0.35903384861341875,364.0
fixed,samplerGT_vf,-1,derr,16,0.37342386231348323,364.0
fixed,samplerGT_vf,-1,derr,17,0.3695320742624392,364.0
fixed,samplerGT_vf,-1,derr,18,0.3877022059184016,364.0
fixed,samplerGT_vf,-1,derr,19,0.37366825261173764,364.0
fixed,samplerGT_vf,-1,derr,20,0.3507226390758999,364.0
fixed,samplerGT_vf,-1,derr,21,0.3457984049277439,364.0
fixed,samplerGT_vf,-1,derr,22,0.42372865095622025,364.0
fixed,samplerGT_vf,-1,derr,23,0.33288559494591285,364.0
fixed,samplerGT_vf,-1,derr,24,0.3296899942855178,364.0
fixed,samplerGT_vf,-1,derr,25,0.35175664291133757,364.0
fixed,samplerGT_vf,-1,derr,26,0.35908144934942093,364.0
fixed,samplerGT_vf,-1,derr,27,0.3465161201063092,364.0
fixed,samplerGT_vf,-1,derr,28,0.33147135976840136,364.0
fixed,samplerGT_vf,-1,derr,29,0.3215084311265784,364.0
fixed,samplerGT_vf,-1,derr,30,0.3110256701226829,364.0
fixed,samplerGT_vf,-1,derr,31,0.30475117980584443,364.0
fixed,samplerGT_vf,-1,derr,32,0.3074869116732421,364.0
fixed,samplerGT_vf,-1,derr,33,0.3013912695137641,364.0
fixed,samplerGT_vf,-1,derr,34,0.29371417102296493,364.0
fixed,samplerGT_vf,-1,derr,35,0.29077754309247406,364.0
fixed,samplerGT_vf,-1,derr,36,0.2862836395717832,364.0
fixed,samplerGT_vf,-1,derr,37,0.29135389017852037,364.0
fixed,samplerGT_vf,-1,derr,38,0.31428821403891427,364.0
fixed,samplerGT_vf,-1,derr,39,0.28562416578438343,364.0
fixed,samplerGT_vf,-1,derr,40,0.30683441340954,364.0
fixed,samplerGT_vf,-1,derr,41,0.43476523786225457,364.0
fixed,samplerGT_vf,-1,derr,42,0.4280259276944939,364.0
fixed,samplerGT_vf,-1,derr,43,0.27967741662216783,364.0
fixed,samplerGT_vf,-1,derr,44,0.264796302406179,364.0
fixed,samplerGT_vf,-1,derr,45,0.29463099609180277,364.0
fixed,samplerGT_vf,-1,derr,46,0.30341667331918926,364.0
fixed,samplerGT_vf,-1,derr,47,0.3056886222269795,364.0
fixed,samplerGT_vf,-1,derr,48,0.28355048468981187,364.0
fixed,samplerGT_vf,-1,derr,49,0.27153454730543064,364.0
fixed,samplerGT_vf,-1,derr,50,0.24845691801836833,364.0
fixed,samplerGT_vf,-1,derr,51,0.25096438012474775,364.0
fixed,samplerGT_vf,-1,derr,52,0.26093292641913984,364.0
fixed,samplerGT_vf,-1,derr,53,0.2731920040921299,364.0
fixed,samplerGT_vf,-1,derr,54,0.27450886527664836,364.0
fixed,samplerGT_vf,-1,derr,55,0.26060944081560433,364.0
fixed,samplerGT_vf,-1,derr,56,0.2670621920095573,364.0
fixed,samplerGT_vf,-1,derr,57,0.26117493561469013,364.0
fixed,samplerGT_vf,-1,derr,58,0.2882741082705311,364.0
fixed,samplerGT_vf,-1,derr,59,0.2694801274589826,364.0
fixed,samplerGT_vf,-1,derr,60,0.26486359524673636,364.0
fixed,samplerGT_vf,-1,derr,61,0.3763263262107271,364.0
fixed,samplerGT_vf,-1,derr,62,0.3702298043587423,364.0
fixed,samplerGT_vf,-1,dmag,0,0.3063653143209784,364.0
fixed,samplerGT_vf,-1,dmag,1,0.2991287034670158,364.0
fixed,samplerGT_vf,-1,dmag,2,0.2867253747154641,364.0
fixed,samplerGT_vf,-1,dmag,3,0.26578957777787593,364.0
fixed,samplerGT_vf,-1,dmag,4,0.25402159473531266,364.0
fixed,samplerGT_vf,-1,dmag,5,0.2469998771012607,364.0
fixed,samplerGT_vf,-1,dmag,6,0.2406907370779662,364.0
fixed,samplerGT_vf,-1,dmag,7,0.23327475285341764,364.0
fixed,samplerGT_vf,-1,dmag,8,0.21940276726650507,364.0
fixed,samplerGT_vf,-1,dmag,9,0.20271799562724097,364.0
fixed,samplerGT_vf,-1,dmag,10,0.195733540319418,364.0
fixed,samplerGT_vf,-1,dmag,11,0.18998068153121328,364.0
fixed,samplerGT_vf,-1,dmag,12,0.18301776608523848,364.0
fixed,samplerGT_vf,-1,dmag,13,0.1745484334544617,364.0
fixed,samplerGT_vf,-1,dmag,14,0.16468022710408314,364.0
fixed,samplerGT_vf,-1,dmag,15,0.15591612268766328,364.0
fixed,samplerGT_vf,-1,dmag,16,0.14855018750876997,364.0
fixed,samplerGT_vf,-1,dmag,17,0.14559536006680318,364.0
fixed,samplerGT_vf,-1,dmag,18,0.142780044707879,364.0
fixed,samplerGT_vf,-1,dmag,19,0.14105812757439756,364.0
fixed,samplerGT_vf,-1,dmag,20,0.13959998618964883,364.0
fixed,samplerGT_vf,-1,dmag,21,0.13672583963297272,364.0
fixed,samplerGT_vf,-1,dmag,22,0.13044615230001103,364.0
fixed,samplerGT_vf,-1,dmag,23,0.12370685571139409,364.0
fixed,samplerGT_vf,-1,dmag,24,0.11916648580124706,364.0
fixed,samplerGT_vf,-1,dmag,25,0.11682362292258697,364.0
fixed,samplerGT_vf,-1,dmag,26,0.11041271741154024,364.0
fixed,samplerGT_vf,-1,dmag,27,0.1080825767983877,364.0
fixed,samplerGT_vf,-1,dmag,28,0.10647218930573406,364.0
fixed,samplerGT_vf,-1,dmag,29,0.10544601424141771,364.0
fixed,samplerGT_vf,-1,dmag,30,0.10105692036629009,364.0
fixed,samplerGT_vf,-1,dmag,31,0.09922437314263935,364.0
fixed,samplerGT_vf,-1,dmag,32,0.09547765471430111,364.0
fixed,samplerGT_vf,-1,dmag,33,0.09096875455931523,364.0
fixed,samplerGT_vf,-1,dmag,34,0.08780129364906593,364.0
fixed,samplerGT_vf,-1,dmag,35,0.08692593510943243,364.0
fixed,samplerGT_vf,-1,dmag,36,0.0861873766814185,364.0
fixed,samplerGT_vf,-1,dmag,37,0.08517497146046715,364.0
fixed,samplerGT_vf,-1,dmag,38,0.085346878808923,364.0
fixed,samplerGT_vf,-1,dmag,39,0.08331160435048804,364.0
fixed,samplerGT_vf,-1,dmag,40,0.08255946033539575,364.0
fixed,samplerGT_vf,-1,dmag,41,0.08154590188264645,364.0
fixed,samplerGT_vf,-1,dmag,42,0.08123699457264398,364.0
fixed,samplerGT_vf,-1,dmag,43,0.07896958869526281,364.0
fixed,samplerGT_vf,-1,dmag,44,0.07565547254814119,364.0
fixed,samplerGT_vf,-1,dmag,45,0.07216977320962002,364.0
fixed,samplerGT_vf,-1,dmag,46,0.07248614584402799,364.0
fixed,samplerGT_vf,-1,dmag,47,0.0714437543891708,364.0
fixed,samplerGT_vf,-1,dmag,48,0.07083264526509385,364.0
fixed,samplerGT_vf,-1,dmag,49,0.07346912146453839,364.0
fixed,samplerGT_vf,-1,dmag,50,0.07092653626645148,364.0
fixed,samplerGT_vf,-1,dmag,51,0.06889041180218371,364.0
fixed,samplerGT_vf,-1,dmag,52,0.06645751570985949,364.0
fixed,samplerGT_vf,-1,dmag,53,0.0645367641239887,364.0
fixed,samplerGT_vf,-1,dmag,54,0.06492356397851194,364.0
fixed,samplerGT_vf,-1,dmag,55,0.0636769210437446,364.0
fixed,samplerGT_vf,-1,dmag,56,0.061191716284112505,364.0
fixed,samplerGT_vf,-1,dmag,57,0.059104341380861035,364.0
fixed,samplerGT_vf,-1,dmag,58,0.06181621293660126,364.0
fixed,samplerGT_vf,-1,dmag,59,0.06295242242164563,364.0
fixed,samplerGT_vf,-1,dmag,60,0.06550891859108934,364.0
fixed,samplerGT_vf,-1,dmag,61,0.06570191090238275,364.0
fixed,samplerGT_vf,-1,dmag,62,0.06703431565470604,364.0
fixed,samplerGT_vf,-1,err,0,1.9437240797125697,364.0
fixed,samplerGT_vf,-1,err,1,2.0557604347979948,364.0
fixed,samplerGT_vf,-1,err,2,2.1470198179462114,364.0
fixed,samplerGT_vf,-1,err,3,2.2024728330937053,364.0
fixed,samplerGT_vf,-1,err,4,2.227100511468373,364.0
fixed,samplerGT_vf,-1,err,5,2.241904894041492,364.0
fixed,samplerGT_vf,-1,err,6,2.258419481361959,364.0
fixed,samplerGT_vf,-1,err,7,2.2899874607203423,364.0
fixed,samplerGT_vf,-1,err,8,2.3116927011573036,364.0
fixed,samplerGT_vf,-1,err,9,2.327986253249448,364.0
fixed,samplerGT_vf,-1,err,10,2.350250379757568,364.0
fixed,samplerGT_vf,-1,err,11,2.363888284097333,364.0
fixed,samplerGT_vf,-1,err,12,2.3788648011101494,364.0
fixed,samplerGT_vf,-1,err,13,2.3886848245593852,364.0
fixed,samplerGT_vf,-1,err,14,2.405164506073508,364.0
fixed,samplerGT_vf,-1,err,15,2.4353426576070074,364.0
fixed,samplerGT_vf,-1,err,16,2.44778773230347,364.0
fixed,samplerGT_vf,-1,err,17,2.46132458942932,364.0
fixed,samplerGT_vf,-1,err,18,2.479975419114905,364.0
fixed,samplerGT_vf,-1,err,19,2.471293925256519,364.0
fixed,samplerGT_vf,-1,err,20,2.4670602048737,364.0
fixed,samplerGT_vf,-1,err,21,2.478589750597112,364.0
fixed,samplerGT_vf,-1,err,22,2.507199615321971,364.0
fixed,samplerGT_vf,-1,err,23,2.4778446351761354,364.0
fixed,samplerGT_vf,-1,err,24,2.475109427389536,364.0
fixed,samplerGT_vf,-1,err,25,2.457919376662801,364.0
fixed,samplerGT_vf,-1,err,26,2.446234732645226,364.0
fixed,samplerGT_vf,-1,err,27,2.4431254619507343,364.0
fixed,samplerGT_vf,-1,err,28,2.441511467950684,364.0
fixed,samplerGT_vf,-1,err,29,2.419422213438447,364.0
fixed,samplerGT_vf,-1,err,30,2.405962276958173,364.0
fixed,samplerGT_vf,-1,err,31,2.381982451603636,364.0
fixed,samplerGT_vf,-1,err,32,2.3753992114748277,364.0
fixed,samplerGT_vf,-1,err,33,2.3714496814942616,364.0
fixed,samplerGT_vf,-1,err,34,2.370341190065329,364.0
fixed,samplerGT_vf,-1,err,35,2.356228329233089,364.0
fixed,samplerGT_vf,-1,err,36,2.345062672797141,364.0
fixed,samplerGT_vf,-1,err,37,2.360456561591926,364.0
fixed,samplerGT_vf,-1,err,38,2.3669681216252374,364.0
fixed,samplerGT_vf,-1,err,39,2.368828838687022,364.0
fixed,samplerGT_vf,-1,err,40,2.375191663508559,364.0
fixed,samplerGT_vf,-1,err,41,2.371604966380438,364.0
fixed,samplerGT_vf,-1,err,42,2.401565184755312,364.0
fixed,samplerGT_vf,-1,err,43,2.377505932674628,364.0
fixed,samplerGT_vf,-1,err,44,2.368371015860813,364.0
fixed,samplerGT_vf,-1,err,45,2.3680855636495135,364.0
fixed,samplerGT_vf,-1,err,46,2.3707902377860255,364.0
fixed,samplerGT_vf,-1,err,47,2.360585190732403,364.0
fixed,samplerGT_vf,-1,err,48,2.359699666344528,364.0
fixed,samplerGT_vf,-1,err,49,2.355427370032111,364.0
fixed,samplerGT_vf,-1,err,50,2.3437228138302726,364.0
fixed,samplerGT_vf,-1,err,51,2.340832323138858,364.0
fixed,samplerGT_vf,-1,err,52,2.3545159885434654,364.0
fixed,samplerGT_vf,-1,err,53,2.350865747370235,364.0
fixed,samplerGT_vf,-1,err,54,2.356820344523742,364.0
fixed,samplerGT_vf,-1,err,55,2.3464801149463264,364.0
fixed,samplerGT_vf,-1,err,56,2.342361145196381,364.0
fixed,samplerGT_vf,-1,err,57,2.347256728433647,364.0
fixed,samplerGT_vf,-1,err,58,2.3558295938339864,364.0
fixed,samplerGT_vf,-1,err,59,2.347818246680299,364.0
fixed,samplerGT_vf,-1,err,60,2.3473023863611635,364.0
fixed,samplerGT_vf,-1,err,61,2.351363035970993,364.0
fixed,samplerGT_vf,-1,err,62,2.367273042965066,364.0
fixed,samplerGT_vf,-1,err,63,2.3717974661143266,364.0
fixed,samplerGT_vf,1,derr,0,0.42663594218646433,364.0
fixed,samplerGT_vf,1,derr,1,0.39517201760599574,364.0
fixed,samplerGT_vf,1,derr,2,0.3935531050703683,364.0
fixed,samplerGT_vf,1,derr,3,0.36382877381498013,364.0
fixed,samplerGT_vf,1,derr,4,0.34630913236741345,364.0
fixed,samplerGT_vf,1,derr,5,0.3356190029695466,364.0
fixed,samplerGT_vf,1,derr,6,0.3364220770321541,364.0
fixed,samplerGT_vf,1,derr,7,0.3263390661104695,364.0
fixed,samplerGT_vf,1,derr,8,0.3294676178759271,364.0
fixed,samplerGT_vf,1,derr,9,0.35182695171110084,364.0
fixed,samplerGT_vf,1,derr,10,0.3452348987889159,364.0
fixed,samplerGT_vf,1,derr,11,0.3413847954022688,364.0
fixed,samplerGT_vf,1,derr,12,0.3708907073199913,364.0
fixed,samplerGT_vf,1,derr,13,0.35278994404291225,364.0
fixed,samplerGT_vf,1,derr,14,0.3489026863660131,364.0
fixed,samplerGT_vf,1,derr,15,0.35487663958753857,364.0
fixed,samplerGT_vf,1,derr,16,0.3704249484229137,364.0
fixed,samplerGT_vf,1,derr,17,0.36817489575164825,364.0
fixed,samplerGT_vf,1,derr,18,0.3876335715291674,364.0
fixed,samplerGT_vf,1,derr,19,0.37403581612282893,364.0
fixed,samplerGT_vf,1,derr,20,0.3529011832580871,364.0
fixed,samplerGT_vf,1,derr,21,0.3474184798875025,364.0
fixed,samplerGT_vf,1,derr,22,0.4249226108377615,364.0
fixed,samplerGT_vf,1,derr,23,0.3329527882992157,364.0
fixed,samplerGT_vf,1,derr,24,0.3328267405689745,364.0
fixed,samplerGT_vf,1,derr,25,0.35105495030766576,364.0
fixed,samplerGT_vf,1,derr,26,0.3613200340430242,364.0
fixed,samplerGT_vf,1,derr,27,0.35097007625378096,364.0
fixed,samplerGT_vf,1,derr,28,0.3333110875235154,364.0
fixed,samplerGT_vf,1,derr,29,0.32227857769108736,364.0
fixed,samplerGT_vf,1,derr,30,0.31326787181423754,364.0
fixed,samplerGT_vf,1,derr,31,0.3078248558187305,364.0
fixed,samplerGT_vf,1,derr,32,0.3106183262265564,364.0
fixed,samplerGT_vf,1,derr,33,0.3044515106837255,364.0
fixed,samplerGT_vf,1,derr,34,0.2940255199369698,364.0
fixed,samplerGT_vf,1,derr,35,0.2911231158464983,364.0
fixed,samplerGT_vf,1,derr,36,0.2880203423146568,364.0
fixed,samplerGT_vf,1,derr,37,0.29110794091228764,364.0
fixed,samplerGT_vf,1,derr,38,0.31352182115929633,364.0
fixed,samplerGT_vf,1,derr,39,0.2851480829099623,364.0
fixed,samplerGT_vf,1,derr,40,0.3064376525427368,364.0
fixed,samplerGT_vf,1,derr,41,0.4346786205539132,364.0
fixed,samplerGT_vf,1,derr,42,0.42840812553825613,364.0
fixed,samplerGT_vf,1,derr,43,0.28041338107477015,364.0
fixed,samplerGT_vf,1,derr,44,0.265710694433937,364.0
fixed,samplerGT_vf,1,derr,45,0.294890242198912,364.0
fixed,samplerGT_vf,1,derr,46,0.30436413245439364,364.0
fixed,samplerGT_vf,1,derr,47,0.30598017737105654,364.0
fixed,samplerGT_vf,1,derr,48,0.2831207190814254,364.0
fixed,samplerGT_vf,1,derr,49,0.27093468868470455,364.0
fixed,samplerGT_vf,1,derr,50,0.24822258126440938,364.0
fixed,samplerGT_vf,1,derr,51,0.25074717802108154,364.0
fixed,samplerGT_vf,1,derr,52,0.2608621092973748,364.0
fixed,samplerGT_vf,1,derr,53,0.27344914999596037,364.0
fixed,samplerGT_vf,1,derr,54,0.27509161314650715,364.0
fixed,samplerGT_vf,1,derr,55,0.2617828597642154,364.0
fixed,samplerGT_vf,1,derr,56,0.26734293747570487,364.0
fixed,samplerGT_vf,1,derr,57,0.26129160305628407,364.0
fixed,samplerGT_vf,1,derr,58,0.28826058524466314,364.0
fixed,samplerGT_vf,1,derr,59,0.26957199775746893,364.0
fixed,samplerGT_vf,1,derr,60,0.2644141051242804,364.0
fixed,samplerGT_vf,1,derr,61,0.3765447294329303,364.0
fixed,samplerGT_vf,1,derr,62,0.3708156498717042,364.0
fixed,samplerGT_vf,1,dmag,0,0.3147981071251107,364.0
fixed,samplerGT_vf,1,dmag,1,0.3072207303932653,364.0
fixed,samplerGT_vf,1,dmag,2,0.29362921315951496,364.0
fixed,samplerGT_vf,1,dmag,3,0.26923072494689254,364.0
fixed,samplerGT_vf,1,dmag,4,0.2634098112767378,364.0
fixed,samplerGT_vf,1,dmag,5,0.2512430275974611,364.0
fixed,samplerGT_vf,1,dmag,6,0.23934350733819243,364.0
fixed,samplerGT_vf,1,dmag,7,0.2275797974543421,364.0
fixed,samplerGT_vf,1,dmag,8,0.21251745951863435,364.0
fixed,samplerGT_vf,1,dmag,9,0.1964661580981216,364.0
fixed,samplerGT_vf,1,dmag,10,0.19358002352988818,364.0
fixed,samplerGT_vf,1,dmag,11,0.18763785851239176,364.0
fixed,samplerGT_vf,1,dmag,12,0.179911775043705,364.0
fixed,samplerGT_vf,1,dmag,13,0.17195189238147257,364.0
fixed,samplerGT_vf,1,dmag,14,0.16170275834092235,364.0
fixed,samplerGT_vf,1,dmag,15,0.15221391241629045,364.0
fixed,samplerGT_vf,1,dmag,16,0.1459192801599524,364.0
fixed,samplerGT_vf,1,dmag,17,0.14374303952330253,364.0
fixed,samplerGT_vf,1,dmag,18,0.14336697236061668,364.0
fixed,samplerGT_vf,1,dmag,19,0.14103768712196213,364.0
fixed,samplerGT_vf,1,dmag,20,0.14091172856841605,364.0
fixed,samplerGT_vf,1,dmag,21,0.13870554395623833,364.0
fixed,samplerGT_vf,1,dmag,22,0.13080906297929668,364.0
fixed,samplerGT_vf,1,dmag,23,0.1234046777398172,364.0
fixed,samplerGT_vf,1,dmag,24,0.12023668716006636,364.0
fixed,samplerGT_vf,1,dmag,25,0.11931963808128385,364.0
fixed,samplerGT_vf,1,dmag,26,0.11378943387183596,364.0
fixed,samplerGT_vf,1,dmag,27,0.11047116197533087,364.0
fixed,samplerGT_vf,1,dmag,28,0.10638900220158745,364.0
fixed,samplerGT_vf,1,dmag,29,0.10639328539248678,364.0
fixed,samplerGT_vf,1,dmag,30,0.10264464159199334,364.0
fixed,samplerGT_vf,1,dmag,31,0.1025045027759356,364.0
fixed,samplerGT_vf,1,dmag,32,0.10008437944586379,364.0
fixed,samplerGT_vf,1,dmag,33,0.09560036876208179,364.0
fixed,samplerGT_vf,1,dmag,34,0.08989037935632271,364.0
fixed,samplerGT_vf,1,dmag,35,0.0883073695157501,364.0
fixed,samplerGT_vf,1,dmag,36,0.08754408518415313,364.0
fixed,samplerGT_vf,1,dmag,37,0.08596431725187698,364.0
fixed,samplerGT_vf,1,dmag,38,0.0857053972309926,364.0
fixed,samplerGT_vf,1,dmag,39,0.08244465244678105,364.0
fixed,samplerGT_vf,1,dmag,40,0.08121171784024317,364.0
fixed,samplerGT_vf,1,dmag,41,0.08017118583858054,364.0
fixed,samplerGT_vf,1,dmag,42,0.08105485297094744,364.0
fixed,samplerGT_vf,1,dmag,43,0.07899703550572088,364.0
fixed,samplerGT_vf,1,dmag,44,0.07647561886127792,364.0
fixed,samplerGT_vf,1,dmag,45,0.07232999343906048,364.0
fixed,samplerGT_vf,1,dmag,46,0.07312827860516916,364.0
fixed,samplerGT_vf,1,dmag,47,0.07238043630290981,364.0
fixed,samplerGT_vf,1,dmag,48,0.07186840004850548,364.0
fixed,samplerGT_vf,1,dmag,49,0.07486234350605858,364.0
fixed,samplerGT_vf,1,dmag,50,0.07181949949065981,364.0
fixed,samplerGT_vf,1,dmag,51,0.06912450621846122,364.0
fixed,samplerGT_vf,1,dmag,52,0.06647875433490909,364.0
fixed,samplerGT_vf,1,dmag,53,0.06495860977620296,364.0
fixed,samplerGT_vf,1,dmag,54,0.06547542257684764,364.0
fixed,samplerGT_vf,1,dmag,55,0.06488860980607569,364.0
fixed,samplerGT_vf,1,dmag,56,0.06275938687446926,364.0
fixed,samplerGT_vf,1,dmag,57,0.05993989541753103,364.0
fixed,samplerGT_vf,1,dmag,58,0.06256933591410435,364.0
fixed,samplerGT_vf,1,dmag,59,0.06419564771164045,364.0
fixed,samplerGT_vf,1,dmag,60,0.06629073847172229,364.0
fixed,samplerGT_vf,1,dmag,61,0.06618141706336986,364.0
fixed,samplerGT_vf,1,dmag,62,0.06742902683953826,364.0
fixed,samplerGT_vf,1,err,0,1.9572257610795263,364.0
fixed,samplerGT_vf,1,err,1,2.0789584701696593,364.0
fixed,samplerGT_vf,1,err,2,2.1714115849399303,364.0
fixed,samplerGT_vf,1,err,3,2.2220808160337775,364.0
fixed,samplerGT_vf,1,err,4,2.244846080726647,364.0
fixed,samplerGT_vf,1,err,5,2.2529234830494764,364.0
fixed,samplerGT_vf,1,err,6,2.263660660197774,364.0
fixed,samplerGT_vf,1,err,7,2.2999315072710695,364.0
fixed,samplerGT_vf,1,err,8,2.3271495601633094,364.0
fixed,samplerGT_vf,1,err,9,2.33870939042542,364.0
fixed,samplerGT_vf,1,err,10,2.3579617330988687,364.0
fixed,samplerGT_vf,1,err,11,2.370119957969739,364.0
fixed,samplerGT_vf,1,err,12,2.3889337701948135,364.0
fixed,samplerGT_vf,1,err,13,2.396786539354822,364.0
fixed,samplerGT_vf,1,err,14,2.410036938531058,364.0
fixed,samplerGT_vf,1,err,15,2.4383595908408635,364.0
fixed,samplerGT_vf,1,err,16,2.447896899348432,364.0
fixed,samplerGT_vf,1,err,17,2.464037011858526,364.0
fixed,samplerGT_vf,1,err,18,2.4794929096331964,364.0
fixed,samplerGT_vf,1,err,19,2.4676746093146096,364.0
fixed,samplerGT_vf,1,err,20,2.4647208528368028,364.0
fixed,samplerGT_vf,1,err,21,2.4756115268874956,364.0
fixed,samplerGT_vf,1,err,22,2.5051386772276283,364.0
fixed,samplerGT_vf,1,err,23,2.4740408403532848,364.0
fixed,samplerGT_vf,1,err,24,2.4636609382354298,364.0
fixed,samplerGT_vf,1,err,25,2.4432761551259636,364.0
fixed,samplerGT_vf,1,err,26,2.430473581775204,364.0
fixed,samplerGT_vf,1,err,27,2.423403320813572,364.0
fixed,samplerGT_vf,1,err,28,2.422787100813546,364.0
fixed,samplerGT_vf,1,err,29,2.400177031346075,364.0
fixed,samplerGT_vf,1,err,30,2.3845610568647855,364.0
fixed,samplerGT_vf,1,err,31,2.363836258158579,364.0
fixed,samplerGT_vf,1,err,32,2.3598651450413923,364.0
fixed,samplerGT_vf,1,err,33,2.360914568734038,364.0
fixed,samplerGT_vf,1,err,34,2.3601476638526706,364.0
fixed,samplerGT_vf,1,err,35,2.346821426854029,364.0
fixed,samplerGT_vf,1,err,36,2.331352884215968,364.0
fixed,samplerGT_vf,1,err,37,2.345307619198338,364.0
fixed,samplerGT_vf,1,err,38,2.352186582491293,364.0
fixed,samplerGT_vf,1,err,39,2.345608206486309,364.0
fixed,samplerGT_vf,1,err,40,2.357707761964955,364.0
fixed,samplerGT_vf,1,err,41,2.362030690106062,364.0
fixed,samplerGT_vf,1,err,42,2.3871226343479783,364.0
fixed,samplerGT_vf,1,err,43,2.3644902395023095,364.0
fixed,samplerGT_vf,1,err,44,2.3550370351135075,364.0
fixed,samplerGT_vf,1,err,45,2.3533800366324384,364.0
fixed,samplerGT_vf,1,err,46,2.359897919654191,364.0
fixed,samplerGT_vf,1,err,47,2.3472309679120453,364.0
fixed,samplerGT_vf,1,err,48,2.3447533389041713,364.0
fixed,samplerGT_vf,1,err,49,2.341768466754929,364.0
fixed,samplerGT_vf,1,err,50,2.330668813907183,364.0
fixed,samplerGT_vf,1,err,51,2.332076660469993,364.0
fixed,samplerGT_vf,1,err,52,2.345109972325,364.0
fixed,samplerGT_vf,1,err,53,2.341010598609081,364.0
fixed,samplerGT_vf,1,err,54,2.3472136996768334,364.0
fixed,samplerGT_vf,1,err,55,2.33587126155476,364.0
fixed,samplerGT_vf,1,err,56,2.329991438149751,364.0
fixed,samplerGT_vf,1,err,57,2.3359929273252957,364.0
fixed,samplerGT_vf,1,err,58,2.343898930638046,364.0
fixed,samplerGT_vf,1,err,59,2.339471639922032,364.0
fixed,samplerGT_vf,1,err,60,2.33757579351192,364.0
fixed,samplerGT_vf,1,err,61,2.3420599937275215,364.0
fixed,samplerGT_vf,1,err,62,2.362026767498189,364.0
fixed,samplerGT_vf,1,err,63,2.3687409332820346,364.0
fixed,samplerGT_vf,5,derr,0,0.3989480890149435,364.0
fixed,samplerGT_vf,5,derr,1,0.36819193992702354,364.0
fixed,samplerGT_vf,5,derr,2,0.3758903250998848,364.0
fixed,samplerGT_vf,5,derr,3,0.34394124715722035,364.0
fixed,samplerGT_vf,5,derr,4,0.3185762115293643,364.0
fixed,samplerGT_vf,5,derr,5,0.31687508581799795,364.0
fixed,samplerGT_vf,5,derr,6,0.3183480845508421,364.0
fixed,samplerGT_vf,5,derr,7,0.31323773822757406,364.0
fixed,samplerGT_vf,5,derr,8,0.3257633055468182,364.0
fixed,samplerGT_vf,5,derr,9,0.34569328190288046,364.0
fixed,samplerGT_vf,5,derr,10,0.3313179974556788,364.0
fixed,samplerGT_vf,5,derr,11,0.3308623487661992,364.0
fixed,samplerGT_vf,5,derr,12,0.3572604765163755,364.0
fixed,samplerGT_vf,5,derr,13,0.34466847536860257,364.0
fixed,samplerGT_vf,5,derr,14,0.3459840327255673,364.0
fixed,samplerGT_vf,5,derr,15,0.35427708560498533,364.0
fixed,samplerGT_vf,5,derr,16,0.37023090022605853,364.0
fixed,samplerGT_vf,5,derr,17,0.3648005297642897,364.0
fixed,samplerGT_vf,5,derr,18,0.38205638981762,364.0
fixed,samplerGT_vf,5,derr,19,0.37054323275051604,364.0
fixed,samplerGT_vf,5,derr,20,0.34704944380855823,364.0
fixed,samplerGT_vf,5,derr,21,0.3467311205772253,364.0
fixed,samplerGT_vf,5,derr,22,0.41865394767476144,364.0
fixed,samplerGT_vf,5,derr,23,0.3283531851094257,364.0
fixed,samplerGT_vf,5,derr,24,0.3246596273505589,364.0
fixed,samplerGT_vf,5,derr,25,0.34783710052443484,364.0
fixed,samplerGT_vf,5,derr,26,0.3579931298506211,364.0
fixed,samplerGT_vf,5,derr,27,0.347450788250541,364.0
fixed,samplerGT_vf,5,derr,28,0.3296636948361993,364.0
fixed,samplerGT_vf,5,derr,29,0.31935561096275245,364.0
fixed,samplerGT_vf,5,derr,30,0.30740430399488944,364.0
fixed,samplerGT_vf,5,derr,31,0.3006242629304364,364.0
fixed,samplerGT_vf,5,derr,32,0.3049691948210718,364.0
fixed,samplerGT_vf,5,derr,33,0.2992391077044246,364.0
fixed,samplerGT_vf,5,derr,34,0.2899786572197227,364.0
fixed,samplerGT_vf,5,derr,35,0.2887394404560737,364.0
fixed,samplerGT_vf,5,derr,36,0.2843826188383481,364.0
fixed,samplerGT_vf,5,derr,37,0.28892835541781814,364.0
fixed,samplerGT_vf,5,derr,38,0.3125022150330491,364.0
fixed,samplerGT_vf,5,derr,39,0.2834882758312173,364.0
fixed,samplerGT_vf,5,derr,40,0.3044646628569443,364.0
fixed,samplerGT_vf,5,derr,41,0.43377085543329735,364.0
fixed,samplerGT_vf,5,derr,42,0.4274336809169624,364.0
fixed,samplerGT_vf,5,derr,43,0.2788052007320572,364.0
fixed,samplerGT_vf,5,derr,44,0.26488107220259505,364.0
fixed,samplerGT_vf,5,derr,45,0.29445394757459614,364.0
fixed,samplerGT_vf,5,derr,46,0.30355535201973965,364.0
fixed,samplerGT_vf,5,derr,47,0.3056438110799498,364.0
fixed,samplerGT_vf,5,derr,48,0.2829265938150686,364.0
fixed,samplerGT_vf,5,derr,49,0.2703232607282289,364.0
fixed,samplerGT_vf,5,derr,50,0.24843343314561214,364.0
fixed,samplerGT_vf,5,derr,51,0.2504188391727979,364.0
fixed,samplerGT_vf,5,derr,52,0.26009617022566167,364.0
fixed,samplerGT_vf,5,derr,53,0.27281351050280117,364.0
fixed,samplerGT_vf,5,derr,54,0.2741462272376968,364.0
fixed,samplerGT_vf,5,derr,55,0.2614310234733908,364.0
fixed,samplerGT_vf,5,derr,56,0.2674867014175506,364.0
fixed,samplerGT_vf,5,derr,57,0.26117463274296004,364.0
fixed,samplerGT_vf,5,derr,58,0.28826588339039255,364.0
fixed,samplerGT_vf,5,derr,59,0.26915045209474614,364.0
fixed,samplerGT_vf,5,derr,60,0.2647060153412295,364.0
fixed,samplerGT_vf,5,derr,61,0.37614879073002017,364.0
fixed,samplerGT_vf,5,derr,62,0.3698588086926675,364.0
fixed,samplerGT_vf,5,dmag,0,0.30634041621278113,364.0
fixed,samplerGT_vf,5,dmag,1,0.29768685555945223,364.0
fixed,samplerGT_vf,5,dmag,2,0.28602545408552493,364.0
fixed,samplerGT_vf,5,dmag,3,0.26544236830834833,364.0
fixed,samplerGT_vf,5,dmag,4,0.2465397999468413,364.0
fixed,samplerGT_vf,5,dmag,5,0.23961688126795566,364.0
fixed,samplerGT_vf,5,dmag,6,0.23397177694222102,364.0
fixed,samplerGT_vf,5,dmag,7,0.22226238912892538,364.0
fixed,samplerGT_vf,5,dmag,8,0.21245792192908433,364.0
fixed,samplerGT_vf,5,dmag,9,0.19984566618350671,364.0
fixed,samplerGT_vf,5,dmag,10,0.19673356375974285,364.0
fixed,samplerGT_vf,5,dmag,11,0.1912918240241297,364.0
fixed,samplerGT_vf,5,dmag,12,0.18463903434247106,364.0
fixed,samplerGT_vf,5,dmag,13,0.175123554966566,364.0
fixed,samplerGT_vf,5,dmag,14,0.16737416608688924,364.0
fixed,samplerGT_vf,5,dmag,15,0.15706865775531956,364.0
fixed,samplerGT_vf,5,dmag,16,0.15185363400359075,364.0
fixed,samplerGT_vf,5,dmag,17,0.14892191469802388,364.0
fixed,samplerGT_vf,5,dmag,18,0.14534372032957746,364.0
fixed,samplerGT_vf,5,dmag,19,0.14574589133569663,364.0
fixed,samplerGT_vf,5,dmag,20,0.14750778733414935,364.0
fixed,samplerGT_vf,5,dmag,21,0.14583653389414833,364.0
fixed,samplerGT_vf,5,dmag,22,0.13849271329600815,364.0
fixed,samplerGT_vf,5,dmag,23,0.13144161116976577,364.0
fixed,samplerGT_vf,5,dmag,24,0.1263566325613103,364.0
fixed,samplerGT_vf,5,dmag,25,0.12444587738846767,364.0
fixed,samplerGT_vf,5,dmag,26,0.12043716199184348,364.0
fixed,samplerGT_vf,5,dmag,27,0.1195992605612296,364.0
fixed,samplerGT_vf,5,dmag,28,0.11620026464563804,364.0
fixed,samplerGT_vf,5,dmag,29,0.11251731552848858,364.0
fixed,samplerGT_vf,5,dmag,30,0.10496731031082243,364.0
fixed,samplerGT_vf,5,dmag,31,0.10225389327644115,364.0
fixed,samplerGT_vf,5,dmag,32,0.0998380341628505,364.0
fixed,samplerGT_vf,5,dmag,33,0.09588836006062863,364.0
fixed,samplerGT_vf,5,dmag,34,0.08927664638159204,364.0
fixed,samplerGT_vf,5,dmag,35,0.08730314745424458,364.0
fixed,samplerGT_vf,5,dmag,36,0.08576002326067332,364.0
fixed,samplerGT_vf,5,dmag,37,0.08491740990071915,364.0
fixed,samplerGT_vf,5,dmag,38,0.08609673293604218,364.0
fixed,samplerGT_vf,5,dmag,39,0.08396364278978781,364.0
fixed,samplerGT_vf,5,dmag,40,0.08262232847122865,364.0
fixed,samplerGT_vf,5,dmag,41,0.08159948440376096,364.0
fixed,samplerGT_vf,5,dmag,42,0.08150467297297667,364.0
fixed,samplerGT_vf,5,dmag,43,0.0796595768399209,364.0
fixed,samplerGT_vf,5,dmag,44,0.07679869556942812,364.0
fixed,samplerGT_vf,5,dmag,45,0.07285428566699541,364.0
fixed,samplerGT_vf,5,dmag,46,0.0740435934218752,364.0
fixed,samplerGT_vf,5,dmag,47,0.0728216097053079,364.0
fixed,samplerGT_vf,5,dmag,48,0.07169480718528995,364.0
fixed,samplerGT_vf,5,dmag,49,0.07390207235425056,364.0
fixed,samplerGT_vf,5,dmag,50,0.0713345817633096,364.0
fixed,samplerGT_vf,5,dmag,51,0.06937171797431842,364.0
fixed,samplerGT_vf,5,dmag,52,0.0665270565845236,364.0
fixed,samplerGT_vf,5,dmag,53,0.06475729111883953,364.0
fixed,samplerGT_vf,5,dmag,54,0.0657170382149231,364.0
fixed,samplerGT_vf,5,dmag,55,0.06471616402524268,364.0
fixed,samplerGT_vf,5,dmag,56,0.06269528156473905,364.0
fixed,samplerGT_vf,5,dmag,57,0.059894051525619,364.0
fixed,samplerGT_vf,5,dmag,58,0.0620533408018873,364.0
fixed,samplerGT_vf,5,dmag,59,0.06320448326596806,364.0
fixed,samplerGT_vf,5,dmag,60,0.06549712393054186,364.0
fixed,samplerGT_vf,5,dmag,61,0.06546695972025231,364.0
fixed,samplerGT_vf,5,dmag,62,0.06735253489479054,364.0
fixed,samplerGT_vf,5,err,0,1.6679803815844294,364.0
fixed,samplerGT_vf,5,err,1,1.767991415501296,364.0
fixed,samplerGT_vf,5,err,2,1.8333315923810005,364.0
fixed,samplerGT_vf,5,err,3,1.8539792002884896,364.0
fixed,samplerGT_vf,5,err,4,1.8553610881688176,364.0
fixed,samplerGT_vf,5,err,5,1.8527823366470388,364.0
fixed,samplerGT_vf,5,err,6,1.858296335275684,364.0
fixed,samplerGT_vf,5,err,7,1.886037906201986,364.0
fixed,samplerGT_vf,5,err,8,1.9121544518313565,364.0
fixed,samplerGT_vf,5,err,9,1.9236071280070715,364.0
fixed,samplerGT_vf,5,err,10,1.9386939641374807,364.0
fixed,samplerGT_vf,5,err,11,1.9575773969620138,364.0
fixed,samplerGT_vf,5,err,12,1.9726970915447224,364.0
fixed,samplerGT_vf,5,err,13,1.9843414035308493,364.0
fixed,samplerGT_vf,5,err,14,1.9909083340521698,364.0
fixed,samplerGT_vf,5,err,15,2.0171013415514767,364.0
fixed,samplerGT_vf,5,err,16,2.0305305915055696,364.0
fixed,samplerGT_vf,5,err,17,2.051257342837014,364.0
fixed,samplerGT_vf,5,err,18,2.074691489666373,364.0
fixed,samplerGT_vf,5,err,19,2.070632325342068,364.0
fixed,samplerGT_vf,5,err,20,2.0739101266467963,364.0
fixed,samplerGT_vf,5,err,21,2.09868428250263,364.0
fixed,samplerGT_vf,5,err,22,2.1376912205756367,364.0
fixed,samplerGT_vf,5,err,23,2.1148627859714266,364.0
fixed,samplerGT_vf,5,err,24,2.120714699337771,364.0
fixed,samplerGT_vf,5,err,25,2.1118321241913263,364.0
fixed,samplerGT_vf,5,err,26,2.1031564662417215,364.0
fixed,samplerGT_vf,5,err,27,2.111091322541892,364.0
fixed,samplerGT_vf,5,err,28,2.1185098191375262,364.0
fixed,samplerGT_vf,5,err,29,2.0972177238909753,364.0
fixed,samplerGT_vf,5,err,30,2.0833146949554537,364.0
fixed,samplerGT_vf,5,err,31,2.0638251272695407,364.0
fixed,samplerGT_vf,5,err,32,2.0601421403852136,364.0
fixed,samplerGT_vf,5,err,33,2.06257336553964,364.0
fixed,samplerGT_vf,5,err,34,2.0688071147753644,364.0
fixed,samplerGT_vf,5,err,35,2.059640691421189,364.0
fixed,samplerGT_vf,5,err,36,2.0523596035910177,364.0
fixed,samplerGT_vf,5,err,37,2.069125958278284,364.0
fixed,samplerGT_vf,5,err,38,2.0817615179406417,364.0
fixed,samplerGT_vf,5,err,39,2.0931505003309514,364.0
fixed,samplerGT_vf,5,err,40,2.103167701635387,364.0
fixed,samplerGT_vf,5,err,41,2.10202475301512,364.0
fixed,samplerGT_vf,5,err,42,2.1374922185972496,364.0
fixed,samplerGT_vf,5,err,43,2.113868494446461,364.0
fixed,samplerGT_vf,5,err,44,2.1068568419624163,364.0
fixed,samplerGT_vf,5,err,45,2.1099049604528552,364.0
fixed,samplerGT_vf,5,err,46,2.107030465707674,364.0
fixed,samplerGT_vf,5,err,47,2.100779511443861,364.0
fixed,samplerGT_vf,5,err,48,2.105051767940705,364.0
fixed,samplerGT_vf,5,err,49,2.099847455273618,364.0
fixed,samplerGT_vf,5,err,50,2.089265486286892,364.0
fixed,samplerGT_vf,5,err,51,2.085835988786849,364.0
fixed,samplerGT_vf,5,err,52,2.1002009195777087,364.0
fixed,samplerGT_vf,5,err,53,2.0986169514420268,364.0
fixed,samplerGT_vf,5,err,54,2.1033368982620293,364.0
fixed,samplerGT_vf,5,err,55,2.0963663940246287,364.0
fixed,samplerGT_vf,5,err,56,2.094716240498391,364.0
fixed,samplerGT_vf,5,err,57,2.1057455940888476,364.0
fixed,samplerGT_vf,5,err,58,2.1156620119626703,364.0
fixed,samplerGT_vf,5,err,59,2.1070476417521853,364.0
fixed,samplerGT_vf,5,err,60,2.1097028221075353,364.0
fixed,samplerGT_vf,5,err,61,2.112063523341011,364.0
fixed,samplerGT_vf,5,err,62,2.1281742624692863,364.0
fixed,samplerGT_vf,5,err,63,2.1317744809356363,364.0
fixed,samplerGT_vf,10,derr,0,0.3953109170402308,364.0
fixed,samplerGT_vf,10,derr,1,0.36459470126818827,364.0
fixed,samplerGT_vf,10,derr,2,0.37104588636493946,364.0
fixed,samplerGT_vf,10,derr,3,0.33953228161496285,364.0
fixed,samplerGT_vf,10,derr,4,0.31395968782541517,364.0
fixed,samplerGT_vf,10,derr,5,0.30598911987924643,364.0
fixed,samplerGT_vf,10,derr,6,0.30972186890993636,364.0
fixed,samplerGT_vf,10,derr,7,0.30231554262278665,364.0
fixed,samplerGT_vf,10,derr,8,0.31033101039785116,364.0
fixed,samplerGT_vf,10,derr,9,0.3342357496423954,364.0
fixed,samplerGT_vf,10,derr,10,0.3260850047354924,364.0
fixed,samplerGT_vf,10,derr,11,0.32758741073596936,364.0
fixed,samplerGT_vf,10,derr,12,0.35312177030533387,364.0
fixed,samplerGT_vf,10,derr,13,0.3400653163892227,364.0
fixed,samplerGT_vf,10,derr,14,0.3406594795185131,364.0
fixed,samplerGT_vf,10,derr,15,0.3506338504030482,364.0
fixed,samplerGT_vf,10,derr,16,0.3676207591626015,364.0
fixed,samplerGT_vf,10,derr,17,0.3621918510921954,364.0
fixed,samplerGT_vf,10,derr,18,0.38067189692570774,364.0
fixed,samplerGT_vf,10,derr,19,0.3691238453100016,364.0
fixed,samplerGT_vf,10,derr,20,0.34646115094873603,364.0
fixed,samplerGT_vf,10,derr,21,0.3474696615792729,364.0
fixed,samplerGT_vf,10,derr,22,0.41773280407721686,364.0
fixed,samplerGT_vf,10,derr,23,0.3282893407670269,364.0
fixed,samplerGT_vf,10,derr,24,0.32474586051366816,364.0
fixed,samplerGT_vf,10,derr,25,0.34490600709578245,364.0
fixed,samplerGT_vf,10,derr,26,0.3542839595536282,364.0
fixed,samplerGT_vf,10,derr,27,0.344698812756278,364.0
fixed,samplerGT_vf,10,derr,28,0.3295202343238538,364.0
fixed,samplerGT_vf,10,derr,29,0.32115135063509365,364.0
fixed,samplerGT_vf,10,derr,30,0.30864697681473835,364.0
fixed,samplerGT_vf,10,derr,31,0.3018537369239461,364.0
fixed,samplerGT_vf,10,derr,32,0.3044221630719091,364.0
fixed,samplerGT_vf,10,derr,33,0.297316606775704,364.0
fixed,samplerGT_vf,10,derr,34,0.2890605300736542,364.0
fixed,samplerGT_vf,10,derr,35,0.2877731749399023,364.0
fixed,samplerGT_vf,10,derr,36,0.2846667764805626,364.0
fixed,samplerGT_vf,10,derr,37,0.28899450120669634,364.0
fixed,samplerGT_vf,10,derr,38,0.31280320209891094,364.0
fixed,samplerGT_vf,10,derr,39,0.2832745030205083,364.0
fixed,samplerGT_vf,10,derr,40,0.3049904841438427,364.0
fixed,samplerGT_vf,10,derr,41,0.43302927728087365,364.0
fixed,samplerGT_vf,10,derr,42,0.4280252467666927,364.0
fixed,samplerGT_vf,10,derr,43,0.27936990313477567,364.0
fixed,samplerGT_vf,10,derr,44,0.26544800770704396,364.0
fixed,samplerGT_vf,10,derr,45,0.2945533199082282,364.0
fixed,samplerGT_vf,10,derr,46,0.303329107771208,364.0
fixed,samplerGT_vf,10,derr,47,0.3050188888427239,364.0
fixed,samplerGT_vf,10,derr,48,0.2827577369676514,364.0
fixed,samplerGT_vf,10,derr,49,0.2703864557750441,364.0
fixed,samplerGT_vf,10,derr,50,0.24791967807910764,364.0
fixed,samplerGT_vf,10,derr,51,0.25007081658139335,364.0
fixed,samplerGT_vf,10,derr,52,0.26006841520615087,364.0
fixed,samplerGT_vf,10,derr,53,0.2728314049040469,364.0
fixed,samplerGT_vf,10,derr,54,0.273828965647576,364.0
fixed,samplerGT_vf,10,derr,55,0.2613664841289622,364.0
fixed,samplerGT_vf,10,derr,56,0.2671637584271094,364.0
fixed,samplerGT_vf,10,derr,57,0.2613222529333863,364.0
fixed,samplerGT_vf,10,derr,58,0.2880911220857812,364.0
fixed,samplerGT_vf,10,derr,59,0.2689034183519882,364.0
fixed,samplerGT_vf,10,derr,60,0.2648160804093785,364.0
fixed,samplerGT_vf,10,derr,61,0.3767038963934673,364.0
fixed,samplerGT_vf,10,derr,62,0.36983012318212005,364.0
fixed,samplerGT_vf,10,dmag,0,0.3097869037691463,364.0
fixed,samplerGT_vf,10,dmag,1,0.29913093391703544,364.0
fixed,samplerGT_vf,10,dmag,2,0.29067330664167035,364.0
fixed,samplerGT_vf,10,dmag,3,0.2656548933412593,364.0
fixed,samplerGT_vf,10,dmag,4,0.24555034419153254,364.0
fixed,samplerGT_vf,10,dmag,5,0.23048181325749872,364.0
fixed,samplerGT_vf,10,dmag,6,0.2232362800943,364.0
fixed,samplerGT_vf,10,dmag,7,0.21416413365955372,364.0
fixed,samplerGT_vf,10,dmag,8,0.20460265953155174,364.0
fixed,samplerGT_vf,10,dmag,9,0.19550167293809764,364.0
fixed,samplerGT_vf,10,dmag,10,0.19304782093328599,364.0
fixed,samplerGT_vf,10,dmag,11,0.18822851617421424,364.0
fixed,samplerGT_vf,10,dmag,12,0.18301666850879134,364.0
fixed,samplerGT_vf,10,dmag,13,0.1739163067611446,364.0
fixed,samplerGT_vf,10,dmag,14,0.16529660249272218,364.0
fixed,samplerGT_vf,10,dmag,15,0.15544157655357005,364.0
fixed,samplerGT_vf,10,dmag,16,0.15232413906890613,364.0
fixed,samplerGT_vf,10,dmag,17,0.15098443638103512,364.0
fixed,samplerGT_vf,10,dmag,18,0.14810537534591917,364.0
fixed,samplerGT_vf,10,dmag,19,0.1485281091869123,364.0
fixed,samplerGT_vf,10,dmag,20,0.14931458908716563,364.0
fixed,samplerGT_vf,10,dmag,21,0.14868995954364456,364.0
fixed,samplerGT_vf,10,dmag,22,0.1420366186930051,364.0
fixed,samplerGT_vf,10,dmag,23,0.13512963500989417,364.0
fixed,samplerGT_vf,10,dmag,24,0.13341114847859428,364.0
fixed,samplerGT_vf,10,dmag,25,0.13223108857266277,364.0
fixed,samplerGT_vf,10,dmag,26,0.12749550111366661,364.0
fixed,samplerGT_vf,10,dmag,27,0.12512674107431218,364.0
fixed,samplerGT_vf,10,dmag,28,0.12136616707769232,364.0
fixed,samplerGT_vf,10,dmag,29,0.11752340934945496,364.0
fixed,samplerGT_vf,10,dmag,30,0.110559870711538,364.0
fixed,samplerGT_vf,10,dmag,31,0.10683204599139332,364.0
fixed,samplerGT_vf,10,dmag,32,0.10155405161472467,364.0
fixed,samplerGT_vf,10,dmag,33,0.09707622800360095,364.0
fixed,samplerGT_vf,10,dmag,34,0.09031828507975481,364.0
fixed,samplerGT_vf,10,dmag,35,0.08854232556033102,364.0
fixed,samplerGT_vf,10,dmag,36,0.08785707599759757,364.0
fixed,samplerGT_vf,10,dmag,37,0.0863558564995221,364.0
fixed,samplerGT_vf,10,dmag,38,0.08648853894364048,364.0
fixed,samplerGT_vf,10,dmag,39,0.08461836971096941,364.0
fixed,samplerGT_vf,10,dmag,40,0.08366700027977209,364.0
fixed,samplerGT_vf,10,dmag,41,0.082092117263608,364.0
fixed,samplerGT_vf,10,dmag,42,0.08169648435560393,364.0
fixed,samplerGT_vf,10,dmag,43,0.07983799679409508,364.0
fixed,samplerGT_vf,10,dmag,44,0.07747241462949295,364.0
fixed,samplerGT_vf,10,dmag,45,0.07342885304779674,364.0
fixed,samplerGT_vf,10,dmag,46,0.07351560237597428,364.0
fixed,samplerGT_vf,10,dmag,47,0.07200079053195173,364.0
fixed,samplerGT_vf,10,dmag,48,0.07091087061952758,364.0
fixed,samplerGT_vf,10,dmag,49,0.0731424060509448,364.0
fixed,samplerGT_vf,10,dmag,50,0.07088776881765615,364.0
fixed,samplerGT_vf,10,dmag,51,0.06923684093251742,364.0
fixed,samplerGT_vf,10,dmag,52,0.0670290258303694,364.0
fixed,samplerGT_vf,10,dmag,53,0.0652182483073365,364.0
fixed,samplerGT_vf,10,dmag,54,0.06561349642816112,364.0
fixed,samplerGT_vf,10,dmag,55,0.06470724830664899,364.0
fixed,samplerGT_vf,10,dmag,56,0.06254222605167632,364.0
fixed,samplerGT_vf,10,dmag,57,0.06014050191503714,364.0
fixed,samplerGT_vf,10,dmag,58,0.06240379211625883,364.0
fixed,samplerGT_vf,10,dmag,59,0.06366889352608308,364.0
fixed,samplerGT_vf,10,dmag,60,0.06591246701050345,364.0
fixed,samplerGT_vf,10,dmag,61,0.0660979905917954,364.0
fixed,samplerGT_vf,10,dmag,62,0.06780928956053046,364.0
fixed,samplerGT_vf,10,err,0,1.5959194504788943,364.0
fixed,samplerGT_vf,10,err,1,1.6773616887710907,364.0
fixed,samplerGT_vf,10,err,2,1.7310542338988284,364.0
fixed,samplerGT_vf,10,err,3,1.7482402089287292,364.0
fixed,samplerGT_vf,10,err,4,1.752012928026718,364.0
fixed,samplerGT_vf,10,err,5,1.743935761461546,364.0
fixed,samplerGT_vf,10,err,6,1.744962430630739,364.0
fixed,samplerGT_vf,10,err,7,1.7660887283938271,364.0
fixed,samplerGT_vf,10,err,8,1.7879419053321357,364.0
fixed,samplerGT_vf,10,err,9,1.7950690677696532,364.0
fixed,samplerGT_vf,10,err,10,1.8062788709015636,364.0
fixed,samplerGT_vf,10,err,11,1.818086563230871,364.0
fixed,samplerGT_vf,10,err,12,1.828466581283035,364.0
fixed,samplerGT_vf,10,err,13,1.843241994361301,364.0
fixed,samplerGT_vf,10,err,14,1.8537507748210824,364.0
fixed,samplerGT_vf,10,err,15,1.8834485893884858,364.0
fixed,samplerGT_vf,10,err,16,1.897799513415321,364.0
fixed,samplerGT_vf,10,err,17,1.9155205562710762,364.0
fixed,samplerGT_vf,10,err,18,1.9410039006353734,364.0
fixed,samplerGT_vf,10,err,19,1.936929457462751,364.0
fixed,samplerGT_vf,10,err,20,1.9462199128427349,364.0
fixed,samplerGT_vf,10,err,21,1.9752441903392037,364.0
fixed,samplerGT_vf,10,err,22,2.014221443415998,364.0
fixed,samplerGT_vf,10,err,23,2.001268324370568,364.0
fixed,samplerGT_vf,10,err,24,2.0069247582456566,364.0
fixed,samplerGT_vf,10,err,25,2.0009501977608752,364.0
fixed,samplerGT_vf,10,err,26,1.9994870210578153,364.0
fixed,samplerGT_vf,10,err,27,2.0127049316907977,364.0
fixed,samplerGT_vf,10,err,28,2.021242226218129,364.0
fixed,samplerGT_vf,10,err,29,2.0014445647433563,364.0
fixed,samplerGT_vf,10,err,30,1.9889945783294165,364.0
fixed,samplerGT_vf,10,err,31,1.9722899601354704,364.0
fixed,samplerGT_vf,10,err,32,1.971795424245871,364.0
fixed,samplerGT_vf,10,err,33,1.9784207701846794,364.0
fixed,samplerGT_vf,10,err,34,1.9867024972707361,364.0
fixed,samplerGT_vf,10,err,35,1.9768803240014956,364.0
fixed,samplerGT_vf,10,err,36,1.9700760305091576,364.0
fixed,samplerGT_vf,10,err,37,1.9884166263125755,364.0
fixed,samplerGT_vf,10,err,38,2.0031764570337076,364.0
fixed,samplerGT_vf,10,err,39,2.0190396829620822,364.0
fixed,samplerGT_vf,10,err,40,2.028515175148681,364.0
fixed,samplerGT_vf,10,err,41,2.028118229829348,364.0
fixed,samplerGT_vf,10,err,42,2.0645510582969737,364.0
fixed,samplerGT_vf,10,err,43,2.045982625048894,364.0
fixed,samplerGT_vf,10,err,44,2.0412131493890677,364.0
fixed,samplerGT_vf,10,err,45,2.0462410924035113,364.0
fixed,samplerGT_vf,10,err,46,2.0451019362106426,364.0
fixed,samplerGT_vf,10,err,47,2.0404539786197327,364.0
fixed,samplerGT_vf,10,err,48,2.044649161725909,364.0
fixed,samplerGT_vf,10,err,49,2.038004077889107,364.0
fixed,samplerGT_vf,10,err,50,2.0282134924616133,364.0
fixed,samplerGT_vf,10,err,51,2.026412763274633,364.0
fixed,samplerGT_vf,10,err,52,2.0418090482170763,364.0
fixed,samplerGT_vf,10,err,53,2.039624174299476,364.0
fixed,samplerGT_vf,10,err,54,2.043980200293955,364.0
fixed,samplerGT_vf,10,err,55,2.0371166508603884,364.0
fixed,samplerGT_vf,10,err,56,2.036186378981386,364.0
fixed,samplerGT_vf,10,err,57,2.0480975683901335,364.0
fixed,samplerGT_vf,10,err,58,2.0581685668164558,364.0
fixed,samplerGT_vf,10,err,59,2.050578875692336,364.0
fixed,samplerGT_vf,10,err,60,2.053855055472353,364.0
fixed,samplerGT_vf,10,err,61,2.0566794514492317,364.0
fixed,samplerGT_vf,10,err,62,2.0715696239373185,364.0
fixed,samplerGT_vf,10,err,63,2.0770764213341932,364.0
fixed,samplerG_static,-1,derr,0,0.4370516077474599,364.0
fixed,samplerG_static,-1,derr,1,0.39688343111269564,364.0
fixed,samplerG_static,-1,derr,2,0.38573094382421574,364.0
fixed,samplerG_static,-1,derr,3,0.3293008714406444,364.0
fixed,samplerG_static,-1,derr,4,0.3110108863220775,364.0
fixed,samplerG_static,-1,derr,5,0.29507878732836834,364.0
fixed,samplerG_static,-1,derr,6,0.302676813279734,364.0
fixed,samplerG_static,-1,derr,7,0.30078517161194585,364.0
fixed,samplerG_static,-1,derr,8,0.30479537630658393,364.0
fixed,samplerG_static,-1,derr,9,0.32759331693299687,364.0
fixed,samplerG_static,-1,derr,10,0.31619639011166456,364.0
fixed,samplerG_static,-1,derr,11,0.32412984131216227,364.0
fixed,samplerG_static,-1,derr,12,0.3539730228731859,364.0
fixed,samplerG_static,-1,derr,13,0.34324387926608324,364.0
fixed,samplerG_static,-1,derr,14,0.3341394760594754,364.0
fixed,samplerG_static,-1,derr,15,0.3411418194319684,364.0
fixed,samplerG_static,-1,derr,16,0.3707715828601107,364.0
fixed,samplerG_static,-1,derr,17,0.3651731013049177,364.0
fixed,samplerG_static,-1,derr,18,0.37695240390558654,364.0
fixed,samplerG_static,-1,derr,19,0.3629591517498369,364.0
fixed,samplerG_static,-1,derr,20,0.3394170387591757,364.0
fixed,samplerG_static,-1,derr,21,0.3179057770649196,364.0
fixed,samplerG_static,-1,derr,22,0.42725565035796753,364.0
fixed,samplerG_static,-1,derr,23,0.3247958877466742,364.0
fixed,samplerG_static,-1,derr,24,0.32771531501938433,364.0
fixed,samplerG_static,-1,derr,25,0.3440132456278981,364.0
fixed,samplerG_static,-1,derr,26,0.35342725841482014,364.0
fixed,samplerG_static,-1,derr,27,0.338788198808638,364.0
fixed,samplerG_static,-1,derr,28,0.32812123715872415,364.0
fixed,samplerG_static,-1,derr,29,0.3216085068927566,364.0
fixed,samplerG_static,-1,derr,30,0.30909729886359977,364.0
fixed,samplerG_static,-1,derr,31,0.3031589440709737,364.0
fixed,samplerG_static,-1,derr,32,0.30309595486947466,364.0
fixed,samplerG_static,-1,derr,33,0.30010021222079847,364.0
fixed,samplerG_static,-1,derr,34,0.2890005634514267,364.0
fixed,samplerG_static,-1,derr,35,0.28582176758529065,364.0
fixed,samplerG_static,-1,derr,36,0.27953781601512334,364.0
fixed,samplerG_static,-1,derr,37,0.28443709535749406,364.0
fixed,samplerG_static,-1,derr,38,0.3089562351354858,364.0
fixed,samplerG_static,-1,derr,39,0.2810189830123928,364.0
fixed,samplerG_static,-1,derr,40,0.29801435913163965,364.0
fixed,samplerG_static,-1,derr,41,0.43117210975141973,364.0
fixed,samplerG_static,-1,derr,42,0.4202545941346785,364.0
fixed,samplerG_static,-1,derr,43,0.2748093677986577,364.0
fixed,samplerG_static,-1,derr,44,0.25915903204304913,364.0
fixed,samplerG_static,-1,derr,45,0.28521550931343503,364.0
fixed,samplerG_static,-1,derr,46,0.29311368144424327,364.0
fixed,samplerG_static,-1,derr,47,0.29984860514945627,364.0
fixed,samplerG_static,-1,derr,48,0.2762512388398646,364.0
fixed,samplerG_static,-1,derr,49,0.270042171118433,364.0
fixed,samplerG_static,-1,derr,50,0.24382991257128767,364.0
fixed,samplerG_static,-1,derr,51,0.24644188175827347,364.0
fixed,samplerG_static,-1,derr,52,0.25331348605239046,364.0
fixed,samplerG_static,-1,derr,53,0.26704746828117704,364.0
fixed,samplerG_static,-1,derr,54,0.26743933948519344,364.0
fixed,samplerG_static,-1,derr,55,0.25363851443014956,364.0
fixed,samplerG_static,-1,derr,56,0.26353911550429004,364.0
fixed,samplerG_static,-1,derr,57,0.25428514612280856,364.0
fixed,samplerG_static,-1,derr,58,0.2841121532754706,364.0
fixed,samplerG_static,-1,derr,59,0.2652193722673334,364.0
fixed,samplerG_static,-1,derr,60,0.2629494765660838,364.0
fixed,samplerG_static,-1,derr,61,0.3705593785450149,364.0
fixed,samplerG_static,-1,derr,62,0.36243685453638924,364.0
fixed,samplerG_static,-1,dmag,0,0.0,364.0
fixed,samplerG_static,-1,dmag,1,0.0,364.0
fixed,samplerG_static,-1,dmag,2,0.0,364.0
fixed,samplerG_static,-1,dmag,3,0.0,364.0
fixed,samplerG_static,-1,dmag,4,0.0,364.0
fixed,samplerG_static,-1,dmag,5,0.0,364.0
fixed,samplerG_static,-1,dmag,6,0.0,364.0
fixed,samplerG_static,-1,dmag,7,0.0,364.0
fixed,samplerG_static,-1,dmag,8,0.0,364.0
fixed,samplerG_static,-1,dmag,9,0.0,364.0
fixed,samplerG_static,-1,dmag,10,0.0,364.0
fixed,samplerG_static,-1,dmag,11,0.0,364.0
fixed,samplerG_static,-1,dmag,12,0.0,364.0
fixed,samplerG_static,-1,dmag,13,0.0,364.0
fixed,samplerG_static,-1,dmag,14,0.0,364.0
fixed,samplerG_static,-1,dmag,15,0.0,364.0
fixed,samplerG_static,-1,dmag,16,0.0,364.0
fixed,samplerG_static,-1,dmag,17,0.0,364.0
fixed,samplerG_static,-1,dmag,18,0.0,364.0
fixed,samplerG_static,-1,dmag,19,0.0,364.0
fixed,samplerG_static,-1,dmag,20,0.0,364.0
fixed,samplerG_static,-1,dmag,21,0.0,364.0
fixed,samplerG_static,-1,dmag,22,0.0,364.0
fixed,samplerG_static,-1,dmag,23,0.0,364.0
fixed,samplerG_static,-1,dmag,24,0.0,364.0
fixed,samplerG_static,-1,dmag,25,0.0,364.0
fixed,samplerG_static,-1,dmag,26,0.0,364.0
fixed,samplerG_static,-1,dmag,27,0.0,364.0
fixed,samplerG_static,-1,dmag,28,0.0,364.0
fixed,samplerG_static,-1,dmag,29,0.0,364.0
fixed,samplerG_static,-1,dmag,30,0.0,364.0
fixed,samplerG_static,-1,dmag,31,0.0,364.0
fixed,samplerG_static,-1,dmag,32,0.0,364.0
fixed,samplerG_static,-1,dmag,33,0.0,364.0
fixed,samplerG_static,-1,dmag,34,0.0,364.0
fixed,samplerG_static,-1,dmag,35,0.0,364.0
fixed,samplerG_static,-1,dmag,36,0.0,364.0
fixed,samplerG_static,-1,dmag,37,0.0,364.0
fixed,samplerG_static,-1,dmag,38,0.0,364.0
fixed,samplerG_static,-1,dmag,39,0.0,364.0
fixed,samplerG_static,-1,dmag,40,0.0,364.0
fixed,samplerG_static,-1,dmag,41,0.0,364.0
fixed,samplerG_static,-1,dmag,42,0.0,364.0
fixed,samplerG_static,-1,dmag,43,0.0,364.0
fixed,samplerG_static,-1,dmag,44,0.0,364.0
fixed,samplerG_static,-1,dmag,45,0.0,364.0
fixed,samplerG_static,-1,dmag,46,0.0,364.0
fixed,samplerG_static,-1,dmag,47,0.0,364.0
fixed,samplerG_static,-1,dmag,48,0.0,364.0
fixed,samplerG_static,-1,dmag,49,0.0,364.0
fixed,samplerG_static,-1,dmag,50,0.0,364.0
fixed,samplerG_static,-1,dmag,51,0.0,364.0
fixed,samplerG_static,-1,dmag,52,0.0,364.0
fixed,samplerG_static,-1,dmag,53,0.0,364.0
fixed,samplerG_static,-1,dmag,54,0.0,364.0
fixed,samplerG_static,-1,dmag,55,0.0,364.0
fixed,samplerG_static,-1,dmag,56,0.0,364.0
fixed,samplerG_static,-1,dmag,57,0.0,364.0
fixed,samplerG_static,-1,dmag,58,0.0,364.0
fixed,samplerG_static,-1,dmag,59,0.0,364.0
fixed,samplerG_static,-1,dmag,60,0.0,364.0
fixed,samplerG_static,-1,dmag,61,0.0,364.0
fixed,samplerG_static,-1,dmag,62,0.0,364.0
fixed,samplerG_static,-1,err,0,2.353199431775034,364.0
fixed,samplerG_static,-1,err,1,2.509312010687457,364.0
fixed,samplerG_static,-1,err,2,2.6643431015640164,364.0
fixed,samplerG_static,-1,err,3,2.7913899164483125,364.0
fixed,samplerG_static,-1,err,4,2.880897265038158,364.0
fixed,samplerG_static,-1,err,5,2.957900694467045,364.0
fixed,samplerG_static,-1,err,6,3.03854297959952,364.0
fixed,samplerG_static,-1,err,7,3.126350632375412,364.0
fixed,samplerG_static,-1,err,8,3.2056053900538553,364.0
fixed,samplerG_static,-1,err,9,3.282817539363935,364.0
fixed,samplerG_static,-1,err,10,3.3535704218915545,364.0
fixed,samplerG_static,-1,err,11,3.41707208990068,364.0
fixed,samplerG_static,-1,err,12,3.46348738880357,364.0
fixed,samplerG_static,-1,err,13,3.520046131832753,364.0
fixed,samplerG_static,-1,err,14,3.582262686537684,364.0
fixed,samplerG_static,-1,err,15,3.6375900583403102,364.0
fixed,samplerG_static,-1,err,16,3.691238513220469,364.0
fixed,samplerG_static,-1,err,17,3.7338477789864477,364.0
fixed,samplerG_static,-1,err,18,3.794793035421563,364.0
fixed,samplerG_static,-1,err,19,3.8298637113278047,364.0
fixed,samplerG_static,-1,err,20,3.8793495119968946,364.0
fixed,samplerG_static,-1,err,21,3.9175257099976624,364.0
fixed,samplerG_static,-1,err,22,3.9383660267711007,364.0
fixed,samplerG_static,-1,err,23,3.9995907621642384,364.0
fixed,samplerG_static,-1,err,24,4.034777257918986,364.0
fixed,samplerG_static,-1,err,25,4.093384142007148,364.0
fixed,samplerG_static,-1,err,26,4.145521997349277,364.0
fixed,samplerG_static,-1,err,27,4.1833465084187935,364.0
fixed,samplerG_static,-1,err,28,4.240028389183049,364.0
fixed,samplerG_static,-1,err,29,4.287573385099461,364.0
fixed,samplerG_static,-1,err,30,4.347556697266113,364.0
fixed,samplerG_static,-1,err,31,4.381965985296518,364.0
fixed,samplerG_static,-1,err,32,4.427458545131669,364.0
fixed,samplerG_static,-1,err,33,4.459915295750882,364.0
fixed,samplerG_static,-1,err,34,4.497542707572925,364.0
fixed,samplerG_static,-1,err,35,4.539109255643662,364.0
fixed,samplerG_static,-1,err,36,4.5577444450458975,364.0
fixed,samplerG_static,-1,err,37,4.59000786530611,364.0
fixed,samplerG_static,-1,err,38,4.614091715789754,364.0
fixed,samplerG_static,-1,err,39,4.629436769148153,364.0
fixed,samplerG_static,-1,err,40,4.632390836740916,364.0
fixed,samplerG_static,-1,err,41,4.667654781575714,364.0
fixed,samplerG_static,-1,err,42,4.660176572080822,364.0
fixed,samplerG_static,-1,err,43,4.698153347300961,364.0
fixed,samplerG_static,-1,err,44,4.719621445058468,364.0
fixed,samplerG_static,-1,err,45,4.741537438054663,364.0
fixed,samplerG_static,-1,err,46,4.758135434739536,364.0
fixed,samplerG_static,-1,err,47,4.782867480257709,364.0
fixed,samplerG_static,-1,err,48,4.801124894168681,364.0
fixed,samplerG_static,-1,err,49,4.808865780985122,364.0
fixed,samplerG_static,-1,err,50,4.811011549130411,364.0
fixed,samplerG_static,-1,err,51,4.813749215420296,364.0
fixed,samplerG_static,-1,err,52,4.821875518048691,364.0
fixed,samplerG_static,-1,err,53,4.8314198485770055,364.0
fixed,samplerG_static,-1,err,54,4.829681869125464,364.0
fixed,samplerG_static,-1,err,55,4.825936189957043,364.0
fixed,samplerG_static,-1,err,56,4.840754875692202,364.0
fixed,samplerG_static,-1,err,57,4.822046581680303,364.0
fixed,samplerG_static,-1,err,58,4.817020041319529,364.0
fixed,samplerG_static,-1,err,59,4.811288513873635,364.0
fixed,samplerG_static,-1,err,60,4.804438726857795,364.0
fixed,samplerG_static,-1,err,61,4.795946264790964,364.0
fixed,samplerG_static,-1,err,62,4.773965524439958,364.0
fixed,samplerG_static,-1,err,63,4.797646833202993,364.0
fixed,samplerG_static,1,derr,0,0.4370516077474599,364.0
fixed,samplerG_static,1,derr,1,0.39688343111269564,364.0
fixed,samplerG_static,1,derr,2,0.38573094382421574,364.0
fixed,samplerG_static,1,derr,3,0.3293008714406444,364.0
fixed,samplerG_static,1,derr,4,0.3110108863220775,364.0
fixed,samplerG_static,1,derr,5,0.29507878732836834,364.0
fixed,samplerG_static,1,derr,6,0.302676813279734,364.0
fixed,samplerG_static,1,derr,7,0.30078517161194585,364.0
fixed,samplerG_static,1,derr,8,0.30479537630658393,364.0
fixed,samplerG_static,1,derr,9,0.32759331693299687,364.0
fixed,samplerG_static,1,derr,10,0.31619639011166456,364.0
fixed,samplerG_static,1,derr,11,0.32412984131216227,364.0
fixed,samplerG_static,1,derr,12,0.3539730228731859,364.0
fixed,samplerG_static,1,derr,13,0.34324387926608324,364.0
fixed,samplerG_static,1,derr,14,0.3341394760594754,364.0
fixed,samplerG_static,1,derr,15,0.3411418194319684,364.0
fixed,samplerG_static,1,derr,16,0.3707715828601107,364.0
fixed,samplerG_static,1,derr,17,0.3651731013049177,364.0
fixed,samplerG_static,1,derr,18,0.37695240390558654,364.0
fixed,samplerG_static,1,derr,19,0.3629591517498369,364.0
fixed,samplerG_static,1,derr,20,0.3394170387591757,364.0
fixed,samplerG_static,1,derr,21,0.3179057770649196,364.0
fixed,samplerG_static,1,derr,22,0.42725565035796753,364.0
fixed,samplerG_static,1,derr,23,0.3247958877466742,364.0
fixed,samplerG_static,1,derr,24,0.32771531501938433,364.0
fixed,samplerG_static,1,derr,25,0.3440132456278981,364.0
fixed,samplerG_static,1,derr,26,0.35342725841482014,364.0
fixed,samplerG_static,1,derr,27,0.338788198808638,364.0
fixed,samplerG_static,1,derr,28,0.32812123715872415,364.0
fixed,samplerG_static,1,derr,29,0.3216085068927566,364.0
fixed,samplerG_static,1,derr,30,0.30909729886359977,364.0
fixed,samplerG_static,1,derr,31,0.3031589440709737,364.0
fixed,samplerG_static,1,derr,32,0.30309595486947466,364.0
fixed,samplerG_static,1,derr,33,0.30010021222079847,364.0
fixed,samplerG_static,1,derr,34,0.2890005634514267,364.0
fixed,samplerG_static,1,derr,35,0.28582176758529065,364.0
fixed,samplerG_static,1,derr,36,0.27953781601512334,364.0
fixed,samplerG_static,1,derr,37,0.28443709535749406,364.0
fixed,samplerG_static,1,derr,38,0.3089562351354858,364.0
fixed,samplerG_static,1,derr,39,0.2810189830123928,364.0
fixed,samplerG_static,1,derr,40,0.29801435913163965,364.0
fixed,samplerG_static,1,derr,41,0.43117210975141973,364.0
fixed,samplerG_static,1,derr,42,0.4202545941346785,364.0
fixed,samplerG_static,1,derr,43,0.2748093677986577,364.0
fixed,samplerG_static,1,derr,44,0.25915903204304913,364.0
fixed,samplerG_static,1,derr,45,0.28521550931343503,364.0
fixed,samplerG_static,1,derr,46,0.29311368144424327,364.0
fixed,samplerG_static,1,derr,47,0.29984860514945627,364.0
fixed,samplerG_static,1,derr,48,0.2762512388398646,364.0
fixed,samplerG_static,1,derr,49,0.270042171118433,364.0
fixed,samplerG_static,1,derr,50,0.24382991257128767,364.0
fixed,samplerG_static,1,derr,51,0.24644188175827347,364.0
fixed,samplerG_static,1,derr,52,0.25331348605239046,364.0
fixed,samplerG_static,1,derr,53,0.26704746828117704,364.0
fixed,samplerG_static,1,derr,54,0.26743933948519344,364.0
fixed,samplerG_static,1,derr,55,0.25363851443014956,364.0
fixed,samplerG_static,1,derr,56,0.26353911550429004,364.0
fixed,samplerG_static,1,derr,57,0.25428514612280856,364.0
fixed,samplerG_static,1,derr,58,0.2841121532754706,364.0
fixed,samplerG_static,1,derr,59,0.2652193722673334,364.0
fixed,samplerG_static,1,derr,60,0.2629494765660838,364.0
fixed,samplerG_static,1,derr,61,0.3705593785450149,364.0
fixed,samplerG_static,1,derr,62,0.36243685453638924,364.0
fixed,samplerG_static,1,dmag,0,0.0,364.0
fixed,samplerG_static,1,dmag,1,0.0,364.0
fixed,samplerG_static,1,dmag,2,0.0,364.0
fixed,samplerG_static,1,dmag,3,0.0,364.0
fixed,samplerG_static,1,dmag,4,0.0,364.0
fixed,samplerG_static,1,dmag,5,0.0,364.0
fixed,samplerG_static,1,dmag,6,0.0,364.0
fixed,samplerG_static,1,dmag,7,0.0,364.0
fixed,samplerG_static,1,dmag,8,0.0,364.0
fixed,samplerG_static,1,dmag,9,0.0,364.0
fixed,samplerG_static,1,dmag,10,0.0,364.0
fixed,samplerG_static,1,dmag,11,0.0,364.0
fixed,samplerG_static,1,dmag,12,0.0,364.0
fixed,samplerG_static,1,dmag,13,0.0,364.0
fixed,samplerG_static,1,dmag,14,0.0,364.0
fixed,samplerG_static,1,dmag,15,0.0,364.0
fixed,samplerG_static,1,dmag,16,0.0,364.0
fixed,samplerG_static,1,dmag,17,0.0,364.0
fixed,samplerG_static,1,dmag,18,0.0,364.0
fixed,samplerG_static,1,dmag,19,0.0,364.0
fixed,samplerG_static,1,dmag,20,0.0,364.0
fixed,samplerG_static,1,dmag,21,0.0,364.0
fixed,samplerG_static,1,dmag,22,0.0,364.0
fixed,samplerG_static,1,dmag,23,0.0,364.0
fixed,samplerG_static,1,dmag,24,0.0,364.0
fixed,samplerG_static,1,dmag,25,0.0,364.0
fixed,samplerG_static,1,dmag,26,0.0,364.0
fixed,samplerG_static,1,dmag,27,0.0,364.0
fixed,samplerG_static,1,dmag,28,0.0,364.0
fixed,samplerG_static,1,dmag,29,0.0,364.0
fixed,samplerG_static,1,dmag,30,0.0,364.0
fixed,samplerG_static,1,dmag,31,0.0,364.0
fixed,samplerG_static,1,dmag,32,0.0,364.0
fixed,samplerG_static,1,dmag,33,0.0,364.0
fixed,samplerG_static,1,dmag,34,0.0,364.0
fixed,samplerG_static,1,dmag,35,0.0,364.0
fixed,samplerG_static,1,dmag,36,0.0,364.0
fixed,samplerG_static,1,dmag,37,0.0,364.0
fixed,samplerG_static,1,dmag,38,0.0,364.0
fixed,samplerG_static,1,dmag,39,0.0,364.0
fixed,samplerG_static,1,dmag,40,0.0,364.0
fixed,samplerG_static,1,dmag,41,0.0,364.0
fixed,samplerG_static,1,dmag,42,0.0,364.0
fixed,samplerG_static,1,dmag,43,0.0,364.0
fixed,samplerG_static,1,dmag,44,0.0,364.0
fixed,samplerG_static,1,dmag,45,0.0,364.0
fixed,samplerG_static,1,dmag,46,0.0,364.0
fixed,samplerG_static,1,dmag,47,0.0,364.0
fixed,samplerG_static,1,dmag,48,0.0,364.0
fixed,samplerG_static,1,dmag,49,0.0,364.0
fixed,samplerG_static,1,dmag,50,0.0,364.0
fixed,samplerG_static,1,dmag,51,0.0,364.0
fixed,samplerG_static,1,dmag,52,0.0,364.0
fixed,samplerG_static,1,dmag,53,0.0,364.0
fixed,samplerG_static,1,dmag,54,0.0,364.0
fixed,samplerG_static,1,dmag,55,0.0,364.0
fixed,samplerG_static,1,dmag,56,0.0,364.0
fixed,samplerG_static,1,dmag,57,0.0,364.0
fixed,samplerG_static,1,dmag,58,0.0,364.0
fixed,samplerG_static,1,dmag,59,0.0,364.0
fixed,samplerG_static,1,dmag,60,0.0,364.0
fixed,samplerG_static,1,dmag,61,0.0,364.0
fixed,samplerG_static,1,dmag,62,0.0,364.0
fixed,samplerG_static,1,err,0,2.3496068372994987,364.0
fixed,samplerG_static,1,err,1,2.505799446950902,364.0
fixed,samplerG_static,1,err,2,2.6521191556047605,364.0
fixed,samplerG_static,1,err,3,2.764986240356178,364.0
fixed,samplerG_static,1,err,4,2.854465812772185,364.0
fixed,samplerG_static,1,err,5,2.9405827891122507,364.0
fixed,samplerG_static,1,err,6,3.0306879864944207,364.0
fixed,samplerG_static,1,err,7,3.1235522782982708,364.0
fixed,samplerG_static,1,err,8,3.21351390340171,364.0
fixed,samplerG_static,1,err,9,3.294689018443063,364.0
fixed,samplerG_static,1,err,10,3.365935285544985,364.0
fixed,samplerG_static,1,err,11,3.428806086572317,364.0
fixed,samplerG_static,1,err,12,3.4709440050953693,364.0
fixed,samplerG_static,1,err,13,3.5192624822177074,364.0
fixed,samplerG_static,1,err,14,3.579559660506445,364.0
fixed,samplerG_static,1,err,15,3.630549561928262,364.0
fixed,samplerG_static,1,err,16,3.6859056164438906,364.0
fixed,samplerG_static,1,err,17,3.728039580796446,364.0
fixed,samplerG_static,1,err,18,3.7956699022388722,364.0
fixed,samplerG_static,1,err,19,3.840807085836327,364.0
fixed,samplerG_static,1,err,20,3.8973077529898057,364.0
fixed,samplerG_static,1,err,21,3.944805865104382,364.0
fixed,samplerG_static,1,err,22,3.9633569596232947,364.0
fixed,samplerG_static,1,err,23,4.026650381612254,364.0
fixed,samplerG_static,1,err,24,4.065966797398997,364.0
fixed,samplerG_static,1,err,25,4.122918154675882,364.0
fixed,samplerG_static,1,err,26,4.171120056411723,364.0
fixed,samplerG_static,1,err,27,4.205242308532144,364.0
fixed,samplerG_static,1,err,28,4.264079276349518,364.0
fixed,samplerG_static,1,err,29,4.310928368961418,364.0
fixed,samplerG_static,1,err,30,4.3702226130516975,364.0
fixed,samplerG_static,1,err,31,4.406581825116178,364.0
fixed,samplerG_static,1,err,32,4.452291106457238,364.0
fixed,samplerG_static,1,err,33,4.483709779905749,364.0
fixed,samplerG_static,1,err,34,4.522515851226482,364.0
fixed,samplerG_static,1,err,35,4.5616822593159725,364.0
fixed,samplerG_static,1,err,36,4.581065451214601,364.0
fixed,samplerG_static,1,err,37,4.616229113314178,364.0
fixed,samplerG_static,1,err,38,4.642444917788873,364.0
fixed,samplerG_static,1,err,39,4.660162836640746,364.0
fixed,samplerG_static,1,err,40,4.665681478086409,364.0
fixed,samplerG_static,1,err,41,4.700859661613192,364.0
fixed,samplerG_static,1,err,42,4.695137212237159,364.0
fixed,samplerG_static,1,err,43,4.733727837984379,364.0
fixed,samplerG_static,1,err,44,4.754942042487008,364.0
fixed,samplerG_static,1,err,45,4.771917347069625,364.0
fixed,samplerG_static,1,err,46,4.792473296215246,364.0
fixed,samplerG_static,1,err,47,4.8155928794499285,364.0
fixed,samplerG_static,1,err,48,4.833082189926734,364.0
fixed,samplerG_static,1,err,49,4.841601341635316,364.0
fixed,samplerG_static,1,err,50,4.841354612138245,364.0
fixed,samplerG_static,1,err,51,4.845915660425857,364.0
fixed,samplerG_static,1,err,52,4.85293011874943,364.0
fixed,samplerG_static,1,err,53,4.8639778557059525,364.0
fixed,samplerG_static,1,err,54,4.86126251404102,364.0
fixed,samplerG_static,1,err,55,4.856236012427361,364.0
fixed,samplerG_static,1,err,56,4.872039998298163,364.0
fixed,samplerG_static,1,err,57,4.854372093638221,364.0
fixed,samplerG_static,1,err,58,4.84934709753309,364.0
fixed,samplerG_static,1,err,59,4.845782327782977,364.0
fixed,samplerG_static,1,err,60,4.83617755148437,364.0
fixed,samplerG_static,1,err,61,4.829523721239069,364.0
fixed,samplerG_static,1,err,62,4.8051941231056885,364.0
fixed,samplerG_static,1,err,63,4.827847254636524,364.0
fixed,samplerG_static,5,derr,0,0.4370516077474599,364.0
fixed,samplerG_static,5,derr,1,0.39688343111269564,364.0
fixed,samplerG_static,5,derr,2,0.38573094382421574,364.0
fixed,samplerG_static,5,derr,3,0.3293008714406444,364.0
fixed,samplerG_static,5,derr,4,0.3110108863220775,364.0
fixed,samplerG_static,5,derr,5,0.29507878732836834,364.0
fixed,samplerG_static,5,derr,6,0.302676813279734,364.0
fixed,samplerG_static,5,derr,7,0.30078517161194585,364.0
fixed,samplerG_static,5,derr,8,0.30479537630658393,364.0
fixed,samplerG_static,5,derr,9,0.32759331693299687,364.0
fixed,samplerG_static,5,derr,10,0.31619639011166456,364.0
fixed,samplerG_static,5,derr,11,0.32412984131216227,364.0
fixed,samplerG_static,5,derr,12,0.3539730228731859,364.0
fixed,samplerG_static,5,derr,13,0.34324387926608324,364.0
fixed,samplerG_static,5,derr,14,0.3341394760594754,364.0
fixed,samplerG_static,5,derr,15,0.3411418194319684,364.0
fixed,samplerG_static,5,derr,16,0.3707715828601107,364.0
fixed,samplerG_static,5,derr,17,0.3651731013049177,364.0
fixed,samplerG_static,5,derr,18,0.37695240390558654,364.0
fixed,samplerG_static,5,derr,19,0.3629591517498369,364.0
fixed,samplerG_static,5,derr,20,0.3394170387591757,364.0
fixed,samplerG_static,5,derr,21,0.3179057770649196,364.0
fixed,samplerG_static,5,derr,22,0.42725565035796753,364.0
fixed,samplerG_static,5,derr,23,0.3247958877466742,364.0
fixed,samplerG_static,5,derr,24,0.32771531501938433,364.0
fixed,samplerG_static,5,derr,25,0.3440132456278981,364.0
fixed,samplerG_static,5,derr,26,0.35342725841482014,364.0
fixed,samplerG_static,5,derr,27,0.338788198808638,364.0
fixed,samplerG_static,5,derr,28,0.32812123715872415,364.0
fixed,samplerG_static,5,derr,29,0.3216085068927566,364.0
fixed,samplerG_static,5,derr,30,0.30909729886359977,364.0
fixed,samplerG_static,5,derr,31,0.3031589440709737,364.0
fixed,samplerG_static,5,derr,32,0.30309595486947466,364.0
fixed,samplerG_static,5,derr,33,0.30010021222079847,364.0
fixed,samplerG_static,5,derr,34,0.2890005634514267,364.0
fixed,samplerG_static,5,derr,35,0.28582176758529065,364.0
fixed,samplerG_static,5,derr,36,0.27953781601512334,364.0
fixed,samplerG_static,5,derr,37,0.28443709535749406,364.0
fixed,samplerG_static,5,derr,38,0.3089562351354858,364.0
fixed,samplerG_static,5,derr,39,0.2810189830123928,364.0
fixed,samplerG_static,5,derr,40,0.29801435913163965,364.0
fixed,samplerG_static,5,derr,41,0.43117210975141973,364.0
fixed,samplerG_static,5,derr,42,0.4202545941346785,364.0
fixed,samplerG_static,5,derr,43,0.2748093677986577,364.0
fixed,samplerG_static,5,derr,44,0.25915903204304913,364.0
fixed,samplerG_static,5,derr,45,0.28521550931343503,364.0
fixed,samplerG_static,5,derr,46,0.29311368144424327,364.0
fixed,samplerG_static,5,derr,47,0.29984860514945627,364.0
fixed,samplerG_static,5,derr,48,0.2762512388398646,364.0
fixed,samplerG_static,5,derr,49,0.270042171118433,364.0
fixed,samplerG_static,5,derr,50,0.24382991257128767,364.0
fixed,samplerG_static,5,derr,51,0.24644188175827347,364.0
fixed,samplerG_static,5,derr,52,0.25331348605239046,364.0
fixed,samplerG_static,5,derr,53,0.26704746828117704,364.0
fixed,samplerG_static,5,derr,54,0.26743933948519344,364.0
fixed,samplerG_static,5,derr,55,0.25363851443014956,364.0
fixed,samplerG_static,5,derr,56,0.26353911550429004,364.0
fixed,samplerG_static,5,derr,57,0.25428514612280856,364.0
fixed,samplerG_static,5,derr,58,0.2841121532754706,364.0
fixed,samplerG_static,5,derr,59,0.2652193722673334,364.0
fixed,samplerG_static,5,derr,60,0.2629494765660838,364.0
fixed,samplerG_static,5,derr,61,0.3705593785450149,364.0
fixed,samplerG_static,5,derr,62,0.36243685453638924,364.0
fixed,samplerG_static,5,dmag,0,0.0,364.0
fixed,samplerG_static,5,dmag,1,0.0,364.0
fixed,samplerG_static,5,dmag,2,0.0,364.0
fixed,samplerG_static,5,dmag,3,0.0,364.0
fixed,samplerG_static,5,dmag,4,0.0,364.0
fixed,samplerG_static,5,dmag,5,0.0,364.0
fixed,samplerG_static,5,dmag,6,0.0,364.0
fixed,samplerG_static,5,dmag,7,0.0,364.0
fixed,samplerG_static,5,dmag,8,0.0,364.0
fixed,samplerG_static,5,dmag,9,0.0,364.0
fixed,samplerG_static,5,dmag,10,0.0,364.0
fixed,samplerG_static,5,dmag,11,0.0,364.0
fixed,samplerG_static,5,dmag,12,0.0,364.0
fixed,samplerG_static,5,dmag,13,0.0,364.0
fixed,samplerG_static,5,dmag,14,0.0,364.0
fixed,samplerG_static,5,dmag,15,0.0,364.0
fixed,samplerG_static,5,dmag,16,0.0,364.0
fixed,samplerG_static,5,dmag,17,0.0,364.0
fixed,samplerG_static,5,dmag,18,0.0,364.0
fixed,samplerG_static,5,dmag,19,0.0,364.0
fixed,samplerG_static,5,dmag,20,0.0,364.0
fixed,samplerG_static,5,dmag,21,0.0,364.0
fixed,samplerG_static,5,dmag,22,0.0,364.0
fixed,samplerG_static,5,dmag,23,0.0,364.0
fixed,samplerG_static,5,dmag,24,0.0,364.0
fixed,samplerG_static,5,dmag,25,0.0,364.0
fixed,samplerG_static,5,dmag,26,0.0,364.0
fixed,samplerG_static,5,dmag,27,0.0,364.0
fixed,samplerG_static,5,dmag,28,0.0,364.0
fixed,samplerG_static,5,dmag,29,0.0,364.0
fixed,samplerG_static,5,dmag,30,0.0,364.0
fixed,samplerG_static,5,dmag,31,0.0,364.0
fixed,samplerG_static,5,dmag,32,0.0,364.0
fixed,samplerG_static,5,dmag,33,0.0,364.0
fixed,samplerG_static,5,dmag,34,0.0,364.0
fixed,samplerG_static,5,dmag,35,0.0,364.0
fixed,samplerG_static,5,dmag,36,0.0,364.0
fixed,samplerG_static,5,dmag,37,0.0,364.0
fixed,samplerG_static,5,dmag,38,0.0,364.0
fixed,samplerG_static,5,dmag,39,0.0,364.0
fixed,samplerG_static,5,dmag,40,0.0,364.0
fixed,samplerG_static,5,dmag,41,0.0,364.0
fixed,samplerG_static,5,dmag,42,0.0,364.0
fixed,samplerG_static,5,dmag,43,0.0,364.0
fixed,samplerG_static,5,dmag,44,0.0,364.0
fixed,samplerG_static,5,dmag,45,0.0,364.0
fixed,samplerG_static,5,dmag,46,0.0,364.0
fixed,samplerG_static,5,dmag,47,0.0,364.0
fixed,samplerG_static,5,dmag,48,0.0,364.0
fixed,samplerG_static,5,dmag,49,0.0,364.0
fixed,samplerG_static,5,dmag,50,0.0,364.0
fixed,samplerG_static,5,dmag,51,0.0,364.0
fixed,samplerG_static,5,dmag,52,0.0,364.0
fixed,samplerG_static,5,dmag,53,0.0,364.0
fixed,samplerG_static,5,dmag,54,0.0,364.0
fixed,samplerG_static,5,dmag,55,0.0,364.0
fixed,samplerG_static,5,dmag,56,0.0,364.0
fixed,samplerG_static,5,dmag,57,0.0,364.0
fixed,samplerG_static,5,dmag,58,0.0,364.0
fixed,samplerG_static,5,dmag,59,0.0,364.0
fixed,samplerG_static,5,dmag,60,0.0,364.0
fixed,samplerG_static,5,dmag,61,0.0,364.0
fixed,samplerG_static,5,dmag,62,0.0,364.0
fixed,samplerG_static,5,err,0,2.064968807315761,364.0
fixed,samplerG_static,5,err,1,2.1247522266029,364.0
fixed,samplerG_static,5,err,2,2.2162515452684284,364.0
fixed,samplerG_static,5,err,3,2.2964422486640594,364.0
fixed,samplerG_static,5,err,4,2.3582600500475572,364.0
fixed,samplerG_static,5,err,5,2.410331403283955,364.0
fixed,samplerG_static,5,err,6,2.4700863298315268,364.0
fixed,samplerG_static,5,err,7,2.549097665595812,364.0
fixed,samplerG_static,5,err,8,2.6156938289711764,364.0
fixed,samplerG_static,5,err,9,2.6802459407065595,364.0
fixed,samplerG_static,5,err,10,2.737258317215102,364.0
fixed,samplerG_static,5,err,11,2.7932778973500807,364.0
fixed,samplerG_static,5,err,12,2.831877047011813,364.0
fixed,samplerG_static,5,err,13,2.8824397795475445,364.0
fixed,samplerG_static,5,err,14,2.9385218127825103,364.0
fixed,samplerG_static,5,err,15,2.9928842647062552,364.0
fixed,samplerG_static,5,err,16,3.0337733852339315,364.0
fixed,samplerG_static,5,err,17,3.0608331963092414,364.0
fixed,samplerG_static,5,err,18,3.1113566106164847,364.0
fixed,samplerG_static,5,err,19,3.1376623829806243,364.0
fixed,samplerG_static,5,err,20,3.170546927990822,364.0
fixed,samplerG_static,5,err,21,3.198172432012283,364.0
fixed,samplerG_static,5,err,22,3.2221290983341553,364.0
fixed,samplerG_static,5,err,23,3.2606435973238157,364.0
fixed,samplerG_static,5,err,24,3.2858693092897697,364.0
fixed,samplerG_static,5,err,25,3.3205063460947395,364.0
fixed,samplerG_static,5,err,26,3.3585999590027464,364.0
fixed,samplerG_static,5,err,27,3.3855568083760503,364.0
fixed,samplerG_static,5,err,28,3.4375160542818217,364.0
fixed,samplerG_static,5,err,29,3.4796383557738837,364.0
fixed,samplerG_static,5,err,30,3.5354748062871315,364.0
fixed,samplerG_static,5,err,31,3.5650203897730335,364.0
fixed,samplerG_static,5,err,32,3.6058176673211895,364.0
fixed,samplerG_static,5,err,33,3.638019397691056,364.0
fixed,samplerG_static,5,err,34,3.673232730109613,364.0
fixed,samplerG_static,5,err,35,3.7187533647149476,364.0
fixed,samplerG_static,5,err,36,3.7401533207068076,364.0
fixed,samplerG_static,5,err,37,3.777380512720281,364.0
fixed,samplerG_static,5,err,38,3.8048422406171705,364.0
fixed,samplerG_static,5,err,39,3.8262030292343305,364.0
fixed,samplerG_static,5,err,40,3.827821665249028,364.0
fixed,samplerG_static,5,err,41,3.8647433991779336,364.0
fixed,samplerG_static,5,err,42,3.8641076239419507,364.0
fixed,samplerG_static,5,err,43,3.8973795709374186,364.0
fixed,samplerG_static,5,err,44,3.9173405469282643,364.0
fixed,samplerG_static,5,err,45,3.937384866669283,364.0
fixed,samplerG_static,5,err,46,3.9537192801689054,364.0
fixed,samplerG_static,5,err,47,3.975655570626259,364.0
fixed,samplerG_static,5,err,48,3.994028539775492,364.0
fixed,samplerG_static,5,err,49,3.997963011141989,364.0
fixed,samplerG_static,5,err,50,3.9978517876467206,364.0
fixed,samplerG_static,5,err,51,4.000355235290724,364.0
fixed,samplerG_static,5,err,52,4.00818325599635,364.0
fixed,samplerG_static,5,err,53,4.0206607319005245,364.0
fixed,samplerG_static,5,err,54,4.016923787584017,364.0
fixed,samplerG_static,5,err,55,4.011799191544344,364.0
fixed,samplerG_static,5,err,56,4.027650518158635,364.0
fixed,samplerG_static,5,err,57,4.009688155091071,364.0
fixed,samplerG_static,5,err,58,4.008048499760392,364.0
fixed,samplerG_static,5,err,59,4.004707824561622,364.0
fixed,samplerG_static,5,err,60,4.0001373228791,364.0
fixed,samplerG_static,5,err,61,3.9925882315242682,364.0
fixed,samplerG_static,5,err,62,3.9739220841572833,364.0
fixed,samplerG_static,5,err,63,3.9928640493161076,364.0
fixed,samplerG_static,10,derr,0,0.4370516077474599,364.0
fixed,samplerG_static,10,derr,1,0.39688343111269564,364.0
fixed,samplerG_static,10,derr,2,0.38573094382421574,364.0
fixed,samplerG_static,10,derr,3,0.3293008714406444,364.0
fixed,samplerG_static,10,derr,4,0.3110108863220775,364.0
fixed,samplerG_static,10,derr,5,0.29507878732836834,364.0
fixed,samplerG_static,10,derr,6,0.302676813279734,364.0
fixed,samplerG_static,10,derr,7,0.30078517161194585,364.0
fixed,samplerG_static,10,derr,8,0.30479537630658393,364.0
fixed,samplerG_static,10,derr,9,0.32759331693299687,364.0
fixed,samplerG_static,10,derr,10,0.31619639011166456,364.0
fixed,samplerG_static,10,derr,11,0.32412984131216227,364.0
fixed,samplerG_static,10,derr,12,0.3539730228731859,364.0
fixed,samplerG_static,10,derr,13,0.34324387926608324,364.0
fixed,samplerG_static,10,derr,14,0.3341394760594754,364.0
fixed,samplerG_static,10,derr,15,0.3411418194319684,364.0
fixed,samplerG_static,10,derr,16,0.3707715828601107,364.0
fixed,samplerG_static,10,derr,17,0.3651731013049177,364.0
fixed,samplerG_static,10,derr,18,0.37695240390558654,364.0
fixed,samplerG_static,10,derr,19,0.3629591517498369,364.0
fixed,samplerG_static,10,derr,20,0.3394170387591757,364.0
fixed,samplerG_static,10,derr,21,0.3179057770649196,364.0
fixed,samplerG_static,10,derr,22,0.42725565035796753,364.0
fixed,samplerG_static,10,derr,23,0.3247958877466742,364.0
fixed,samplerG_static,10,derr,24,0.32771531501938433,364.0
fixed,samplerG_static,10,derr,25,0.3440132456278981,364.0
fixed,samplerG_static,10,derr,26,0.35342725841482014,364.0
fixed,samplerG_static,10,derr,27,0.338788198808638,364.0
fixed,samplerG_static,10,derr,28,0.32812123715872415,364.0
fixed,samplerG_static,10,derr,29,0.3216085068927566,364.0
fixed,samplerG_static,10,derr,30,0.30909729886359977,364.0
fixed,samplerG_static,10,derr,31,0.3031589440709737,364.0
fixed,samplerG_static,10,derr,32,0.30309595486947466,364.0
fixed,samplerG_static,10,derr,33,0.30010021222079847,364.0
fixed,samplerG_static,10,derr,34,0.2890005634514267,364.0
fixed,samplerG_static,10,derr,35,0.28582176758529065,364.0
fixed,samplerG_static,10,derr,36,0.27953781601512334,364.0
fixed,samplerG_static,10,derr,37,0.28443709535749406,364.0
fixed,samplerG_static,10,derr,38,0.3089562351354858,364.0
fixed,samplerG_static,10,derr,39,0.2810189830123928,364.0
fixed,samplerG_static,10,derr,40,0.29801435913163965,364.0
fixed,samplerG_static,10,derr,41,0.43117210975141973,364.0
fixed,samplerG_static,10,derr,42,0.4202545941346785,364.0
fixed,samplerG_static,10,derr,43,0.2748093677986577,364.0
fixed,samplerG_static,10,derr,44,0.25915903204304913,364.0
fixed,samplerG_static,10,derr,45,0.28521550931343503,364.0
fixed,samplerG_static,10,derr,46,0.29311368144424327,364.0
fixed,samplerG_static,10,derr,47,0.29984860514945627,364.0
fixed,samplerG_static,10,derr,48,0.2762512388398646,364.0
fixed,samplerG_static,10,derr,49,0.270042171118433,364.0
fixed,samplerG_static,10,derr,50,0.24382991257128767,364.0
fixed,samplerG_static,10,derr,51,0.24644188175827347,364.0
fixed,samplerG_static,10,derr,52,0.25331348605239046,364.0
fixed,samplerG_static,10,derr,53,0.26704746828117704,364.0
fixed,samplerG_static,10,derr,54,0.26743933948519344,364.0
fixed,samplerG_static,10,derr,55,0.25363851443014956,364.0
fixed,samplerG_static,10,derr,56,0.26353911550429004,364.0
fixed,samplerG_static,10,derr,57,0.25428514612280856,364.0
fixed,samplerG_static,10,derr,58,0.2841121532754706,364.0
fixed,samplerG_static,10,derr,59,0.2652193722673334,364.0
fixed,samplerG_static,10,derr,60,0.2629494765660838,364.0
fixed,samplerG_static,10,derr,61,0.3705593785450149,364.0
fixed,samplerG_static,10,derr,62,0.36243685453638924,364.0
fixed,samplerG_static,10,dmag,0,0.0,364.0
fixed,samplerG_static,10,dmag,1,0.0,364.0
fixed,samplerG_static,10,dmag,2,0.0,364.0
fixed,samplerG_static,10,dmag,3,0.0,364.0
fixed,samplerG_static,10,dmag,4,0.0,364.0
fixed,samplerG_static,10,dmag,5,0.0,364.0
fixed,samplerG_static,10,dmag,6,0.0,364.0
fixed,samplerG_static,10,dmag,7,0.0,364.0
fixed,samplerG_static,10,dmag,8,0.0,364.0
fixed,samplerG_static,10,dmag,9,0.0,364.0
fixed,samplerG_static,10,dmag,10,0.0,364.0
fixed,samplerG_static,10,dmag,11,0.0,364.0
fixed,samplerG_static,10,dmag,12,0.0,364.0
fixed,samplerG_static,10,dmag,13,0.0,364.0
fixed,samplerG_static,10,dmag,14,0.0,364.0
fixed,samplerG_static,10,dmag,15,0.0,364.0
fixed,samplerG_static,10,dmag,16,0.0,364.0
fixed,samplerG_static,10,dmag,17,0.0,364.0
fixed,samplerG_static,10,dmag,18,0.0,364.0
fixed,samplerG_static,10,dmag,19,0.0,364.0
fixed,samplerG_static,10,dmag,20,0.0,364.0
fixed,samplerG_static,10,dmag,21,0.0,364.0
fixed,samplerG_static,10,dmag,22,0.0,364.0
fixed,samplerG_static,10,dmag,23,0.0,364.0
fixed,samplerG_static,10,dmag,24,0.0,364.0
fixed,samplerG_static,10,dmag,25,0.0,364.0
fixed,samplerG_static,10,dmag,26,0.0,364.0
fixed,samplerG_static,10,dmag,27,0.0,364.0
fixed,samplerG_static,10,dmag,28,0.0,364.0
fixed,samplerG_static,10,dmag,29,0.0,364.0
fixed,samplerG_static,10,dmag,30,0.0,364.0
fixed,samplerG_static,10,dmag,31,0.0,364.0
fixed,samplerG_static,10,dmag,32,0.0,364.0
fixed,samplerG_static,10,dmag,33,0.0,364.0
fixed,samplerG_static,10,dmag,34,0.0,364.0
fixed,samplerG_static,10,dmag,35,0.0,364.0
fixed,samplerG_static,10,dmag,36,0.0,364.0
fixed,samplerG_static,10,dmag,37,0.0,364.0
fixed,samplerG_static,10,dmag,38,0.0,364.0
fixed,samplerG_static,10,dmag,39,0.0,364.0
fixed,samplerG_static,10,dmag,40,0.0,364.0
fixed,samplerG_static,10,dmag,41,0.0,364.0
fixed,samplerG_static,10,dmag,42,0.0,364.0
fixed,samplerG_static,10,dmag,43,0.0,364.0
fixed,samplerG_static,10,dmag,44,0.0,364.0
fixed,samplerG_static,10,dmag,45,0.0,364.0
fixed,samplerG_static,10,dmag,46,0.0,364.0
fixed,samplerG_static,10,dmag,47,0.0,364.0
fixed,samplerG_static,10,dmag,48,0.0,364.0
fixed,samplerG_static,10,dmag,49,0.0,364.0
fixed,samplerG_static,10,dmag,50,0.0,364.0
fixed,samplerG_static,10,dmag,51,0.0,364.0
fixed,samplerG_static,10,dmag,52,0.0,364.0
fixed,samplerG_static,10,dmag,53,0.0,364.0
fixed,samplerG_static,10,dmag,54,0.0,364.0
fixed,samplerG_static,10,dmag,55,0.0,364.0
fixed,samplerG_static,10,dmag,56,0.0,364.0
fixed,samplerG_static,10,dmag,57,0.0,364.0
fixed,samplerG_static,10,dmag,58,0.0,364.0
fixed,samplerG_static,10,dmag,59,0.0,364.0
fixed,samplerG_static,10,dmag,60,0.0,364.0
fixed,samplerG_static,10,dmag,61,0.0,364.0
fixed,samplerG_static,10,dmag,62,0.0,364.0
fixed,samplerG_static,10,err,0,2.1139196574606083,364.0
fixed,samplerG_static,10,err,1,2.1200770182678332,364.0
fixed,samplerG_static,10,err,2,2.1782753808157787,364.0
fixed,samplerG_static,10,err,3,2.2307705423579764,364.0
fixed,samplerG_static,10,err,4,2.2731396234543113,364.0
fixed,samplerG_static,10,err,5,2.3165371804037593,364.0
fixed,samplerG_static,10,err,6,2.361808812921191,364.0
fixed,samplerG_static,10,err,7,2.4248498978686857,364.0
fixed,samplerG_static,10,err,8,2.481965589859001,364.0
fixed,samplerG_static,10,err,9,2.537234010686586,364.0
fixed,samplerG_static,10,err,10,2.5840661573213537,364.0
fixed,samplerG_static,10,err,11,2.625812495475287,364.0
fixed,samplerG_static,10,err,12,2.6549394901145944,364.0
fixed,samplerG_static,10,err,13,2.693992983795457,364.0
fixed,samplerG_static,10,err,14,2.7428412368664374,364.0
fixed,samplerG_static,10,err,15,2.788416223539101,364.0
fixed,samplerG_static,10,err,16,2.8237391296405714,364.0
fixed,samplerG_static,10,err,17,2.845360367507725,364.0
fixed,samplerG_static,10,err,18,2.8840374247385907,364.0
fixed,samplerG_static,10,err,19,2.8999914714432027,364.0
fixed,samplerG_static,10,err,20,2.9273890947493224,364.0
fixed,samplerG_static,10,err,21,2.952666364733007,364.0
fixed,samplerG_static,10,err,22,2.973304467132458,364.0
fixed,samplerG_static,10,err,23,2.998723085601251,364.0
fixed,samplerG_static,10,err,24,3.015824566421273,364.0
fixed,samplerG_static,10,err,25,3.047869459285841,364.0
fixed,samplerG_static,10,err,26,3.0785879138243066,364.0
fixed,samplerG_static,10,err,27,3.108359248837927,364.0
fixed,samplerG_static,10,err,28,3.159574982065421,364.0
fixed,samplerG_static,10,err,29,3.195822497891201,364.0
fixed,samplerG_static,10,err,30,3.2548266734395708,364.0
fixed,samplerG_static,10,err,31,3.2881885241348665,364.0
fixed,samplerG_static,10,err,32,3.332292650672761,364.0
fixed,samplerG_static,10,err,33,3.3669436249759173,364.0
fixed,samplerG_static,10,err,34,3.4056037011054845,364.0
fixed,samplerG_static,10,err,35,3.4518848376778455,364.0
fixed,samplerG_static,10,err,36,3.4727105890492815,364.0
fixed,samplerG_static,10,err,37,3.5106724532587186,364.0
fixed,samplerG_static,10,err,38,3.537894146291764,364.0
fixed,samplerG_static,10,err,39,3.5598694061512477,364.0
fixed,samplerG_static,10,err,40,3.5623744741737187,364.0
fixed,samplerG_static,10,err,41,3.6051305949196712,364.0
fixed,samplerG_static,10,err,42,3.605186397885228,364.0
fixed,samplerG_static,10,err,43,3.6442409609700297,364.0
fixed,samplerG_static,10,err,44,3.668687469438537,364.0
fixed,samplerG_static,10,err,45,3.69457382528664,364.0
fixed,samplerG_static,10,err,46,3.7077644074356164,364.0
fixed,samplerG_static,10,err,47,3.7274671639059926,364.0
fixed,samplerG_static,10,err,48,3.7473893770641022,364.0
fixed,samplerG_static,10,err,49,3.7477695618111353,364.0
fixed,samplerG_static,10,err,50,3.750591379314006,364.0
fixed,samplerG_static,10,err,51,3.7513385666841335,364.0
fixed,samplerG_static,10,err,52,3.760201412611283,364.0
fixed,samplerG_static,10,err,53,3.769392132431596,364.0
fixed,samplerG_static,10,err,54,3.77064679481171,364.0
fixed,samplerG_static,10,err,55,3.764125627230157,364.0
fixed,samplerG_static,10,err,56,3.782192785006303,364.0
fixed,samplerG_static,10,err,57,3.7647634318077956,364.0
fixed,samplerG_static,10,err,58,3.7614643887340367,364.0
fixed,samplerG_static,10,err,59,3.756226817821408,364.0
fixed,samplerG_static,10,err,60,3.7526176078961444,364.0
fixed,samplerG_static,10,err,61,3.745624861055678,364.0
fixed,samplerG_static,10,err,62,3.722115858406811,364.0
fixed,samplerG_static,10,err,63,3.7432822519606286,364.0
fixed,samplerG_vf,-1,derr,0,0.44341746983988245,364.0
fixed,samplerG_vf,-1,derr,1,0.40846841661668903,364.0
fixed,samplerG_vf,-1,derr,2,0.40577246895991315,364.0
fixed,samplerG_vf,-1,derr,3,0.3724446679363131,364.0
fixed,samplerG_vf,-1,derr,4,0.35010075167200166,364.0
fixed,samplerG_vf,-1,derr,5,0.33763013840397144,364.0
fixed,samplerG_vf,-1,derr,6,0.34181151267161564,364.0
fixed,samplerG_vf,-1,derr,7,0.3324608161927787,364.0
fixed,samplerG_vf,-1,derr,8,0.3344438164668916,364.0
fixed,samplerG_vf,-1,derr,9,0.35696714819398734,364.0
fixed,samplerG_vf,-1,derr,10,0.3425326025123696,364.0
fixed,samplerG_vf,-1,derr,11,0.34296595849567535,364.0
fixed,samplerG_vf,-1,derr,12,0.36848854086832605,364.0
fixed,samplerG_vf,-1,derr,13,0.3541922111795949,364.0
fixed,samplerG_vf,-1,derr,14,0.34948969042634825,364.0
fixed,samplerG_vf,-1,derr,15,0.3571866205013304,364.0
fixed,samplerG_vf,-1,derr,16,0.37438504959272395,364.0
fixed,samplerG_vf,-1,derr,17,0.3709738306419737,364.0
fixed,samplerG_vf,-1,derr,18,0.38786441114997217,364.0
fixed,samplerG_vf,-1,derr,19,0.37409242882935717,364.0
fixed,samplerG_vf,-1,derr,20,0.3544075821418888,364.0
fixed,samplerG_vf,-1,derr,21,0.3424710435685346,364.0
fixed,samplerG_vf,-1,derr,22,0.42874191640415693,364.0
fixed,samplerG_vf,-1,derr,23,0.33585498368695044,364.0
fixed,samplerG_vf,-1,derr,24,0.3306022722765312,364.0
fixed,samplerG_vf,-1,derr,25,0.3526378647480566,364.0
fixed,samplerG_vf,-1,derr,26,0.3589292518525885,364.0
fixed,samplerG_vf,-1,derr,27,0.3484867428746691,364.0
fixed,samplerG_vf,-1,derr,28,0.33358402246286945,364.0
fixed,samplerG_vf,-1,derr,29,0.3241341237122049,364.0
fixed,samplerG_vf,-1,derr,30,0.31332096852014174,364.0
fixed,samplerG_vf,-1,derr,31,0.30629482248767315,364.0
fixed,samplerG_vf,-1,derr,32,0.30929187290257876,364.0
fixed,samplerG_vf,-1,derr,33,0.30418007001792496,364.0
fixed,samplerG_vf,-1,derr,34,0.2938273186698187,364.0
fixed,samplerG_vf,-1,derr,35,0.2913614684547,364.0
fixed,samplerG_vf,-1,derr,36,0.2858140082318583,364.0
fixed,samplerG_vf,-1,derr,37,0.29160190542985864,364.0
fixed,samplerG_vf,-1,derr,38,0.31515300914768,364.0
fixed,samplerG_vf,-1,derr,39,0.2858214602273489,364.0
fixed,samplerG_vf,-1,derr,40,0.3055535821013848,364.0
fixed,samplerG_vf,-1,derr,41,0.4339637433552274,364.0
fixed,samplerG_vf,-1,derr,42,0.4282134697030575,364.0
fixed,samplerG_vf,-1,derr,43,0.27884005681959584,364.0
fixed,samplerG_vf,-1,derr,44,0.26378296296020115,364.0
fixed,samplerG_vf,-1,derr,45,0.2931975214368573,364.0
fixed,samplerG_vf,-1,derr,46,0.3025078982360415,364.0
fixed,samplerG_vf,-1,derr,47,0.305309255552161,364.0
fixed,samplerG_vf,-1,derr,48,0.2849752416243204,364.0
fixed,samplerG_vf,-1,derr,49,0.27274648672184687,364.0
fixed,samplerG_vf,-1,derr,50,0.25019423130101404,364.0
fixed,samplerG_vf,-1,derr,51,0.25230180584098927,364.0
fixed,samplerG_vf,-1,derr,52,0.26057464957600557,364.0
fixed,samplerG_vf,-1,derr,53,0.2733447362029165,364.0
fixed,samplerG_vf,-1,derr,54,0.2746190619585872,364.0
fixed,samplerG_vf,-1,derr,55,0.26039630968103217,364.0
fixed,samplerG_vf,-1,derr,56,0.26733332719336594,364.0
fixed,samplerG_vf,-1,derr,57,0.2609409096599608,364.0
fixed,samplerG_vf,-1,derr,58,0.28861654025226163,364.0
fixed,samplerG_vf,-1,derr,59,0.26872424467794265,364.0
fixed,samplerG_vf,-1,derr,60,0.2646651072637433,364.0
fixed,samplerG_vf,-1,derr,61,0.37653768446506264,364.0
fixed,samplerG_vf,-1,derr,62,0.36998739212029885,364.0
fixed,samplerG_vf,-1,dmag,0,0.31057020207907965,364.0
fixed,samplerG_vf,-1,dmag,1,0.303179427100202,364.0
fixed,samplerG_vf,-1,dmag,2,0.2866688253982299,364.0
fixed,samplerG_vf,-1,dmag,3,0.2657758053555921,364.0
fixed,samplerG_vf,-1,dmag,4,0.24994605047843196,364.0
fixed,samplerG_vf,-1,dmag,5,0.2436512662325526,364.0
fixed,samplerG_vf,-1,dmag,6,0.23383230316877407,364.0
fixed,samplerG_vf,-1,dmag,7,0.22405041482473567,364.0
fixed,samplerG_vf,-1,dmag,8,0.2106021549319847,364.0
fixed,samplerG_vf,-1,dmag,9,0.19541285341799977,364.0
fixed,samplerG_vf,-1,dmag,10,0.185164686254543,364.0
fixed,samplerG_vf,-1,dmag,11,0.1806899333162908,364.0
fixed,samplerG_vf,-1,dmag,12,0.17307426186974406,364.0
fixed,samplerG_vf,-1,dmag,13,0.16682696809178563,364.0
fixed,samplerG_vf,-1,dmag,14,0.15982711434128927,364.0
fixed,samplerG_vf,-1,dmag,15,0.15490926736223795,364.0
fixed,samplerG_vf,-1,dmag,16,0.14856548378279866,364.0
fixed,samplerG_vf,-1,dmag,17,0.14298679278882034,364.0
fixed,samplerG_vf,-1,dmag,18,0.1392599914821663,364.0
fixed,samplerG_vf,-1,dmag,19,0.138593953583584,364.0
fixed,samplerG_vf,-1,dmag,20,0.1388494160924372,364.0
fixed,samplerG_vf,-1,dmag,21,0.13738790246412422,364.0
fixed,samplerG_vf,-1,dmag,22,0.13177597038217595,364.0
fixed,samplerG_vf,-1,dmag,23,0.12429310337660812,364.0
fixed,samplerG_vf,-1,dmag,24,0.1193666898458685,364.0
fixed,samplerG_vf,-1,dmag,25,0.11739959472580554,364.0
fixed,samplerG_vf,-1,dmag,26,0.11051460374428146,364.0
fixed,samplerG_vf,-1,dmag,27,0.1077331091346382,364.0
fixed,samplerG_vf,-1,dmag,28,0.10651794918121998,364.0
fixed,samplerG_vf,-1,dmag,29,0.10500587872715647,364.0
fixed,samplerG_vf,-1,dmag,30,0.10072903198952478,364.0
fixed,samplerG_vf,-1,dmag,31,0.09943129822156375,364.0
fixed,samplerG_vf,-1,dmag,32,0.09530541205172333,364.0
fixed,samplerG_vf,-1,dmag,33,0.09235630520903453,364.0
fixed,samplerG_vf,-1,dmag,34,0.08946876316945385,364.0
fixed,samplerG_vf,-1,dmag,35,0.08902487289800139,364.0
fixed,samplerG_vf,-1,dmag,36,0.08812858211349912,364.0
fixed,samplerG_vf,-1,dmag,37,0.08758896451077558,364.0
fixed,samplerG_vf,-1,dmag,38,0.08739218040814643,364.0
fixed,samplerG_vf,-1,dmag,39,0.08502925361588526,364.0
fixed,samplerG_vf,-1,dmag,40,0.08380658092376375,364.0
fixed,samplerG_vf,-1,dmag,41,0.08185958642318106,364.0
fixed,samplerG_vf,-1,dmag,42,0.08112225521184445,364.0
fixed,samplerG_vf,-1,dmag,43,0.07943867263089922,364.0
fixed,samplerG_vf,-1,dmag,44,0.0761894966088041,364.0
fixed,samplerG_vf,-1,dmag,45,0.07211533576572457,364.0
fixed,samplerG_vf,-1,dmag,46,0.07253579234008443,364.0
fixed,samplerG_vf,-1,dmag,47,0.07199595772896658,364.0
fixed,samplerG_vf,-1,dmag,48,0.07221451524522278,364.0
fixed,samplerG_vf,-1,dmag,49,0.07418085858520057,364.0
fixed,samplerG_vf,-1,dmag,50,0.07125325006161623,364.0
fixed,samplerG_vf,-1,dmag,51,0.06912797383969178,364.0
fixed,samplerG_vf,-1,dmag,52,0.06666072511643806,364.0
fixed,samplerG_vf,-1,dmag,53,0.06471191559813322,364.0
fixed,samplerG_vf,-1,dmag,54,0.06441619736500656,364.0
fixed,samplerG_vf,-1,dmag,55,0.06339385897435426,364.0
fixed,samplerG_vf,-1,dmag,56,0.06253912912817304,364.0
fixed,samplerG_vf,-1,dmag,57,0.06087495899633858,364.0
fixed,samplerG_vf,-1,dmag,58,0.06227069221165767,364.0
fixed,samplerG_vf,-1,dmag,59,0.06238769649254198,364.0
fixed,samplerG_vf,-1,dmag,60,0.06502012195485225,364.0
fixed,samplerG_vf,-1,dmag,61,0.06574328310204325,364.0
fixed,samplerG_vf,-1,dmag,62,0.06749746837681364,364.0
fixed,samplerG_vf,-1,err,0,2.353199431775034,364.0
fixed,samplerG_vf,-1,err,1,2.452964855669128,364.0
fixed,samplerG_vf,-1,err,2,2.5341378702649053,364.0
fixed,samplerG_vf,-1,err,3,2.5737244288877137,364.0
fixed,samplerG_vf,-1,err,4,2.58953058894028,364.0
fixed,samplerG_vf,-1,err,5,2.592577715553753,364.0
fixed,samplerG_vf,-1,err,6,2.595623451340329,364.0
fixed,samplerG_vf,-1,err,7,2.6085177963005974,364.0
fixed,samplerG_vf,-1,err,8,2.609493317659742,364.0
fixed,samplerG_vf,-1,err,9,2.6063225938068633,364.0
fixed,samplerG_vf,-1,err,10,2.6097230551170787,364.0
fixed,samplerG_vf,-1,err,11,2.60390386976056,364.0
fixed,samplerG_vf,-1,err,12,2.6019676805443157,364.0
fixed,samplerG_vf,-1,err,13,2.6023938342601385,364.0
fixed,samplerG_vf,-1,err,14,2.6073566077174717,364.0
fixed,samplerG_vf,-1,err,15,2.6260030178987717,364.0
fixed,samplerG_vf,-1,err,16,2.6323102243490277,364.0
fixed,samplerG_vf,-1,err,17,2.63720526626477,364.0
fixed,samplerG_vf,-1,err,18,2.647192237927359,364.0
fixed,samplerG_vf,-1,err,19,2.6407767723304225,364.0
fixed,samplerG_vf,-1,err,20,2.6297899437638423,364.0
fixed,samplerG_vf,-1,err,21,2.6398254449305303,364.0
fixed,samplerG_vf,-1,err,22,2.6605789130451263,364.0
fixed,samplerG_vf,-1,err,23,2.6288276215421607,364.0
fixed,samplerG_vf,-1,err,24,2.628854491381526,364.0
fixed,samplerG_vf,-1,err,25,2.61926989079668,364.0
fixed,samplerG_vf,-1,err,26,2.607890189676494,364.0
fixed,samplerG_vf,-1,err,27,2.609463264662162,364.0
fixed,samplerG_vf,-1,err,28,2.610472391177337,364.0
fixed,samplerG_vf,-1,err,29,2.5934119647184577,364.0
fixed,samplerG_vf,-1,err,30,2.584295078522557,364.0
fixed,samplerG_vf,-1,err,31,2.564135101830568,364.0
fixed,samplerG_vf,-1,err,32,2.5572102802222267,364.0
fixed,samplerG_vf,-1,err,33,2.55597393676475,364.0
fixed,samplerG_vf,-1,err,34,2.555542978038497,364.0
fixed,samplerG_vf,-1,err,35,2.5451162972538692,364.0
fixed,samplerG_vf,-1,err,36,2.5322431964615557,364.0
fixed,samplerG_vf,-1,err,37,2.5437423635233234,364.0
fixed,samplerG_vf,-1,err,38,2.5528696203624826,364.0
fixed,samplerG_vf,-1,err,39,2.5632606600667076,364.0
fixed,samplerG_vf,-1,err,40,2.565074756233901,364.0
fixed,samplerG_vf,-1,err,41,2.561974251442232,364.0
fixed,samplerG_vf,-1,err,42,2.590250162952221,364.0
fixed,samplerG_vf,-1,err,43,2.567827327230144,364.0
fixed,samplerG_vf,-1,err,44,2.564698910271071,364.0
fixed,samplerG_vf,-1,err,45,2.568766199821954,364.0
fixed,samplerG_vf,-1,err,46,2.560215029898253,364.0
fixed,samplerG_vf,-1,err,47,2.5529841463808163,364.0
fixed,samplerG_vf,-1,err,48,2.5577878730965176,364.0
fixed,samplerG_vf,-1,err,49,2.551433704122082,364.0
fixed,samplerG_vf,-1,err,50,2.5404460307087855,364.0
fixed,samplerG_vf,-1,err,51,2.537841930363203,364.0
fixed,samplerG_vf,-1,err,52,2.550328427012804,364.0
fixed,samplerG_vf,-1,err,53,2.5495006532950706,364.0
fixed,samplerG_vf,-1,err,54,2.551068316776675,364.0
fixed,samplerG_vf,-1,err,55,2.5436451615540534,364.0
fixed,samplerG_vf,-1,err,56,2.5399629611562915,364.0
fixed,samplerG_vf,-1,err,57,2.5460598613452787,364.0
fixed,samplerG_vf,-1,err,58,2.5505382660899176,364.0
fixed,samplerG_vf,-1,err,59,2.5364524838606712,364.0
fixed,samplerG_vf,-1,err,60,2.540226218767546,364.0
fixed,samplerG_vf,-1,err,61,2.5417831679785636,364.0
fixed,samplerG_vf,-1,err,62,2.5531124798396814,364.0
fixed,samplerG_vf,-1,err,63,2.553184825386646,364.0
fixed,samplerG_vf,1,derr,0,0.4338769946237105,364.0
fixed,samplerG_vf,1,derr,1,0.40113691785014594,364.0
fixed,samplerG_vf,1,derr,2,0.39987893174351247,364.0
fixed,samplerG_vf,1,derr,3,0.36538484954571987,364.0
fixed,samplerG_vf,1,derr,4,0.3418255263202629,364.0
fixed,samplerG_vf,1,derr,5,0.33703421256863153,364.0
fixed,samplerG_vf,1,derr,6,0.3487437482472959,364.0
fixed,samplerG_vf,1,derr,7,0.3337135354445858,364.0
fixed,samplerG_vf,1,derr,8,0.3423780467729647,364.0
fixed,samplerG_vf,1,derr,9,0.3593157965608023,364.0
fixed,samplerG_vf,1,derr,10,0.3434595295923997,364.0
fixed,samplerG_vf,1,derr,11,0.3412325427365991,364.0
fixed,samplerG_vf,1,derr,12,0.36941474519547196,364.0
fixed,samplerG_vf,1,derr,13,0.35813943409248367,364.0
fixed,samplerG_vf,1,derr,14,0.35264398260451446,364.0
fixed,samplerG_vf,1,derr,15,0.35899420315399766,364.0
fixed,samplerG_vf,1,derr,16,0.3754337386709157,364.0
fixed,samplerG_vf,1,derr,17,0.37019485936264745,364.0
fixed,samplerG_vf,1,derr,18,0.3853468742774247,364.0
fixed,samplerG_vf,1,derr,19,0.3710681948514021,364.0
fixed,samplerG_vf,1,derr,20,0.35326578547911985,364.0
fixed,samplerG_vf,1,derr,21,0.34218071094089814,364.0
fixed,samplerG_vf,1,derr,22,0.42716792913583607,364.0
fixed,samplerG_vf,1,derr,23,0.33639553335116623,364.0
fixed,samplerG_vf,1,derr,24,0.3310850749539396,364.0
fixed,samplerG_vf,1,derr,25,0.35159825714008247,364.0
fixed,samplerG_vf,1,derr,26,0.3591467048870502,364.0
fixed,samplerG_vf,1,derr,27,0.34375492245429656,364.0
fixed,samplerG_vf,1,derr,28,0.3350703080317804,364.0
fixed,samplerG_vf,1,derr,29,0.32262320813958295,364.0
fixed,samplerG_vf,1,derr,30,0.312077981573376,364.0
fixed,samplerG_vf,1,derr,31,0.3056065340035155,364.0
fixed,samplerG_vf,1,derr,32,0.30777253883450734,364.0
fixed,samplerG_vf,1,derr,33,0.3029566058878797,364.0
fixed,samplerG_vf,1,derr,34,0.2935419964123067,364.0
fixed,samplerG_vf,1,derr,35,0.29076130025518626,364.0
fixed,samplerG_vf,1,derr,36,0.2838201242816317,364.0
fixed,samplerG_vf,1,derr,37,0.2902610731812624,364.0
fixed,samplerG_vf,1,derr,38,0.3154467790397805,364.0
fixed,samplerG_vf,1,derr,39,0.2865793950303079,364.0
fixed,samplerG_vf,1,derr,40,0.3060991086710531,364.0
fixed,samplerG_vf,1,derr,41,0.43399397607196816,364.0
fixed,samplerG_vf,1,derr,42,0.4277423436466891,364.0
fixed,samplerG_vf,1,derr,43,0.2783082842028567,364.0
fixed,samplerG_vf,1,derr,44,0.2632873914726488,364.0
fixed,samplerG_vf,1,derr,45,0.2923477824910411,364.0
fixed,samplerG_vf,1,derr,46,0.30174312446327817,364.0
fixed,samplerG_vf,1,derr,47,0.3049609841123878,364.0
fixed,samplerG_vf,1,derr,48,0.28651361728271285,364.0
fixed,samplerG_vf,1,derr,49,0.27332565596757025,364.0
fixed,samplerG_vf,1,derr,50,0.25009478251500933,364.0
fixed,samplerG_vf,1,derr,51,0.25202683690464595,364.0
fixed,samplerG_vf,1,derr,52,0.2605315725380493,364.0
fixed,samplerG_vf,1,derr,53,0.27343951533599703,364.0
fixed,samplerG_vf,1,derr,54,0.2745036294422839,364.0
fixed,samplerG_vf,1,derr,55,0.26005532225123146,364.0
fixed,samplerG_vf,1,derr,56,0.2673848216718697,364.0
fixed,samplerG_vf,1,derr,57,0.2610296752088918,364.0
fixed,samplerG_vf,1,derr,58,0.2887885629782801,364.0
fixed,samplerG_vf,1,derr,59,0.2688064746159528,364.0
fixed,samplerG_vf,1,derr,60,0.2640542461649402,364.0
fixed,samplerG_vf,1,derr,61,0.37672720503850055,364.0
fixed,samplerG_vf,1,derr,62,0.36996986757411243,364.0
fixed,samplerG_vf,1,dmag,0,0.30259001282156334,364.0
fixed,samplerG_vf,1,dmag,1,0.2961394644577752,364.0
fixed,samplerG_vf,1,dmag,2,0.27326930401294114,364.0
fixed,samplerG_vf,1,dmag,3,0.24909596351374472,364.0
fixed,samplerG_vf,1,dmag,4,0.23895544514244238,364.0
fixed,samplerG_vf,1,dmag,5,0.24279421466597162,364.0
fixed,samplerG_vf,1,dmag,6,0.23744403228552624,364.0
fixed,samplerG_vf,1,dmag,7,0.2304170651484158,364.0
fixed,samplerG_vf,1,dmag,8,0.21626591207050197,364.0
fixed,samplerG_vf,1,dmag,9,0.19462864310736513,364.0
fixed,samplerG_vf,1,dmag,10,0.18771651351906277,364.0
fixed,samplerG_vf,1,dmag,11,0.18057831923815085,364.0
fixed,samplerG_vf,1,dmag,12,0.1724667175990212,364.0
fixed,samplerG_vf,1,dmag,13,0.1680309515661345,364.0
fixed,samplerG_vf,1,dmag,14,0.16259536019700405,364.0
fixed,samplerG_vf,1,dmag,15,0.15557812445203437,364.0
fixed,samplerG_vf,1,dmag,16,0.1495866935040065,364.0
fixed,samplerG_vf,1,dmag,17,0.14484909560101536,364.0
fixed,samplerG_vf,1,dmag,18,0.13971065699153548,364.0
fixed,samplerG_vf,1,dmag,19,0.13676196893748754,364.0
fixed,samplerG_vf,1,dmag,20,0.1368164795829536,364.0
fixed,samplerG_vf,1,dmag,21,0.13588381425098894,364.0
fixed,samplerG_vf,1,dmag,22,0.13140254876842455,364.0
fixed,samplerG_vf,1,dmag,23,0.12450505925373144,364.0
fixed,samplerG_vf,1,dmag,24,0.12084128723766369,364.0
fixed,samplerG_vf,1,dmag,25,0.11841185490477953,364.0
fixed,samplerG_vf,1,dmag,26,0.11142071789376191,364.0
fixed,samplerG_vf,1,dmag,27,0.10847221107918073,364.0
fixed,samplerG_vf,1,dmag,28,0.11039317875926556,364.0
fixed,samplerG_vf,1,dmag,29,0.1088195357031629,364.0
fixed,samplerG_vf,1,dmag,30,0.10162341235343694,364.0
fixed,samplerG_vf,1,dmag,31,0.09839704157119351,364.0
fixed,samplerG_vf,1,dmag,32,0.09446412591509275,364.0
fixed,samplerG_vf,1,dmag,33,0.09001033570218299,364.0
fixed,samplerG_vf,1,dmag,34,0.08916386057991166,364.0
fixed,samplerG_vf,1,dmag,35,0.08866148228388648,364.0
fixed,samplerG_vf,1,dmag,36,0.08846146200404881,364.0
fixed,samplerG_vf,1,dmag,37,0.08714704364179991,364.0
fixed,samplerG_vf,1,dmag,38,0.0879706665451362,364.0
fixed,samplerG_vf,1,dmag,39,0.08598997440972048,364.0
fixed,samplerG_vf,1,dmag,40,0.08429098836975274,364.0
fixed,samplerG_vf,1,dmag,41,0.08200008398341527,364.0
fixed,samplerG_vf,1,dmag,42,0.07999820926912375,364.0
fixed,samplerG_vf,1,dmag,43,0.07875321869313676,364.0
fixed,samplerG_vf,1,dmag,44,0.07612184502675638,364.0
fixed,samplerG_vf,1,dmag,45,0.07126818550494755,364.0
fixed,samplerG_vf,1,dmag,46,0.07226146622253889,364.0
fixed,samplerG_vf,1,dmag,47,0.07212388122090968,364.0
fixed,samplerG_vf,1,dmag,48,0.07483523869298521,364.0
fixed,samplerG_vf,1,dmag,49,0.07560406795672171,364.0
fixed,samplerG_vf,1,dmag,50,0.07228632202719922,364.0
fixed,samplerG_vf,1,dmag,51,0.06994330189395491,364.0
fixed,samplerG_vf,1,dmag,52,0.06693004199641418,364.0
fixed,samplerG_vf,1,dmag,53,0.06519937570012369,364.0
fixed,samplerG_vf,1,dmag,54,0.06522904311250485,364.0
fixed,samplerG_vf,1,dmag,55,0.06397653202613263,364.0
fixed,samplerG_vf,1,dmag,56,0.06300803939018726,364.0
fixed,samplerG_vf,1,dmag,57,0.06102399461119753,364.0
fixed,samplerG_vf,1,dmag,58,0.06253752258739301,364.0
fixed,samplerG_vf,1,dmag,59,0.06197443063713733,364.0
fixed,samplerG_vf,1,dmag,60,0.06498093677526033,364.0
fixed,samplerG_vf,1,dmag,61,0.06643909319677482,364.0
fixed,samplerG_vf,1,dmag,62,0.06805504475730462,364.0
fixed,samplerG_vf,1,err,0,2.3496068372994987,364.0
fixed,samplerG_vf,1,err,1,2.447268119143261,364.0
fixed,samplerG_vf,1,err,2,2.5235128193929954,364.0
fixed,samplerG_vf,1,err,3,2.56552562559699,364.0
fixed,samplerG_vf,1,err,4,2.5865348447318914,364.0
fixed,samplerG_vf,1,err,5,2.595141812503993,364.0
fixed,samplerG_vf,1,err,6,2.5956568308583985,364.0
fixed,samplerG_vf,1,err,7,2.610718613797492,364.0
fixed,samplerG_vf,1,err,8,2.614597006731636,364.0
fixed,samplerG_vf,1,err,9,2.6057280680307975,364.0
fixed,samplerG_vf,1,err,10,2.6073463287327314,364.0
fixed,samplerG_vf,1,err,11,2.595344058596171,364.0
fixed,samplerG_vf,1,err,12,2.5844169099416052,364.0
fixed,samplerG_vf,1,err,13,2.5759747910139326,364.0
fixed,samplerG_vf,1,err,14,2.5829745876592596,364.0
fixed,samplerG_vf,1,err,15,2.5960898486958754,364.0
fixed,samplerG_vf,1,err,16,2.601486272618666,364.0
fixed,samplerG_vf,1,err,17,2.6091632672718594,364.0
fixed,samplerG_vf,1,err,18,2.631747173329631,364.0
fixed,samplerG_vf,1,err,19,2.6407885702920484,364.0
fixed,samplerG_vf,1,err,20,2.641162491761721,364.0
fixed,samplerG_vf,1,err,21,2.6643269176666555,364.0
fixed,samplerG_vf,1,err,22,2.6841832291293932,364.0
fixed,samplerG_vf,1,err,23,2.6681131036890733,364.0
fixed,samplerG_vf,1,err,24,2.6718613871342534,364.0
fixed,samplerG_vf,1,err,25,2.6626942933915734,364.0
fixed,samplerG_vf,1,err,26,2.6511087349646694,364.0
fixed,samplerG_vf,1,err,27,2.645512861946782,364.0
fixed,samplerG_vf,1,err,28,2.6443937453594835,364.0
fixed,samplerG_vf,1,err,29,2.628451459437281,364.0
fixed,samplerG_vf,1,err,30,2.6169382961733,364.0
fixed,samplerG_vf,1,err,31,2.593124472423569,364.0
fixed,samplerG_vf,1,err,32,2.578533242855753,364.0
fixed,samplerG_vf,1,err,33,2.5749062092585877,364.0
fixed,samplerG_vf,1,err,34,2.5721958151066695,364.0
fixed,samplerG_vf,1,err,35,2.559343578805635,364.0
fixed,samplerG_vf,1,err,36,2.555933994824415,364.0
fixed,samplerG_vf,1,err,37,2.5742565844576437,364.0
fixed,samplerG_vf,1,err,38,2.585782252415851,364.0
fixed,samplerG_vf,1,err,39,2.6019857031303446,364.0
fixed,samplerG_vf,1,err,40,2.6038956476764366,364.0
fixed,samplerG_vf,1,err,41,2.5957687050922886,364.0
fixed,samplerG_vf,1,err,42,2.622992079827812,364.0
fixed,samplerG_vf,1,err,43,2.601120126116407,364.0
fixed,samplerG_vf,1,err,44,2.5985359825439507,364.0
fixed,samplerG_vf,1,err,45,2.60438172519207,364.0
fixed,samplerG_vf,1,err,46,2.5981720158687005,364.0
fixed,samplerG_vf,1,err,47,2.5904131723301753,364.0
fixed,samplerG_vf,1,err,48,2.591160289779469,364.0
fixed,samplerG_vf,1,err,49,2.5836170330479904,364.0
fixed,samplerG_vf,1,err,50,2.5680844967181864,364.0
fixed,samplerG_vf,1,err,51,2.564006547269585,364.0
fixed,samplerG_vf,1,err,52,2.5743873388721394,364.0
fixed,samplerG_vf,1,err,53,2.5734894653106783,364.0
fixed,samplerG_vf,1,err,54,2.5770640356036334,364.0
fixed,samplerG_vf,1,err,55,2.5666692419039023,364.0
fixed,samplerG_vf,1,err,56,2.565135527606849,364.0
fixed,samplerG_vf,1,err,57,2.571340032658734,364.0
fixed,samplerG_vf,1,err,58,2.5790933716919398,364.0
fixed,samplerG_vf,1,err,59,2.5654660264378064,364.0
fixed,samplerG_vf,1,err,60,2.5660591359649385,364.0
fixed,samplerG_vf,1,err,61,2.570073822042444,364.0
fixed,samplerG_vf,1,err,62,2.5876335700625903,364.0
fixed,samplerG_vf,1,err,63,2.583861556518209,364.0
fixed,samplerG_vf,5,derr,0,0.4063771563776574,364.0
fixed,samplerG_vf,5,derr,1,0.3793719530433089,364.0
fixed,samplerG_vf,5,derr,2,0.37616305730745686,364.0
fixed,samplerG_vf,5,derr,3,0.3456661643890234,364.0
fixed,samplerG_vf,5,derr,4,0.3225247222766444,364.0
fixed,samplerG_vf,5,derr,5,0.30993056525527446,364.0
fixed,samplerG_vf,5,derr,6,0.3202926350941697,364.0
fixed,samplerG_vf,5,derr,7,0.3120975432825367,364.0
fixed,samplerG_vf,5,derr,8,0.3153481389354955,364.0
fixed,samplerG_vf,5,derr,9,0.34367566425762663,364.0
fixed,samplerG_vf,5,derr,10,0.32967307299355064,364.0
fixed,samplerG_vf,5,derr,11,0.3319875580350776,364.0
fixed,samplerG_vf,5,derr,12,0.36156382275601995,364.0
fixed,samplerG_vf,5,derr,13,0.3447753023867915,364.0
fixed,samplerG_vf,5,derr,14,0.34730823477218437,364.0
fixed,samplerG_vf,5,derr,15,0.3550330848627529,364.0
fixed,samplerG_vf,5,derr,16,0.36657823129956213,364.0
fixed,samplerG_vf,5,derr,17,0.3603269108622284,364.0
fixed,samplerG_vf,5,derr,18,0.3792733138242921,364.0
fixed,samplerG_vf,5,derr,19,0.3672409875185362,364.0
fixed,samplerG_vf,5,derr,20,0.34800817529865347,364.0
fixed,samplerG_vf,5,derr,21,0.34437893586908724,364.0
fixed,samplerG_vf,5,derr,22,0.419551784070311,364.0
fixed,samplerG_vf,5,derr,23,0.33135934238537,364.0
fixed,samplerG_vf,5,derr,24,0.32378162916463155,364.0
fixed,samplerG_vf,5,derr,25,0.3450508966407442,364.0
fixed,samplerG_vf,5,derr,26,0.3539538535796065,364.0
fixed,samplerG_vf,5,derr,27,0.34428253263787745,364.0
fixed,samplerG_vf,5,derr,28,0.3300519749946933,364.0
fixed,samplerG_vf,5,derr,29,0.31950824634059444,364.0
fixed,samplerG_vf,5,derr,30,0.3094817495311273,364.0
fixed,samplerG_vf,5,derr,31,0.3023872460740117,364.0
fixed,samplerG_vf,5,derr,32,0.30618400786297173,364.0
fixed,samplerG_vf,5,derr,33,0.30082600572975454,364.0
fixed,samplerG_vf,5,derr,34,0.28962886379008274,364.0
fixed,samplerG_vf,5,derr,35,0.2873483332140105,364.0
fixed,samplerG_vf,5,derr,36,0.28285446619246524,364.0
fixed,samplerG_vf,5,derr,37,0.2881692863775642,364.0
fixed,samplerG_vf,5,derr,38,0.3136979463653496,364.0
fixed,samplerG_vf,5,derr,39,0.28243007567189227,364.0
fixed,samplerG_vf,5,derr,40,0.3031860717602975,364.0
fixed,samplerG_vf,5,derr,41,0.4334071000863972,364.0
fixed,samplerG_vf,5,derr,42,0.42806683784187005,364.0
fixed,samplerG_vf,5,derr,43,0.27827832380125483,364.0
fixed,samplerG_vf,5,derr,44,0.2625140338255973,364.0
fixed,samplerG_vf,5,derr,45,0.29118958502434766,364.0
fixed,samplerG_vf,5,derr,46,0.30116507072759036,364.0
fixed,samplerG_vf,5,derr,47,0.3036373628221534,364.0
fixed,samplerG_vf,5,derr,48,0.2842112510454851,364.0
fixed,samplerG_vf,5,derr,49,0.271094222670769,364.0
fixed,samplerG_vf,5,derr,50,0.24885260313237598,364.0
fixed,samplerG_vf,5,derr,51,0.2510928473854949,364.0
fixed,samplerG_vf,5,derr,52,0.26003991500321,364.0
fixed,samplerG_vf,5,derr,53,0.2726326631740309,364.0
fixed,samplerG_vf,5,derr,54,0.27346798716686094,364.0
fixed,samplerG_vf,5,derr,55,0.26010876913954106,364.0
fixed,samplerG_vf,5,derr,56,0.2660410464945976,364.0
fixed,samplerG_vf,5,derr,57,0.25989035773346875,364.0
fixed,samplerG_vf,5,derr,58,0.28769374749326443,364.0
fixed,samplerG_vf,5,derr,59,0.2688851273403718,364.0
fixed,samplerG_vf,5,derr,60,0.2638800114874247,364.0
fixed,samplerG_vf,5,derr,61,0.37644367335251644,364.0
fixed,samplerG_vf,5,derr,62,0.36933718695673723,364.0
fixed,samplerG_vf,5,dmag,0,0.3072957026741498,364.0
fixed,samplerG_vf,5,dmag,1,0.29327642445319463,364.0
fixed,samplerG_vf,5,dmag,2,0.2788309003226459,364.0
fixed,samplerG_vf,5,dmag,3,0.26047384482552555,364.0
fixed,samplerG_vf,5,dmag,4,0.24937422734245165,364.0
fixed,samplerG_vf,5,dmag,5,0.2432760291446287,364.0
fixed,samplerG_vf,5,dmag,6,0.23064295514640246,364.0
fixed,samplerG_vf,5,dmag,7,0.22064810798370413,364.0
fixed,samplerG_vf,5,dmag,8,0.20735319122508333,364.0
fixed,samplerG_vf,5,dmag,9,0.1937786948887611,364.0
fixed,samplerG_vf,5,dmag,10,0.18595025795870102,364.0
fixed,samplerG_vf,5,dmag,11,0.18344504738247003,364.0
fixed,samplerG_vf,5,dmag,12,0.17574348631007905,364.0
fixed,samplerG_vf,5,dmag,13,0.17111378427912163,364.0
fixed,samplerG_vf,5,dmag,14,0.16728494774325045,364.0
fixed,samplerG_vf,5,dmag,15,0.16228792504765666,364.0
fixed,samplerG_vf,5,dmag,16,0.15557661228352687,364.0
fixed,samplerG_vf,5,dmag,17,0.14931425184093333,364.0
fixed,samplerG_vf,5,dmag,18,0.14689067883191856,364.0
fixed,samplerG_vf,5,dmag,19,0.14745479374663434,364.0
fixed,samplerG_vf,5,dmag,20,0.14764153781848458,364.0
fixed,samplerG_vf,5,dmag,21,0.14886045473075094,364.0
fixed,samplerG_vf,5,dmag,22,0.14367209929092736,364.0
fixed,samplerG_vf,5,dmag,23,0.1359362351186164,364.0
fixed,samplerG_vf,5,dmag,24,0.13210005817198,364.0
fixed,samplerG_vf,5,dmag,25,0.13067357951089495,364.0
fixed,samplerG_vf,5,dmag,26,0.12436071030058704,364.0
fixed,samplerG_vf,5,dmag,27,0.12060426239558793,364.0
fixed,samplerG_vf,5,dmag,28,0.11745937971480108,364.0
fixed,samplerG_vf,5,dmag,29,0.11299737063390049,364.0
fixed,samplerG_vf,5,dmag,30,0.10536625899456359,364.0
fixed,samplerG_vf,5,dmag,31,0.10433837801862794,364.0
fixed,samplerG_vf,5,dmag,32,0.10020092305737538,364.0
fixed,samplerG_vf,5,dmag,33,0.09590956194142064,364.0
fixed,samplerG_vf,5,dmag,34,0.09044717169100684,364.0
fixed,samplerG_vf,5,dmag,35,0.08901319004963715,364.0
fixed,samplerG_vf,5,dmag,36,0.08797873320073339,364.0
fixed,samplerG_vf,5,dmag,37,0.08666817554282946,364.0
fixed,samplerG_vf,5,dmag,38,0.08624684663520164,364.0
fixed,samplerG_vf,5,dmag,39,0.08509347234740035,364.0
fixed,samplerG_vf,5,dmag,40,0.08474068962431584,364.0
fixed,samplerG_vf,5,dmag,41,0.08240137619969364,364.0
fixed,samplerG_vf,5,dmag,42,0.08215605386834755,364.0
fixed,samplerG_vf,5,dmag,43,0.08039712487684134,364.0
fixed,samplerG_vf,5,dmag,44,0.07666376471176621,364.0
fixed,samplerG_vf,5,dmag,45,0.07292367701909945,364.0
fixed,samplerG_vf,5,dmag,46,0.07353593812677191,364.0
fixed,samplerG_vf,5,dmag,47,0.07302260326201117,364.0
fixed,samplerG_vf,5,dmag,48,0.07213289531428817,364.0
fixed,samplerG_vf,5,dmag,49,0.07398282627416468,364.0
fixed,samplerG_vf,5,dmag,50,0.0706164804018604,364.0
fixed,samplerG_vf,5,dmag,51,0.06869129163909007,364.0
fixed,samplerG_vf,5,dmag,52,0.06639439363165625,364.0
fixed,samplerG_vf,5,dmag,53,0.06472011032299353,364.0
fixed,samplerG_vf,5,dmag,54,0.0642190407833678,364.0
fixed,samplerG_vf,5,dmag,55,0.06351789059168608,364.0
fixed,samplerG_vf,5,dmag,56,0.062475869860653614,364.0
fixed,samplerG_vf,5,dmag,57,0.061057346691326286,364.0
fixed,samplerG_vf,5,dmag,58,0.06278216798027343,364.0
fixed,samplerG_vf,5,dmag,59,0.06328152137255849,364.0
fixed,samplerG_vf,5,dmag,60,0.06544769252010794,364.0
fixed,samplerG_vf,5,dmag,61,0.06605626118195417,364.0
fixed,samplerG_vf,5,dmag,62,0.06871782616292546,364.0
fixed,samplerG_vf,5,err,0,1.8721049183181353,364.0
fixed,samplerG_vf,5,err,1,1.9229005031533293,364.0
fixed,samplerG_vf,5,err,2,1.9617025682313756,364.0
fixed,samplerG_vf,5,err,3,1.9672270960041456,364.0
fixed,samplerG_vf,5,err,4,1.9560922042026625,364.0
fixed,samplerG_vf,5,err,5,1.9446834602526255,364.0
fixed,samplerG_vf,5,err,6,1.932859396459637,364.0
fixed,samplerG_vf,5,err,7,1.9382072199995701,364.0
fixed,samplerG_vf,5,err,8,1.934684073122648,364.0
fixed,samplerG_vf,5,err,9,1.9250769425224472,364.0
fixed,samplerG_vf,5,err,10,1.9266887050081085,364.0
fixed,samplerG_vf,5,err,11,1.9168896538379427,364.0
fixed,samplerG_vf,5,err,12,1.9227218975077618,364.0
fixed,samplerG_vf,5,err,13,1.9365051384646814,364.0
fixed,samplerG_vf,5,err,14,1.94561064014068,364.0
fixed,samplerG_vf,5,err,15,1.9693421878657498,364.0
fixed,samplerG_vf,5,err,16,1.9814917615481786,364.0
fixed,samplerG_vf,5,err,17,1.9922712875919029,364.0
fixed,samplerG_vf,5,err,18,2.00688421185855,364.0
fixed,samplerG_vf,5,err,19,2.000210384254927,364.0
fixed,samplerG_vf,5,err,20,1.9857369977366792,364.0
fixed,samplerG_vf,5,err,21,1.9976123348697201,364.0
fixed,samplerG_vf,5,err,22,2.023795014881826,364.0
fixed,samplerG_vf,5,err,23,1.9920652136206627,364.0
fixed,samplerG_vf,5,err,24,1.9877689543006185,364.0
fixed,samplerG_vf,5,err,25,1.9792750909269512,364.0
fixed,samplerG_vf,5,err,26,1.979345095026624,364.0
fixed,samplerG_vf,5,err,27,1.988002777345233,364.0
fixed,samplerG_vf,5,err,28,1.9985595163735714,364.0
fixed,samplerG_vf,5,err,29,1.9828820039446537,364.0
fixed,samplerG_vf,5,err,30,1.9723257979193887,364.0
fixed,samplerG_vf,5,err,31,1.9497435033976376,364.0
fixed,samplerG_vf,5,err,32,1.948381897676122,364.0
fixed,samplerG_vf,5,err,33,1.9572312964515373,364.0
fixed,samplerG_vf,5,err,34,1.9658207013220577,364.0
fixed,samplerG_vf,5,err,35,1.957681743653266,364.0
fixed,samplerG_vf,5,err,36,1.9572665507976825,364.0
fixed,samplerG_vf,5,err,37,1.9728407199893678,364.0
fixed,samplerG_vf,5,err,38,1.9890212966026841,364.0
fixed,samplerG_vf,5,err,39,2.004735268324941,364.0
fixed,samplerG_vf,5,err,40,2.0139658465817734,364.0
fixed,samplerG_vf,5,err,41,2.0086951584933876,364.0
fixed,samplerG_vf,5,err,42,2.0428194704127836,364.0
fixed,samplerG_vf,5,err,43,2.018419871536585,364.0
fixed,samplerG_vf,5,err,44,2.0174092843637363,364.0
fixed,samplerG_vf,5,err,45,2.022172233724332,364.0
fixed,samplerG_vf,5,err,46,2.0190131424383804,364.0
fixed,samplerG_vf,5,err,47,2.0114446627078477,364.0
fixed,samplerG_vf,5,err,48,2.018143479231295,364.0
fixed,samplerG_vf,5,err,49,2.0100662619039253,364.0
fixed,samplerG_vf,5,err,50,2.0012491773609278,364.0
fixed,samplerG_vf,5,err,51,1.998049194095554,364.0
fixed,samplerG_vf,5,err,52,2.0105278197225633,364.0
fixed,samplerG_vf,5,err,53,2.0092268089180463,364.0
fixed,samplerG_vf,5,err,54,2.016851253561921,364.0
fixed,samplerG_vf,5,err,55,2.00960492932207,364.0
fixed,samplerG_vf,5,err,56,2.0074231009725687,364.0
fixed,samplerG_vf,5,err,57,2.0177258628901544,364.0
fixed,samplerG_vf,5,err,58,2.0278506780063714,364.0
fixed,samplerG_vf,5,err,59,2.020014191476198,364.0
fixed,samplerG_vf,5,err,60,2.022508016900047,364.0
fixed,samplerG_vf,5,err,61,2.0283139983376306,364.0
fixed,samplerG_vf,5,err,62,2.0456627951218533,364.0
fixed,samplerG_vf,5,err,63,2.047745151097303,364.0
fixed,samplerG_vf,10,derr,0,0.3990534378297545,364.0
fixed,samplerG_vf,10,derr,1,0.3685566454736905,364.0
fixed,samplerG_vf,10,derr,2,0.3649748097235275,364.0
fixed,samplerG_vf,10,derr,3,0.3359283425507473,364.0
fixed,samplerG_vf,10,derr,4,0.31642563954241326,364.0
fixed,samplerG_vf,10,derr,5,0.3062552697854219,364.0
fixed,samplerG_vf,10,derr,6,0.31319207555338086,364.0
fixed,samplerG_vf,10,derr,7,0.3053937676608317,364.0
fixed,samplerG_vf,10,derr,8,0.3136216835886404,364.0
fixed,samplerG_vf,10,derr,9,0.33528291989772857,364.0
fixed,samplerG_vf,10,derr,10,0.32603583056582036,364.0
fixed,samplerG_vf,10,derr,11,0.3279632749240641,364.0
fixed,samplerG_vf,10,derr,12,0.35729983470474297,364.0
fixed,samplerG_vf,10,derr,13,0.3422867331838051,364.0
fixed,samplerG_vf,10,derr,14,0.34546581342059013,364.0
fixed,samplerG_vf,10,derr,15,0.3543532564724376,364.0
fixed,samplerG_vf,10,derr,16,0.3671423056173128,364.0
fixed,samplerG_vf,10,derr,17,0.36495844936407695,364.0
fixed,samplerG_vf,10,derr,18,0.3834371105460757,364.0
fixed,samplerG_vf,10,derr,19,0.3703978155627028,364.0
fixed,samplerG_vf,10,derr,20,0.34863193163259343,364.0
fixed,samplerG_vf,10,derr,21,0.343283803468304,364.0
fixed,samplerG_vf,10,derr,22,0.417804080859891,364.0
fixed,samplerG_vf,10,derr,23,0.32975595788313794,364.0
fixed,samplerG_vf,10,derr,24,0.32123907322862316,364.0
fixed,samplerG_vf,10,derr,25,0.34330074964500557,364.0
fixed,samplerG_vf,10,derr,26,0.35120007900551864,364.0
fixed,samplerG_vf,10,derr,27,0.3426140952896286,364.0
fixed,samplerG_vf,10,derr,28,0.32855163375171575,364.0
fixed,samplerG_vf,10,derr,29,0.31890655276212065,364.0
fixed,samplerG_vf,10,derr,30,0.31032739305909685,364.0
fixed,samplerG_vf,10,derr,31,0.3032659283982447,364.0
fixed,samplerG_vf,10,derr,32,0.30658251242609796,364.0
fixed,samplerG_vf,10,derr,33,0.3007003867200443,364.0
fixed,samplerG_vf,10,derr,34,0.28906673091658197,364.0
fixed,samplerG_vf,10,derr,35,0.2874818877726384,364.0
fixed,samplerG_vf,10,derr,36,0.28432170338775187,364.0
fixed,samplerG_vf,10,derr,37,0.2896342333610896,364.0
fixed,samplerG_vf,10,derr,38,0.31612706729364426,364.0
fixed,samplerG_vf,10,derr,39,0.28288071825690975,364.0
fixed,samplerG_vf,10,derr,40,0.30394499857428964,364.0
fixed,samplerG_vf,10,derr,41,0.433351348486862,364.0
fixed,samplerG_vf,10,derr,42,0.4288219998559945,364.0
fixed,samplerG_vf,10,derr,43,0.277963019989349,364.0
fixed,samplerG_vf,10,derr,44,0.2625791634443206,364.0
fixed,samplerG_vf,10,derr,45,0.2921951799090583,364.0
fixed,samplerG_vf,10,derr,46,0.30120799343541754,364.0
fixed,samplerG_vf,10,derr,47,0.30442424036132604,364.0
fixed,samplerG_vf,10,derr,48,0.2838422608981421,364.0
fixed,samplerG_vf,10,derr,49,0.27084706937587194,364.0
fixed,samplerG_vf,10,derr,50,0.24867042547071372,364.0
fixed,samplerG_vf,10,derr,51,0.2504487805539271,364.0
fixed,samplerG_vf,10,derr,52,0.25954134099103593,364.0
fixed,samplerG_vf,10,derr,53,0.2723409588407766,364.0
fixed,samplerG_vf,10,derr,54,0.27313387192847144,364.0
fixed,samplerG_vf,10,derr,55,0.2598163972936243,364.0
fixed,samplerG_vf,10,derr,56,0.26596463154387345,364.0
fixed,samplerG_vf,10,derr,57,0.25950294343631836,364.0
fixed,samplerG_vf,10,derr,58,0.28740251810893747,364.0
fixed,samplerG_vf,10,derr,59,0.2689504183388755,364.0
fixed,samplerG_vf,10,derr,60,0.2640536525900793,364.0
fixed,samplerG_vf,10,derr,61,0.3763670615959339,364.0
fixed,samplerG_vf,10,derr,62,0.3691762604694404,364.0
fixed,samplerG_vf,10,dmag,0,0.2985472030231504,364.0
fixed,samplerG_vf,10,dmag,1,0.29069271614611314,364.0
fixed,samplerG_vf,10,dmag,2,0.27795384511105964,364.0
fixed,samplerG_vf,10,dmag,3,0.2582921929207149,364.0
fixed,samplerG_vf,10,dmag,4,0.24392758500711112,364.0
fixed,samplerG_vf,10,dmag,5,0.23343205710381762,364.0
fixed,samplerG_vf,10,dmag,6,0.22348030982539058,364.0
fixed,samplerG_vf,10,dmag,7,0.21821405551304202,364.0
fixed,samplerG_vf,10,dmag,8,0.2076635023394784,364.0
fixed,samplerG_vf,10,dmag,9,0.18994979135139467,364.0
fixed,samplerG_vf,10,dmag,10,0.18208347276815182,364.0
fixed,samplerG_vf,10,dmag,11,0.18232775285103164,364.0
fixed,samplerG_vf,10,dmag,12,0.17835280161279327,364.0
fixed,samplerG_vf,10,dmag,13,0.17642059621073633,364.0
fixed,samplerG_vf,10,dmag,14,0.17368428526538332,364.0
fixed,samplerG_vf,10,dmag,15,0.17054621007416274,364.0
fixed,samplerG_vf,10,dmag,16,0.16554788111678356,364.0
fixed,samplerG_vf,10,dmag,17,0.1605806799354748,364.0
fixed,samplerG_vf,10,dmag,18,0.1555864032291408,364.0
fixed,samplerG_vf,10,dmag,19,0.1540627320025853,364.0
fixed,samplerG_vf,10,dmag,20,0.15255863279114468,364.0
fixed,samplerG_vf,10,dmag,21,0.15279594321663564,364.0
fixed,samplerG_vf,10,dmag,22,0.1491090170271531,364.0
fixed,samplerG_vf,10,dmag,23,0.14327234786597418,364.0
fixed,samplerG_vf,10,dmag,24,0.14017275385149233,364.0
fixed,samplerG_vf,10,dmag,25,0.1385542301609498,364.0
fixed,samplerG_vf,10,dmag,26,0.1290992895565968,364.0
fixed,samplerG_vf,10,dmag,27,0.12345497834158468,364.0
fixed,samplerG_vf,10,dmag,28,0.12135777040128852,364.0
fixed,samplerG_vf,10,dmag,29,0.11778514294700881,364.0
fixed,samplerG_vf,10,dmag,30,0.10961143262198215,364.0
fixed,samplerG_vf,10,dmag,31,0.10728476503301043,364.0
fixed,samplerG_vf,10,dmag,32,0.10229576372920157,364.0
fixed,samplerG_vf,10,dmag,33,0.09705275488802446,364.0
fixed,samplerG_vf,10,dmag,34,0.09084415337285744,364.0
fixed,samplerG_vf,10,dmag,35,0.08982627899488332,364.0
fixed,samplerG_vf,10,dmag,36,0.08958803921308532,364.0
fixed,samplerG_vf,10,dmag,37,0.0891903605475858,364.0
fixed,samplerG_vf,10,dmag,38,0.09020835037885623,364.0
fixed,samplerG_vf,10,dmag,39,0.08769305160647811,364.0
fixed,samplerG_vf,10,dmag,40,0.08640668220475194,364.0
fixed,samplerG_vf,10,dmag,41,0.08386555096840712,364.0
fixed,samplerG_vf,10,dmag,42,0.08387634394675043,364.0
fixed,samplerG_vf,10,dmag,43,0.0821794010251044,364.0
fixed,samplerG_vf,10,dmag,44,0.07837332569953095,364.0
fixed,samplerG_vf,10,dmag,45,0.07461835562179868,364.0
fixed,samplerG_vf,10,dmag,46,0.0745906887235693,364.0
fixed,samplerG_vf,10,dmag,47,0.07402831092886217,364.0
fixed,samplerG_vf,10,dmag,48,0.07243747527936248,364.0
fixed,samplerG_vf,10,dmag,49,0.07412811585287513,364.0
fixed,samplerG_vf,10,dmag,50,0.07054984912527008,364.0
fixed,samplerG_vf,10,dmag,51,0.06889584494734204,364.0
fixed,samplerG_vf,10,dmag,52,0.06654479450950461,364.0
fixed,samplerG_vf,10,dmag,53,0.0648087132056909,364.0
fixed,samplerG_vf,10,dmag,54,0.06442729565494049,364.0
fixed,samplerG_vf,10,dmag,55,0.06317006918642629,364.0
fixed,samplerG_vf,10,dmag,56,0.06160505909273135,364.0
fixed,samplerG_vf,10,dmag,57,0.06037524433878179,364.0
fixed,samplerG_vf,10,dmag,58,0.062236196311589866,364.0
fixed,samplerG_vf,10,dmag,59,0.06340286069150482,364.0
fixed,samplerG_vf,10,dmag,60,0.06578947381234145,364.0
fixed,samplerG_vf,10,dmag,61,0.06562991476500059,364.0
fixed,samplerG_vf,10,dmag,62,0.0676356493943156,364.0
fixed,samplerG_vf,10,err,0,1.7480017254231395,364.0
fixed,samplerG_vf,10,err,1,1.7811041536157604,364.0
fixed,samplerG_vf,10,err,2,1.8068274492500247,364.0
fixed,samplerG_vf,10,err,3,1.802348958512584,364.0
fixed,samplerG_vf,10,err,4,1.7877562987607913,364.0
fixed,samplerG_vf,10,err,5,1.7679101177133048,364.0
fixed,samplerG_vf,10,err,6,1.7486971700256997,364.0
fixed,samplerG_vf,10,err,7,1.7490413865217795,364.0
fixed,samplerG_vf,10,err,8,1.7504893521686176,364.0
fixed,samplerG_vf,10,err,9,1.7454354142422204,364.0
fixed,samplerG_vf,10,err,10,1.7512291518377734,364.0
fixed,samplerG_vf,10,err,11,1.7425237692646929,364.0
fixed,samplerG_vf,10,err,12,1.7500105544433489,364.0
fixed,samplerG_vf,10,err,13,1.7673514144761222,364.0
fixed,samplerG_vf,10,err,14,1.7785123863390513,364.0
fixed,samplerG_vf,10,err,15,1.8022375798651151,364.0
fixed,samplerG_vf,10,err,16,1.815876281605317,364.0
fixed,samplerG_vf,10,err,17,1.8281959192929687,364.0
fixed,samplerG_vf,10,err,18,1.8378125240842065,364.0
fixed,samplerG_vf,10,err,19,1.8320604347429432,364.0
fixed,samplerG_vf,10,err,20,1.8241717228358918,364.0
fixed,samplerG_vf,10,err,21,1.8416249379515648,364.0
fixed,samplerG_vf,10,err,22,1.8725094061631422,364.0
fixed,samplerG_vf,10,err,23,1.8490759035224442,364.0
fixed,samplerG_vf,10,err,24,1.8541892929064048,364.0
fixed,samplerG_vf,10,err,25,1.8595770026792537,364.0
fixed,samplerG_vf,10,err,26,1.8673498196588767,364.0
fixed,samplerG_vf,10,err,27,1.8826522131215084,364.0
fixed,samplerG_vf,10,err,28,1.891766404712593,364.0
fixed,samplerG_vf,10,err,29,1.8728100999698534,364.0
fixed,samplerG_vf,10,err,30,1.8611495722453673,364.0
fixed,samplerG_vf,10,err,31,1.8378775748577747,364.0
fixed,samplerG_vf,10,err,32,1.8374304981840837,364.0
fixed,samplerG_vf,10,err,33,1.8469468440328325,364.0
fixed,samplerG_vf,10,err,34,1.8544449954406246,364.0
fixed,samplerG_vf,10,err,35,1.847577615917384,364.0
fixed,samplerG_vf,10,err,36,1.8470203217405539,364.0
fixed,samplerG_vf,10,err,37,1.8619418330081217,364.0
fixed,samplerG_vf,10,err,38,1.877930346589822,364.0
fixed,samplerG_vf,10,err,39,1.8922776057497486,364.0
fixed,samplerG_vf,10,err,40,1.9003761279713975,364.0
fixed,samplerG_vf,10,err,41,1.898258191379872,364.0
fixed,samplerG_vf,10,err,42,1.9412185367974606,364.0
fixed,samplerG_vf,10,err,43,1.9103070813548433,364.0
fixed,samplerG_vf,10,err,44,1.9091300096485642,364.0
fixed,samplerG_vf,10,err,45,1.9145010911173872,364.0
fixed,samplerG_vf,10,err,46,1.9124374403567104,364.0
fixed,samplerG_vf,10,err,47,1.9067312096665194,364.0
fixed,samplerG_vf,10,err,48,1.9114227950736717,364.0
fixed,samplerG_vf,10,err,49,1.905787339413559,364.0
fixed,samplerG_vf,10,err,50,1.8977514590535844,364.0
fixed,samplerG_vf,10,err,51,1.894776777251736,364.0
fixed,samplerG_vf,10,err,52,1.9088569529927695,364.0
fixed,samplerG_vf,10,err,53,1.9072829573364047,364.0
fixed,samplerG_vf,10,err,54,1.9146161853939623,364.0
fixed,samplerG_vf,10,err,55,1.9074355994279568,364.0
fixed,samplerG_vf,10,err,56,1.9081267405014772,364.0
fixed,samplerG_vf,10,err,57,1.918174647122294,364.0
fixed,samplerG_vf,10,err,58,1.929138353401488,364.0
fixed,samplerG_vf,10,err,59,1.9214268184297687,364.0
fixed,samplerG_vf,10,err,60,1.9249661833375364,364.0
fixed,samplerG_vf,10,err,61,1.9333592741699008,364.0
fixed,samplerG_vf,10,err,62,1.9497798121237493,364.0
fixed,samplerG_vf,10,err,63,1.9502824419638614,364.0
fixed,static_gt,0,derr,0,0.4370516077474599,364.0
fixed,static_gt,0,derr,1,0.39688343111269564,364.0
fixed,static_gt,0,derr,2,0.38573094382421574,364.0
fixed,static_gt,0,derr,3,0.3293008714406444,364.0
fixed,static_gt,0,derr,4,0.3110108863220775,364.0
fixed,static_gt,0,derr,5,0.29507878732836834,364.0
fixed,static_gt,0,derr,6,0.302676813279734,364.0
fixed,static_gt,0,derr,7,0.30078517161194585,364.0
fixed,static_gt,0,derr,8,0.30479537630658393,364.0
fixed,static_gt,0,derr,9,0.32759331693299687,364.0
fixed,static_gt,0,derr,10,0.31619639011166456,364.0
fixed,static_gt,0,derr,11,0.32412984131216227,364.0
fixed,static_gt,0,derr,12,0.3539730228731859,364.0
fixed,static_gt,0,derr,13,0.34324387926608324,364.0
fixed,static_gt,0,derr,14,0.3341394760594754,364.0
fixed,static_gt,0,derr,15,0.3411418194319684,364.0
fixed,static_gt,0,derr,16,0.3707715828601107,364.0
fixed,static_gt,0,derr,17,0.3651731013049177,364.0
fixed,static_gt,0,derr,18,0.37695240390558654,364.0
fixed,static_gt,0,derr,19,0.3629591517498369,364.0
fixed,static_gt,0,derr,20,0.3394170387591757,364.0
fixed,static_gt,0,derr,21,0.3179057770649196,364.0
fixed,static_gt,0,derr,22,0.42725565035796753,364.0
fixed,static_gt,0,derr,23,0.3247958877466742,364.0
fixed,static_gt,0,derr,24,0.32771531501938433,364.0
fixed,static_gt,0,derr,25,0.3440132456278981,364.0
fixed,static_gt,0,derr,26,0.35342725841482014,364.0
fixed,static_gt,0,derr,27,0.338788198808638,364.0
fixed,static_gt,0,derr,28,0.32812123715872415,364.0
fixed,static_gt,0,derr,29,0.3216085068927566,364.0
fixed,static_gt,0,derr,30,0.30909729886359977,364.0
fixed,static_gt,0,derr,31,0.3031589440709737,364.0
fixed,static_gt,0,derr,32,0.30309595486947466,364.0
fixed,static_gt,0,derr,33,0.30010021222079847,364.0
fixed,static_gt,0,derr,34,0.2890005634514267,364.0
fixed,static_gt,0,derr,35,0.28582176758529065,364.0
fixed,static_gt,0,derr,36,0.27953781601512334,364.0
fixed,static_gt,0,derr,37,0.28443709535749406,364.0
fixed,static_gt,0,derr,38,0.3089562351354858,364.0
fixed,static_gt,0,derr,39,0.2810189830123928,364.0
fixed,static_gt,0,derr,40,0.29801435913163965,364.0
fixed,static_gt,0,derr,41,0.43117210975141973,364.0
fixed,static_gt,0,derr,42,0.4202545941346785,364.0
fixed,static_gt,0,derr,43,0.2748093677986577,364.0
fixed,static_gt,0,derr,44,0.25915903204304913,364.0
fixed,static_gt,0,derr,45,0.28521550931343503,364.0
fixed,static_gt,0,derr,46,0.29311368144424327,364.0
fixed,static_gt,0,derr,47,0.29984860514945627,364.0
fixed,static_gt,0,derr,48,0.2762512388398646,364.0
fixed,static_gt,0,derr,49,0.270042171118433,364.0
fixed,static_gt,0,derr,50,0.24382991257128767,364.0
fixed,static_gt,0,derr,51,0.24644188175827347,364.0
fixed,static_gt,0,derr,52,0.25331348605239046,364.0
fixed,static_gt,0,derr,53,0.26704746828117704,364.0
fixed,static_gt,0,derr,54,0.26743933948519344,364.0
fixed,static_gt,0,derr,55,0.25363851443014956,364.0
fixed,static_gt,0,derr,56,0.26353911550429004,364.0
fixed,static_gt,0,derr,57,0.25428514612280856,364.0
fixed,static_gt,0,derr,58,0.2841121532754706,364.0
fixed,static_gt,0,derr,59,0.2652193722673334,364.0
fixed,static_gt,0,derr,60,0.2629494765660838,364.0
fixed,static_gt,0,derr,61,0.3705593785450149,364.0
fixed,static_gt,0,derr,62,0.36243685453638924,364.0
fixed,static_gt,0,dmag,0,0.0,364.0
fixed,static_gt,0,dmag,1,0.0,364.0
fixed,static_gt,0,dmag,2,0.0,364.0
fixed,static_gt,0,dmag,3,0.0,364.0
fixed,static_gt,0,dmag,4,0.0,364.0
fixed,static_gt,0,dmag,5,0.0,364.0
fixed,static_gt,0,dmag,6,0.0,364.0
fixed,static_gt,0,dmag,7,0.0,364.0
fixed,static_gt,0,dmag,8,0.0,364.0
fixed,static_gt,0,dmag,9,0.0,364.0
fixed,static_gt,0,dmag,10,0.0,364.0
fixed,static_gt,0,dmag,11,0.0,364.0
fixed,static_gt,0,dmag,12,0.0,364.0
fixed,static_gt,0,dmag,13,0.0,364.0
fixed,static_gt,0,dmag,14,0.0,364.0
fixed,static_gt,0,dmag,15,0.0,364.0
fixed,static_gt,0,dmag,16,0.0,364.0
fixed,static_gt,0,dmag,17,0.0,364.0
fixed,static_gt,0,dmag,18,0.0,364.0
fixed,static_gt,0,dmag,19,0.0,364.0
fixed,static_gt,0,dmag,20,0.0,364.0
fixed,static_gt,0,dmag,21,0.0,364.0
fixed,static_gt,0,dmag,22,0.0,364.0
fixed,static_gt,0,dmag,23,0.0,364.0
fixed,static_gt,0,dmag,24,0.0,364.0
fixed,static_gt,0,dmag,25,0.0,364.0
fixed,static_gt,0,dmag,26,0.0,364.0
fixed,static_gt,0,dmag,27,0.0,364.0
fixed,static_gt,0,dmag,28,0.0,364.0
fixed,static_gt,0,dmag,29,0.0,364.0
fixed,static_gt,0,dmag,30,0.0,364.0
fixed,static_gt,0,dmag,31,0.0,364.0
fixed,static_gt,0,dmag,32,0.0,364.0
fixed,static_gt,0,dmag,33,0.0,364.0
fixed,static_gt,0,dmag,34,0.0,364.0
fixed,static_gt,0,dmag,35,0.0,364.0
fixed,static_gt,0,dmag,36,0.0,364.0
fixed,static_gt,0,dmag,37,0.0,364.0
fixed,static_gt,0,dmag,38,0.0,364.0
fixed,static_gt,0,dmag,39,0.0,364.0
fixed,static_gt,0,dmag,40,0.0,364.0
fixed,static_gt,0,dmag,41,0.0,364.0
fixed,static_gt,0,dmag,42,0.0,364.0
fixed,static_gt,0,dmag,43,0.0,364.0
fixed,static_gt,0,dmag,44,0.0,364.0
fixed,static_gt,0,dmag,45,0.0,364.0
fixed,static_gt,0,dmag,46,0.0,364.0
fixed,static_gt,0,dmag,47,0.0,364.0
fixed,static_gt,0,dmag,48,0.0,364.0
fixed,static_gt,0,dmag,49,0.0,364.0
fixed,static_gt,0,dmag,50,0.0,364.0
fixed,static_gt,0,dmag,51,0.0,364.0
fixed,static_gt,0,dmag,52,0.0,364.0
fixed,static_gt,0,dmag,53,0.0,364.0
fixed,static_gt,0,dmag,54,0.0,364.0
fixed,static_gt,0,dmag,55,0.0,364.0
fixed,static_gt,0,dmag,56,0.0,364.0
fixed,static_gt,0,dmag,57,0.0,364.0
fixed,static_gt,0,dmag,58,0.0,364.0
fixed,static_gt,0,dmag,59,0.0,364.0
fixed,static_gt,0,dmag,60,0.0,364.0
fixed,static_gt,0,dmag,61,0.0,364.0
fixed,static_gt,0,dmag,62,0.0,364.0
fixed,static_gt,0,err,0,0.0,364.0
fixed,static_gt,0,err,1,0.4370516077474599,364.0
fixed,static_gt,0,err,2,0.7630960153221347,364.0
fixed,static_gt,0,err,3,1.0454175477811636,364.0
fixed,static_gt,0,err,4,1.2372319079285672,364.0
fixed,static_gt,0,err,5,1.4043079714423843,364.0
fixed,static_gt,0,err,6,1.5606162444084555,364.0
fixed,static_gt,0,err,7,1.7140496153394682,364.0
fixed,static_gt,0,err,8,1.863754196829357,364.0
fixed,static_gt,0,err,9,2.011981293482317,364.0
fixed,static_gt,0,err,10,2.165645980419448,364.0
fixed,static_gt,0,err,11,2.3122366778296675,364.0
fixed,static_gt,0,err,12,2.451066690650615,364.0
fixed,static_gt,0,err,13,2.5934712376220377,364.0
fixed,static_gt,0,err,14,2.7315659404752757,364.0
fixed,static_gt,0,err,15,2.848454198288312,364.0
fixed,static_gt,0,err,16,2.9571054563294727,364.0
fixed,static_gt,0,err,17,3.0509993568431217,364.0
fixed,static_gt,0,err,18,3.171812706800935,364.0
fixed,static_gt,0,err,19,3.2604133900828085,364.0
fixed,static_gt,0,err,20,3.3520178721378464,364.0
fixed,static_gt,0,err,21,3.415603179719995,364.0
fixed,static_gt,0,err,22,3.4518821199966983,364.0
fixed,static_gt,0,err,23,3.5369851551745293,364.0
fixed,static_gt,0,err,24,3.5860443582737838,364.0
fixed,static_gt,0,err,25,3.6569645087961313,364.0
fixed,static_gt,0,err,26,3.7244899012967125,364.0
fixed,static_gt,0,err,27,3.773982337829503,364.0
fixed,static_gt,0,err,28,3.844638405490544,364.0
fixed,static_gt,0,err,29,3.8970645273943525,364.0
fixed,static_gt,0,err,30,3.955903579573055,364.0
fixed,static_gt,0,err,31,3.9882928751572804,364.0
fixed,static_gt,0,err,32,4.0386462800696,364.0
fixed,static_gt,0,err,33,4.068745206673067,364.0
fixed,static_gt,0,err,34,4.115234747651842,364.0
fixed,static_gt,0,err,35,4.158716713989174,364.0
fixed,static_gt,0,err,36,4.182756685273169,364.0
fixed,static_gt,0,err,37,4.218221154800811,364.0
fixed,static_gt,0,err,38,4.232887777735244,364.0
fixed,static_gt,0,err,39,4.260026181792165,364.0
fixed,static_gt,0,err,40,4.268619653860946,364.0
fixed,static_gt,0,err,41,4.30430474361548,364.0
fixed,static_gt,0,err,42,4.298733431313719,364.0
fixed,static_gt,0,err,43,4.344953310768028,364.0
fixed,static_gt,0,err,44,4.368247701899036,364.0
fixed,static_gt,0,err,45,4.390554329851171,364.0
fixed,static_gt,0,err,46,4.4054883157650195,364.0
fixed,static_gt,0,err,47,4.426532852944437,364.0
fixed,static_gt,0,err,48,4.440536106107654,364.0
fixed,static_gt,0,err,49,4.447917149371499,364.0
fixed,static_gt,0,err,50,4.445023874332617,364.0
fixed,static_gt,0,err,51,4.442194674368743,364.0
fixed,static_gt,0,err,52,4.448396163409228,364.0
fixed,static_gt,0,err,53,4.4652140986297155,364.0
fixed,static_gt,0,err,54,4.457099740403694,364.0
fixed,static_gt,0,err,55,4.454531945533805,364.0
fixed,static_gt,0,err,56,4.473615055473951,364.0
fixed,static_gt,0,err,57,4.453344343291534,364.0
fixed,static_gt,0,err,58,4.44580347352958,364.0
fixed,static_gt,0,err,59,4.439936180854891,364.0
fixed,static_gt,0,err,60,4.431082731337993,364.0
fixed,static_gt,0,err,61,4.4225799935859635,364.0
fixed,static_gt,0,err,62,4.398331478893102,364.0
fixed,static_gt,0,err,63,4.414069577478445,364.0
