dataset,a,b,question,metric,value_a,value_b,diff,ci_lo,ci_hi,rel_change,rel_improvement,verdict,n
taco,M2,M1,does the jointly adapted decoder improve on the previous z-mediated model?,E_C,1.6978020245557304,1.7317861767669955,-0.03398415221126525,-0.049552877960479365,-0.016764187196091396,-0.019623757636585915,0.019623757636585915,similar,364
taco,M2,M1,does the jointly adapted decoder improve on the previous z-mediated model?,E_C_last16,1.891131872618264,1.9216169217949386,-0.030485049176674623,-0.054581607974775855,-0.005278085975906254,-0.015864269736030025,0.015864269736030025,similar,364
taco,M2,M1,does the jointly adapted decoder improve on the previous z-mediated model?,part_hamming,0.17326590335150097,0.17709606810943684,-0.003830164757935883,-0.006249282960917439,-0.001578496930916265,-0.021627610363257898,0.021627610363257898,better,364
taco,M2,M1,does the jointly adapted decoder improve on the previous z-mediated model?,amount_l1,0.4502829253714491,0.45310568187262984,-0.002822756501180785,-0.00511361925647497,-0.00037393332289029226,-0.006229797184433178,0.006229797184433178,similar,364
taco,M2,M1,does the jointly adapted decoder improve on the previous z-mediated model?,amount_rmse,0.009468060052713154,0.009514333971950052,-4.627391923689744e-05,-0.00010517203433532712,1.1199758677064517e-05,-0.00486360047622053,0.00486360047622053,similar,364
taco,M2,M1,does the jointly adapted decoder improve on the previous z-mediated model?,centroid,0.22697889985987446,0.22865129808721307,-0.0016723982273386074,-0.004374059669600449,0.0012031293240034836,-0.007314186454785465,0.007314186454785465,similar,364
taco,M2,M1,does the jointly adapted decoder improve on the previous z-mediated model?,normal,50.09881518044315,50.189081371485535,-0.09026619104238656,-0.37896190123390106,0.24233542610041234,-0.0017985224789085394,0.0017985224789085394,similar,364
taco,M2,M1,does the jointly adapted decoder improve on the previous z-mediated model?,centroid_both,0.10767669719388033,0.10754718356714635,0.00012951362673397902,-0.0025351020303190515,0.003785359292211696,0.0012042493577074296,-0.0012042493577074296,similar,364
taco,M2,M1,does the jointly adapted decoder improve on the previous z-mediated model?,normal_both,40.46201277401421,40.31036776369745,0.15164501031676492,-0.28053804036372343,0.7046566720524748,0.0037619356689008623,-0.0037619356689008623,similar,364
taco,M2,M1,does the jointly adapted decoder improve on the previous z-mediated model?,both_frac,0.7929316615829101,0.7893774998425455,0.003554161740364609,-0.0006447412048368149,0.0076511770834486485,0.0045024867583298815,-0.0045024867583298815,similar,364
taco,M2,M1,does the jointly adapted decoder improve on the previous z-mediated model?,q_rel_l1,0.4619381501042581,0.4655490345270424,-0.003610884422784323,-0.0074132363931301345,0.0008160897685020706,-0.007756184966536704,0.007756184966536704,similar,364
taco,M2,M1,does the jointly adapted decoder improve on the previous z-mediated model?,q_cos,0.8575896039850764,0.8533479305659677,0.004241673419108758,-0.0021095835390436204,0.010007438713243064,0.004970626009833462,0.004970626009833462,similar,364
taco,M2,M1,does the jointly adapted decoder improve on the previous z-mediated model?,q_Qerr,0.34140214811150843,0.34555987975877395,-0.004157731647265481,-0.008706545335095494,0.0006741836994327117,-0.012031870280102776,0.012031870280102776,similar,364
taco,M2,M1,does the jointly adapted decoder improve on the previous z-mediated model?,q_rel_l1_vs_grid,0.25843392963423417,0.25986332703736814,-0.00142939740313392,-0.009350503546002148,0.008075514707812353,-0.005500573780187051,0.005500573780187051,similar,362
taco,M2,M1,does the jointly adapted decoder improve on the previous z-mediated model?,part_hamming_vs_grid,0.0977745884568891,0.10086343163665343,-0.0030888431797643284,-0.0056189036088947495,-0.0007226995213328931,-0.03062401436916661,0.03062401436916661,better,364
taco,M2,M1,does the jointly adapted decoder improve on the previous z-mediated model?,amount_l1_vs_grid,0.21708940391705095,0.2224905019482741,-0.005401098031223148,-0.007909548462151453,-0.0028109870031782355,-0.024275634168324303,0.024275634168324303,better,364
taco,M2,M1,does the jointly adapted decoder improve on the previous z-mediated model?,centroid_vs_grid,0.05727061167791752,0.05899363218014804,-0.0017230205022305209,-0.0033862813810792867,-8.953681798923337e-05,-0.029206889600710752,0.029206889600710752,better,364
taco,M2,M1,does the jointly adapted decoder improve on the previous z-mediated model?,normal_vs_grid,10.503559364087797,10.534801402262278,-0.031242038174481183,-0.3897404681823143,0.3691521470418006,-0.0029656029555310045,0.0029656029555310045,similar,364
taco,M2,M1,does the jointly adapted decoder improve on the previous z-mediated model?,jitter_dense,0.20940081052645876,0.15689059486100962,0.05251021566544915,0.04816798479509643,0.05696890036644169,0.33469320268667657,-0.33469320268667657,worse,364
taco,M2,M1,does the jointly adapted decoder improve on the previous z-mediated model?,tv_dense,12.982850625619783,9.727217140433552,3.255633485186231,2.9864152087522395,3.53207193694211,0.33469320548560555,-0.33469320548560555,worse,364
taco,M2,M1,does the jointly adapted decoder improve on the previous z-mediated model?,jitter_r2,1.0877698194542593,1.06546341541868,0.02230640403557937,0.013044592466858674,0.03069251642112484,0.020935870451088124,-0.020935870451088124,worse,364
taco,M2,M1,does the jointly adapted decoder improve on the previous z-mediated model?,jitter_dev_dense,0.12294760589989331,0.1606895056972792,-0.03774189979738587,-0.04229028943838623,-0.033545862077063573,-0.2348747022004494,0.2348747022004494,better,364
taco,M2,M1,does the jointly adapted decoder improve on the previous z-mediated model?,jitter_dev_r2,0.10833251218383129,0.11621731758158613,-0.007884805397754843,-0.015175008291257782,-0.0004300791990103931,-0.0678453569728935,0.0678453569728935,better,364
taco,M2,M1,does the jointly adapted decoder improve on the previous z-mediated model?,E_C_h1_8,1.1002284821486203,1.1460665571400999,-0.045838074991479516,-0.06466816039517786,-0.028114655957174006,-0.039995997358010404,0.039995997358010404,better,364
taco,M2,M1,does the jointly adapted decoder improve on the previous z-mediated model?,E_C_h9_16,1.427167539484799,1.46003304889354,-0.03286550940874104,-0.05683742996215878,-0.009243495155518753,-0.02251011333863133,0.02251011333863133,better,364
taco,M2,M1,does the jointly adapted decoder improve on the previous z-mediated model?,E_C_h17_32,1.7596307668328326,1.7952021718982116,-0.03557140506537897,-0.05967001320046072,-0.011964792342279863,-0.019814707013063863,0.019814707013063863,similar,364
taco,M2,M1,does the jointly adapted decoder improve on the previous z-mediated model?,E_C_h33_48,1.8921391849296045,1.9212014032425462,-0.029062218312941656,-0.051027411163830014,-0.006892975551989901,-0.01512710654067362,0.01512710654067362,similar,364
taco,M2,M1,does the jointly adapted decoder improve on the previous z-mediated model?,E_C_h49_63,1.8876022496775833,1.919417866521375,-0.0318156168437921,-0.05601421051453962,-0.007047379456116036,-0.016575659421912435,0.016575659421912435,similar,364
taco,M2,M1,does the jointly adapted decoder improve on the previous z-mediated model?,part_h1_8,0.15630723839973684,0.15842491249134252,-0.0021176740916056948,-0.006758507133513137,0.0022227785750194473,-0.013367052304487904,0.013367052304487904,similar,364
taco,M2,M1,does the jointly adapted decoder improve on the previous z-mediated model?,part_h9_16,0.16512134099624806,0.16907051690741554,-0.003949175911167493,-0.00870010047568578,0.0010973474547751297,-0.023358158379145996,0.023358158379145996,similar,364
taco,M2,M1,does the jointly adapted decoder improve on the previous z-mediated model?,part_h17_32,0.18223443636568365,0.18621222950405553,-0.003977793138371883,-0.008147271727668621,-2.8229480720349765e-05,-0.021361610614759597,0.021361610614759597,better,364
taco,M2,M1,does the jointly adapted decoder improve on the previous z-mediated model?,part_h33_48,0.1804887862302936,0.1836366800407132,-0.003147893810419591,-0.007084293088111785,0.0005503330550445648,-0.01714196646182934,0.01714196646182934,similar,364
taco,M2,M1,does the jointly adapted decoder improve on the previous z-mediated model?,part_h49_63,0.1693833985417099,0.1746337038884451,-0.005250305346735231,-0.00918813970058953,-0.0013344191850423609,-0.030064673827734267,0.030064673827734267,better,364
taco,M2,M1,does the jointly adapted decoder improve on the previous z-mediated model?,amount_h1_8,0.2750715825009188,0.26555493185279067,0.009516650648128145,0.006169603057273295,0.012849295552617278,0.035836843931799624,-0.035836843931799624,worse,364
taco,M2,M1,does the jointly adapted decoder improve on the previous z-mediated model?,amount_h9_16,0.3624428909633035,0.3659389182142619,-0.0034960272509584225,-0.0077310930506644645,0.000557658834579767,-0.009553581422874114,0.009553581422874114,similar,364
taco,M2,M1,does the jointly adapted decoder improve on the previous z-mediated model?,amount_h17_32,0.4551009218543346,0.46103319653471714,-0.0059322746803825415,-0.009730866497328034,-0.00213545888495929,-0.012867348219112078,0.012867348219112078,similar,364
taco,M2,M1,does the jointly adapted decoder improve on the previous z-mediated model?,amount_h33_48,0.5080154671574876,0.5120937361437597,-0.0040782689862720834,-0.00740465110593223,-0.0005189908063698726,-0.007963911093665855,0.007963911093665855,similar,364
taco,M2,M1,does the jointly adapted decoder improve on the previous z-mediated model?,amount_h49_63,0.5238563109155158,0.5282449795226584,-0.004388668607142601,-0.008468406862963943,-7.864957325850962e-05,-0.008308017638157894,0.008308017638157894,similar,364
taco,M2,M1,does the jointly adapted decoder improve on the previous z-mediated model?,centroid_h1_8,0.27020779591752,0.29270060285506205,-0.022492806937541996,-0.031702384676414154,-0.013140584520051303,-0.0768457827491386,0.0768457827491386,better,363
taco,M2,M1,does the jointly adapted decoder improve on the previous z-mediated model?,centroid_h9_16,0.27258883914949644,0.27605738905751365,-0.0034685499080171376,-0.0099666345655403,0.0033641475263565443,-0.012564597237766753,0.012564597237766753,similar,349
taco,M2,M1,does the jointly adapted decoder improve on the previous z-mediated model?,centroid_h17_32,0.25310978271339474,0.25260732955221976,0.0005024531611749786,-0.004254550579344414,0.005141759035575054,0.001989068021365983,-0.001989068021365983,similar,362
taco,M2,M1,does the jointly adapted decoder improve on the previous z-mediated model?,centroid_h33_48,0.21437384942511153,0.212850307546152,0.0015235418789595573,-0.002968776310963654,0.007308879004613225,0.007157809150119316,-0.007157809150119316,similar,364
taco,M2,M1,does the jointly adapted decoder improve on the previous z-mediated model?,centroid_h49_63,0.21019145911446155,0.2116634604628556,-0.001472001348394064,-0.004585103135514023,0.0017668435212115255,-0.006954442420884366,0.006954442420884366,similar,364
taco,M2,M1,does the jointly adapted decoder improve on the previous z-mediated model?,normal_h1_8,48.22219559314071,50.5210922696338,-2.2988966764930834,-3.2949433512772743,-1.3154211883127693,-0.045503700993314786,0.045503700993314786,better,363
taco,M2,M1,does the jointly adapted decoder improve on the previous z-mediated model?,normal_h9_16,52.572613566832786,53.04987805207454,-0.4772644852417556,-1.3163966902609312,0.46655451775213347,-0.008996523701209375,0.008996523701209375,similar,349
taco,M2,M1,does the jointly adapted decoder improve on the previous z-mediated model?,normal_h17_32,51.6065576379831,51.299025109816405,0.30753252816669574,-0.21954138521445796,0.7564460701627981,0.005994900049432857,-0.005994900049432857,similar,362
taco,M2,M1,does the jointly adapted decoder improve on the previous z-mediated model?,normal_h33_48,49.38601329973731,49.33011191204789,0.055901387689414946,-0.48535506366427955,0.6495064459413805,0.001133210234533487,-0.001133210234533487,similar,364
taco,M2,M1,does the jointly adapted decoder improve on the previous z-mediated model?,normal_h49_63,50.36058053466184,50.31036514755648,0.050215387105364814,-0.29872566132247985,0.40946270512372396,0.000998112157566078,-0.000998112157566078,similar,364
taco,M2,M1,does the jointly adapted decoder improve on the previous z-mediated model?,wrench_h1_8,0.5638206999841359,0.5808775641484414,-0.01705686416430545,-0.029328467755189814,-0.00469072493008766,-0.029363957599757844,0.029363957599757844,better,364
taco,M2,M1,does the jointly adapted decoder improve on the previous z-mediated model?,wrench_h9_16,0.5274305203190187,0.5396761679667663,-0.012245647647747531,-0.024289602639835286,0.0008381214189442234,-0.02269073265525712,0.02269073265525712,similar,350
taco,M2,M1,does the jointly adapted decoder improve on the previous z-mediated model?,wrench_h17_32,0.5012767537975503,0.5031544042745817,-0.0018776504770313858,-0.008668097578043044,0.004799088465902922,-0.0037317580072432663,0.0037317580072432663,similar,362
taco,M2,M1,does the jointly adapted decoder improve on the previous z-mediated model?,wrench_h33_48,0.4275460852663161,0.4285153986099137,-0.0009693133435976602,-0.006016123240495701,0.004641281226912392,-0.002262026864710283,0.002262026864710283,similar,364
taco,M2,M1,does the jointly adapted decoder improve on the previous z-mediated model?,wrench_h49_63,0.39881596336738717,0.4007007087633006,-0.001884745395913417,-0.008353240233618083,0.004694002556341474,-0.004703623813719686,0.004703623813719686,similar,364
taco,M2,M0,does z mediation beat direct dense prediction once the decoder is adapted?,E_C,1.6978020245557304,1.700352207481206,-0.0025501829254758225,-0.0379191185129045,0.03774075732215627,-0.0014997968739979477,0.0014997968739979477,similar,364
taco,M2,M0,does z mediation beat direct dense prediction once the decoder is adapted?,E_C_last16,1.891131872618264,1.9784916624590592,-0.08735978984079518,-0.1389293554864017,-0.030251746277940694,-0.04415474247296855,0.04415474247296855,better,364
taco,M2,M0,does z mediation beat direct dense prediction once the decoder is adapted?,part_hamming,0.17326590335150097,0.18977122437618263,-0.016505321024681677,-0.02370223256297501,-0.009476137018897124,-0.08697483551016805,0.08697483551016805,better,364
taco,M2,M0,does z mediation beat direct dense prediction once the decoder is adapted?,amount_l1,0.4502829253714491,0.4543652038734693,-0.0040822785020202075,-0.011211665430847223,0.0030144717466072586,-0.008984575551161774,0.008984575551161774,similar,364
taco,M2,M0,does z mediation beat direct dense prediction once the decoder is adapted?,amount_rmse,0.009468060052713154,0.009471701598178678,-3.6415454655230702e-06,-0.00016728876266762998,0.00014564459064750934,-0.0003844658140648462,0.0003844658140648462,similar,364
taco,M2,M0,does z mediation beat direct dense prediction once the decoder is adapted?,centroid,0.22697889985987446,0.24584229048955572,-0.018863390629681256,-0.027467516996890366,-0.010549486669884681,-0.07672964074699198,0.07672964074699198,better,364
taco,M2,M0,does z mediation beat direct dense prediction once the decoder is adapted?,normal,50.09881518044315,51.59230439545034,-1.493489215007195,-2.1939193154884253,-0.7161730043946226,-0.028947906718020104,0.028947906718020104,better,364
taco,M2,M0,does z mediation beat direct dense prediction once the decoder is adapted?,centroid_both,0.10767669719388033,0.0992275150646302,0.008449182129250122,0.003118766250755892,0.013860722781241957,0.08514958904036735,-0.08514958904036735,worse,364
taco,M2,M0,does z mediation beat direct dense prediction once the decoder is adapted?,normal_both,40.46201277401421,39.414809009203545,1.047203764810667,0.028235610139861173,2.1782988984678004,0.026568789526955208,-0.026568789526955208,worse,364
taco,M2,M0,does z mediation beat direct dense prediction once the decoder is adapted?,both_frac,0.7929316615829101,0.7568080449364261,0.03612361664648403,0.02300122502797388,0.04923236632774528,0.047731544198263,-0.047731544198263,worse,364
taco,M2,M0,does z mediation beat direct dense prediction once the decoder is adapted?,q_rel_l1,0.4619381501042581,0.48118105096803915,-0.01924290086378108,-0.028164923349354835,-0.009336564755951338,-0.03999097808417071,0.03999097808417071,better,364
taco,M2,M0,does z mediation beat direct dense prediction once the decoder is adapted?,q_cos,0.8575896039850764,0.8233296810188792,0.034259922966197294,0.019440760266621625,0.04813241068556432,0.04161142705774955,0.04161142705774955,better,364
taco,M2,M0,does z mediation beat direct dense prediction once the decoder is adapted?,q_Qerr,0.34140214811150843,0.36730499055932514,-0.02590284244781667,-0.03638150245267163,-0.015132473917315578,-0.07052134632957834,0.07052134632957834,better,364
taco,M2,M0,does z mediation beat direct dense prediction once the decoder is adapted?,q_rel_l1_vs_grid,0.25843392963423417,0.27112114920605035,-0.012687219571816163,-0.027164169114246912,0.003947048792805095,-0.04679538873661957,0.04679538873661957,similar,362
taco,M2,M0,does z mediation beat direct dense prediction once the decoder is adapted?,part_hamming_vs_grid,0.0977745884568891,0.10943951186017839,-0.011664923403289292,-0.0186511219584088,-0.004413912254697237,-0.10658786031678008,0.10658786031678008,better,364
taco,M2,M0,does z mediation beat direct dense prediction once the decoder is adapted?,amount_l1_vs_grid,0.21708940391705095,0.21661983629698855,0.0004695676200624023,-0.005590208676506424,0.006492594777687681,0.002167703697359549,-0.002167703697359549,similar,364
taco,M2,M0,does z mediation beat direct dense prediction once the decoder is adapted?,centroid_vs_grid,0.05727061167791752,0.051922681756448104,0.005347929921469416,0.00068660539686327,0.010455145625876305,0.10299795273585372,-0.10299795273585372,worse,364
taco,M2,M0,does z mediation beat direct dense prediction once the decoder is adapted?,normal_vs_grid,10.503559364087797,10.106762332923628,0.3967970311641693,-0.5349896576711665,1.4545903811339587,0.0392605483431197,-0.0392605483431197,similar,364
taco,M2,M0,does z mediation beat direct dense prediction once the decoder is adapted?,jitter_dense,0.20940081052645876,0.2028724224828593,0.006528388043599469,0.00029318496285004225,0.012747769292467917,0.03217977073325998,-0.03217977073325998,worse,364
taco,M2,M0,does z mediation beat direct dense prediction once the decoder is adapted?,tv_dense,12.982850625619783,12.578090577990144,0.40476004762963935,0.018177442987010874,0.790361736527103,0.032179768870317364,-0.032179768870317364,worse,364
taco,M2,M0,does z mediation beat direct dense prediction once the decoder is adapted?,jitter_r2,1.0877698194542593,1.0537684453385217,0.03400137411573759,0.01654064595156899,0.05272835659287806,0.032266456892068626,-0.032266456892068626,worse,364
taco,M2,M0,does z mediation beat direct dense prediction once the decoder is adapted?,jitter_dev_dense,0.12294760589989331,0.12275529301796968,0.00019231288192363887,-0.004266828227601787,0.004718254836513539,0.0015666361685559816,-0.0015666361685559816,similar,364
taco,M2,M0,does z mediation beat direct dense prediction once the decoder is adapted?,jitter_dev_r2,0.10833251218383129,0.12472521903627849,-0.0163927068524472,-0.03075678962618209,-0.0029665780058907693,-0.13143057177297157,0.13143057177297157,better,364
taco,M2,M0,does z mediation beat direct dense prediction once the decoder is adapted?,E_C_h1_8,1.1002284821486203,0.8061877320079864,0.2940407501406338,0.24384775112041449,0.34751348453150066,0.3647298742791101,-0.3647298742791101,worse,364
taco,M2,M0,does z mediation beat direct dense prediction once the decoder is adapted?,E_C_h9_16,1.427167539484799,1.3374427111517475,0.08972482833305148,0.04437936007371606,0.13547779149384595,0.0670868573172636,-0.0670868573172636,worse,364
taco,M2,M0,does z mediation beat direct dense prediction once the decoder is adapted?,E_C_h17_32,1.7596307668328326,1.798204067245044,-0.038573300412211284,-0.08461449189409423,0.009841928963465514,-0.021451013883706696,0.021451013883706696,similar,364
taco,M2,M0,does z mediation beat direct dense prediction once the decoder is adapted?,E_C_h33_48,1.8921391849296045,1.9715936577080615,-0.07945447277845713,-0.13027479275384474,-0.02672491296310724,-0.040299618771761206,0.040299618771761206,better,364
taco,M2,M0,does z mediation beat direct dense prediction once the decoder is adapted?,E_C_h49_63,1.8876022496775833,1.9770917026660382,-0.08948945298845515,-0.1402403592008759,-0.03233596190745751,-0.045263177660288485,0.045263177660288485,better,364
taco,M2,M0,does z mediation beat direct dense prediction once the decoder is adapted?,part_h1_8,0.15630723839973684,0.13747710966924717,0.018830128730489656,0.010275421485874167,0.026962557417681072,0.13696919273173988,-0.13696919273173988,worse,364
taco,M2,M0,does z mediation beat direct dense prediction once the decoder is adapted?,part_h9_16,0.16512134099624806,0.16225961914060863,0.002861721855639429,-0.0048257210868590346,0.011630533249710553,0.017636685398352617,-0.017636685398352617,similar,364
taco,M2,M0,does z mediation beat direct dense prediction once the decoder is adapted?,part_h17_32,0.18223443636568365,0.19757326470514003,-0.015338828339456366,-0.023874214481189242,-0.006708000724382036,-0.07763615366860573,0.07763615366860573,better,364
taco,M2,M0,does z mediation beat direct dense prediction once the decoder is adapted?,part_h33_48,0.1804887862302936,0.2077896110815825,-0.027300824851288902,-0.03830179384536382,-0.01779268124486079,-0.13138686149506307,0.13138686149506307,better,364
taco,M2,M0,does z mediation beat direct dense prediction once the decoder is adapted?,part_h49_63,0.1693833985417099,0.2047924344929365,-0.035409035951226624,-0.046385327292073675,-0.02404280281823099,-0.1729020705227659,0.1729020705227659,better,364
taco,M2,M0,does z mediation beat direct dense prediction once the decoder is adapted?,amount_h1_8,0.2750715825009188,0.2686724853940157,0.006399097106903075,-0.0006084704697752519,0.013233002635790159,0.023817463472370907,-0.023817463472370907,similar,364
taco,M2,M0,does z mediation beat direct dense prediction once the decoder is adapted?,amount_h9_16,0.3624428909633035,0.3609344336572986,0.001508457306004897,-0.0061112987231665555,0.009489318744464575,0.004179311158317337,-0.004179311158317337,similar,364
taco,M2,M0,does z mediation beat direct dense prediction once the decoder is adapted?,amount_h17_32,0.4551009218543346,0.45909846320704834,-0.003997541352713757,-0.012044785283855417,0.0036359251419011145,-0.008707372542240268,0.008707372542240268,similar,364
taco,M2,M0,does z mediation beat direct dense prediction once the decoder is adapted?,amount_h33_48,0.5080154671574876,0.5166205656003133,-0.008605098442825653,-0.018528108951636302,0.0009737242076679363,-0.016656515469581676,0.016656515469581676,similar,364
taco,M2,M0,does z mediation beat direct dense prediction once the decoder is adapted?,amount_h49_63,0.5238563109155158,0.5317764268526227,-0.007920115937106996,-0.01954229416861947,0.0031244407957178454,-0.014893695051476941,0.014893695051476941,similar,364
taco,M2,M0,does z mediation beat direct dense prediction once the decoder is adapted?,centroid_h1_8,0.27020779591752,0.24697192753149888,0.02323586838602117,0.010101425604201728,0.03553891288101864,0.0940830345305446,-0.0940830345305446,worse,363
taco,M2,M0,does z mediation beat direct dense prediction once the decoder is adapted?,centroid_h9_16,0.27258883914949644,0.2654395973484887,0.007149241801007831,-0.006765383928598162,0.020169820629646406,0.026933591944919122,-0.026933591944919122,similar,349
taco,M2,M0,does z mediation beat direct dense prediction once the decoder is adapted?,centroid_h17_32,0.25310978271339474,0.2745664600095982,-0.02145667729620348,-0.032884585526110593,-0.009755834299486479,-0.07814748128905986,0.07814748128905986,better,362
taco,M2,M0,does z mediation beat direct dense prediction once the decoder is adapted?,centroid_h33_48,0.21437384942511153,0.2383923034716566,-0.02401845404654505,-0.03395972724490816,-0.014867841859484575,-0.10075180153372988,0.10075180153372988,better,364
taco,M2,M0,does z mediation beat direct dense prediction once the decoder is adapted?,centroid_h49_63,0.21019145911446155,0.2371508036592945,-0.02695934454483297,-0.03648408523895031,-0.017601426688532717,-0.11368017366521106,0.11368017366521106,better,364
taco,M2,M0,does z mediation beat direct dense prediction once the decoder is adapted?,normal_h1_8,48.22219559314071,46.10855940086653,2.113636192274183,0.804281495970798,3.465506669946928,0.0458404300576448,-0.0458404300576448,worse,363
taco,M2,M0,does z mediation beat direct dense prediction once the decoder is adapted?,normal_h9_16,52.572613566832786,51.910539226616265,0.6620743402165166,-0.5001236384725986,1.8017530384915914,0.012754141068082933,-0.012754141068082933,similar,349
taco,M2,M0,does z mediation beat direct dense prediction once the decoder is adapted?,normal_h17_32,51.6065576379831,53.3698440320443,-1.7632863940611951,-2.777754798553238,-0.6572484544424643,-0.033039002193869696,0.033039002193869696,better,362
taco,M2,M0,does z mediation beat direct dense prediction once the decoder is adapted?,normal_h33_48,49.38601329973731,51.75693109990145,-2.370917800164144,-3.234919387737689,-1.3927955640033212,-0.04580870136190626,0.04580870136190626,better,364
taco,M2,M0,does z mediation beat direct dense prediction once the decoder is adapted?,normal_h49_63,50.36058053466184,52.517537300807994,-2.156956766146147,-3.0301254786865246,-1.2091844657718165,-0.04107117121261057,0.04107117121261057,better,364
taco,M2,M0,does z mediation beat direct dense prediction once the decoder is adapted?,wrench_h1_8,0.5638206999841359,0.5303677001783991,0.03345299980573674,0.018623022596360644,0.04882415781215886,0.06307510769318003,-0.06307510769318003,worse,364
taco,M2,M0,does z mediation beat direct dense prediction once the decoder is adapted?,wrench_h9_16,0.5274305203190187,0.5260551532088861,0.0013753671101326115,-0.01781409935805713,0.02425806629614553,0.0026144922290809317,-0.0026144922290809317,similar,350
taco,M2,M0,does z mediation beat direct dense prediction once the decoder is adapted?,wrench_h17_32,0.5012767537975503,0.5309874070159738,-0.029710653218423456,-0.042237954411204134,-0.01609512653966469,-0.055953592921139966,0.055953592921139966,better,362
taco,M2,M0,does z mediation beat direct dense prediction once the decoder is adapted?,wrench_h33_48,0.4275460852663161,0.4543941991791049,-0.026848113912788893,-0.03928351301551601,-0.01441442515777621,-0.05908551200981857,0.05908551200981857,better,364
taco,M2,M0,does z mediation beat direct dense prediction once the decoder is adapted?,wrench_h49_63,0.39881596336738717,0.4344064269000435,-0.03559046353265635,-0.046613092651142024,-0.02400158006677301,-0.08192895254021111,0.08192895254021111,better,364
taco,M1,M0,"the previous Stage-2 comparison (B1 vs B0), reproduced from the stored metrics",E_C,1.7317861767669955,1.700352207481206,0.031433969285789426,-0.008829891883786155,0.07580962459640529,0.01848674006919644,-0.01848674006919644,similar,364
taco,M1,M0,"the previous Stage-2 comparison (B1 vs B0), reproduced from the stored metrics",E_C_last16,1.9216169217949386,1.9784916624590592,-0.05687474066412056,-0.11048730641894108,0.004549332309997161,-0.02874651520817185,0.02874651520817185,similar,364
taco,M1,M0,"the previous Stage-2 comparison (B1 vs B0), reproduced from the stored metrics",part_hamming,0.17709606810943684,0.18977122437618263,-0.012675156266745794,-0.020223016399589618,-0.0048121823430821165,-0.0667917715576303,0.0667917715576303,better,364
taco,M1,M0,"the previous Stage-2 comparison (B1 vs B0), reproduced from the stored metrics",amount_l1,0.45310568187262984,0.4543652038734693,-0.001259522000839422,-0.00821249717369849,0.005968533670886986,-0.0027720476614449797,0.0027720476614449797,similar,364
taco,M1,M0,"the previous Stage-2 comparison (B1 vs B0), reproduced from the stored metrics",amount_rmse,0.009514333971950052,0.009471701598178678,4.263237377137437e-05,-0.00012649810368612225,0.00020366558894191798,0.004501025853640933,-0.004501025853640933,similar,364
taco,M1,M0,"the previous Stage-2 comparison (B1 vs B0), reproduced from the stored metrics",centroid,0.22865129808721307,0.24584229048955572,-0.01719099240234265,-0.02596927261923948,-0.008660402235787016,-0.06992691277041688,0.06992691277041688,better,364
taco,M1,M0,"the previous Stage-2 comparison (B1 vs B0), reproduced from the stored metrics",normal,50.189081371485535,51.59230439545034,-1.4032230239648085,-2.132159763582317,-0.611109233049901,-0.0271983009948389,0.0271983009948389,better,364
taco,M1,M0,"the previous Stage-2 comparison (B1 vs B0), reproduced from the stored metrics",centroid_both,0.10754718356714635,0.0992275150646302,0.008319668502516144,0.0021978431842368867,0.01406501990234245,0.08384437015375489,-0.08384437015375489,worse,364
taco,M1,M0,"the previous Stage-2 comparison (B1 vs B0), reproduced from the stored metrics",normal_both,40.31036776369745,39.414809009203545,0.895558754493902,-0.18346544887569444,2.0805393981190528,0.022721377497599563,-0.022721377497599563,similar,364
taco,M1,M0,"the previous Stage-2 comparison (B1 vs B0), reproduced from the stored metrics",both_frac,0.7893774998425455,0.7568080449364261,0.03256945490611942,0.018351774107949827,0.045900190588924646,0.043035291609321284,-0.043035291609321284,worse,364
taco,M1,M0,"the previous Stage-2 comparison (B1 vs B0), reproduced from the stored metrics",q_rel_l1,0.4655490345270424,0.48118105096803915,-0.01563201644099676,-0.024342454955034728,-0.006335117361139059,-0.032486766487475546,0.032486766487475546,better,364
taco,M1,M0,"the previous Stage-2 comparison (B1 vs B0), reproduced from the stored metrics",q_cos,0.8533479305659677,0.8233296810188792,0.030018249547088538,0.014616359815238834,0.04381625190761819,0.03645957414038643,0.03645957414038643,better,364
taco,M1,M0,"the previous Stage-2 comparison (B1 vs B0), reproduced from the stored metrics",q_Qerr,0.34555987975877395,0.36730499055932514,-0.02174511080055119,-0.03249190501103896,-0.011142436417063613,-0.059201784237775106,0.059201784237775106,better,364
taco,M1,M0,"the previous Stage-2 comparison (B1 vs B0), reproduced from the stored metrics",q_rel_l1_vs_grid,0.25986332703736814,0.27112114920605035,-0.011257822168682244,-0.025094234545110027,0.00264415437603023,-0.041523216472228695,0.041523216472228695,similar,362
taco,M1,M0,"the previous Stage-2 comparison (B1 vs B0), reproduced from the stored metrics",part_hamming_vs_grid,0.10086343163665343,0.10943951186017839,-0.008576080223524964,-0.016171841136600897,-0.0007568608555726586,-0.07836365566470999,0.07836365566470999,better,364
taco,M1,M0,"the previous Stage-2 comparison (B1 vs B0), reproduced from the stored metrics",amount_l1_vs_grid,0.2224905019482741,0.21661983629698855,0.00587066565128555,-0.00017430442645034348,0.012441516871575077,0.027101237595050127,-0.027101237595050127,similar,364
taco,M1,M0,"the previous Stage-2 comparison (B1 vs B0), reproduced from the stored metrics",centroid_vs_grid,0.05899363218014804,0.051922681756448104,0.007070950423699937,0.0023605884531289574,0.012189763548317805,0.13618230385070237,-0.13618230385070237,worse,364
taco,M1,M0,"the previous Stage-2 comparison (B1 vs B0), reproduced from the stored metrics",normal_vs_grid,10.534801402262278,10.106762332923628,0.4280390693386505,-0.4567294353056331,1.2713601569286417,0.04235174977294927,-0.04235174977294927,similar,364
taco,M1,M0,"the previous Stage-2 comparison (B1 vs B0), reproduced from the stored metrics",jitter_dense,0.15689059486100962,0.2028724224828593,-0.045981827621849686,-0.050501593979011127,-0.04139706464468318,-0.22665390918637396,0.22665390918637396,better,364
taco,M1,M0,"the previous Stage-2 comparison (B1 vs B0), reproduced from the stored metrics",tv_dense,9.727217140433552,12.578090577990144,-2.850873437556592,-3.1310989134570666,-2.5666181128277565,-0.2266539122039089,0.2266539122039089,better,364
taco,M1,M0,"the previous Stage-2 comparison (B1 vs B0), reproduced from the stored metrics",jitter_r2,1.06546341541868,1.0537684453385217,0.011694970080158212,-0.005308290181066297,0.0295131554759429,0.011098235226052171,-0.011098235226052171,similar,364
taco,M1,M0,"the previous Stage-2 comparison (B1 vs B0), reproduced from the stored metrics",jitter_dev_dense,0.1606895056972792,0.12275529301796968,0.037934212679309506,0.03309492441465976,0.04289590253111493,0.30902303067091746,-0.30902303067091746,worse,364
taco,M1,M0,"the previous Stage-2 comparison (B1 vs B0), reproduced from the stored metrics",jitter_dev_r2,0.11621731758158613,0.12472521903627849,-0.008507901454692358,-0.022933756893765877,0.006699603460425498,-0.06821316106262108,0.06821316106262108,similar,364
taco,M1,M0,"the previous Stage-2 comparison (B1 vs B0), reproduced from the stored metrics",E_C_h1_8,1.1460665571400999,0.8061877320079864,0.3398788251321133,0.28623174382286837,0.39788816648590586,0.42158769184637795,-0.42158769184637795,worse,364
taco,M1,M0,"the previous Stage-2 comparison (B1 vs B0), reproduced from the stored metrics",E_C_h9_16,1.46003304889354,1.3374427111517475,0.12259033774179252,0.07573935938693806,0.1771007789127726,0.09166025334739239,-0.09166025334739239,worse,364
taco,M1,M0,"the previous Stage-2 comparison (B1 vs B0), reproduced from the stored metrics",E_C_h17_32,1.7952021718982116,1.798204067245044,-0.003001895346832308,-0.05613781804062393,0.05380372433305829,-0.001669385250268837,0.001669385250268837,similar,364
taco,M1,M0,"the previous Stage-2 comparison (B1 vs B0), reproduced from the stored metrics",E_C_h33_48,1.9212014032425462,1.9715936577080615,-0.05039225446551547,-0.10288272964441145,0.0070599380981473305,-0.025559148188828863,0.025559148188828863,similar,364
taco,M1,M0,"the previous Stage-2 comparison (B1 vs B0), reproduced from the stored metrics",E_C_h49_63,1.919417866521375,1.9770917026660382,-0.057673836144663045,-0.11177487336357159,0.003404682359657642,-0.029171047588178088,0.029171047588178088,similar,364
taco,M1,M0,"the previous Stage-2 comparison (B1 vs B0), reproduced from the stored metrics",part_h1_8,0.15842491249134252,0.13747710966924717,0.02094780282209535,0.013092183690211485,0.029122961987050403,0.1523730232072318,-0.1523730232072318,worse,364
taco,M1,M0,"the previous Stage-2 comparison (B1 vs B0), reproduced from the stored metrics",part_h9_16,0.16907051690741554,0.16225961914060863,0.006810897766806922,-0.0015437528386221516,0.01651908281395627,0.041975309709711764,-0.041975309709711764,similar,364
taco,M1,M0,"the previous Stage-2 comparison (B1 vs B0), reproduced from the stored metrics",part_h17_32,0.18621222950405553,0.19757326470514003,-0.011361035201084483,-0.020834069701191157,-0.0010699612595961585,-0.05750289756075948,0.05750289756075948,better,364
taco,M1,M0,"the previous Stage-2 comparison (B1 vs B0), reproduced from the stored metrics",part_h33_48,0.1836366800407132,0.2077896110815825,-0.02415293104086931,-0.03464598405261919,-0.014172292442196347,-0.11623743321501463,0.11623743321501463,better,364
taco,M1,M0,"the previous Stage-2 comparison (B1 vs B0), reproduced from the stored metrics",part_h49_63,0.1746337038884451,0.2047924344929365,-0.030158730604491393,-0.0415014113837048,-0.019112034774525565,-0.14726486688418952,0.14726486688418952,better,364
taco,M1,M0,"the previous Stage-2 comparison (B1 vs B0), reproduced from the stored metrics",amount_h1_8,0.26555493185279067,0.2686724853940157,-0.003117553541225069,-0.010420882325568709,0.004506576670415193,-0.011603545992635194,0.011603545992635194,similar,364
taco,M1,M0,"the previous Stage-2 comparison (B1 vs B0), reproduced from the stored metrics",amount_h9_16,0.3659389182142619,0.3609344336572986,0.005004484556963319,-0.002948206132059311,0.012995007791251678,0.013865356392443831,-0.013865356392443831,similar,364
taco,M1,M0,"the previous Stage-2 comparison (B1 vs B0), reproduced from the stored metrics",amount_h17_32,0.46103319653471714,0.45909846320704834,0.0019347333276687846,-0.006586847657716361,0.009811740997180324,0.004214201272105416,-0.004214201272105416,similar,364
taco,M1,M0,"the previous Stage-2 comparison (B1 vs B0), reproduced from the stored metrics",amount_h33_48,0.5120937361437597,0.5166205656003133,-0.00452682945655357,-0.014436919757669937,0.005535522725466825,-0.008762387248934606,0.008762387248934606,similar,364
taco,M1,M0,"the previous Stage-2 comparison (B1 vs B0), reproduced from the stored metrics",amount_h49_63,0.5282449795226584,0.5317764268526227,-0.003531447329964397,-0.014957929737780009,0.008882497589270857,-0.0066408497098407624,0.0066408497098407624,similar,364
taco,M1,M0,"the previous Stage-2 comparison (B1 vs B0), reproduced from the stored metrics",centroid_h1_8,0.29270060285506205,0.24697192753149888,0.045728675323563166,0.029800045457718378,0.05931223700471611,0.18515738116726208,-0.18515738116726208,worse,363
taco,M1,M0,"the previous Stage-2 comparison (B1 vs B0), reproduced from the stored metrics",centroid_h9_16,0.27605738905751365,0.2654395973484887,0.010617791709024967,-0.0027451536617975588,0.024569706696042165,0.04000078290913449,-0.04000078290913449,similar,349
taco,M1,M0,"the previous Stage-2 comparison (B1 vs B0), reproduced from the stored metrics",centroid_h17_32,0.25260732955221976,0.2745664600095982,-0.02195913045737846,-0.034885209071156185,-0.008637649926621489,-0.07997746868503464,0.07997746868503464,better,362
taco,M1,M0,"the previous Stage-2 comparison (B1 vs B0), reproduced from the stored metrics",centroid_h33_48,0.212850307546152,0.2383923034716566,-0.02554199592550461,-0.03519320020068395,-0.015569966005252754,-0.10714270365922865,0.10714270365922865,better,364
taco,M1,M0,"the previous Stage-2 comparison (B1 vs B0), reproduced from the stored metrics",centroid_h49_63,0.2116634604628556,0.2371508036592945,-0.0254873431964389,-0.03532819903622892,-0.01554541159520061,-0.10747314705732809,0.10747314705732809,better,364
taco,M1,M0,"the previous Stage-2 comparison (B1 vs B0), reproduced from the stored metrics",normal_h1_8,50.5210922696338,46.10855940086653,4.412532868767266,2.8662205199633544,5.951738892213627,0.09569877970822788,-0.09569877970822788,worse,363
taco,M1,M0,"the previous Stage-2 comparison (B1 vs B0), reproduced from the stored metrics",normal_h9_16,53.04987805207454,51.910539226616265,1.139338825458272,-0.2951203934786539,2.5516991452468414,0.021948121565150202,-0.021948121565150202,similar,349
taco,M1,M0,"the previous Stage-2 comparison (B1 vs B0), reproduced from the stored metrics",normal_h17_32,51.299025109816405,53.3698440320443,-2.0708189222278905,-3.2371412639226036,-0.8279508007362248,-0.0388012923737332,0.0388012923737332,better,362
taco,M1,M0,"the previous Stage-2 comparison (B1 vs B0), reproduced from the stored metrics",normal_h33_48,49.33011191204789,51.75693109990145,-2.426819187853559,-3.3730938630450256,-1.4552315987356894,-0.04688877675473652,0.04688877675473652,better,364
taco,M1,M0,"the previous Stage-2 comparison (B1 vs B0), reproduced from the stored metrics",normal_h49_63,50.31036514755648,52.517537300807994,-2.207172153251512,-3.08071925745386,-1.3113562221436377,-0.04202733537578796,0.04202733537578796,better,364
taco,M1,M0,"the previous Stage-2 comparison (B1 vs B0), reproduced from the stored metrics",wrench_h1_8,0.5808775641484414,0.5303677001783991,0.05050986397004219,0.03361190713986131,0.06838802703117494,0.09523555818548575,-0.09523555818548575,worse,364
taco,M1,M0,"the previous Stage-2 comparison (B1 vs B0), reproduced from the stored metrics",wrench_h9_16,0.5396761679667663,0.5260551532088861,0.013621014757880147,-0.007022558288276763,0.03740257610602084,0.02589275036047696,-0.02589275036047696,similar,350
taco,M1,M0,"the previous Stage-2 comparison (B1 vs B0), reproduced from the stored metrics",wrench_h17_32,0.5031544042745817,0.5309874070159738,-0.02783300274139207,-0.04123575971437592,-0.01392927640787372,-0.05241744413075085,0.05241744413075085,better,362
taco,M1,M0,"the previous Stage-2 comparison (B1 vs B0), reproduced from the stored metrics",wrench_h33_48,0.4285153986099137,0.4543941991791049,-0.025878800569191233,-0.037460282298242865,-0.014146364486334658,-0.05695231280668439,0.05695231280668439,better,364
taco,M1,M0,"the previous Stage-2 comparison (B1 vs B0), reproduced from the stored metrics",wrench_h49_63,0.4007007087633006,0.4344064269000435,-0.03370571813674294,-0.04573620407911561,-0.021282633500590425,-0.07759028423513309,0.07759028423513309,better,364
taco,M2_seltotal,M2,selection sensitivity: the state at the minimum full objective vs the state at the minimum validation L_C,E_C,1.723772092712122,1.6978020245557304,0.02597006815639171,0.010164338877923194,0.04259012893672643,0.015296287659444503,-0.015296287659444503,similar,364
taco,M2_seltotal,M2,selection sensitivity: the state at the minimum full objective vs the state at the minimum validation L_C,E_C_last16,1.9155084039238128,1.891131872618264,0.02437653130554891,0.00017080047067506967,0.05054707414790668,0.012889916170573397,-0.012889916170573397,similar,364
taco,M2_seltotal,M2,selection sensitivity: the state at the minimum full objective vs the state at the minimum validation L_C,part_hamming,0.17639108528997136,0.17326590335150097,0.0031251819384703924,0.0007414809717478354,0.005797350373137792,0.018036912502804432,-0.018036912502804432,similar,364
taco,M2_seltotal,M2,selection sensitivity: the state at the minimum full objective vs the state at the minimum validation L_C,amount_l1,0.4519909823947883,0.4502829253714491,0.0017080570233392193,-0.0007705022396789836,0.004245476359682069,0.0037932973406224597,-0.0037932973406224597,similar,364
taco,M2_seltotal,M2,selection sensitivity: the state at the minimum full objective vs the state at the minimum validation L_C,amount_rmse,0.009503147317605749,0.009468060052713154,3.508726489259401e-05,-2.486212881872116e-05,9.443506699064303e-05,0.003705855761079531,-0.003705855761079531,similar,364
taco,M2_seltotal,M2,selection sensitivity: the state at the minimum full objective vs the state at the minimum validation L_C,centroid,0.22847060236957048,0.22697889985987446,0.001491702509696012,-0.0016899473467785915,0.004290292505098275,0.0065719875751310605,-0.0065719875751310605,similar,364
taco,M2_seltotal,M2,selection sensitivity: the state at the minimum full objective vs the state at the minimum validation L_C,normal,50.17952683862749,50.09881518044315,0.08071165818434495,-0.26664028116717436,0.378547029398583,0.0016110492412573462,-0.0016110492412573462,similar,364
taco,M2_seltotal,M2,selection sensitivity: the state at the minimum full objective vs the state at the minimum validation L_C,centroid_both,0.10801131256784384,0.10767669719388033,0.0003346153739635106,-0.0014413994652945,0.0019505473581894772,0.003107593218252315,-0.003107593218252315,similar,364
taco,M2_seltotal,M2,selection sensitivity: the state at the minimum full objective vs the state at the minimum validation L_C,normal_both,40.37112523009489,40.46201277401421,-0.09088754391932226,-0.444879198954437,0.2269590834815569,-0.0022462437651567515,0.0022462437651567515,similar,364
taco,M2_seltotal,M2,selection sensitivity: the state at the minimum full objective vs the state at the minimum validation L_C,both_frac,0.7894701237117381,0.7929316615829101,-0.003461537871172058,-0.008013258722847373,0.0010941999820071044,-0.0043654933191365755,0.0043654933191365755,similar,364
taco,M2_seltotal,M2,selection sensitivity: the state at the minimum full objective vs the state at the minimum validation L_C,q_rel_l1,0.46671754842276103,0.4619381501042581,0.0047793983185029296,0.0007294030755609668,0.008728640601087455,0.010346403122202037,-0.010346403122202037,similar,364
taco,M2_seltotal,M2,selection sensitivity: the state at the minimum full objective vs the state at the minimum validation L_C,q_cos,0.8519571800767393,0.8575896039850764,-0.005632423908337132,-0.011114212616312596,0.00020163302656950107,-0.006567738090765319,-0.006567738090765319,similar,364
taco,M2_seltotal,M2,selection sensitivity: the state at the minimum full objective vs the state at the minimum validation L_C,q_Qerr,0.3460399088869383,0.34140214811150843,0.004637760775429862,-0.00046104381390903865,0.0095361103397191,0.013584451067704124,-0.013584451067704124,similar,364
taco,M2_seltotal,M2,selection sensitivity: the state at the minimum full objective vs the state at the minimum validation L_C,q_rel_l1_vs_grid,0.26343121586202833,0.25843392963423417,0.004997286227794148,-0.0037229920965084623,0.013315495066199525,0.01933680393618164,-0.01933680393618164,similar,362
taco,M2_seltotal,M2,selection sensitivity: the state at the minimum full objective vs the state at the minimum validation L_C,part_hamming_vs_grid,0.10047823434777475,0.0977745884568891,0.002703645890885657,0.0002487943869553651,0.005511965979657282,0.02765182583282109,-0.02765182583282109,worse,364
taco,M2_seltotal,M2,selection sensitivity: the state at the minimum full objective vs the state at the minimum validation L_C,amount_l1_vs_grid,0.22131992683612875,0.21708940391705095,0.004230522919077794,0.0016030832381724038,0.006970733241646386,0.019487468493369034,-0.019487468493369034,similar,364
taco,M2_seltotal,M2,selection sensitivity: the state at the minimum full objective vs the state at the minimum validation L_C,centroid_vs_grid,0.05805835220610958,0.05727061167791752,0.0007877405281920641,-0.0007906139785255453,0.0023194247215627835,0.013754707783150886,-0.013754707783150886,similar,364
taco,M2_seltotal,M2,selection sensitivity: the state at the minimum full objective vs the state at the minimum validation L_C,normal_vs_grid,10.517003291665198,10.503559364087797,0.013443927577399945,-0.4409097112926748,0.4088564458400746,0.0012799401718397877,-0.0012799401718397877,similar,364
taco,M2_seltotal,M2,selection sensitivity: the state at the minimum full objective vs the state at the minimum validation L_C,jitter_dense,0.15733387523873166,0.20940081052645876,-0.05206693528772711,-0.056776886394871995,-0.04764533580327315,-0.24864724810197528,0.24864724810197528,better,364
taco,M2_seltotal,M2,selection sensitivity: the state at the minimum full objective vs the state at the minimum validation L_C,tv_dense,9.754700606995886,12.982850625619783,-3.228150018623897,-3.5201670201609243,-2.954010834828632,-0.24864724332987462,0.24864724332987462,better,364
taco,M2_seltotal,M2,selection sensitivity: the state at the minimum full objective vs the state at the minimum validation L_C,jitter_r2,1.0646134046018942,1.0877698194542593,-0.023156414852365033,-0.033257547722618935,-0.013864041330381494,-0.02128797328094904,0.02128797328094904,better,364
taco,M2_seltotal,M2,selection sensitivity: the state at the minimum full objective vs the state at the minimum validation L_C,jitter_dev_dense,0.16005729898237264,0.12294760589989331,0.03710969308247933,0.03297035199347171,0.041693693829541106,0.3018333932642403,-0.3018333932642403,worse,364
taco,M2_seltotal,M2,selection sensitivity: the state at the minimum full objective vs the state at the minimum validation L_C,jitter_dev_r2,0.11436341035660806,0.10833251218383129,0.006030898172776778,-0.0014322640737299169,0.013579885077090629,0.055670251258854254,-0.055670251258854254,similar,364
taco,M2_seltotal,M2,selection sensitivity: the state at the minimum full objective vs the state at the minimum validation L_C,E_C_h1_8,1.1364721551148609,1.1002284821486203,0.03624367296624069,0.01859958333636808,0.05403521509674777,0.0329419511985919,-0.0329419511985919,worse,364
taco,M2_seltotal,M2,selection sensitivity: the state at the minimum full objective vs the state at the minimum validation L_C,E_C_h9_16,1.449872101323198,1.427167539484799,0.022704561838399168,0.0014481933251254153,0.044687034608278595,0.01590882724714676,-0.01590882724714676,similar,364
taco,M2_seltotal,M2,selection sensitivity: the state at the minimum full objective vs the state at the minimum validation L_C,E_C_h17_32,1.786940904266385,1.7596307668328326,0.027310137433552564,0.00534013180757159,0.05240787005934203,0.015520379586626689,-0.015520379586626689,similar,364
taco,M2_seltotal,M2,selection sensitivity: the state at the minimum full objective vs the state at the minimum validation L_C,E_C_h33_48,1.9134036294097634,1.8921391849296045,0.02126444448015888,-0.0007105205671010891,0.04401386812518595,0.011238308814449084,-0.011238308814449084,similar,364
taco,M2_seltotal,M2,selection sensitivity: the state at the minimum full objective vs the state at the minimum validation L_C,E_C_h49_63,1.9134245864419275,1.8876022496775833,0.025822336764344356,0.0015281617816003932,0.052301314158721385,0.013679967148139925,-0.013679967148139925,similar,364
taco,M2_seltotal,M2,selection sensitivity: the state at the minimum full objective vs the state at the minimum validation L_C,part_h1_8,0.15888278791680932,0.15630723839973684,0.0025755495170724915,-0.001819846786520507,0.006870507795113888,0.01647748078362075,-0.01647748078362075,similar,364
taco,M2_seltotal,M2,selection sensitivity: the state at the minimum full objective vs the state at the minimum validation L_C,part_h9_16,0.1697000956705229,0.16512134099624806,0.0045787546742748425,0.0002876885554486797,0.00900182537428837,0.027729635955287466,-0.027729635955287466,worse,364
taco,M2_seltotal,M2,selection sensitivity: the state at the minimum full objective vs the state at the minimum validation L_C,part_h17_32,0.1847813686171731,0.18223443636568365,0.0025469322514894244,-0.0013057204691273336,0.006715845747318566,0.013976130430027956,-0.013976130430027956,similar,364
taco,M2_seltotal,M2,selection sensitivity: the state at the minimum full objective vs the state at the minimum validation L_C,part_h33_48,0.18280678069229228,0.1804887862302936,0.002317994461998671,-0.0016338742068978639,0.006348243195359471,0.012842872459904738,-0.012842872459904738,similar,364
taco,M2_seltotal,M2,selection sensitivity: the state at the minimum full objective vs the state at the minimum validation L_C,part_h49_63,0.17350427769260965,0.1693833985417099,0.004120879150899775,-9.135113130622772e-05,0.008508583009795874,0.024328707455264737,-0.024328707455264737,similar,364
taco,M2_seltotal,M2,selection sensitivity: the state at the minimum full objective vs the state at the minimum validation L_C,amount_h1_8,0.26581178662804683,0.2750715825009188,-0.009259795872871969,-0.01216797467344609,-0.006327451745127586,-0.03366322245534411,0.03366322245534411,better,364
taco,M2_seltotal,M2,selection sensitivity: the state at the minimum full objective vs the state at the minimum validation L_C,amount_h9_16,0.3647569711617537,0.3624428909633035,0.0023140801984502086,-0.0011467511922173144,0.005986047146780921,0.0063846753685796636,-0.0063846753685796636,similar,364
taco,M2_seltotal,M2,selection sensitivity: the state at the minimum full objective vs the state at the minimum validation L_C,amount_h17_32,0.45964353833895094,0.4551009218543346,0.0045426164846163715,0.0007925695970168383,0.00867937879107293,0.009981558521365376,-0.009981558521365376,similar,364
taco,M2_seltotal,M2,selection sensitivity: the state at the minimum full objective vs the state at the minimum validation L_C,amount_h33_48,0.5111668659780292,0.5080154671574876,0.0031513988205415944,-0.0003701948167967166,0.00651481939280652,0.0062033521108613085,-0.0062033521108613085,similar,364
taco,M2_seltotal,M2,selection sensitivity: the state at the minimum full objective vs the state at the minimum validation L_C,amount_h49_63,0.5265275790727947,0.5238563109155158,0.0026712681572788792,-0.0015496642043756085,0.006645826726584555,0.005099238286564585,-0.005099238286564585,similar,364
taco,M2_seltotal,M2,selection sensitivity: the state at the minimum full objective vs the state at the minimum validation L_C,centroid_h1_8,0.2926916670286708,0.27020779591752,0.0224838711111507,0.013482253288990564,0.03156041161915877,0.08320955742525588,-0.08320955742525588,worse,363
taco,M2_seltotal,M2,selection sensitivity: the state at the minimum full objective vs the state at the minimum validation L_C,centroid_h9_16,0.27937789979414596,0.27258883914949644,0.006789060644649448,4.906873311837079e-05,0.013938028482092382,0.02490586432603761,-0.02490586432603761,worse,349
taco,M2_seltotal,M2,selection sensitivity: the state at the minimum full objective vs the state at the minimum validation L_C,centroid_h17_32,0.25263569444762596,0.25310978271339474,-0.00047408826576878746,-0.005718219854875996,0.004452427624290983,-0.0018730539005108885,0.0018730539005108885,similar,362
taco,M2_seltotal,M2,selection sensitivity: the state at the minimum full objective vs the state at the minimum validation L_C,centroid_h33_48,0.21204556297137553,0.21437384942511153,-0.0023282864537360055,-0.008266087410002194,0.002212404205581813,-0.010860869737516,0.010860869737516,similar,364
taco,M2_seltotal,M2,selection sensitivity: the state at the minimum full objective vs the state at the minimum validation L_C,centroid_h49_63,0.21164166582268254,0.21019145911446155,0.0014502067082210167,-0.0021811916103156147,0.004653385180695547,0.0068994559261862974,-0.0068994559261862974,similar,364
taco,M2_seltotal,M2,selection sensitivity: the state at the minimum full objective vs the state at the minimum validation L_C,normal_h1_8,50.65104852176946,48.22219559314071,2.4288529286287392,1.4870278366480165,3.3986632883888053,0.05036794568877381,-0.05036794568877381,worse,363
taco,M2_seltotal,M2,selection sensitivity: the state at the minimum full objective vs the state at the minimum validation L_C,normal_h9_16,53.548217103440514,52.572613566832786,0.9756035366077177,0.10698733625906498,1.8692876527533477,0.018557257674996212,-0.018557257674996212,similar,349
taco,M2_seltotal,M2,selection sensitivity: the state at the minimum full objective vs the state at the minimum validation L_C,normal_h17_32,51.45510251761594,51.6065576379831,-0.15145512036715605,-0.6393071152035771,0.4005670086133705,-0.0029348037788066513,0.0029348037788066513,similar,362
taco,M2_seltotal,M2,selection sensitivity: the state at the minimum full objective vs the state at the minimum validation L_C,normal_h33_48,49.21836992521227,49.38601329973731,-0.16764337452504272,-0.7533034376661294,0.38300804568180064,-0.0033945516822256726,0.0033945516822256726,similar,364
taco,M2_seltotal,M2,selection sensitivity: the state at the minimum full objective vs the state at the minimum validation L_C,normal_h49_63,50.252884365358966,50.36058053466184,-0.10769616930288903,-0.5158318465121299,0.25559436852715106,-0.00213850134687714,0.00213850134687714,similar,364
taco,M2_seltotal,M2,selection sensitivity: the state at the minimum full objective vs the state at the minimum validation L_C,wrench_h1_8,0.5864410774156179,0.5638206999841359,0.022620377431482062,0.010782543962096122,0.03534490410000171,0.04011980658411181,-0.04011980658411181,worse,364
taco,M2_seltotal,M2,selection sensitivity: the state at the minimum full objective vs the state at the minimum validation L_C,wrench_h9_16,0.5453604569737768,0.5274305203190187,0.017929936654758036,0.005574157893670957,0.030389495274733242,0.0339948788779099,-0.0339948788779099,worse,350
taco,M2_seltotal,M2,selection sensitivity: the state at the minimum full objective vs the state at the minimum validation L_C,wrench_h17_32,0.5020379360749136,0.5012767537975503,0.0007611822773632197,-0.006132142001897402,0.007543152861065473,0.0015184870864182083,-0.0015184870864182083,similar,362
taco,M2_seltotal,M2,selection sensitivity: the state at the minimum full objective vs the state at the minimum validation L_C,wrench_h33_48,0.42885691002092013,0.4275460852663161,0.0013108247546041098,-0.0046461305740646145,0.007084918865534525,0.0030659262235733123,-0.0030659262235733123,similar,364
taco,M2_seltotal,M2,selection sensitivity: the state at the minimum full objective vs the state at the minimum validation L_C,wrench_h49_63,0.39928570429261817,0.39881596336738717,0.00046974092523100684,-0.005907270800385367,0.0071779584731719095,0.0011778388238644398,-0.0011778388238644398,similar,364
taco,M2_seltotal,M1,same selection criterion as M1: what the larger decoder and the longer schedule change,E_C,1.723772092712122,1.7317861767669955,-0.00801408405487354,-0.016584237685289247,0.0018874196857051994,-0.004627640618909848,0.004627640618909848,similar,364
taco,M2_seltotal,M1,same selection criterion as M1: what the larger decoder and the longer schedule change,E_C_last16,1.9155084039238128,1.9216169217949386,-0.006108517871125714,-0.020597717821779434,0.008943424165921482,-0.003178842672461422,0.003178842672461422,similar,364
taco,M2_seltotal,M1,same selection criterion as M1: what the larger decoder and the longer schedule change,part_hamming,0.17639108528997136,0.17709606810943684,-0.0007049828194654905,-0.0025793748734215306,0.0012233677259935322,-0.003980793176220293,0.003980793176220293,similar,364
taco,M2_seltotal,M1,same selection criterion as M1: what the larger decoder and the longer schedule change,amount_l1,0.4519909823947883,0.45310568187262984,-0.0011146994778415658,-0.0025666872495842346,0.0003108064215801586,-0.0024601313169030467,0.0024601313169030467,similar,364
taco,M2_seltotal,M1,same selection criterion as M1: what the larger decoder and the longer schedule change,amount_rmse,0.009503147317605749,0.009514333971950052,-1.1186654344303431e-05,-4.290207007647017e-05,2.2908506156517532e-05,-0.0011757685169853905,0.0011757685169853905,similar,364
taco,M2_seltotal,M1,same selection criterion as M1: what the larger decoder and the longer schedule change,centroid,0.22847060236957048,0.22865129808721307,-0.00018069571764259547,-0.0019410476743821836,0.0014843758029283967,-0.000790267622157447,0.000790267622157447,similar,364
taco,M2_seltotal,M1,same selection criterion as M1: what the larger decoder and the longer schedule change,normal,50.17952683862749,50.189081371485535,-0.009554532858041616,-0.16880298171348893,0.1394407991866651,-0.00019037074592622322,0.00019037074592622322,similar,364
taco,M2_seltotal,M1,same selection criterion as M1: what the larger decoder and the longer schedule change,centroid_both,0.10801131256784384,0.10754718356714635,0.0004641290006974896,-0.0020052947716026124,0.003765909609075997,0.004315584893096841,-0.004315584893096841,similar,364
taco,M2_seltotal,M1,same selection criterion as M1: what the larger decoder and the longer schedule change,normal_both,40.37112523009489,40.31036776369745,0.06075746639744266,-0.17600442660920446,0.3862866626303203,0.0015072416792029214,-0.0015072416792029214,similar,364
taco,M2_seltotal,M1,same selection criterion as M1: what the larger decoder and the longer schedule change,both_frac,0.7894701237117381,0.7893774998425455,9.262386919255113e-05,-0.002763133027198898,0.002993242074515807,0.00011733786333031599,-0.00011733786333031599,similar,364
taco,M2_seltotal,M1,same selection criterion as M1: what the larger decoder and the longer schedule change,q_rel_l1,0.46671754842276103,0.4655490345270424,0.001168513895718606,-0.0012490228239086367,0.003832473771633532,0.0025099695393111816,-0.0025099695393111816,similar,364
taco,M2_seltotal,M1,same selection criterion as M1: what the larger decoder and the longer schedule change,q_cos,0.8519571800767393,0.8533479305659677,-0.0013907504892283745,-0.004698846576975883,0.0013779869417244602,-0.0016297578507115898,-0.0016297578507115898,similar,364
taco,M2_seltotal,M1,same selection criterion as M1: what the larger decoder and the longer schedule change,q_Qerr,0.3460399088869383,0.34555987975877395,0.00048002912816438046,-0.0024516198599726508,0.0037164859177589954,0.001389134434528325,-0.001389134434528325,similar,364
taco,M2_seltotal,M1,same selection criterion as M1: what the larger decoder and the longer schedule change,q_rel_l1_vs_grid,0.26343121586202833,0.25986332703736814,0.003567888824660228,-0.0002196834044701257,0.008282265237030857,0.013729866639270605,-0.013729866639270605,similar,362
taco,M2_seltotal,M1,same selection criterion as M1: what the larger decoder and the longer schedule change,part_hamming_vs_grid,0.10047823434777475,0.10086343163665343,-0.0003851972888786714,-0.0020637712265120984,0.001646723019010414,-0.003818998447983521,0.003818998447983521,similar,364
taco,M2_seltotal,M1,same selection criterion as M1: what the larger decoder and the longer schedule change,amount_l1_vs_grid,0.22131992683612875,0.2224905019482741,-0.0011705751121453532,-0.002663602490211212,0.00035594309862447946,-0.005261236330967042,0.005261236330967042,similar,364
taco,M2_seltotal,M1,same selection criterion as M1: what the larger decoder and the longer schedule change,centroid_vs_grid,0.05805835220610958,0.05899363218014804,-0.0009352799740384568,-0.0018479088929418174,-0.00011107830069241172,-0.01585391404927239,0.01585391404927239,similar,364
taco,M2_seltotal,M1,same selection criterion as M1: what the larger decoder and the longer schedule change,normal_vs_grid,10.517003291665198,10.534801402262278,-0.017798110597081238,-0.1632876350056691,0.12770755010281454,-0.0016894585780477278,0.0016894585780477278,similar,364
taco,M2_seltotal,M1,same selection criterion as M1: what the larger decoder and the longer schedule change,jitter_dense,0.15733387523873166,0.15689059486100962,0.0004432803777220485,-0.0004777110535794565,0.0013758205655455312,0.002825410778222579,-0.002825410778222579,similar,364
taco,M2_seltotal,M1,same selection criterion as M1: what the larger decoder and the longer schedule change,tv_dense,9.754700606995886,9.727217140433552,0.027483466562333997,-0.02961797498200072,0.08530098293234911,0.002825419250495834,-0.002825419250495834,similar,364
taco,M2_seltotal,M1,same selection criterion as M1: what the larger decoder and the longer schedule change,jitter_r2,1.0646134046018942,1.06546341541868,-0.0008500108167856604,-0.007170439251663641,0.005006560952458793,-0.0007977850806370895,0.0007977850806370895,similar,364
taco,M2_seltotal,M1,same selection criterion as M1: what the larger decoder and the longer schedule change,jitter_dev_dense,0.16005729898237264,0.1606895056972792,-0.0006322067149065353,-0.0015969249168401075,0.0003623302681638064,-0.003934337293298674,0.003934337293298674,similar,364
taco,M2_seltotal,M1,same selection criterion as M1: what the larger decoder and the longer schedule change,jitter_dev_r2,0.11436341035660806,0.11621731758158613,-0.0018539072249780645,-0.007670995816957765,0.003864168628739812,-0.01595207378346688,0.01595207378346688,similar,364
taco,M2_seltotal,M1,same selection criterion as M1: what the larger decoder and the longer schedule change,E_C_h1_8,1.1364721551148609,1.1460665571400999,-0.009594402025238825,-0.01799082046383771,-0.000659705792347241,-0.008371592352525095,0.008371592352525095,similar,364
taco,M2_seltotal,M1,same selection criterion as M1: what the larger decoder and the longer schedule change,E_C_h9_16,1.449872101323198,1.46003304889354,-0.010160947570341874,-0.02226241979349699,0.0020536175902158118,-0.00695939559590255,0.00695939559590255,similar,364
taco,M2_seltotal,M1,same selection criterion as M1: what the larger decoder and the longer schedule change,E_C_h17_32,1.786940904266385,1.7952021718982116,-0.00826126763182641,-0.018726902545415883,0.0018136719632472873,-0.004601859200677719,0.004601859200677719,similar,364
taco,M2_seltotal,M1,same selection criterion as M1: what the larger decoder and the longer schedule change,E_C_h33_48,1.9134036294097634,1.9212014032425462,-0.007797773832782775,-0.021065475629303027,0.007413336705116384,-0.004058800820997697,0.004058800820997697,similar,364
taco,M2_seltotal,M1,same selection criterion as M1: what the larger decoder and the longer schedule change,E_C_h49_63,1.9134245864419275,1.919417866521375,-0.005993280079447738,-0.02029199945819164,0.009361329179071573,-0.003122446750123025,0.003122446750123025,similar,364
taco,M2_seltotal,M1,same selection criterion as M1: what the larger decoder and the longer schedule change,part_h1_8,0.15888278791680932,0.15842491249134252,0.00045787542546679683,-0.0027593728660289018,0.0038036202888301414,0.002890173131651996,-0.002890173131651996,similar,364
taco,M2_seltotal,M1,same selection criterion as M1: what the larger decoder and the longer schedule change,part_h9_16,0.1697000956705229,0.16907051690741554,0.0006295787631073495,-0.002548431552728726,0.003917430438280875,0.003723764347701807,-0.003723764347701807,similar,364
taco,M2_seltotal,M1,same selection criterion as M1: what the larger decoder and the longer schedule change,part_h17_32,0.1847813686171731,0.18621222950405553,-0.0014308608868824585,-0.003967207693084527,0.0009290940132292369,-0.007684032840878991,0.007684032840878991,similar,364
taco,M2_seltotal,M1,same selection criterion as M1: what the larger decoder and the longer schedule change,part_h33_48,0.18280678069229228,0.1836366800407132,-0.00082989934842092,-0.00378807346781223,0.00235015826505533,-0.004519246090905842,0.004519246090905842,similar,364
taco,M2_seltotal,M1,same selection criterion as M1: what the larger decoder and the longer schedule change,part_h49_63,0.17350427769260965,0.1746337038884451,-0.001129426195835455,-0.004869049998616394,0.0020229489503983595,-0.006467401026762425,0.006467401026762425,similar,364
taco,M2_seltotal,M1,same selection criterion as M1: what the larger decoder and the longer schedule change,amount_h1_8,0.26581178662804683,0.26555493185279067,0.0002568547752561754,-0.0015847639562108476,0.0020424774394598674,0.0009672378270819004,-0.0009672378270819004,similar,364
taco,M2_seltotal,M1,same selection criterion as M1: what the larger decoder and the longer schedule change,amount_h9_16,0.3647569711617537,0.3659389182142619,-0.001181947052508214,-0.0030544835239348436,0.0007780320923026087,-0.0032299025702867954,0.0032299025702867954,similar,364
taco,M2_seltotal,M1,same selection criterion as M1: what the larger decoder and the longer schedule change,amount_h17_32,0.45964353833895094,0.46103319653471714,-0.00138965819576617,-0.003074334222240515,0.00020236778444844724,-0.0030142258870105563,0.0030142258870105563,similar,364
taco,M2_seltotal,M1,same selection criterion as M1: what the larger decoder and the longer schedule change,amount_h33_48,0.5111668659780292,0.5120937361437597,-0.0009268701657304888,-0.0031445351410678917,0.0012624755386402245,-0.0018099619274981507,0.0018099619274981507,similar,364
taco,M2_seltotal,M1,same selection criterion as M1: what the larger decoder and the longer schedule change,amount_h49_63,0.5265275790727947,0.5282449795226584,-0.0017174004498637222,-0.004284617244495496,0.0007069112230861119,-0.0032511439132192578,0.0032511439132192578,similar,364
taco,M2_seltotal,M1,same selection criterion as M1: what the larger decoder and the longer schedule change,centroid_h1_8,0.2926916670286708,0.29270060285506205,-8.935826391294481e-06,-0.004683810435700453,0.004822681164268495,-3.052889643592322e-05,3.052889643592322e-05,similar,363
taco,M2_seltotal,M1,same selection criterion as M1: what the larger decoder and the longer schedule change,centroid_h9_16,0.27937789979414596,0.27605738905751365,0.00332051073663231,-0.0011407733822968464,0.007914338725378988,0.012028334934155725,-0.012028334934155725,similar,349
taco,M2_seltotal,M1,same selection criterion as M1: what the larger decoder and the longer schedule change,centroid_h17_32,0.25263569444762596,0.25260732955221976,2.836489540619075e-05,-0.0025459456318790447,0.002478946480568425,0.00011228848923929214,-0.00011228848923929214,similar,362
taco,M2_seltotal,M1,same selection criterion as M1: what the larger decoder and the longer schedule change,centroid_h33_48,0.21204556297137553,0.212850307546152,-0.0008047445747764481,-0.0035643377543842555,0.0017373320427766575,-0.003780800620182128,0.003780800620182128,similar,364
taco,M2_seltotal,M1,same selection criterion as M1: what the larger decoder and the longer schedule change,centroid_h49_63,0.21164166582268254,0.2116634604628556,-2.1794640173046635e-05,-0.00279873006833897,0.0024960202817698425,-0.00010296836367215745,0.00010296836367215745,similar,364
taco,M2_seltotal,M1,same selection criterion as M1: what the larger decoder and the longer schedule change,normal_h1_8,50.65104852176946,50.5210922696338,0.129956252135656,-0.3452806618099755,0.6365739142636362,0.002572316755189545,-0.002572316755189545,similar,363
taco,M2_seltotal,M1,same selection criterion as M1: what the larger decoder and the longer schedule change,normal_h9_16,53.548217103440514,53.04987805207454,0.4983390513659622,-0.015985420600979322,1.0121931673252478,0.009393783165284287,-0.009393783165284287,similar,349
taco,M2_seltotal,M1,same selection criterion as M1: what the larger decoder and the longer schedule change,normal_h17_32,51.45510251761594,51.299025109816405,0.1560774077995397,-0.11938069737284018,0.41045473855109116,0.0030425024153075625,-0.0030425024153075625,similar,362
taco,M2_seltotal,M1,same selection criterion as M1: what the larger decoder and the longer schedule change,normal_h33_48,49.21836992521227,49.33011191204789,-0.11174198683562783,-0.4018883843505379,0.14458303275021758,-0.002265188188400138,0.002265188188400138,similar,364
taco,M2_seltotal,M1,same selection criterion as M1: what the larger decoder and the longer schedule change,normal_h49_63,50.252884365358966,50.31036514755648,-0.05748078219752422,-0.3157701155233513,0.1780376057384073,-0.0011425236535043514,0.0011425236535043514,similar,364
taco,M2_seltotal,M1,same selection criterion as M1: what the larger decoder and the longer schedule change,wrench_h1_8,0.5864410774156179,0.5808775641484414,0.005563513267176612,-0.0022270487816676765,0.014929578703385266,0.009577772684907615,-0.009577772684907615,similar,364
taco,M2_seltotal,M1,same selection criterion as M1: what the larger decoder and the longer schedule change,wrench_h9_16,0.5453604569737768,0.5396761679667663,0.005684289007010508,-0.0016004605713440324,0.013149152494633786,0.010532777514386277,-0.010532777514386277,similar,350
taco,M2_seltotal,M1,same selection criterion as M1: what the larger decoder and the longer schedule change,wrench_h17_32,0.5020379360749136,0.5031544042745817,-0.0011164681996681653,-0.005220206494503694,0.0028571029149454218,-0.002218937547168693,0.002218937547168693,similar,362
taco,M2_seltotal,M1,same selection criterion as M1: what the larger decoder and the longer schedule change,wrench_h33_48,0.42885691002092013,0.4285153986099137,0.00034151141100644965,-0.0029417261544710574,0.003601941618957756,0.0007969641513800871,-0.0007969641513800871,similar,364
taco,M2_seltotal,M1,same selection criterion as M1: what the larger decoder and the longer schedule change,wrench_h49_63,0.39928570429261817,0.4007007087633006,-0.00141500447068241,-0.0054418650131468575,0.0020846261286579073,-0.0035313251005958976,0.0035313251005958976,similar,364
taco,D_M1(pred),D_M1(oracle),cost of the predicted latent: predicted z vs teacher z through the same decoder,E_C,1.7317888186810795,0.5100206288977088,1.2217681897833705,1.1361852101448922,1.3147728736950801,2.3955270052976854,-2.3955270052976854,worse,364
taco,D_M1(noisy_gauss),D_M1(pred),"matched Gaussian perturbation of the teacher z vs the predicted z (same decoder, same error mean and covariance)",E_C,1.4901480068459643,1.7317888186810795,-0.24164081183511527,-0.3354388428861106,-0.1536278675652014,-0.13953249335513526,0.13953249335513526,better,364
taco,D_M1(noisy_perm),D_M1(pred),another sequence's error trajectory added to the teacher z vs the predicted z (same decoder),E_C,1.3847599083961575,1.7317888186810795,-0.34702891028492205,-0.45538352602218396,-0.24969874203000655,-0.20038754526040728,0.20038754526040728,better,364
taco,D_M1(noisy_gauss),D_M1(oracle),matched Gaussian perturbation vs the clean teacher z,E_C,1.4901480068459643,0.5100206288977088,0.9801273779482554,0.9577973843049846,1.002507734213549,1.921740655993804,-1.921740655993804,worse,364
taco,D_M2(pred),D_M2(oracle),cost of the predicted latent: predicted z vs teacher z through the same decoder,E_C,1.6978018232851118,0.5050833751807324,1.1927184481043795,1.1101151649767613,1.2769029284474347,2.3614288387092386,-2.3614288387092386,worse,364
taco,D_M2(noisy_gauss),D_M2(pred),"matched Gaussian perturbation of the teacher z vs the predicted z (same decoder, same error mean and covariance)",E_C,1.4263944426116422,1.6978018232851118,-0.27140738067346964,-0.3590342341466712,-0.18665933226960552,-0.15985810413863139,0.15985810413863139,better,364
taco,D_M2(noisy_perm),D_M2(pred),another sequence's error trajectory added to the teacher z vs the predicted z (same decoder),E_C,1.324033055918773,1.6978018232851118,-0.3737687673663388,-0.4765603881099959,-0.2774828987842569,-0.22014864293355857,0.22014864293355857,better,364
taco,D_M2(noisy_gauss),D_M2(oracle),matched Gaussian perturbation vs the clean teacher z,E_C,1.4263944426116422,0.5050833751807324,0.9213110674309097,0.8997352409683346,0.9424090355095941,1.824077197356258,-1.824077197356258,worse,364
taco,M2,M1,"z prediction (test L_z, standardised teacher coordinates)",L_z,0.4927847844399029,0.49363399954608483,-0.0008492151061818579,-0.0076176754161012845,0.006151254162007507,-0.001720333500048099,0.001720333500048099,similar,364
taco,D_M2(oracle),D_M1(oracle),same teacher latent through both decoders,E_C,0.5050833751807324,0.5100206288977088,-0.004937253716976337,-0.008807982590741099,-0.0013265291893750839,-0.009680498076415193,0.009680498076415193,similar,364
taco,D_M2(noisy_gauss of M1),D_M1(noisy_gauss of M1),same perturbed teacher latent through both decoders,E_C,1.4482027983376435,1.4901480068459643,-0.04194520850832052,-0.04547394636912444,-0.03897841619933708,-0.028148350577001695,0.028148350577001695,better,364
taco,D_M2(noisy_gauss of M2),D_M1(noisy_gauss of M2),same perturbed teacher latent through both decoders,E_C,1.4263944426116422,1.466982346617456,-0.04058790400581388,-0.044036832684512944,-0.03775353011858195,-0.027667615836960004,0.027667615836960004,better,364
taco,D_M2(noisy_perm of M1),D_M1(noisy_perm of M1),same perturbed teacher latent through both decoders,E_C,1.34598959175054,1.3847599083961575,-0.038770316645617406,-0.047995428083638415,-0.030722932012392092,-0.027997861875219632,0.027997861875219632,better,364
taco,D_M2(noisy_perm of M2),D_M1(noisy_perm of M2),same perturbed teacher latent through both decoders,E_C,1.324033055918773,1.36044744176268,-0.036414385843907014,-0.04387257573893332,-0.02889431327338455,-0.026766477502964965,0.026766477502964965,better,364
taco,D_M2(zhat_M1),D_M1(zhat_M1),same predicted z through both decoders,E_C,1.7372902265926782,1.7317888186810795,0.00550140791159849,0.0014588018730925176,0.009674627128751405,0.003176719847278106,-0.003176719847278106,similar,364
taco,D_M2(zhat_M2),D_M1(zhat_M2),same predicted z through both decoders,E_C,1.6978018232851118,1.6933458583150365,0.00445596497007507,0.00018190390846884008,0.008733162773917743,0.002631455912089322,-0.002631455912089322,similar,364
arctic,M2,M1,does the jointly adapted decoder improve on the previous z-mediated model?,E_C,2.1583889410380395,2.156583450213876,0.001805490824163601,-0.0255759327325302,0.03167825517836529,0.0008371996103301935,-0.0008371996103301935,similar,186
arctic,M2,M1,does the jointly adapted decoder improve on the previous z-mediated model?,E_C_last16,2.398336768070216,2.379837096778936,0.018499671291279537,-0.04111932419929887,0.07586321304665176,0.007773503201676487,-0.007773503201676487,similar,186
arctic,M2,M1,does the jointly adapted decoder improve on the previous z-mediated model?,part_hamming,0.17931104723304028,0.18845652358766685,-0.009145476354626559,-0.01659559463187457,-0.0020064512036279967,-0.04852830870761677,0.04852830870761677,better,186
arctic,M2,M1,does the jointly adapted decoder improve on the previous z-mediated model?,amount_l1,0.5201362993928694,0.5232520167946174,-0.0031157174017480624,-0.011341218150947565,0.004739265766320079,-0.005954525356317963,0.005954525356317963,similar,186
arctic,M2,M1,does the jointly adapted decoder improve on the previous z-mediated model?,amount_rmse,0.010190198427036164,0.010257083130875222,-6.688470383905756e-05,-0.000249313151441455,0.00011514579974955374,-0.006520830823504341,0.006520830823504341,similar,186
arctic,M2,M1,does the jointly adapted decoder improve on the previous z-mediated model?,centroid,0.2780571611377821,0.28207128152491584,-0.004014120387133732,-0.012083137262982468,0.00432012326412662,-0.014230872300905108,0.014230872300905108,similar,186
arctic,M2,M1,does the jointly adapted decoder improve on the previous z-mediated model?,normal,46.330688171489264,46.823663132165066,-0.49297496067580354,-1.197912567137922,0.24101881563709385,-0.010528329645724773,0.010528329645724773,similar,186
arctic,M2,M1,does the jointly adapted decoder improve on the previous z-mediated model?,centroid_both,0.1761781531636433,0.17706865014167883,-0.0008904969780355372,-0.007408235042200734,0.004990094408083137,-0.005029105814739195,0.005029105814739195,similar,186
arctic,M2,M1,does the jointly adapted decoder improve on the previous z-mediated model?,normal_both,35.86253586892159,35.93107286768575,-0.06853699876416114,-0.7119877083202203,0.6147895513619682,-0.0019074576207770073,0.0019074576207770073,similar,186
arctic,M2,M1,does the jointly adapted decoder improve on the previous z-mediated model?,both_frac,0.7939604589695571,0.7845486268321032,0.00941183213745394,-0.001302263803746897,0.01959233525847693,0.011996493035055828,-0.011996493035055828,similar,186
arctic,M2,M1,does the jointly adapted decoder improve on the previous z-mediated model?,q_rel_l1,0.4985545142603818,0.5058934240732141,-0.007338909812832391,-0.01653811455619301,0.0011367679320986404,-0.014506829825426405,0.014506829825426405,similar,186
arctic,M2,M1,does the jointly adapted decoder improve on the previous z-mediated model?,q_cos,0.8542735058293548,0.8498973466696278,0.004376159159726994,-0.003725683618120056,0.013636518221484322,0.005149044383860272,0.005149044383860272,similar,186
arctic,M2,M1,does the jointly adapted decoder improve on the previous z-mediated model?,q_Qerr,0.353381204418838,0.35927108238621425,-0.005889877967376222,-0.016050583325630547,0.0044468876738827405,-0.01639396616130835,0.01639396616130835,similar,186
arctic,M2,M1,does the jointly adapted decoder improve on the previous z-mediated model?,q_rel_l1_vs_grid,0.39465250607479263,0.40467657389975076,-0.010024067824958145,-0.021426528570126127,0.0007076780287224949,-0.024770566105072778,0.024770566105072778,similar,185
arctic,M2,M1,does the jointly adapted decoder improve on the previous z-mediated model?,part_hamming_vs_grid,0.16198727046389894,0.17053537399217647,-0.008548103528277527,-0.015293322195309062,-0.0015290203606277142,-0.05012510500413646,0.05012510500413646,better,186
arctic,M2,M1,does the jointly adapted decoder improve on the previous z-mediated model?,amount_l1_vs_grid,0.35935045279542444,0.3629151645757418,-0.003564711780317368,-0.011209752005915919,0.003911642642384601,-0.009822438212204822,0.009822438212204822,similar,186
arctic,M2,M1,does the jointly adapted decoder improve on the previous z-mediated model?,centroid_vs_grid,0.11932271056350381,0.12056886672883504,-0.0012461561653312415,-0.007848013073782672,0.005216132460818698,-0.010335638039411156,0.010335638039411156,similar,186
arctic,M2,M1,does the jointly adapted decoder improve on the previous z-mediated model?,normal_vs_grid,17.325552133943447,17.539268070331183,-0.21371593638773886,-0.884446918948864,0.443800908102619,-0.012184997431520721,0.012184997431520721,similar,186
arctic,M2,M1,does the jointly adapted decoder improve on the previous z-mediated model?,jitter_dense,0.2127168292420045,0.17846058892907316,0.034256240312931355,0.02818856142174667,0.04083160474610891,0.19195409204071412,-0.19195409204071412,worse,186
arctic,M2,M1,does the jointly adapted decoder improve on the previous z-mediated model?,tv_dense,13.188443826731815,11.064556825545527,2.1238870011862887,1.7476908741968653,2.5315595953185075,0.19195409582810585,-0.19195409582810585,worse,186
arctic,M2,M1,does the jointly adapted decoder improve on the previous z-mediated model?,jitter_r2,0.6698561620808416,0.6531772671207305,0.016678894960111188,0.005370766155125181,0.028169950731718088,0.025535020582748376,-0.025535020582748376,worse,186
arctic,M2,M1,does the jointly adapted decoder improve on the previous z-mediated model?,jitter_dev_dense,0.08053962493775993,0.06889504076091833,0.011644584176841603,0.006044475819083068,0.01821162634483995,0.16901919279285998,-0.16901919279285998,worse,186
arctic,M2,M1,does the jointly adapted decoder improve on the previous z-mediated model?,jitter_dev_r2,0.16177431329764347,0.1569375186277333,0.004836794669910144,-0.004783184270910004,0.014511945366836672,0.030819874764194257,-0.030819874764194257,similar,186
arctic,M2,M1,does the jointly adapted decoder improve on the previous z-mediated model?,E_C_h1_8,1.5367360305546793,1.5996014292512128,-0.06286539869653361,-0.09914017103237208,-0.022793139317501408,-0.039300664244818435,0.039300664244818435,better,186
arctic,M2,M1,does the jointly adapted decoder improve on the previous z-mediated model?,E_C_h9_16,1.9233832196332514,1.926302930074794,-0.002919710441542569,-0.05023046796968018,0.047084394997296636,-0.001515706795622848,0.001515706795622848,similar,186
arctic,M2,M1,does the jointly adapted decoder improve on the previous z-mediated model?,E_C_h17_32,2.1851598748809566,2.1821774902856177,0.002982384595339016,-0.04090966978803056,0.04655586798961944,0.001366701200344919,-0.001366701200344919,similar,186
arctic,M2,M1,does the jointly adapted decoder improve on the previous z-mediated model?,E_C_h33_48,2.3311997110096696,2.3128802897070626,0.018319421302607303,-0.019570075967176644,0.058128871096563,0.007920609373573565,-0.007920609373573565,similar,186
arctic,M2,M1,does the jointly adapted decoder improve on the previous z-mediated model?,E_C_h49_63,2.4023859040925153,2.3824393056106077,0.019946598481907635,-0.04037287222638626,0.07959880206087493,0.008372342764381743,-0.008372342764381743,similar,186
arctic,M2,M1,does the jointly adapted decoder improve on the previous z-mediated model?,part_h1_8,0.16957885747955692,0.1817876390552008,-0.012208781575643889,-0.02233034302356035,-0.003005375027115956,-0.0671595804813584,0.0671595804813584,better,186
arctic,M2,M1,does the jointly adapted decoder improve on the previous z-mediated model?,part_h9_16,0.1647625493025908,0.17260305117815733,-0.007840501875566539,-0.018320947740542486,0.0016048013922685285,-0.04542504794700143,0.04542504794700143,similar,186
arctic,M2,M1,does the jointly adapted decoder improve on the previous z-mediated model?,part_h17_32,0.17109095411855849,0.1821796641114258,-0.011088709992867323,-0.018974030212697703,-0.002628144660871261,-0.06086689228982869,0.06086689228982869,better,186
arctic,M2,M1,does the jointly adapted decoder improve on the previous z-mediated model?,part_h33_48,0.18285170705207893,0.18721998706760426,-0.004368280015525318,-0.015425933023751275,0.006471360646010984,-0.02333233798348652,0.02333233798348652,similar,186
arctic,M2,M1,does the jointly adapted decoder improve on the previous z-mediated model?,part_h49_63,0.19725209576575134,0.20848268121480942,-0.011230585449058094,-0.02611001964374575,0.0002834831790518707,-0.053868193672579924,0.053868193672579924,similar,186
arctic,M2,M1,does the jointly adapted decoder improve on the previous z-mediated model?,amount_h1_8,0.4063551626449841,0.41007677213960425,-0.003721609494620083,-0.012496158551684794,0.005065766176112583,-0.009075396968236765,0.009075396968236765,similar,186
arctic,M2,M1,does the jointly adapted decoder improve on the previous z-mediated model?,amount_h9_16,0.480458700978097,0.47881860773251844,0.0016400932455785894,-0.00787147906559433,0.011566712795794716,0.003425291371497391,-0.003425291371497391,similar,186
arctic,M2,M1,does the jointly adapted decoder improve on the previous z-mediated model?,amount_h17_32,0.5276585401355675,0.5322566135493558,-0.004598073413788331,-0.014506908820519453,0.004876740834263779,-0.008638828145555687,0.008638828145555687,similar,186
arctic,M2,M1,does the jointly adapted decoder improve on the previous z-mediated model?,amount_h33_48,0.5460719081337854,0.5531090430534189,-0.007037134919633528,-0.021109347492935086,0.0063952354667590515,-0.012722870848007245,0.012722870848007245,similar,186
arctic,M2,M1,does the jointly adapted decoder improve on the previous z-mediated model?,amount_h49_63,0.5662924542181915,0.5658574561608495,0.0004349980573420247,-0.01617678956436494,0.016858535400214848,0.0007687414075858233,-0.0007687414075858233,similar,186
arctic,M2,M1,does the jointly adapted decoder improve on the previous z-mediated model?,centroid_h1_8,0.2443162013336809,0.259438601784688,-0.0151224004510071,-0.030098905646715943,-0.0012900210445376784,-0.058288937525023385,0.058288937525023385,better,186
arctic,M2,M1,does the jointly adapted decoder improve on the previous z-mediated model?,centroid_h9_16,0.2052810539701814,0.21759249156945998,-0.01231143759927858,-0.01998023799724727,-0.004748274299243476,-0.0565802501293962,0.0565802501293962,better,175
arctic,M2,M1,does the jointly adapted decoder improve on the previous z-mediated model?,centroid_h17_32,0.2589791638765083,0.2554050317727917,0.003574132103716554,-0.006447534703896921,0.01541157569669099,0.013993976856713226,-0.013993976856713226,similar,179
arctic,M2,M1,does the jointly adapted decoder improve on the previous z-mediated model?,centroid_h33_48,0.29827829817270274,0.2954648829050782,0.0028134152676245177,-0.012502190230919832,0.017188324723599595,0.009521995439736784,-0.009521995439736784,similar,177
arctic,M2,M1,does the jointly adapted decoder improve on the previous z-mediated model?,centroid_h49_63,0.32151113838665,0.3295439018254612,-0.008032763438811224,-0.025351188177518046,0.0047497937796025635,-0.024375397008759323,0.024375397008759323,similar,176
arctic,M2,M1,does the jointly adapted decoder improve on the previous z-mediated model?,normal_h1_8,41.16526823614224,42.62948062081859,-1.464212384676352,-2.9523613466410015,-0.013061381319688847,-0.034347413183384815,0.034347413183384815,better,186
arctic,M2,M1,does the jointly adapted decoder improve on the previous z-mediated model?,normal_h9_16,42.793769160468564,44.35169313542696,-1.5579239749584068,-2.5590601172209193,-0.5953649869432032,-0.03512659528467873,0.03512659528467873,better,175
arctic,M2,M1,does the jointly adapted decoder improve on the previous z-mediated model?,normal_h17_32,45.36639896473027,45.492842930586875,-0.12644396585659995,-1.0472906149843557,0.8007061447268431,-0.002779425459286608,0.002779425459286608,similar,179
arctic,M2,M1,does the jointly adapted decoder improve on the previous z-mediated model?,normal_h33_48,48.51001498873686,47.796976214893085,0.713038773843774,-0.6104825081464462,2.0374591643654814,0.014918072863814299,-0.014918072863814299,similar,177
arctic,M2,M1,does the jointly adapted decoder improve on the previous z-mediated model?,normal_h49_63,51.11566433865091,51.723461858457206,-0.607797519806306,-1.9390733802645281,0.5806152522520569,-0.011750905642579803,0.011750905642579803,similar,176
arctic,M2,M1,does the jointly adapted decoder improve on the previous z-mediated model?,wrench_h1_8,0.48826445837015064,0.5056015982809755,-0.01733713991082494,-0.037726585561941584,-0.0011417897521124349,-0.0342901208575497,0.0342901208575497,better,186
arctic,M2,M1,does the jointly adapted decoder improve on the previous z-mediated model?,wrench_h9_16,0.4768256749563477,0.4744956046090189,0.002330070347328778,-0.011554713756776091,0.017445014034889086,0.004910625777553282,-0.004910625777553282,similar,175
arctic,M2,M1,does the jointly adapted decoder improve on the previous z-mediated model?,wrench_h17_32,0.49519692395240833,0.503106934503257,-0.007910010550848745,-0.01955265934580186,0.0028912223712510322,-0.01572232463593192,0.01572232463593192,similar,180
arctic,M2,M1,does the jointly adapted decoder improve on the previous z-mediated model?,wrench_h33_48,0.5030117164379004,0.5058025786577157,-0.002790862219815181,-0.016508343212475,0.011338627673494108,-0.005517690770224008,0.005517690770224008,similar,177
arctic,M2,M1,does the jointly adapted decoder improve on the previous z-mediated model?,wrench_h49_63,0.5498451997786211,0.558473315615102,-0.008628115836481008,-0.0319314400365065,0.015144575700648696,-0.015449468390406458,0.015449468390406458,similar,175
arctic,M2,M0,does z mediation beat direct dense prediction once the decoder is adapted?,E_C,2.1583889410380395,1.8901479019112484,0.268241039126791,0.19581427811228896,0.3441173656181558,0.14191537014407998,-0.14191537014407998,worse,186
arctic,M2,M0,does z mediation beat direct dense prediction once the decoder is adapted?,E_C_last16,2.398336768070216,2.2177759663712595,0.18056080169895644,0.08831519746801636,0.27788186025497347,0.08141525764407632,-0.08141525764407632,worse,186
arctic,M2,M0,does z mediation beat direct dense prediction once the decoder is adapted?,part_hamming,0.17931104723304028,0.1793679407627512,-5.689352971091065e-05,-0.011567701946899116,0.009734186819650981,-0.0003171889551107873,0.0003171889551107873,similar,186
arctic,M2,M0,does z mediation beat direct dense prediction once the decoder is adapted?,amount_l1,0.5201362993928694,0.4810219233234723,0.03911437606939706,0.015015174595101995,0.06543644012789036,0.08131516293300806,-0.08131516293300806,worse,186
arctic,M2,M0,does z mediation beat direct dense prediction once the decoder is adapted?,amount_rmse,0.010190198427036164,0.009292817064648575,0.00089738136238759,0.00036687781355288076,0.0015140226887486448,0.09656720412601022,-0.09656720412601022,worse,186
arctic,M2,M0,does z mediation beat direct dense prediction once the decoder is adapted?,centroid,0.2780571611377821,0.2851637532353722,-0.007106592097590046,-0.022477698696996305,0.007991871562532794,-0.024921091888295895,0.024921091888295895,similar,186
arctic,M2,M0,does z mediation beat direct dense prediction once the decoder is adapted?,normal,46.330688171489264,47.783318554201436,-1.4526303827121694,-3.132301727266827,0.16830146363275417,-0.030400366208647184,0.030400366208647184,similar,186
arctic,M2,M0,does z mediation beat direct dense prediction once the decoder is adapted?,centroid_both,0.1761781531636433,0.15916341572238873,0.01701473744125456,0.00399088468290927,0.029572657441966875,0.10690105740713367,-0.10690105740713367,worse,186
arctic,M2,M0,does z mediation beat direct dense prediction once the decoder is adapted?,normal_both,35.86253586892159,34.685703200678674,1.176832668242916,-0.3749952168525179,2.766710195920221,0.033928465034547425,-0.033928465034547425,similar,186
arctic,M2,M0,does z mediation beat direct dense prediction once the decoder is adapted?,both_frac,0.7939604589695571,0.7553683237763502,0.03859213519320693,0.0149365443814964,0.060592102626975744,0.05109048655928721,-0.05109048655928721,worse,186
arctic,M2,M0,does z mediation beat direct dense prediction once the decoder is adapted?,q_rel_l1,0.4985545142603818,0.4877374209263312,0.010817093334050589,-0.008698718925735812,0.030695467747804375,0.02217810828110403,-0.02217810828110403,similar,186
arctic,M2,M0,does z mediation beat direct dense prediction once the decoder is adapted?,q_cos,0.8542735058293548,0.8451328252752622,0.009140680554092572,-0.012674421265440933,0.03129679019692592,0.010815673324622584,0.010815673324622584,similar,186
arctic,M2,M0,does z mediation beat direct dense prediction once the decoder is adapted?,q_Qerr,0.353381204418838,0.3567610212791992,-0.0033798168603611247,-0.023949276236700533,0.018410067956624324,-0.009473615834606828,0.009473615834606828,similar,186
arctic,M2,M0,does z mediation beat direct dense prediction once the decoder is adapted?,q_rel_l1_vs_grid,0.39465250607479263,0.37368059771487844,0.020971908359914214,-0.01052232947739716,0.051026702579110864,0.0561225508847959,-0.0561225508847959,similar,185
arctic,M2,M0,does z mediation beat direct dense prediction once the decoder is adapted?,part_hamming_vs_grid,0.16198727046389894,0.15871595008979722,0.003271320374101721,-0.006716751659806528,0.013487247279794308,0.02061116335346823,-0.02061116335346823,similar,186
arctic,M2,M0,does z mediation beat direct dense prediction once the decoder is adapted?,amount_l1_vs_grid,0.35935045279542444,0.3104762799126567,0.048874172882767776,0.027325650637081256,0.07724613393877484,0.15741676915388536,-0.15741676915388536,worse,186
arctic,M2,M0,does z mediation beat direct dense prediction once the decoder is adapted?,centroid_vs_grid,0.11932271056350381,0.10431528009814761,0.015007430465356197,0.001183932052978901,0.027415099369980527,0.14386608032146475,-0.14386608032146475,worse,186
arctic,M2,M0,does z mediation beat direct dense prediction once the decoder is adapted?,normal_vs_grid,17.325552133943447,15.734124632852692,1.5914275010907522,-0.43700588699098925,3.6473302738125786,0.10114496600388354,-0.10114496600388354,similar,186
arctic,M2,M0,does z mediation beat direct dense prediction once the decoder is adapted?,jitter_dense,0.2127168292420045,0.18584953069246263,0.026867298549541865,0.01940508699682129,0.034761786482301625,0.14456479093294533,-0.14456479093294533,worse,186
arctic,M2,M0,does z mediation beat direct dense prediction once the decoder is adapted?,tv_dense,13.188443826731815,11.522671280368682,1.6657725463631332,1.2031155221658125,2.1552308117847487,0.14456478934716557,-0.14456478934716557,worse,186
arctic,M2,M0,does z mediation beat direct dense prediction once the decoder is adapted?,jitter_r2,0.6698561620808416,0.6520301345936073,0.017826027487234403,-0.002676919458854205,0.03820204580541361,0.027339269370341118,-0.027339269370341118,similar,186
arctic,M2,M0,does z mediation beat direct dense prediction once the decoder is adapted?,jitter_dev_dense,0.08053962493775993,0.0581061763148154,0.022433448622944534,0.01483352889734259,0.030687306246741833,0.38607683461051717,-0.38607683461051717,worse,186
arctic,M2,M0,does z mediation beat direct dense prediction once the decoder is adapted?,jitter_dev_r2,0.16177431329764347,0.15668953338297464,0.005084779914668811,-0.013822004220658265,0.02321798289864889,0.03245130548854711,-0.03245130548854711,similar,186
arctic,M2,M0,does z mediation beat direct dense prediction once the decoder is adapted?,E_C_h1_8,1.5367360305546793,1.0554690371913416,0.48126699336333784,0.39351731447440197,0.5757560170135658,0.45597452545269784,-0.45597452545269784,worse,186
arctic,M2,M0,does z mediation beat direct dense prediction once the decoder is adapted?,E_C_h9_16,1.9233832196332514,1.5948535785910183,0.32852964104223314,0.24181874876789552,0.42157117685266504,0.2059936068441307,-0.2059936068441307,worse,186
arctic,M2,M0,does z mediation beat direct dense prediction once the decoder is adapted?,E_C_h17_32,2.1851598748809566,1.9034048127541219,0.28175506212683493,0.19970760982798005,0.3725137504611363,0.14802687281175406,-0.14802687281175406,worse,186
arctic,M2,M0,does z mediation beat direct dense prediction once the decoder is adapted?,E_C_h33_48,2.3311997110096696,2.130074377657385,0.2011253333522848,0.09359016102712153,0.30051621747715984,0.09442174201141211,-0.09442174201141211,worse,186
arctic,M2,M0,does z mediation beat direct dense prediction once the decoder is adapted?,E_C_h49_63,2.4023859040925153,2.222737462285866,0.1796484418066492,0.08436270327940339,0.2754989908965351,0.08082305933778546,-0.08082305933778546,worse,186
arctic,M2,M0,does z mediation beat direct dense prediction once the decoder is adapted?,part_h1_8,0.16957885747955692,0.12780018263967127,0.04177867483988564,0.026256948404608994,0.05801585316238848,0.32690622170454436,-0.32690622170454436,worse,186
arctic,M2,M0,does z mediation beat direct dense prediction once the decoder is adapted?,part_h9_16,0.1647625493025908,0.15669803284308922,0.008064516459501559,-0.008820647999309688,0.026902489585428683,0.05146533311989324,-0.05146533311989324,similar,186
arctic,M2,M0,does z mediation beat direct dense prediction once the decoder is adapted?,part_h17_32,0.17109095411855849,0.1807795746492282,-0.009688620530669727,-0.02432610053058218,0.0035852471330964065,-0.053593557510403685,0.053593557510403685,similar,186
arctic,M2,M0,does z mediation beat direct dense prediction once the decoder is adapted?,part_h33_48,0.18285170705207893,0.19214830226615393,-0.009296595214074978,-0.02537804549782557,0.0045674130735477115,-0.04838239580799321,0.04838239580799321,similar,186
arctic,M2,M0,does z mediation beat direct dense prediction once the decoder is adapted?,part_h49_63,0.19725209576575134,0.20382318333806101,-0.006571087572309706,-0.030989236499840405,0.014438517594989677,-0.03223915682550647,0.03223915682550647,similar,186
arctic,M2,M0,does z mediation beat direct dense prediction once the decoder is adapted?,amount_h1_8,0.4063551626449841,0.37268295237276283,0.033672210272221316,0.018811236237307936,0.051043223451258286,0.09035081979961855,-0.09035081979961855,worse,186
arctic,M2,M0,does z mediation beat direct dense prediction once the decoder is adapted?,amount_h9_16,0.480458700978097,0.43737992249937446,0.04307877847872254,0.02132987958422353,0.06611323031012287,0.09849281199866725,-0.09849281199866725,worse,186
arctic,M2,M0,does z mediation beat direct dense prediction once the decoder is adapted?,amount_h17_32,0.5276585401355675,0.48080780285411207,0.046850737281455355,0.021822760663284004,0.07862948775093406,0.09744171580275066,-0.09744171580275066,worse,186
arctic,M2,M0,does z mediation beat direct dense prediction once the decoder is adapted?,amount_h33_48,0.5460719081337854,0.5119833046587945,0.034088603474990896,0.002126750988648054,0.06667978376499882,0.06658147475669907,-0.06658147475669907,worse,186
arctic,M2,M0,does z mediation beat direct dense prediction once the decoder is adapted?,amount_h49_63,0.5662924542181915,0.5292812535826343,0.037011200635557115,0.005326424760346442,0.07076141478122089,0.06992728418970674,-0.06992728418970674,worse,186
arctic,M2,M0,does z mediation beat direct dense prediction once the decoder is adapted?,centroid_h1_8,0.2443162013336809,0.19376976200973967,0.050546439323941254,0.035340748641946675,0.06519463340686753,0.26085824124303036,-0.26085824124303036,worse,186
arctic,M2,M0,does z mediation beat direct dense prediction once the decoder is adapted?,centroid_h9_16,0.2052810539701814,0.19981132940205487,0.0054697245681265575,-0.00896710888123597,0.02146030953801082,0.027374446606681285,-0.027374446606681285,similar,175
arctic,M2,M0,does z mediation beat direct dense prediction once the decoder is adapted?,centroid_h17_32,0.2589791638765083,0.26346922946845286,-0.004490065591944577,-0.019502098325218577,0.01135998730022144,-0.017042087233500664,0.017042087233500664,similar,179
arctic,M2,M0,does z mediation beat direct dense prediction once the decoder is adapted?,centroid_h33_48,0.29827829817270274,0.32111753057920345,-0.022839232406500713,-0.055732977755259636,0.005874357115145057,-0.0711242153777943,0.0711242153777943,similar,177
arctic,M2,M0,does z mediation beat direct dense prediction once the decoder is adapted?,centroid_h49_63,0.32151113838665,0.34102572408979054,-0.019514585703140522,-0.046396720193259675,0.0050864120010735495,-0.057223207296826735,0.057223207296826735,similar,176
arctic,M2,M0,does z mediation beat direct dense prediction once the decoder is adapted?,normal_h1_8,41.16526823614224,34.684283638100055,6.48098459804218,3.9925177910290715,9.065036058221889,0.1868565216933855,-0.1868565216933855,worse,186
arctic,M2,M0,does z mediation beat direct dense prediction once the decoder is adapted?,normal_h9_16,42.793769160468564,42.49919337517652,0.2945757852920464,-1.7162588616972403,2.4154198708535968,0.006931326500519092,-0.006931326500519092,similar,175
arctic,M2,M0,does z mediation beat direct dense prediction once the decoder is adapted?,normal_h17_32,45.36639896473027,47.17516146251227,-1.8087624977819914,-3.9141362672167817,0.30379472923245315,-0.038341416154332064,0.038341416154332064,similar,179
arctic,M2,M0,does z mediation beat direct dense prediction once the decoder is adapted?,normal_h33_48,48.51001498873686,51.10616172323402,-2.5961467344971565,-5.632606972595053,0.12146150358713201,-0.05079909441363681,0.05079909441363681,similar,177
arctic,M2,M0,does z mediation beat direct dense prediction once the decoder is adapted?,normal_h49_63,51.11566433865091,54.38288431636126,-3.267219977710361,-5.939444072565333,-0.7207608472963573,-0.06007809292909107,0.06007809292909107,better,176
arctic,M2,M0,does z mediation beat direct dense prediction once the decoder is adapted?,wrench_h1_8,0.48826445837015064,0.40641096521685033,0.08185349315330025,0.05322860055339068,0.11439247768431442,0.20140572021629718,-0.20140572021629718,worse,186
arctic,M2,M0,does z mediation beat direct dense prediction once the decoder is adapted?,wrench_h9_16,0.4768256749563477,0.44287006967480547,0.03395560528154225,0.0014226019470459693,0.06890571987173995,0.0766717093943049,-0.0766717093943049,worse,175
arctic,M2,M0,does z mediation beat direct dense prediction once the decoder is adapted?,wrench_h17_32,0.49519692395240833,0.494994735231886,0.00020218872052236468,-0.02452672208425175,0.023768740912395316,0.00040846640606722223,-0.00040846640606722223,similar,180
arctic,M2,M0,does z mediation beat direct dense prediction once the decoder is adapted?,wrench_h33_48,0.5030117164379004,0.5094676505305661,-0.006455934092665552,-0.04201245336548964,0.022526573854562092,-0.012671921536023456,0.012671921536023456,similar,177
arctic,M2,M0,does z mediation beat direct dense prediction once the decoder is adapted?,wrench_h49_63,0.5498451997786211,0.5528794385389595,-0.003034238760338274,-0.037465531257343344,0.035276901619106155,-0.005488065840098088,0.005488065840098088,similar,175
arctic,M1,M0,"the previous Stage-2 comparison (B1 vs B0), reproduced from the stored metrics",E_C,2.156583450213876,1.8901479019112484,0.2664355483026274,0.18890297390399916,0.3447021090804569,0.1409601587437774,-0.1409601587437774,worse,186
arctic,M1,M0,"the previous Stage-2 comparison (B1 vs B0), reproduced from the stored metrics",E_C_last16,2.379837096778936,2.2177759663712595,0.1620611304076769,0.06944797574138711,0.2482973787182057,0.07307371567960602,-0.07307371567960602,worse,186
arctic,M1,M0,"the previous Stage-2 comparison (B1 vs B0), reproduced from the stored metrics",part_hamming,0.18845652358766685,0.1793679407627512,0.009088582824915648,-0.002051281208849064,0.01941228386863103,0.05067005166177972,-0.05067005166177972,similar,186
arctic,M1,M0,"the previous Stage-2 comparison (B1 vs B0), reproduced from the stored metrics",amount_l1,0.5232520167946174,0.4810219233234723,0.04223009347114512,0.021491506896254384,0.06611037338691476,0.0877924506628915,-0.0877924506628915,worse,186
arctic,M1,M0,"the previous Stage-2 comparison (B1 vs B0), reproduced from the stored metrics",amount_rmse,0.010257083130875222,0.009292817064648575,0.0009642660662266476,0.0004700778724697525,0.0015115320965988948,0.10376466678709048,-0.10376466678709048,worse,186
arctic,M1,M0,"the previous Stage-2 comparison (B1 vs B0), reproduced from the stored metrics",centroid,0.28207128152491584,0.2851637532353722,-0.0030924717104563147,-0.01868042409935567,0.012191837759730347,-0.010844546950200259,0.010844546950200259,similar,186
arctic,M1,M0,"the previous Stage-2 comparison (B1 vs B0), reproduced from the stored metrics",normal,46.823663132165066,47.783318554201436,-0.9596554220363658,-2.6641727596903486,0.6694045617401763,-0.020083482082723328,0.020083482082723328,similar,186
arctic,M1,M0,"the previous Stage-2 comparison (B1 vs B0), reproduced from the stored metrics",centroid_both,0.17706865014167883,0.15916341572238873,0.017905234419290098,0.00500231034695261,0.03100671523559109,0.11249591709265798,-0.11249591709265798,worse,186
arctic,M1,M0,"the previous Stage-2 comparison (B1 vs B0), reproduced from the stored metrics",normal_both,35.93107286768575,34.685703200678674,1.245369667007077,-0.29352989695741083,2.685819101249461,0.03590440879349708,-0.03590440879349708,similar,186
arctic,M1,M0,"the previous Stage-2 comparison (B1 vs B0), reproduced from the stored metrics",both_frac,0.7845486268321032,0.7553683237763502,0.02918030305575299,0.005563886401701699,0.05328715332616219,0.038630562253220334,-0.038630562253220334,worse,186
arctic,M1,M0,"the previous Stage-2 comparison (B1 vs B0), reproduced from the stored metrics",q_rel_l1,0.5058934240732141,0.4877374209263312,0.01815600314688298,-0.0022288834157103204,0.03884109969053004,0.03722495418210959,-0.03722495418210959,similar,186
arctic,M1,M0,"the previous Stage-2 comparison (B1 vs B0), reproduced from the stored metrics",q_cos,0.8498973466696278,0.8451328252752622,0.004764521394365577,-0.018267142222898446,0.02814387293000755,0.005637600684618727,0.005637600684618727,similar,186
arctic,M1,M0,"the previous Stage-2 comparison (B1 vs B0), reproduced from the stored metrics",q_Qerr,0.35927108238621425,0.3567610212791992,0.002510061107015097,-0.018840755455912975,0.0255809179353948,0.007035693243659422,-0.007035693243659422,similar,186
arctic,M1,M0,"the previous Stage-2 comparison (B1 vs B0), reproduced from the stored metrics",q_rel_l1_vs_grid,0.40467657389975076,0.37368059771487844,0.030995976184872355,-0.0010143959567324406,0.06361390289384942,0.08294778046925133,-0.08294778046925133,similar,185
arctic,M1,M0,"the previous Stage-2 comparison (B1 vs B0), reproduced from the stored metrics",part_hamming_vs_grid,0.17053537399217647,0.15871595008979722,0.011819423902379248,0.0008559728176827486,0.02336948834186657,0.07446903663867517,-0.07446903663867517,worse,186
arctic,M1,M0,"the previous Stage-2 comparison (B1 vs B0), reproduced from the stored metrics",amount_l1_vs_grid,0.3629151645757418,0.3104762799126567,0.05243888466308514,0.03156001251280191,0.07631683497991833,0.1688981994947803,-0.1688981994947803,worse,186
arctic,M1,M0,"the previous Stage-2 comparison (B1 vs B0), reproduced from the stored metrics",centroid_vs_grid,0.12056886672883504,0.10431528009814761,0.016253586630687437,0.0035022778789518564,0.02784369930742685,0.15581213620281562,-0.15581213620281562,worse,186
arctic,M1,M0,"the previous Stage-2 comparison (B1 vs B0), reproduced from the stored metrics",normal_vs_grid,17.539268070331183,15.734124632852692,1.8051434374784912,-0.03948196789364055,3.6269042983670574,0.11472792288103337,-0.11472792288103337,similar,186
arctic,M1,M0,"the previous Stage-2 comparison (B1 vs B0), reproduced from the stored metrics",jitter_dense,0.17846058892907316,0.18584953069246263,-0.007388941763389495,-0.014440599634440507,-0.0007993681933434771,-0.03975765629247921,0.03975765629247921,better,186
arctic,M1,M0,"the previous Stage-2 comparison (B1 vs B0), reproduced from the stored metrics",tv_dense,11.064556825545527,11.522671280368682,-0.45811445482315555,-0.8953172455519107,-0.04956092465984149,-0.03975766067401843,0.03975766067401843,better,186
arctic,M1,M0,"the previous Stage-2 comparison (B1 vs B0), reproduced from the stored metrics",jitter_r2,0.6531772671207305,0.6520301345936073,0.0011471325271232154,-0.021701107018028472,0.02403194381693748,0.0017593244027566182,-0.0017593244027566182,similar,186
arctic,M1,M0,"the previous Stage-2 comparison (B1 vs B0), reproduced from the stored metrics",jitter_dev_dense,0.06889504076091833,0.0581061763148154,0.010788864446102931,0.0038498375925546235,0.017010355145124608,0.18567500273378137,-0.18567500273378137,worse,186
arctic,M1,M0,"the previous Stage-2 comparison (B1 vs B0), reproduced from the stored metrics",jitter_dev_r2,0.1569375186277333,0.15668953338297464,0.0002479852447586675,-0.019783025390881667,0.017255771160900102,0.0015826535404413471,-0.0015826535404413471,similar,186
arctic,M1,M0,"the previous Stage-2 comparison (B1 vs B0), reproduced from the stored metrics",E_C_h1_8,1.5996014292512128,1.0554690371913416,0.5441323920598714,0.44204229228333086,0.6455988177358323,0.5155361009052774,-0.5155361009052774,worse,186
arctic,M1,M0,"the previous Stage-2 comparison (B1 vs B0), reproduced from the stored metrics",E_C_h9_16,1.926302930074794,1.5948535785910183,0.33144935148377574,0.23780551232750086,0.4315870722636717,0.20782431436533277,-0.20782431436533277,worse,186
arctic,M1,M0,"the previous Stage-2 comparison (B1 vs B0), reproduced from the stored metrics",E_C_h17_32,2.1821774902856177,1.9034048127541219,0.2787726775314959,0.19208175547133907,0.3742796991062885,0.1464600045473917,-0.1464600045473917,worse,186
arctic,M1,M0,"the previous Stage-2 comparison (B1 vs B0), reproduced from the stored metrics",E_C_h33_48,2.3128802897070626,2.130074377657385,0.1828059120496775,0.07979853469488135,0.2788406411451735,0.08582137505016324,-0.08582137505016324,worse,186
arctic,M1,M0,"the previous Stage-2 comparison (B1 vs B0), reproduced from the stored metrics",E_C_h49_63,2.3824393056106077,2.222737462285866,0.1597018433247416,0.06576019979053337,0.2457859293032103,0.07184917068905836,-0.07184917068905836,worse,186
arctic,M1,M0,"the previous Stage-2 comparison (B1 vs B0), reproduced from the stored metrics",part_h1_8,0.1817876390552008,0.12780018263967127,0.05398745641552953,0.03611052966060976,0.07334199360221684,0.4224364574481519,-0.4224364574481519,worse,186
arctic,M1,M0,"the previous Stage-2 comparison (B1 vs B0), reproduced from the stored metrics",part_h9_16,0.17260305117815733,0.15669803284308922,0.015905018335068098,-0.0010904944295665091,0.033792587173102955,0.10150107213531334,-0.10150107213531334,similar,186
arctic,M1,M0,"the previous Stage-2 comparison (B1 vs B0), reproduced from the stored metrics",part_h17_32,0.1821796641114258,0.1807795746492282,0.001400089462197596,-0.011906771162007158,0.014380890711469153,0.007744732583391845,-0.007744732583391845,similar,186
arctic,M1,M0,"the previous Stage-2 comparison (B1 vs B0), reproduced from the stored metrics",part_h33_48,0.18721998706760426,0.19214830226615393,-0.00492831519854966,-0.020894790095998945,0.010364957359080336,-0.025648497230660993,0.025648497230660993,similar,186
arctic,M1,M0,"the previous Stage-2 comparison (B1 vs B0), reproduced from the stored metrics",part_h49_63,0.20848268121480942,0.20382318333806101,0.004659497876748389,-0.01431812249750845,0.026091413300281512,0.022860490158374908,-0.022860490158374908,similar,186
arctic,M1,M0,"the previous Stage-2 comparison (B1 vs B0), reproduced from the stored metrics",amount_h1_8,0.41007677213960425,0.37268295237276283,0.0373938197668414,0.020688090627881843,0.053862905790039106,0.10033681317797323,-0.10033681317797323,worse,186
arctic,M1,M0,"the previous Stage-2 comparison (B1 vs B0), reproduced from the stored metrics",amount_h9_16,0.47881860773251844,0.43737992249937446,0.04143868523314395,0.018696179956469244,0.06462017193787895,0.09474299825274494,-0.09474299825274494,worse,186
arctic,M1,M0,"the previous Stage-2 comparison (B1 vs B0), reproduced from the stored metrics",amount_h17_32,0.5322566135493558,0.48080780285411207,0.05144881069524369,0.02542335094182904,0.08396078815287457,0.1070049412464598,-0.1070049412464598,worse,186
arctic,M1,M0,"the previous Stage-2 comparison (B1 vs B0), reproduced from the stored metrics",amount_h33_48,0.5531090430534189,0.5119833046587945,0.041125738394624425,0.013647858568291623,0.06974319215884017,0.08032632708996676,-0.08032632708996676,worse,186
arctic,M1,M0,"the previous Stage-2 comparison (B1 vs B0), reproduced from the stored metrics",amount_h49_63,0.5658574561608495,0.5292812535826343,0.03657620257821509,0.01223145416341363,0.06264591689292084,0.0691054185853658,-0.0691054185853658,worse,186
arctic,M1,M0,"the previous Stage-2 comparison (B1 vs B0), reproduced from the stored metrics",centroid_h1_8,0.259438601784688,0.19376976200973967,0.06566883977494836,0.04561895675425599,0.08744458421104094,0.3389013801423133,-0.3389013801423133,worse,186
arctic,M1,M0,"the previous Stage-2 comparison (B1 vs B0), reproduced from the stored metrics",centroid_h9_16,0.21759249156945998,0.19981132940205487,0.01778116216740514,0.002197806436333405,0.03462393221368286,0.08898975959279254,-0.08898975959279254,worse,175
arctic,M1,M0,"the previous Stage-2 comparison (B1 vs B0), reproduced from the stored metrics",centroid_h17_32,0.2554050317727917,0.26346922946845286,-0.00806419769566113,-0.024844132414749018,0.007337728666230783,-0.030607740083844273,0.030607740083844273,similar,179
arctic,M1,M0,"the previous Stage-2 comparison (B1 vs B0), reproduced from the stored metrics",centroid_h33_48,0.2954648829050782,0.32111753057920345,-0.025652647674125232,-0.05714530916378833,0.002065189709621441,-0.0798855410598582,0.0798855410598582,similar,177
arctic,M1,M0,"the previous Stage-2 comparison (B1 vs B0), reproduced from the stored metrics",centroid_h49_63,0.3295439018254612,0.34102572408979054,-0.0114818222643293,-0.035342419227797114,0.012805266262186064,-0.0336684931759171,0.0336684931759171,similar,176
arctic,M1,M0,"the previous Stage-2 comparison (B1 vs B0), reproduced from the stored metrics",normal_h1_8,42.62948062081859,34.684283638100055,7.945196982718531,5.069248611423989,11.139635323000812,0.22907196428271842,-0.22907196428271842,worse,186
arctic,M1,M0,"the previous Stage-2 comparison (B1 vs B0), reproduced from the stored metrics",normal_h9_16,44.35169313542696,42.49919337517652,1.8524997602504534,-0.22271942839466594,4.0514305787385,0.043589056947431044,-0.043589056947431044,similar,175
arctic,M1,M0,"the previous Stage-2 comparison (B1 vs B0), reproduced from the stored metrics",normal_h17_32,45.492842930586875,47.17516146251227,-1.6823185319253913,-3.9238814640696673,0.35953514337405534,-0.03566110808676819,0.03566110808676819,similar,179
arctic,M1,M0,"the previous Stage-2 comparison (B1 vs B0), reproduced from the stored metrics",normal_h33_48,47.796976214893085,51.10616172323402,-3.3091855083409305,-6.72297386497455,-0.6009008560173531,-0.06475120409671659,0.06475120409671659,better,177
arctic,M1,M0,"the previous Stage-2 comparison (B1 vs B0), reproduced from the stored metrics",normal_h49_63,51.723461858457206,54.38288431636126,-2.6594224579040544,-4.97182118450876,-0.27602978753286833,-0.04890182805372018,0.04890182805372018,better,176
arctic,M1,M0,"the previous Stage-2 comparison (B1 vs B0), reproduced from the stored metrics",wrench_h1_8,0.5056015982809755,0.40641096521685033,0.09919063306412518,0.06335661122596216,0.13747505309753627,0.24406485442930811,-0.24406485442930811,worse,186
arctic,M1,M0,"the previous Stage-2 comparison (B1 vs B0), reproduced from the stored metrics",wrench_h9_16,0.4744956046090189,0.44287006967480547,0.031625534934213474,-0.0038372621592665064,0.06796865353428551,0.07141041379796957,-0.07141041379796957,similar,175
arctic,M1,M0,"the previous Stage-2 comparison (B1 vs B0), reproduced from the stored metrics",wrench_h17_32,0.503106934503257,0.494994735231886,0.00811219927137111,-0.015278020887952595,0.03156164728406198,0.016388455662201856,-0.016388455662201856,similar,180
arctic,M1,M0,"the previous Stage-2 comparison (B1 vs B0), reproduced from the stored metrics",wrench_h33_48,0.5058025786577157,0.5094676505305661,-0.0036650718728503686,-0.031905857594414715,0.02298510727955515,-0.0071939246172617955,0.0071939246172617955,similar,177
arctic,M1,M0,"the previous Stage-2 comparison (B1 vs B0), reproduced from the stored metrics",wrench_h49_63,0.558473315615102,0.5528794385389595,0.005593877076142737,-0.02078415903888494,0.03424241096583146,0.010117715882010605,-0.010117715882010605,similar,175
arctic,M2_seltotal,M2,selection sensitivity: the state at the minimum full objective vs the state at the minimum validation L_C,E_C,2.1583889410380395,2.1583889410380395,0.0,0.0,0.0,0.0,-0.0,similar,186
arctic,M2_seltotal,M2,selection sensitivity: the state at the minimum full objective vs the state at the minimum validation L_C,E_C_last16,2.398336768070216,2.398336768070216,0.0,0.0,0.0,0.0,-0.0,similar,186
arctic,M2_seltotal,M2,selection sensitivity: the state at the minimum full objective vs the state at the minimum validation L_C,part_hamming,0.17931104723304028,0.17931104723304028,0.0,0.0,0.0,0.0,-0.0,similar,186
arctic,M2_seltotal,M2,selection sensitivity: the state at the minimum full objective vs the state at the minimum validation L_C,amount_l1,0.5201362993928694,0.5201362993928694,0.0,0.0,0.0,0.0,-0.0,similar,186
arctic,M2_seltotal,M2,selection sensitivity: the state at the minimum full objective vs the state at the minimum validation L_C,amount_rmse,0.010190198427036164,0.010190198427036164,0.0,0.0,0.0,0.0,-0.0,similar,186
arctic,M2_seltotal,M2,selection sensitivity: the state at the minimum full objective vs the state at the minimum validation L_C,centroid,0.2780571611377821,0.2780571611377821,0.0,0.0,0.0,0.0,-0.0,similar,186
arctic,M2_seltotal,M2,selection sensitivity: the state at the minimum full objective vs the state at the minimum validation L_C,normal,46.330688171489264,46.330688171489264,0.0,0.0,0.0,0.0,-0.0,similar,186
arctic,M2_seltotal,M2,selection sensitivity: the state at the minimum full objective vs the state at the minimum validation L_C,centroid_both,0.1761781531636433,0.1761781531636433,0.0,0.0,0.0,0.0,-0.0,similar,186
arctic,M2_seltotal,M2,selection sensitivity: the state at the minimum full objective vs the state at the minimum validation L_C,normal_both,35.86253586892159,35.86253586892159,0.0,0.0,0.0,0.0,-0.0,similar,186
arctic,M2_seltotal,M2,selection sensitivity: the state at the minimum full objective vs the state at the minimum validation L_C,both_frac,0.7939604589695571,0.7939604589695571,0.0,0.0,0.0,0.0,-0.0,similar,186
arctic,M2_seltotal,M2,selection sensitivity: the state at the minimum full objective vs the state at the minimum validation L_C,q_rel_l1,0.4985545142603818,0.4985545142603818,0.0,0.0,0.0,0.0,-0.0,similar,186
arctic,M2_seltotal,M2,selection sensitivity: the state at the minimum full objective vs the state at the minimum validation L_C,q_cos,0.8542735058293548,0.8542735058293548,0.0,0.0,0.0,0.0,0.0,similar,186
arctic,M2_seltotal,M2,selection sensitivity: the state at the minimum full objective vs the state at the minimum validation L_C,q_Qerr,0.353381204418838,0.353381204418838,0.0,0.0,0.0,0.0,-0.0,similar,186
arctic,M2_seltotal,M2,selection sensitivity: the state at the minimum full objective vs the state at the minimum validation L_C,q_rel_l1_vs_grid,0.39465250607479263,0.39465250607479263,0.0,0.0,0.0,0.0,-0.0,similar,185
arctic,M2_seltotal,M2,selection sensitivity: the state at the minimum full objective vs the state at the minimum validation L_C,part_hamming_vs_grid,0.16198727046389894,0.16198727046389894,0.0,0.0,0.0,0.0,-0.0,similar,186
arctic,M2_seltotal,M2,selection sensitivity: the state at the minimum full objective vs the state at the minimum validation L_C,amount_l1_vs_grid,0.35935045279542444,0.35935045279542444,0.0,0.0,0.0,0.0,-0.0,similar,186
arctic,M2_seltotal,M2,selection sensitivity: the state at the minimum full objective vs the state at the minimum validation L_C,centroid_vs_grid,0.11932271056350381,0.11932271056350381,0.0,0.0,0.0,0.0,-0.0,similar,186
arctic,M2_seltotal,M2,selection sensitivity: the state at the minimum full objective vs the state at the minimum validation L_C,normal_vs_grid,17.325552133943447,17.325552133943447,0.0,0.0,0.0,0.0,-0.0,similar,186
arctic,M2_seltotal,M2,selection sensitivity: the state at the minimum full objective vs the state at the minimum validation L_C,jitter_dense,0.2127168292420045,0.2127168292420045,0.0,0.0,0.0,0.0,-0.0,similar,186
arctic,M2_seltotal,M2,selection sensitivity: the state at the minimum full objective vs the state at the minimum validation L_C,tv_dense,13.188443826731815,13.188443826731815,0.0,0.0,0.0,0.0,-0.0,similar,186
arctic,M2_seltotal,M2,selection sensitivity: the state at the minimum full objective vs the state at the minimum validation L_C,jitter_r2,0.6698561620808416,0.6698561620808416,0.0,0.0,0.0,0.0,-0.0,similar,186
arctic,M2_seltotal,M2,selection sensitivity: the state at the minimum full objective vs the state at the minimum validation L_C,jitter_dev_dense,0.08053962493775993,0.08053962493775993,0.0,0.0,0.0,0.0,-0.0,similar,186
arctic,M2_seltotal,M2,selection sensitivity: the state at the minimum full objective vs the state at the minimum validation L_C,jitter_dev_r2,0.16177431329764347,0.16177431329764347,0.0,0.0,0.0,0.0,-0.0,similar,186
arctic,M2_seltotal,M2,selection sensitivity: the state at the minimum full objective vs the state at the minimum validation L_C,E_C_h1_8,1.5367360305546793,1.5367360305546793,0.0,0.0,0.0,0.0,-0.0,similar,186
arctic,M2_seltotal,M2,selection sensitivity: the state at the minimum full objective vs the state at the minimum validation L_C,E_C_h9_16,1.9233832196332514,1.9233832196332514,0.0,0.0,0.0,0.0,-0.0,similar,186
arctic,M2_seltotal,M2,selection sensitivity: the state at the minimum full objective vs the state at the minimum validation L_C,E_C_h17_32,2.1851598748809566,2.1851598748809566,0.0,0.0,0.0,0.0,-0.0,similar,186
arctic,M2_seltotal,M2,selection sensitivity: the state at the minimum full objective vs the state at the minimum validation L_C,E_C_h33_48,2.3311997110096696,2.3311997110096696,0.0,0.0,0.0,0.0,-0.0,similar,186
arctic,M2_seltotal,M2,selection sensitivity: the state at the minimum full objective vs the state at the minimum validation L_C,E_C_h49_63,2.4023859040925153,2.4023859040925153,0.0,0.0,0.0,0.0,-0.0,similar,186
arctic,M2_seltotal,M2,selection sensitivity: the state at the minimum full objective vs the state at the minimum validation L_C,part_h1_8,0.16957885747955692,0.16957885747955692,0.0,0.0,0.0,0.0,-0.0,similar,186
arctic,M2_seltotal,M2,selection sensitivity: the state at the minimum full objective vs the state at the minimum validation L_C,part_h9_16,0.1647625493025908,0.1647625493025908,0.0,0.0,0.0,0.0,-0.0,similar,186
arctic,M2_seltotal,M2,selection sensitivity: the state at the minimum full objective vs the state at the minimum validation L_C,part_h17_32,0.17109095411855849,0.17109095411855849,0.0,0.0,0.0,0.0,-0.0,similar,186
arctic,M2_seltotal,M2,selection sensitivity: the state at the minimum full objective vs the state at the minimum validation L_C,part_h33_48,0.18285170705207893,0.18285170705207893,0.0,0.0,0.0,0.0,-0.0,similar,186
arctic,M2_seltotal,M2,selection sensitivity: the state at the minimum full objective vs the state at the minimum validation L_C,part_h49_63,0.19725209576575134,0.19725209576575134,0.0,0.0,0.0,0.0,-0.0,similar,186
arctic,M2_seltotal,M2,selection sensitivity: the state at the minimum full objective vs the state at the minimum validation L_C,amount_h1_8,0.4063551626449841,0.4063551626449841,0.0,0.0,0.0,0.0,-0.0,similar,186
arctic,M2_seltotal,M2,selection sensitivity: the state at the minimum full objective vs the state at the minimum validation L_C,amount_h9_16,0.480458700978097,0.480458700978097,0.0,0.0,0.0,0.0,-0.0,similar,186
arctic,M2_seltotal,M2,selection sensitivity: the state at the minimum full objective vs the state at the minimum validation L_C,amount_h17_32,0.5276585401355675,0.5276585401355675,0.0,0.0,0.0,0.0,-0.0,similar,186
arctic,M2_seltotal,M2,selection sensitivity: the state at the minimum full objective vs the state at the minimum validation L_C,amount_h33_48,0.5460719081337854,0.5460719081337854,0.0,0.0,0.0,0.0,-0.0,similar,186
arctic,M2_seltotal,M2,selection sensitivity: the state at the minimum full objective vs the state at the minimum validation L_C,amount_h49_63,0.5662924542181915,0.5662924542181915,0.0,0.0,0.0,0.0,-0.0,similar,186
arctic,M2_seltotal,M2,selection sensitivity: the state at the minimum full objective vs the state at the minimum validation L_C,centroid_h1_8,0.2443162013336809,0.2443162013336809,0.0,0.0,0.0,0.0,-0.0,similar,186
arctic,M2_seltotal,M2,selection sensitivity: the state at the minimum full objective vs the state at the minimum validation L_C,centroid_h9_16,0.2052810539701814,0.2052810539701814,0.0,0.0,0.0,0.0,-0.0,similar,175
arctic,M2_seltotal,M2,selection sensitivity: the state at the minimum full objective vs the state at the minimum validation L_C,centroid_h17_32,0.2589791638765083,0.2589791638765083,0.0,0.0,0.0,0.0,-0.0,similar,179
arctic,M2_seltotal,M2,selection sensitivity: the state at the minimum full objective vs the state at the minimum validation L_C,centroid_h33_48,0.29827829817270274,0.29827829817270274,0.0,0.0,0.0,0.0,-0.0,similar,177
arctic,M2_seltotal,M2,selection sensitivity: the state at the minimum full objective vs the state at the minimum validation L_C,centroid_h49_63,0.32151113838665,0.32151113838665,0.0,0.0,0.0,0.0,-0.0,similar,176
arctic,M2_seltotal,M2,selection sensitivity: the state at the minimum full objective vs the state at the minimum validation L_C,normal_h1_8,41.16526823614224,41.16526823614224,0.0,0.0,0.0,0.0,-0.0,similar,186
arctic,M2_seltotal,M2,selection sensitivity: the state at the minimum full objective vs the state at the minimum validation L_C,normal_h9_16,42.793769160468564,42.793769160468564,0.0,0.0,0.0,0.0,-0.0,similar,175
arctic,M2_seltotal,M2,selection sensitivity: the state at the minimum full objective vs the state at the minimum validation L_C,normal_h17_32,45.36639896473027,45.36639896473027,0.0,0.0,0.0,0.0,-0.0,similar,179
arctic,M2_seltotal,M2,selection sensitivity: the state at the minimum full objective vs the state at the minimum validation L_C,normal_h33_48,48.51001498873686,48.51001498873686,0.0,0.0,0.0,0.0,-0.0,similar,177
arctic,M2_seltotal,M2,selection sensitivity: the state at the minimum full objective vs the state at the minimum validation L_C,normal_h49_63,51.11566433865091,51.11566433865091,0.0,0.0,0.0,0.0,-0.0,similar,176
arctic,M2_seltotal,M2,selection sensitivity: the state at the minimum full objective vs the state at the minimum validation L_C,wrench_h1_8,0.48826445837015064,0.48826445837015064,0.0,0.0,0.0,0.0,-0.0,similar,186
arctic,M2_seltotal,M2,selection sensitivity: the state at the minimum full objective vs the state at the minimum validation L_C,wrench_h9_16,0.4768256749563477,0.4768256749563477,0.0,0.0,0.0,0.0,-0.0,similar,175
arctic,M2_seltotal,M2,selection sensitivity: the state at the minimum full objective vs the state at the minimum validation L_C,wrench_h17_32,0.49519692395240833,0.49519692395240833,0.0,0.0,0.0,0.0,-0.0,similar,180
arctic,M2_seltotal,M2,selection sensitivity: the state at the minimum full objective vs the state at the minimum validation L_C,wrench_h33_48,0.5030117164379004,0.5030117164379004,0.0,0.0,0.0,0.0,-0.0,similar,177
arctic,M2_seltotal,M2,selection sensitivity: the state at the minimum full objective vs the state at the minimum validation L_C,wrench_h49_63,0.5498451997786211,0.5498451997786211,0.0,0.0,0.0,0.0,-0.0,similar,175
arctic,M2_seltotal,M1,same selection criterion as M1: what the larger decoder and the longer schedule change,E_C,2.1583889410380395,2.156583450213876,0.001805490824163601,-0.0255759327325302,0.03167825517836529,0.0008371996103301935,-0.0008371996103301935,similar,186
arctic,M2_seltotal,M1,same selection criterion as M1: what the larger decoder and the longer schedule change,E_C_last16,2.398336768070216,2.379837096778936,0.018499671291279537,-0.04111932419929887,0.07586321304665176,0.007773503201676487,-0.007773503201676487,similar,186
arctic,M2_seltotal,M1,same selection criterion as M1: what the larger decoder and the longer schedule change,part_hamming,0.17931104723304028,0.18845652358766685,-0.009145476354626559,-0.01659559463187457,-0.0020064512036279967,-0.04852830870761677,0.04852830870761677,better,186
arctic,M2_seltotal,M1,same selection criterion as M1: what the larger decoder and the longer schedule change,amount_l1,0.5201362993928694,0.5232520167946174,-0.0031157174017480624,-0.011341218150947565,0.004739265766320079,-0.005954525356317963,0.005954525356317963,similar,186
arctic,M2_seltotal,M1,same selection criterion as M1: what the larger decoder and the longer schedule change,amount_rmse,0.010190198427036164,0.010257083130875222,-6.688470383905756e-05,-0.000249313151441455,0.00011514579974955374,-0.006520830823504341,0.006520830823504341,similar,186
arctic,M2_seltotal,M1,same selection criterion as M1: what the larger decoder and the longer schedule change,centroid,0.2780571611377821,0.28207128152491584,-0.004014120387133732,-0.012083137262982468,0.00432012326412662,-0.014230872300905108,0.014230872300905108,similar,186
arctic,M2_seltotal,M1,same selection criterion as M1: what the larger decoder and the longer schedule change,normal,46.330688171489264,46.823663132165066,-0.49297496067580354,-1.197912567137922,0.24101881563709385,-0.010528329645724773,0.010528329645724773,similar,186
arctic,M2_seltotal,M1,same selection criterion as M1: what the larger decoder and the longer schedule change,centroid_both,0.1761781531636433,0.17706865014167883,-0.0008904969780355372,-0.007408235042200734,0.004990094408083137,-0.005029105814739195,0.005029105814739195,similar,186
arctic,M2_seltotal,M1,same selection criterion as M1: what the larger decoder and the longer schedule change,normal_both,35.86253586892159,35.93107286768575,-0.06853699876416114,-0.7119877083202203,0.6147895513619682,-0.0019074576207770073,0.0019074576207770073,similar,186
arctic,M2_seltotal,M1,same selection criterion as M1: what the larger decoder and the longer schedule change,both_frac,0.7939604589695571,0.7845486268321032,0.00941183213745394,-0.001302263803746897,0.01959233525847693,0.011996493035055828,-0.011996493035055828,similar,186
arctic,M2_seltotal,M1,same selection criterion as M1: what the larger decoder and the longer schedule change,q_rel_l1,0.4985545142603818,0.5058934240732141,-0.007338909812832391,-0.01653811455619301,0.0011367679320986404,-0.014506829825426405,0.014506829825426405,similar,186
arctic,M2_seltotal,M1,same selection criterion as M1: what the larger decoder and the longer schedule change,q_cos,0.8542735058293548,0.8498973466696278,0.004376159159726994,-0.003725683618120056,0.013636518221484322,0.005149044383860272,0.005149044383860272,similar,186
arctic,M2_seltotal,M1,same selection criterion as M1: what the larger decoder and the longer schedule change,q_Qerr,0.353381204418838,0.35927108238621425,-0.005889877967376222,-0.016050583325630547,0.0044468876738827405,-0.01639396616130835,0.01639396616130835,similar,186
arctic,M2_seltotal,M1,same selection criterion as M1: what the larger decoder and the longer schedule change,q_rel_l1_vs_grid,0.39465250607479263,0.40467657389975076,-0.010024067824958145,-0.021426528570126127,0.0007076780287224949,-0.024770566105072778,0.024770566105072778,similar,185
arctic,M2_seltotal,M1,same selection criterion as M1: what the larger decoder and the longer schedule change,part_hamming_vs_grid,0.16198727046389894,0.17053537399217647,-0.008548103528277527,-0.015293322195309062,-0.0015290203606277142,-0.05012510500413646,0.05012510500413646,better,186
arctic,M2_seltotal,M1,same selection criterion as M1: what the larger decoder and the longer schedule change,amount_l1_vs_grid,0.35935045279542444,0.3629151645757418,-0.003564711780317368,-0.011209752005915919,0.003911642642384601,-0.009822438212204822,0.009822438212204822,similar,186
arctic,M2_seltotal,M1,same selection criterion as M1: what the larger decoder and the longer schedule change,centroid_vs_grid,0.11932271056350381,0.12056886672883504,-0.0012461561653312415,-0.007848013073782672,0.005216132460818698,-0.010335638039411156,0.010335638039411156,similar,186
arctic,M2_seltotal,M1,same selection criterion as M1: what the larger decoder and the longer schedule change,normal_vs_grid,17.325552133943447,17.539268070331183,-0.21371593638773886,-0.884446918948864,0.443800908102619,-0.012184997431520721,0.012184997431520721,similar,186
arctic,M2_seltotal,M1,same selection criterion as M1: what the larger decoder and the longer schedule change,jitter_dense,0.2127168292420045,0.17846058892907316,0.034256240312931355,0.02818856142174667,0.04083160474610891,0.19195409204071412,-0.19195409204071412,worse,186
arctic,M2_seltotal,M1,same selection criterion as M1: what the larger decoder and the longer schedule change,tv_dense,13.188443826731815,11.064556825545527,2.1238870011862887,1.7476908741968653,2.5315595953185075,0.19195409582810585,-0.19195409582810585,worse,186
arctic,M2_seltotal,M1,same selection criterion as M1: what the larger decoder and the longer schedule change,jitter_r2,0.6698561620808416,0.6531772671207305,0.016678894960111188,0.005370766155125181,0.028169950731718088,0.025535020582748376,-0.025535020582748376,worse,186
arctic,M2_seltotal,M1,same selection criterion as M1: what the larger decoder and the longer schedule change,jitter_dev_dense,0.08053962493775993,0.06889504076091833,0.011644584176841603,0.006044475819083068,0.01821162634483995,0.16901919279285998,-0.16901919279285998,worse,186
arctic,M2_seltotal,M1,same selection criterion as M1: what the larger decoder and the longer schedule change,jitter_dev_r2,0.16177431329764347,0.1569375186277333,0.004836794669910144,-0.004783184270910004,0.014511945366836672,0.030819874764194257,-0.030819874764194257,similar,186
arctic,M2_seltotal,M1,same selection criterion as M1: what the larger decoder and the longer schedule change,E_C_h1_8,1.5367360305546793,1.5996014292512128,-0.06286539869653361,-0.09914017103237208,-0.022793139317501408,-0.039300664244818435,0.039300664244818435,better,186
arctic,M2_seltotal,M1,same selection criterion as M1: what the larger decoder and the longer schedule change,E_C_h9_16,1.9233832196332514,1.926302930074794,-0.002919710441542569,-0.05023046796968018,0.047084394997296636,-0.001515706795622848,0.001515706795622848,similar,186
arctic,M2_seltotal,M1,same selection criterion as M1: what the larger decoder and the longer schedule change,E_C_h17_32,2.1851598748809566,2.1821774902856177,0.002982384595339016,-0.04090966978803056,0.04655586798961944,0.001366701200344919,-0.001366701200344919,similar,186
arctic,M2_seltotal,M1,same selection criterion as M1: what the larger decoder and the longer schedule change,E_C_h33_48,2.3311997110096696,2.3128802897070626,0.018319421302607303,-0.019570075967176644,0.058128871096563,0.007920609373573565,-0.007920609373573565,similar,186
arctic,M2_seltotal,M1,same selection criterion as M1: what the larger decoder and the longer schedule change,E_C_h49_63,2.4023859040925153,2.3824393056106077,0.019946598481907635,-0.04037287222638626,0.07959880206087493,0.008372342764381743,-0.008372342764381743,similar,186
arctic,M2_seltotal,M1,same selection criterion as M1: what the larger decoder and the longer schedule change,part_h1_8,0.16957885747955692,0.1817876390552008,-0.012208781575643889,-0.02233034302356035,-0.003005375027115956,-0.0671595804813584,0.0671595804813584,better,186
arctic,M2_seltotal,M1,same selection criterion as M1: what the larger decoder and the longer schedule change,part_h9_16,0.1647625493025908,0.17260305117815733,-0.007840501875566539,-0.018320947740542486,0.0016048013922685285,-0.04542504794700143,0.04542504794700143,similar,186
arctic,M2_seltotal,M1,same selection criterion as M1: what the larger decoder and the longer schedule change,part_h17_32,0.17109095411855849,0.1821796641114258,-0.011088709992867323,-0.018974030212697703,-0.002628144660871261,-0.06086689228982869,0.06086689228982869,better,186
arctic,M2_seltotal,M1,same selection criterion as M1: what the larger decoder and the longer schedule change,part_h33_48,0.18285170705207893,0.18721998706760426,-0.004368280015525318,-0.015425933023751275,0.006471360646010984,-0.02333233798348652,0.02333233798348652,similar,186
arctic,M2_seltotal,M1,same selection criterion as M1: what the larger decoder and the longer schedule change,part_h49_63,0.19725209576575134,0.20848268121480942,-0.011230585449058094,-0.02611001964374575,0.0002834831790518707,-0.053868193672579924,0.053868193672579924,similar,186
arctic,M2_seltotal,M1,same selection criterion as M1: what the larger decoder and the longer schedule change,amount_h1_8,0.4063551626449841,0.41007677213960425,-0.003721609494620083,-0.012496158551684794,0.005065766176112583,-0.009075396968236765,0.009075396968236765,similar,186
arctic,M2_seltotal,M1,same selection criterion as M1: what the larger decoder and the longer schedule change,amount_h9_16,0.480458700978097,0.47881860773251844,0.0016400932455785894,-0.00787147906559433,0.011566712795794716,0.003425291371497391,-0.003425291371497391,similar,186
arctic,M2_seltotal,M1,same selection criterion as M1: what the larger decoder and the longer schedule change,amount_h17_32,0.5276585401355675,0.5322566135493558,-0.004598073413788331,-0.014506908820519453,0.004876740834263779,-0.008638828145555687,0.008638828145555687,similar,186
arctic,M2_seltotal,M1,same selection criterion as M1: what the larger decoder and the longer schedule change,amount_h33_48,0.5460719081337854,0.5531090430534189,-0.007037134919633528,-0.021109347492935086,0.0063952354667590515,-0.012722870848007245,0.012722870848007245,similar,186
arctic,M2_seltotal,M1,same selection criterion as M1: what the larger decoder and the longer schedule change,amount_h49_63,0.5662924542181915,0.5658574561608495,0.0004349980573420247,-0.01617678956436494,0.016858535400214848,0.0007687414075858233,-0.0007687414075858233,similar,186
arctic,M2_seltotal,M1,same selection criterion as M1: what the larger decoder and the longer schedule change,centroid_h1_8,0.2443162013336809,0.259438601784688,-0.0151224004510071,-0.030098905646715943,-0.0012900210445376784,-0.058288937525023385,0.058288937525023385,better,186
arctic,M2_seltotal,M1,same selection criterion as M1: what the larger decoder and the longer schedule change,centroid_h9_16,0.2052810539701814,0.21759249156945998,-0.01231143759927858,-0.01998023799724727,-0.004748274299243476,-0.0565802501293962,0.0565802501293962,better,175
arctic,M2_seltotal,M1,same selection criterion as M1: what the larger decoder and the longer schedule change,centroid_h17_32,0.2589791638765083,0.2554050317727917,0.003574132103716554,-0.006447534703896921,0.01541157569669099,0.013993976856713226,-0.013993976856713226,similar,179
arctic,M2_seltotal,M1,same selection criterion as M1: what the larger decoder and the longer schedule change,centroid_h33_48,0.29827829817270274,0.2954648829050782,0.0028134152676245177,-0.012502190230919832,0.017188324723599595,0.009521995439736784,-0.009521995439736784,similar,177
arctic,M2_seltotal,M1,same selection criterion as M1: what the larger decoder and the longer schedule change,centroid_h49_63,0.32151113838665,0.3295439018254612,-0.008032763438811224,-0.025351188177518046,0.0047497937796025635,-0.024375397008759323,0.024375397008759323,similar,176
arctic,M2_seltotal,M1,same selection criterion as M1: what the larger decoder and the longer schedule change,normal_h1_8,41.16526823614224,42.62948062081859,-1.464212384676352,-2.9523613466410015,-0.013061381319688847,-0.034347413183384815,0.034347413183384815,better,186
arctic,M2_seltotal,M1,same selection criterion as M1: what the larger decoder and the longer schedule change,normal_h9_16,42.793769160468564,44.35169313542696,-1.5579239749584068,-2.5590601172209193,-0.5953649869432032,-0.03512659528467873,0.03512659528467873,better,175
arctic,M2_seltotal,M1,same selection criterion as M1: what the larger decoder and the longer schedule change,normal_h17_32,45.36639896473027,45.492842930586875,-0.12644396585659995,-1.0472906149843557,0.8007061447268431,-0.002779425459286608,0.002779425459286608,similar,179
arctic,M2_seltotal,M1,same selection criterion as M1: what the larger decoder and the longer schedule change,normal_h33_48,48.51001498873686,47.796976214893085,0.713038773843774,-0.6104825081464462,2.0374591643654814,0.014918072863814299,-0.014918072863814299,similar,177
arctic,M2_seltotal,M1,same selection criterion as M1: what the larger decoder and the longer schedule change,normal_h49_63,51.11566433865091,51.723461858457206,-0.607797519806306,-1.9390733802645281,0.5806152522520569,-0.011750905642579803,0.011750905642579803,similar,176
arctic,M2_seltotal,M1,same selection criterion as M1: what the larger decoder and the longer schedule change,wrench_h1_8,0.48826445837015064,0.5056015982809755,-0.01733713991082494,-0.037726585561941584,-0.0011417897521124349,-0.0342901208575497,0.0342901208575497,better,186
arctic,M2_seltotal,M1,same selection criterion as M1: what the larger decoder and the longer schedule change,wrench_h9_16,0.4768256749563477,0.4744956046090189,0.002330070347328778,-0.011554713756776091,0.017445014034889086,0.004910625777553282,-0.004910625777553282,similar,175
arctic,M2_seltotal,M1,same selection criterion as M1: what the larger decoder and the longer schedule change,wrench_h17_32,0.49519692395240833,0.503106934503257,-0.007910010550848745,-0.01955265934580186,0.0028912223712510322,-0.01572232463593192,0.01572232463593192,similar,180
arctic,M2_seltotal,M1,same selection criterion as M1: what the larger decoder and the longer schedule change,wrench_h33_48,0.5030117164379004,0.5058025786577157,-0.002790862219815181,-0.016508343212475,0.011338627673494108,-0.005517690770224008,0.005517690770224008,similar,177
arctic,M2_seltotal,M1,same selection criterion as M1: what the larger decoder and the longer schedule change,wrench_h49_63,0.5498451997786211,0.558473315615102,-0.008628115836481008,-0.0319314400365065,0.015144575700648696,-0.015449468390406458,0.015449468390406458,similar,175
arctic,D_M1(pred),D_M1(oracle),cost of the predicted latent: predicted z vs teacher z through the same decoder,E_C,2.1565765985272627,0.7086475028857183,1.4479290956415443,1.2130812271191156,1.6933413992798259,2.0432289533870662,-2.0432289533870662,worse,186
arctic,D_M1(noisy_gauss),D_M1(pred),"matched Gaussian perturbation of the teacher z vs the predicted z (same decoder, same error mean and covariance)",E_C,2.0211340983111024,2.1565765985272627,-0.13544250021615997,-0.34719391418880485,0.05800708342853482,-0.06280440041343968,0.06280440041343968,similar,186
arctic,D_M1(noisy_perm),D_M1(pred),another sequence's error trajectory added to the teacher z vs the predicted z (same decoder),E_C,1.8801369692905812,2.1565765985272627,-0.2764396292366816,-0.5173968022444793,-0.040144107838622205,-0.12818447043590459,0.12818447043590459,better,186
arctic,D_M1(noisy_gauss),D_M1(oracle),matched Gaussian perturbation vs the clean teacher z,E_C,2.0211340983111024,0.7086475028857183,1.3124865954253842,1.2059890008988938,1.4071123816803284,1.8521007836487717,-1.8521007836487717,worse,186
arctic,D_M2(pred),D_M2(oracle),cost of the predicted latent: predicted z vs teacher z through the same decoder,E_C,2.158389478384937,0.6935824144674224,1.4648070639175146,1.2377754490638502,1.7055666873805042,2.1119437767785514,-2.1119437767785514,worse,186
arctic,D_M2(noisy_gauss),D_M2(pred),"matched Gaussian perturbation of the teacher z vs the predicted z (same decoder, same error mean and covariance)",E_C,1.9444129230865623,2.158389478384937,-0.21397655529837484,-0.4197394667401841,-0.013676635283537103,-0.09913713787119068,0.09913713787119068,better,186
arctic,D_M2(noisy_perm),D_M2(pred),another sequence's error trajectory added to the teacher z vs the predicted z (same decoder),E_C,1.8193258108025314,2.158389478384937,-0.3390636675824055,-0.5922669900144951,-0.09589864206098547,-0.1570910491261834,0.1570910491261834,better,186
arctic,D_M2(noisy_gauss),D_M2(oracle),matched Gaussian perturbation vs the clean teacher z,E_C,1.9444129230865623,0.6935824144674224,1.25083050861914,1.1427874577615984,1.349255752719375,1.8034345775326626,-1.8034345775326626,worse,186
arctic,M2,M1,"z prediction (test L_z, standardised teacher coordinates)",L_z,0.5143427029032693,0.510028777729934,0.004313925173335324,-0.008297877900117732,0.017911207713989342,0.008458199540300441,-0.008458199540300441,similar,186
arctic,D_M2(oracle),D_M1(oracle),same teacher latent through both decoders,E_C,0.6935824144674224,0.7086475028857183,-0.015065088418295996,-0.021575034342675638,-0.007685630617948108,-0.02125893107214618,0.02125893107214618,better,186
arctic,D_M2(noisy_gauss of M1),D_M1(noisy_gauss of M1),same perturbed teacher latent through both decoders,E_C,1.9704311510780388,2.0211340983111024,-0.05070294723306363,-0.060872253904735114,-0.040316721519013714,-0.02508638455777475,0.02508638455777475,better,186
arctic,D_M2(noisy_gauss of M2),D_M1(noisy_gauss of M2),same perturbed teacher latent through both decoders,E_C,1.9444129230865623,1.9926314699681476,-0.04821854688158508,-0.05812343618001161,-0.0381092537906014,-0.02419842685830705,0.02419842685830705,better,186
arctic,D_M2(noisy_perm of M1),D_M1(noisy_perm of M1),same perturbed teacher latent through both decoders,E_C,1.8426627395599877,1.8801369692905812,-0.037474229730593195,-0.048804606276277245,-0.025287734065230705,-0.019931648780212582,0.019931648780212582,similar,186
arctic,D_M2(noisy_perm of M2),D_M1(noisy_perm of M2),same perturbed teacher latent through both decoders,E_C,1.8193258108025314,1.8540225854104717,-0.03469677460793978,-0.047257282381052826,-0.022159044502900564,-0.018714321433283988,0.018714321433283988,similar,186
arctic,D_M2(zhat_M1),D_M1(zhat_M1),same predicted z through both decoders,E_C,2.1649730419921287,2.1565765985272627,0.008396443464866536,0.0006543807445865555,0.0158555090749011,0.003893413046678013,-0.003893413046678013,similar,186
arctic,D_M2(zhat_M2),D_M1(zhat_M2),same predicted z through both decoders,E_C,2.158389478384937,2.1519968111863106,0.0063926671986264776,-0.0011405861003174458,0.012940063725607272,0.0029705746613548434,-0.0029705746613548434,similar,186
taco,PROBE_M2,M0,held-out adaptation probe (decoder fine-tuned on validation latents) vs a compared model,E_C,1.6978018232851118,1.700352207481206,-0.0025503841960942777,-0.03791807514732179,0.03774103145505938,-0.001499915243955401,0.001499915243955401,similar,364
taco,PROBE_M2,M1,held-out adaptation probe (decoder fine-tuned on validation latents) vs a compared model,E_C,1.6978018232851118,1.7317861767669955,-0.03398435348188371,-0.04955239045992249,-0.01676385763926866,-0.019623873857988507,0.019623873857988507,similar,364
taco,PROBE_M2,M2,held-out adaptation probe vs the same model un-adapted,E_C,1.6978018232851118,1.6978018232851118,0.0,0.0,0.0,0.0,-0.0,similar,364
taco,SHRINK_M2,M2,latent shrinkage fitted on validation (one factor per horizon bin) vs the same model,E_C,1.6978018232851118,1.6978018232851118,0.0,0.0,0.0,0.0,-0.0,similar,364
taco,SHRINK_M2,M0,latent shrinkage fitted on validation vs the direct model,E_C,1.6978018232851118,1.700352207481206,-0.0025503841960942777,-0.03791807514732179,0.03774103145505938,-0.001499915243955401,0.001499915243955401,similar,364
arctic,PROBE_M2,M0,held-out adaptation probe (decoder fine-tuned on validation latents) vs a compared model,E_C,2.158389478384937,1.8901479019112484,0.26824157647368885,0.19581627708744892,0.3441174683480807,0.14191565443236098,-0.14191565443236098,worse,186
arctic,PROBE_M2,M1,held-out adaptation probe (decoder fine-tuned on validation latents) vs a compared model,E_C,2.158389478384937,2.156583450213876,0.0018060281710614316,-0.02557453410627578,0.03167896749654819,0.0008374487761567129,-0.0008374487761567129,similar,186
arctic,PROBE_M2,M2,held-out adaptation probe vs the same model un-adapted,E_C,2.158389478384937,2.158389478384937,0.0,0.0,0.0,0.0,-0.0,similar,186
arctic,SHRINK_M2,M2,latent shrinkage fitted on validation (one factor per horizon bin) vs the same model,E_C,2.159238779183619,2.158389478384937,0.0008493007986817044,-0.0015177167443187257,0.0032564081942978874,0.0003934882036754611,-0.0003934882036754611,similar,186
arctic,SHRINK_M2,M0,latent shrinkage fitted on validation vs the direct model,E_C,2.159238779183619,1.8901479019112484,0.2690908772723706,0.19631670474964744,0.3439826075966131,0.14236498477197246,-0.14236498477197246,worse,186
