group,metric,ratio,stat,value,lo,hi
alcohol burner__obj__L,raw,time/take,mean,0.23386365175247192,0.18620640786388207,0.29274567730300766
alcohol burner__obj__L,raw,time/take,median,0.16223549842834473,0.13363592214578043,0.21178013250552827
alcohol burner__obj__L,raw,action/take,mean,0.9928522109985352,0.951712799751582,1.0414455514152492
alcohol burner__obj__L,raw,action/take,median,0.9819705486297607,0.943105832527117,1.0259707567648209
alcohol burner__obj__L,raw,subject/take,mean,1.0508508682250977,1.0074468475725677,1.0995542518495725
alcohol burner__obj__L,raw,subject/take,median,1.044197678565979,1.0040920033662153,1.0737537182892751
alcohol burner__obj__L,raw,time/floor,mean,6.292604446411133,4.9803085876104864,7.808664209980931
alcohol burner__obj__L,raw,time/floor,median,7.386579513549805,6.0030451190094585,9.637325458133832
alcohol burner__obj__L,raw_L1,time/take,mean,0.2125396430492401,0.1687601454957584,0.26898869877903525
alcohol burner__obj__L,raw_L1,time/take,median,0.14827676117420197,0.11770920550444298,0.19196080326369075
alcohol burner__obj__L,raw_L1,action/take,mean,0.98650723695755,0.9412571163107786,1.0360403040287256
alcohol burner__obj__L,raw_L1,action/take,median,0.9694660902023315,0.9164785742537054,1.0246910838420578
alcohol burner__obj__L,raw_L1,subject/take,mean,1.0572409629821777,1.0054370660966825,1.1121939965273195
alcohol burner__obj__L,raw_L1,subject/take,median,1.0592514276504517,1.011398820247347,1.0992979646005252
alcohol burner__obj__L,raw_L1,time/floor,mean,6.648867607116699,5.241736484855392,8.23192040351787
alcohol burner__obj__L,raw_L1,time/floor,median,7.729128360748291,6.008786823697315,9.94394715108839
alcohol burner__obj__L,mass_abs,time/take,mean,0.34628650546073914,0.2552908504412492,0.47116989827906397
alcohol burner__obj__L,mass_abs,time/take,median,0.2534869909286499,0.1762389684363039,0.35287415772032976
alcohol burner__obj__L,mass_abs,action/take,mean,0.9184415340423584,0.8111119773314476,1.0383379158469943
alcohol burner__obj__L,mass_abs,action/take,median,0.9239871501922607,0.791629674862825,1.0502646100720785
alcohol burner__obj__L,mass_abs,subject/take,mean,1.0844695568084717,0.9775650594886764,1.2002138404720728
alcohol burner__obj__L,mass_abs,subject/take,median,1.0787839889526367,0.9420065385516635,1.2656497722351763
alcohol burner__obj__L,mass_abs,time/floor,mean,7.138288974761963,5.194703117884072,9.621042454227744
alcohol burner__obj__L,mass_abs,time/floor,median,8.431857109069824,5.727352562368231,12.440117894058675
alcohol burner__obj__L,mass_log,time/take,mean,0.3434334099292755,0.25010727222874557,0.46725208250127676
alcohol burner__obj__L,mass_log,time/take,median,0.248232901096344,0.1714294414801106,0.3536439836071774
alcohol burner__obj__L,mass_log,action/take,mean,0.9151385426521301,0.7875320740143057,1.0627491756193257
alcohol burner__obj__L,mass_log,action/take,median,0.9278972148895264,0.79136709042315,1.0974637862165642
alcohol burner__obj__L,mass_log,subject/take,mean,1.0343583822250366,0.9320333363025743,1.1372677577571901
alcohol burner__obj__L,mass_log,subject/take,median,1.0602389574050903,0.9234590348733966,1.227717026565624
alcohol burner__obj__L,mass_log,time/floor,mean,7.1319661140441895,4.929876107579405,9.947122415023383
alcohol burner__obj__L,mass_log,time/floor,median,8.580535888671875,5.7896190534979795,12.32568868162363
alcohol burner__obj__L,pattern_L2,time/take,mean,0.22205433249473572,0.17434575841374536,0.28463754492994714
alcohol burner__obj__L,pattern_L2,time/take,median,0.1488790363073349,0.11596691121634321,0.19136200953940377
alcohol burner__obj__L,pattern_L2,action/take,mean,0.9978100061416626,0.9509327097300412,1.0559193148810622
alcohol burner__obj__L,pattern_L2,action/take,median,0.9980109930038452,0.9633755620190174,1.039599772919052
alcohol burner__obj__L,pattern_L2,subject/take,mean,1.0111496448516846,0.9634105071596537,1.0586622117955535
alcohol burner__obj__L,pattern_L2,subject/take,median,0.9997479319572449,0.9644674504279361,1.0289181834316656
alcohol burner__obj__L,pattern_L2,time/floor,mean,6.540911674499512,5.213871757553388,8.284722199422676
alcohol burner__obj__L,pattern_L2,time/floor,median,8.061151504516602,6.241452549826721,10.059082721399662
alcohol burner__obj__L,pattern_L1,time/take,mean,0.20147517323493958,0.1586020702306193,0.2616177729157025
alcohol burner__obj__L,pattern_L1,time/take,median,0.1389778107404709,0.10846240892486633,0.17564768608840092
alcohol burner__obj__L,pattern_L1,action/take,mean,0.9946193099021912,0.9453059503728581,1.0529459045100484
alcohol burner__obj__L,pattern_L1,action/take,median,0.9948009848594666,0.9642719517698818,1.0331552334095977
alcohol burner__obj__L,pattern_L1,subject/take,mean,1.019595980644226,0.9699004156502524,1.0729087622937332
alcohol burner__obj__L,pattern_L1,subject/take,median,1.013845682144165,0.9818338430831828,1.0367092397610613
alcohol burner__obj__L,pattern_L1,time/floor,mean,6.8024444580078125,5.411272829324818,8.549599847227807
alcohol burner__obj__L,pattern_L1,time/floor,median,8.419537544250488,6.432566431988413,10.228238195571924
alcohol burner__obj__L,pattern_cos,time/take,mean,0.07735255360603333,0.04567637217133536,0.12821282442713308
alcohol burner__obj__L,pattern_cos,time/take,median,0.022129002958536148,0.013644004153316687,0.035577953265324515
alcohol burner__obj__L,pattern_cos,action/take,mean,0.9957184195518494,0.9232402880935089,1.0834510457902562
alcohol burner__obj__L,pattern_cos,action/take,median,1.0015597343444824,0.9357156123326422,1.0700335100541578
alcohol burner__obj__L,pattern_cos,subject/take,mean,1.0189731121063232,0.9447194796656403,1.0947172467253288
alcohol burner__obj__L,pattern_cos,subject/take,median,1.0092118978500366,0.9512219157008875,1.0573950156218128
alcohol burner__obj__L,pattern_cos,time/floor,mean,27.020246505737305,17.889544131132,49.2588172723231
alcohol burner__obj__L,pattern_cos,time/floor,median,67.11787414550781,39.6816716916558,100.18820224745359
alcohol burner__obj__L,centroid,time/take,mean,0.19106025198777019,0.14863157697306267,0.24403705616287755
alcohol burner__obj__L,centroid,time/take,median,0.13678368477784714,0.10257441311628064,0.17772167067982003
alcohol burner__obj__L,centroid,action/take,mean,0.9779190138769077,0.9051974720171743,1.072236369872875
alcohol burner__obj__L,centroid,action/take,median,0.9698097944167028,0.8658485500883948,1.093884495049006
alcohol burner__obj__L,centroid,subject/take,mean,1.0059163881142061,0.9400533639191294,1.0848850345790706
alcohol burner__obj__L,centroid,subject/take,median,0.9827212353946799,0.9017615851409317,1.0872045447253897
alcohol burner__obj__L,centroid,time/floor,mean,6.843688110018603,5.341885667951647,8.677062693328176
alcohol burner__obj__L,centroid,time/floor,median,8.335497481013988,6.258582055791643,10.501364382149129
alcohol burner__obj__R,raw,time/take,mean,0.39152416586875916,0.29354648630954105,0.4981235798898768
alcohol burner__obj__R,raw,time/take,median,0.329372763633728,0.2305921964648617,0.5031024598483572
alcohol burner__obj__R,raw,action/take,mean,1.0322610139846802,0.930466763471448,1.1622875875915148
alcohol burner__obj__R,raw,action/take,median,1.0461100339889526,0.9350101860511256,1.2020521575017322
alcohol burner__obj__R,raw,subject/take,mean,1.1081303358078003,1.0437233736262006,1.1943537492098288
alcohol burner__obj__R,raw,subject/take,median,1.0835902690887451,1.0183120061669004,1.2161164813307632
alcohol burner__obj__R,raw,time/floor,mean,4.89959716796875,3.8513125442227127,6.324407279971016
alcohol burner__obj__R,raw,time/floor,median,6.181334018707275,4.383543688960408,9.53287418774343
alcohol burner__obj__R,raw_L1,time/take,mean,0.35198649764060974,0.2617067892343211,0.4643564163442336
alcohol burner__obj__R,raw_L1,time/take,median,0.3231222927570343,0.22591606412115017,0.43400837728525693
alcohol burner__obj__R,raw_L1,action/take,mean,1.0484963655471802,0.9015944471839609,1.2062576376274492
alcohol burner__obj__R,raw_L1,action/take,median,1.090210199356079,0.9224395306726619,1.2450271985223222
alcohol burner__obj__R,raw_L1,subject/take,mean,1.1142127513885498,1.0450826668452562,1.1991760889961933
alcohol burner__obj__R,raw_L1,subject/take,median,1.1214377880096436,1.0367667440589334,1.2333912289241578
alcohol burner__obj__R,raw_L1,time/floor,mean,4.600617408752441,3.6023703850878337,6.018360927360219
alcohol burner__obj__R,raw_L1,time/floor,median,5.653475761413574,3.946082931078861,8.293315730803986
alcohol burner__obj__R,mass_abs,time/take,mean,0.6181260347366333,0.4180898988435269,0.8785328575197735
alcohol burner__obj__R,mass_abs,time/take,median,0.5441274046897888,0.3097415717711041,0.823489862560852
alcohol burner__obj__R,mass_abs,action/take,mean,0.9368444681167603,0.7790269759861376,1.1570839208555506
alcohol burner__obj__R,mass_abs,action/take,median,0.9607782959938049,0.7562004759550844,1.3186694842234215
alcohol burner__obj__R,mass_abs,subject/take,mean,1.1737180948257446,1.0246619587432497,1.3485462310193193
alcohol burner__obj__R,mass_abs,subject/take,median,1.2822051048278809,0.9963849254296996,1.57592346756232
alcohol burner__obj__R,mass_abs,time/floor,mean,4.990705966949463,3.6782718990118703,7.056506557648826
alcohol burner__obj__R,mass_abs,time/floor,median,6.653214931488037,3.9032534924720603,12.249950554430109
alcohol burner__obj__R,mass_log,time/take,mean,0.6447134017944336,0.380402833797277,0.9717344780037529
alcohol burner__obj__R,mass_log,time/take,median,0.6540372967720032,0.4116512103408264,1.036866394039601
alcohol burner__obj__R,mass_log,action/take,mean,0.7124205827713013,0.41197730809689387,1.1408113540824154
alcohol burner__obj__R,mass_log,action/take,median,0.9383865594863892,0.7156256299330984,1.3179547797114566
alcohol burner__obj__R,mass_log,subject/take,mean,1.0661711692810059,0.7787409242365871,1.3861752777669756
alcohol burner__obj__R,mass_log,subject/take,median,1.2646468877792358,0.9819359284546665,1.6170543623119071
alcohol burner__obj__R,mass_log,time/floor,mean,5.474277973175049,3.71622294253371,8.390248716698089
alcohol burner__obj__R,mass_log,time/floor,median,6.426655292510986,4.13504672274959,10.260563682853821
alcohol burner__obj__R,pattern_L2,time/take,mean,0.47248178720474243,0.3001928930976529,0.7069765040966393
alcohol burner__obj__R,pattern_L2,time/take,median,0.4040236473083496,0.2765369276996502,0.5504932922984446
alcohol burner__obj__R,pattern_L2,action/take,mean,0.8920570015907288,0.6205836044453001,1.2191477516166542
alcohol burner__obj__R,pattern_L2,action/take,median,1.0276505947113037,0.8887802201400334,1.217719612267916
alcohol burner__obj__R,pattern_L2,subject/take,mean,1.0223534107208252,0.831994977503841,1.2132279974940705
alcohol burner__obj__R,pattern_L2,subject/take,median,1.0694650411605835,0.9704829935251528,1.2276433214922062
alcohol burner__obj__R,pattern_L2,time/floor,mean,6.730538845062256,4.73407213187689,9.566964755209671
alcohol burner__obj__R,pattern_L2,time/floor,median,6.224803924560547,4.4415449311783926,7.973144029032165
alcohol burner__obj__R,pattern_L1,time/take,mean,0.4134075939655304,0.27673224025051196,0.5766852518477218
alcohol burner__obj__R,pattern_L1,time/take,median,0.3484676778316498,0.23250105249787964,0.4823432074185372
alcohol burner__obj__R,pattern_L1,action/take,mean,0.9373471736907959,0.7188736970715252,1.193795885850715
alcohol burner__obj__R,pattern_L1,action/take,median,1.0234837532043457,0.862460662335552,1.2143039704637677
alcohol burner__obj__R,pattern_L1,subject/take,mean,1.046429991722107,0.9076857981797939,1.1882126902152443
alcohol burner__obj__R,pattern_L1,subject/take,median,1.0804556608200073,0.9801426520925137,1.2563942006466184
alcohol burner__obj__R,pattern_L1,time/floor,mean,6.076029300689697,4.3587108030944455,8.496266018430433
alcohol burner__obj__R,pattern_L1,time/floor,median,6.129739284515381,4.466681957803323,8.103497669521243
alcohol burner__obj__R,pattern_cos,time/take,mean,0.25210559368133545,0.11212461615963139,0.47459793706997927
alcohol burner__obj__R,pattern_cos,time/take,median,0.12579123675823212,0.05825045010098701,0.26127515262696827
alcohol burner__obj__R,pattern_cos,action/take,mean,0.8624112606048584,0.5479217597784896,1.3396867829570875
alcohol burner__obj__R,pattern_cos,action/take,median,1.071946144104004,0.7947155081388267,1.4781853922401818
alcohol burner__obj__R,pattern_cos,subject/take,mean,1.0270556211471558,0.7832448756342927,1.283401304683194
alcohol burner__obj__R,pattern_cos,subject/take,median,1.1503911018371582,0.9525549258391593,1.539860026232927
alcohol burner__obj__R,pattern_cos,time/floor,mean,32.7801513671875,13.84602387565054,68.56342015955136
alcohol burner__obj__R,pattern_cos,time/floor,median,40.493934631347656,19.883678787758818,73.02134533438424
alcohol burner__obj__R,centroid,time/take,mean,0.3905980329719391,0.2467357450516173,0.5774130530900087
alcohol burner__obj__R,centroid,time/take,median,0.3130660243723892,0.186526981820783,0.4904335520967333
alcohol burner__obj__R,centroid,action/take,mean,0.9620837836687393,0.7346544033095173,1.276418264966782
alcohol burner__obj__R,centroid,action/take,median,1.0805109002935114,0.7640944501063384,1.4770625959957675
alcohol burner__obj__R,centroid,subject/take,mean,1.1044850222201226,0.9282752978604486,1.2748738873729246
alcohol burner__obj__R,centroid,subject/take,median,1.2652991266916378,1.022829134965684,1.5208880717589053
alcohol burner__obj__R,centroid,time/floor,mean,6.429584704277936,4.251418709385717,9.33356352214654
alcohol burner__obj__R,centroid,time/floor,median,5.690523657796542,4.20403227294741,8.359919408215234
beaker__obj__L,raw,time/take,mean,0.2135709673166275,0.16455761628833923,0.299781526396757
beaker__obj__L,raw,time/take,median,0.17416705191135406,0.12843390068714672,0.2686191758097804
beaker__obj__L,raw,action/take,mean,1.0147424936294556,0.9058161061183491,1.2298602159731156
beaker__obj__L,raw,action/take,median,1.0033223628997803,0.9251440477203522,1.3595139033960502
beaker__obj__L,raw,subject/take,mean,1.0263285636901855,0.9654434954473853,1.2014005822253258
beaker__obj__L,raw,subject/take,median,1.0052553415298462,0.9315272938320668,1.3088861604537374
beaker__obj__L,raw,time/floor,mean,5.62729024887085,4.436013537364953,7.372289392475954
beaker__obj__L,raw,time/floor,median,7.587436676025391,6.147490517318056,9.82491485017313
beaker__obj__L,raw_L1,time/take,mean,0.1862327605485916,0.1407340059100264,0.2721154407957138
beaker__obj__L,raw_L1,time/take,median,0.14953374862670898,0.1138652994870372,0.22900074416677582
beaker__obj__L,raw_L1,action/take,mean,1.0203711986541748,0.8994601310478822,1.2579534069757043
beaker__obj__L,raw_L1,action/take,median,1.017866611480713,0.9193961931788408,1.426007539680301
beaker__obj__L,raw_L1,subject/take,mean,1.0199838876724243,0.9544751326830581,1.2086483333312148
beaker__obj__L,raw_L1,subject/take,median,0.9981085658073425,0.9208122605334184,1.3348274095319086
beaker__obj__L,raw_L1,time/floor,mean,5.710831642150879,4.408047166840013,7.606375326645368
beaker__obj__L,raw_L1,time/floor,median,7.6072468757629395,6.107225818235515,9.636680838777677
beaker__obj__L,mass_abs,time/take,mean,0.3979496657848358,0.2457968935590946,0.6770848384903294
beaker__obj__L,mass_abs,time/take,median,0.38835597038269043,0.20140638501351163,0.6565111295080828
beaker__obj__L,mass_abs,action/take,mean,0.9097840189933777,0.7262906050702072,1.2085320977972707
beaker__obj__L,mass_abs,action/take,median,0.9571486115455627,0.692596688506353,1.3993885863470115
beaker__obj__L,mass_abs,subject/take,mean,1.0680444240570068,0.7898513884406859,1.6482933567598408
beaker__obj__L,mass_abs,subject/take,median,0.9641145467758179,0.6446116901237854,1.5392212278607524
beaker__obj__L,mass_abs,time/floor,mean,5.104039192199707,3.135468880708416,7.791037023183025
beaker__obj__L,mass_abs,time/floor,median,6.951536178588867,4.032543062320518,10.422565920371456
beaker__obj__L,mass_log,time/take,mean,0.39440107345581055,0.24833620335565018,0.694258572196773
beaker__obj__L,mass_log,time/take,median,0.3830728828907013,0.2064184593447081,0.6674057903894791
beaker__obj__L,mass_log,action/take,mean,0.8916690349578857,0.6971313305811077,1.2218320648423535
beaker__obj__L,mass_log,action/take,median,0.9563807249069214,0.6978455744635728,1.3594031539063371
beaker__obj__L,mass_log,subject/take,mean,1.1119340658187866,0.7757673696773758,1.833616603266605
beaker__obj__L,mass_log,subject/take,median,0.9829161763191223,0.680179054508937,1.5770389244825853
beaker__obj__L,mass_log,time/floor,mean,5.224325656890869,3.0767539513414075,8.115078863098857
beaker__obj__L,mass_log,time/floor,median,6.323874473571777,4.018077927643878,10.7157927786018
beaker__obj__L,pattern_L2,time/take,mean,0.2108643651008606,0.15888965777132288,0.2965970810855985
beaker__obj__L,pattern_L2,time/take,median,0.1592760980129242,0.11972817412905506,0.23811704278484483
beaker__obj__L,pattern_L2,action/take,mean,1.0155651569366455,0.8942095573054875,1.2395579218248953
beaker__obj__L,pattern_L2,action/take,median,0.9985402226448059,0.930679029995533,1.2804801661898297
beaker__obj__L,pattern_L2,subject/take,mean,1.0469605922698975,0.9786904389864397,1.2365973019000904
beaker__obj__L,pattern_L2,subject/take,median,1.0134708881378174,0.9643247457737589,1.2391769434653526
beaker__obj__L,pattern_L2,time/floor,mean,6.015538692474365,4.714502083239879,7.881481134146466
beaker__obj__L,pattern_L2,time/floor,median,7.430210590362549,5.855988524691738,9.702889875322493
beaker__obj__L,pattern_L1,time/take,mean,0.18326672911643982,0.1364001987910902,0.26436387513484033
beaker__obj__L,pattern_L1,time/take,median,0.13958559930324554,0.10416452424003342,0.2174407690790873
beaker__obj__L,pattern_L1,action/take,mean,1.0234016180038452,0.8943796642290042,1.2767759535634478
beaker__obj__L,pattern_L1,action/take,median,1.0065866708755493,0.9301619511448846,1.3702070198487741
beaker__obj__L,pattern_L1,subject/take,mean,1.0399229526519775,0.9689986064256308,1.252222751287184
beaker__obj__L,pattern_L1,subject/take,median,1.0094527006149292,0.9522746530641218,1.3535686402377096
beaker__obj__L,pattern_L1,time/floor,mean,6.0826029777526855,4.745405535997981,8.093207923968977
beaker__obj__L,pattern_L1,time/floor,median,7.595930576324463,5.846357635437208,9.400981162834332
beaker__obj__L,pattern_cos,time/take,mean,0.05991048365831375,0.03469623880773652,0.11452924571589555
beaker__obj__L,pattern_cos,time/take,median,0.02588515356183052,0.0143112211317533,0.06052021842176653
beaker__obj__L,pattern_cos,action/take,mean,1.0282517671585083,0.8405954417467102,1.4298836934975379
beaker__obj__L,pattern_cos,action/take,median,0.9952223300933838,0.8732377516305987,1.7653336414796317
beaker__obj__L,pattern_cos,subject/take,mean,1.0592719316482544,0.9579645404146653,1.3742473113160125
beaker__obj__L,pattern_cos,subject/take,median,1.0113718509674072,0.9128208677959846,1.735224999822775
beaker__obj__L,pattern_cos,time/floor,mean,25.1018123626709,12.384222943509025,53.979413377491994
beaker__obj__L,pattern_cos,time/floor,median,55.30070877075195,34.76255953857422,95.32256145634933
beaker__obj__L,centroid,time/take,mean,0.15694916339623394,0.11340178820139354,0.2288737451555183
beaker__obj__L,centroid,time/take,median,0.12169264916109783,0.08532509696835737,0.187719272129217
beaker__obj__L,centroid,action/take,mean,1.0304239761735479,0.8814840341915656,1.3609350935640332
beaker__obj__L,centroid,action/take,median,1.0235279016072063,0.8949455477994018,1.4304964565713911
beaker__obj__L,centroid,subject/take,mean,1.0708084832029567,0.9778595248739492,1.3129152725955284
beaker__obj__L,centroid,subject/take,median,1.0125480520979917,0.9282655716112223,1.3405004768709505
beaker__obj__L,centroid,time/floor,mean,6.333519657961363,4.932149528686735,8.490244834314916
beaker__obj__L,centroid,time/floor,median,8.019606949553301,5.559563948232281,10.764670316569537
beaker__obj__R,raw,time/take,mean,0.35598286986351013,0.272602846360325,0.45824152843403315
beaker__obj__R,raw,time/take,median,0.2657078504562378,0.1978683425668795,0.39250126012362413
beaker__obj__R,raw,action/take,mean,1.1123344898223877,1.0256517903280769,1.2323413518822621
beaker__obj__R,raw,action/take,median,1.1300920248031616,1.0315344904061854,1.3324709315518701
beaker__obj__R,raw,subject/take,mean,1.0303850173950195,0.9947401824563242,1.074659385883423
beaker__obj__R,raw,subject/take,median,1.0173786878585815,0.9642264992791897,1.082905481134266
beaker__obj__R,raw,time/floor,mean,5.747319221496582,4.72471909447474,7.00374805842712
beaker__obj__R,raw,time/floor,median,7.70005464553833,5.797058092264994,10.851612332855703
beaker__obj__R,raw_L1,time/take,mean,0.3198763430118561,0.2394833415968468,0.41755021347912047
beaker__obj__R,raw_L1,time/take,median,0.23279735445976257,0.17003496352801936,0.34124198558394914
beaker__obj__R,raw_L1,action/take,mean,1.1071566343307495,1.012234904306172,1.248914436094653
beaker__obj__R,raw_L1,action/take,median,1.1316304206848145,1.0169216741226197,1.3492475830686121
beaker__obj__R,raw_L1,subject/take,mean,1.0310792922973633,0.989449155398527,1.0804456831759732
beaker__obj__R,raw_L1,subject/take,median,1.022646188735962,0.9687691239003714,1.0914006535179324
beaker__obj__R,raw_L1,time/floor,mean,6.002939224243164,4.872305513495269,7.5100367985092635
beaker__obj__R,raw_L1,time/floor,median,7.4735260009765625,5.698209857548826,10.363765007260735
beaker__obj__R,mass_abs,time/take,mean,0.5365570783615112,0.39213847856687484,0.7201506983106271
beaker__obj__R,mass_abs,time/take,median,0.4122019112110138,0.2991762476743306,0.5860539367831741
beaker__obj__R,mass_abs,action/take,mean,1.3989046812057495,1.0490197919864581,1.9314772539518141
beaker__obj__R,mass_abs,action/take,median,1.337137222290039,0.9706252371597296,2.0200561302784763
beaker__obj__R,mass_abs,subject/take,mean,1.0265052318572998,0.9347468476002954,1.1156557951191195
beaker__obj__R,mass_abs,subject/take,median,1.002634048461914,0.8887435681288979,1.1583262778410193
beaker__obj__R,mass_abs,time/floor,mean,5.639981746673584,4.392479555100897,7.346792463244711
beaker__obj__R,mass_abs,time/floor,median,6.520481586456299,4.516344876902646,10.149127790513944
beaker__obj__R,mass_log,time/take,mean,0.5736249089241028,0.42182135434115375,0.7787276090252558
beaker__obj__R,mass_log,time/take,median,0.4407114088535309,0.31331004641129107,0.6295947622716477
beaker__obj__R,mass_log,action/take,mean,1.531540870666504,1.1042724093597653,2.169421002115226
beaker__obj__R,mass_log,action/take,median,1.4393154382705688,1.006457603545019,2.1847148362253628
beaker__obj__R,mass_log,subject/take,mean,1.0241270065307617,0.9322033140945695,1.1259978557301045
beaker__obj__R,mass_log,subject/take,median,0.9924484491348267,0.885209551330068,1.148327048861942
beaker__obj__R,mass_log,time/floor,mean,5.731514930725098,4.432688877241451,7.543321747095995
beaker__obj__R,mass_log,time/floor,median,6.188876628875732,4.373276644513459,10.27583953588455
beaker__obj__R,pattern_L2,time/take,mean,0.36317571997642517,0.276122066337861,0.46517345153969686
beaker__obj__R,pattern_L2,time/take,median,0.28481876850128174,0.20190861779419833,0.4091878359815786
beaker__obj__R,pattern_L2,action/take,mean,1.2012138366699219,1.0911109085748858,1.371664080788917
beaker__obj__R,pattern_L2,action/take,median,1.2285622358322144,1.0910545186744272,1.4396511185418706
beaker__obj__R,pattern_L2,subject/take,mean,1.0260168313980103,0.9895576012351754,1.0758074623912386
beaker__obj__R,pattern_L2,subject/take,median,1.0156151056289673,0.9603082207507955,1.0731944091967156
beaker__obj__R,pattern_L2,time/floor,mean,5.749680519104004,4.731244373807169,6.954530293438423
beaker__obj__R,pattern_L2,time/floor,median,7.924359321594238,5.841381979015046,10.95724166322425
beaker__obj__R,pattern_L1,time/take,mean,0.3305889964103699,0.2477231095315885,0.42764353963902746
beaker__obj__R,pattern_L1,time/take,median,0.24918848276138306,0.1788782482756269,0.3630815253170079
beaker__obj__R,pattern_L1,action/take,mean,1.185742735862732,1.0715758104813047,1.3604884546086833
beaker__obj__R,pattern_L1,action/take,median,1.220369577407837,1.0852508827954266,1.4667766235198176
beaker__obj__R,pattern_L1,subject/take,mean,1.0266414880752563,0.9878595429731043,1.0783861674597324
beaker__obj__R,pattern_L1,subject/take,median,1.0175286531448364,0.960941594744515,1.0769315175718628
beaker__obj__R,pattern_L1,time/floor,mean,5.957449913024902,4.8587138669195316,7.388135215020381
beaker__obj__R,pattern_L1,time/floor,median,7.876177787780762,5.761479558321234,10.748980976801908
beaker__obj__R,pattern_cos,time/take,mean,0.1839219629764557,0.10417173765593699,0.311999603247027
beaker__obj__R,pattern_cos,time/take,median,0.0720314159989357,0.038551599827130995,0.1536338144782287
beaker__obj__R,pattern_cos,action/take,mean,1.3337377309799194,1.1302960831879887,1.6647931384014034
beaker__obj__R,pattern_cos,action/take,median,1.4040534496307373,1.1486549533418675,1.941236109273078
beaker__obj__R,pattern_cos,subject/take,mean,1.0391507148742676,0.9788549439659919,1.1258440291821066
beaker__obj__R,pattern_cos,subject/take,median,1.0218130350112915,0.9233200388716638,1.146206799627222
beaker__obj__R,pattern_cos,time/floor,mean,19.24060821533203,11.33709494993906,31.177454815674665
beaker__obj__R,pattern_cos,time/floor,median,60.47236633300781,32.71554506753079,120.31949481960197
beaker__obj__R,centroid,time/take,mean,0.2709943508212757,0.19127356637841492,0.3878594714668051
beaker__obj__R,centroid,time/take,median,0.2054771183313736,0.12979019729481994,0.3076643428810335
beaker__obj__R,centroid,action/take,mean,1.2194025487254727,1.047591232967779,1.5067108878429383
beaker__obj__R,centroid,action/take,median,1.3231220726233837,1.0855281009642481,1.722754263112121
beaker__obj__R,centroid,subject/take,mean,1.0101103629633885,0.958002546371506,1.083064718376369
beaker__obj__R,centroid,subject/take,median,1.0359606124319403,0.9510203934421547,1.1415798180017906
beaker__obj__R,centroid,time/floor,mean,5.994748356657128,4.81766520011811,7.427331593594718
beaker__obj__R,centroid,time/floor,median,7.779670215146443,5.194620890960692,11.276464075976772
bottle body__obj__L,raw,time/take,mean,0.23738719522953033,0.1797769537377798,0.32044297630750623
bottle body__obj__L,raw,time/take,median,0.13972850143909454,0.10489898998562601,0.22269492870228463
bottle body__obj__L,raw,time/mesh,mean,0.1768558919429779,0.1338120797150783,0.23066675201258688
bottle body__obj__L,raw,time/mesh,median,0.1095709279179573,0.0808076992894231,0.1684299809630678
bottle body__obj__L,raw,mesh/take,mean,1.3422634601593018,1.2019008269233231,1.5924955317673315
bottle body__obj__L,raw,mesh/take,median,1.2752333879470825,1.149607052443107,1.6026599605796568
bottle body__obj__L,raw,action/take,mean,0.9924824237823486,0.8198471581194043,1.2353237837263593
bottle body__obj__L,raw,action/take,median,1.0101654529571533,0.8018947396687379,1.2936006932710256
bottle body__obj__L,raw,subject/take,mean,1.124326229095459,1.0423053810880234,1.2189256733439322
bottle body__obj__L,raw,subject/take,median,1.0876798629760742,1.0126253828749792,1.2537922270294355
bottle body__obj__L,raw,time/floor,mean,4.848233699798584,3.6065318550735044,6.5650973373929595
bottle body__obj__L,raw,time/floor,median,6.2515692710876465,4.745503299491823,9.36679477700195
bottle body__obj__L,raw_L1,time/take,mean,0.18341515958309174,0.1353362302824972,0.2665710864359227
bottle body__obj__L,raw_L1,time/take,median,0.10917250066995621,0.07983764850095859,0.17553103662102681
bottle body__obj__L,raw_L1,time/mesh,mean,0.134282648563385,0.09841554366573087,0.18194158194266394
bottle body__obj__L,raw_L1,time/mesh,median,0.0787612795829773,0.05608513760475033,0.11810342386897683
bottle body__obj__L,raw_L1,mesh/take,mean,1.3658888339996338,1.1775611857413568,1.7440108451128709
bottle body__obj__L,raw_L1,mesh/take,median,1.3861188888549805,1.1877511726328687,1.8971243470016725
bottle body__obj__L,raw_L1,action/take,mean,0.9251212477684021,0.6934492352745689,1.2329140422956482
bottle body__obj__L,raw_L1,action/take,median,0.9692249298095703,0.676621674737781,1.3952201058669789
bottle body__obj__L,raw_L1,subject/take,mean,1.1376380920410156,1.0334953804678666,1.255030468877061
bottle body__obj__L,raw_L1,subject/take,median,1.07784104347229,1.0038031050881555,1.3705165303290388
bottle body__obj__L,raw_L1,time/floor,mean,5.300254821777344,3.8886616247663826,7.1901781477507365
bottle body__obj__L,raw_L1,time/floor,median,6.339813709259033,4.732247759210235,9.400039147854852
bottle body__obj__L,mass_abs,time/take,mean,0.4001012444496155,0.2730093129802307,0.6374754809617328
bottle body__obj__L,mass_abs,time/take,median,0.2516501545906067,0.13998813380257752,0.441143601088555
bottle body__obj__L,mass_abs,time/mesh,mean,0.10672799497842789,0.07308869096344583,0.16270426810150446
bottle body__obj__L,mass_abs,time/mesh,median,0.05024651810526848,0.03048141806057142,0.08397045950338838
bottle body__obj__L,mass_abs,mesh/take,mean,3.748793840408325,2.994470319859389,4.946660142891261
bottle body__obj__L,mass_abs,mesh/take,median,5.008310317993164,3.365962142389008,7.711341928095606
bottle body__obj__L,mass_abs,action/take,mean,1.51904296875,0.7878358203935623,2.5975751839163648
bottle body__obj__L,mass_abs,action/take,median,1.228715419769287,0.6859754295012309,2.2944248865673047
bottle body__obj__L,mass_abs,subject/take,mean,1.1636862754821777,1.0357421972572816,1.317320954611526
bottle body__obj__L,mass_abs,subject/take,median,1.3744934797286987,1.012586814938228,1.987563500451059
bottle body__obj__L,mass_abs,time/floor,mean,4.3800883293151855,2.821573085323538,6.994175542342081
bottle body__obj__L,mass_abs,time/floor,median,5.447756290435791,3.7275422824879523,8.306701813966459
bottle body__obj__L,mass_log,time/take,mean,0.6036239266395569,0.353889752875718,0.9784894157939148
bottle body__obj__L,mass_log,time/take,median,0.2698044776916504,0.16843430363594075,0.45343792523425874
bottle body__obj__L,mass_log,time/mesh,mean,0.1471363604068756,0.08614217214801553,0.25099346473449435
bottle body__obj__L,mass_log,time/mesh,median,0.05432000756263733,0.03542807769660041,0.08706036397376372
bottle body__obj__L,mass_log,mesh/take,mean,4.102479457855225,3.0930693100805944,5.4243645790134725
bottle body__obj__L,mass_log,mesh/take,median,4.966944694519043,3.5865907979413523,7.850262886526566
bottle body__obj__L,mass_log,action/take,mean,1.9182372093200684,1.0600431256573473,3.0797634414988617
bottle body__obj__L,mass_log,action/take,median,1.3411953449249268,0.8615907681204842,2.5298619121991273
bottle body__obj__L,mass_log,subject/take,mean,1.1007988452911377,0.9641306490464178,1.2765229894275272
bottle body__obj__L,mass_log,subject/take,median,1.2568774223327637,1.018866073608296,1.6385510367720486
bottle body__obj__L,mass_log,time/floor,mean,3.9525938034057617,2.1716442163733567,7.1398921468901
bottle body__obj__L,mass_log,time/floor,median,5.699642658233643,3.7845614324021004,8.574241672818314
bottle body__obj__L,pattern_L2,time/take,mean,0.28578218817710876,0.20017811959118081,0.40677643394087437
bottle body__obj__L,pattern_L2,time/take,median,0.16880106925964355,0.12599247484959378,0.2508587665784521
bottle body__obj__L,pattern_L2,time/mesh,mean,0.1833389550447464,0.13328483968435678,0.2571291986023803
bottle body__obj__L,pattern_L2,time/mesh,median,0.1099863052368164,0.08490077066243147,0.15600360174504987
bottle body__obj__L,pattern_L2,mesh/take,mean,1.5587642192840576,1.343125499197813,1.8404574789093204
bottle body__obj__L,pattern_L2,mesh/take,median,1.5347461700439453,1.2845142440683521,1.857763050405505
bottle body__obj__L,pattern_L2,action/take,mean,1.1913493871688843,0.9927209613422293,1.4209376075737705
bottle body__obj__L,pattern_L2,action/take,median,1.237446904182434,0.9491689654220591,1.5150529683325793
bottle body__obj__L,pattern_L2,subject/take,mean,1.093098759651184,1.0094755648210993,1.196034953004633
bottle body__obj__L,pattern_L2,subject/take,median,1.03424870967865,0.9968588340149678,1.2314714887924842
bottle body__obj__L,pattern_L2,time/floor,mean,4.417315483093262,3.0430148539100403,6.620301509281141
bottle body__obj__L,pattern_L2,time/floor,median,6.386969566345215,4.705984727817088,8.521331388468434
bottle body__obj__L,pattern_L1,time/take,mean,0.22099551558494568,0.15515986968657938,0.318205601447814
bottle body__obj__L,pattern_L1,time/take,median,0.12047559767961502,0.0880915941943569,0.18966675777001785
bottle body__obj__L,pattern_L1,time/mesh,mean,0.140730619430542,0.10040863946927674,0.20471512676951484
bottle body__obj__L,pattern_L1,time/mesh,median,0.07787899672985077,0.05959310466801081,0.11384781948343328
bottle body__obj__L,pattern_L1,mesh/take,mean,1.5703442096710205,1.371393099358775,1.8424958002550902
bottle body__obj__L,pattern_L1,mesh/take,median,1.5469588041305542,1.3251231649605493,2.06532565344577
bottle body__obj__L,pattern_L1,action/take,mean,1.1314208507537842,0.9342643756342127,1.3777166693813188
bottle body__obj__L,pattern_L1,action/take,median,1.1210182905197144,0.8311088069384369,1.4626207135680425
bottle body__obj__L,pattern_L1,subject/take,mean,1.116146445274353,1.0274333537308953,1.2127183471935536
bottle body__obj__L,pattern_L1,subject/take,median,1.1134744882583618,1.003111024381351,1.3141097847121919
bottle body__obj__L,pattern_L1,time/floor,mean,4.761260032653809,3.29196824246026,7.217427925807675
bottle body__obj__L,pattern_L1,time/floor,median,6.6998114585876465,4.720749018117757,9.156758716956183
bottle body__obj__L,pattern_cos,time/take,mean,0.11957874149084091,0.057463620827574106,0.22505357856411268
bottle body__obj__L,pattern_cos,time/take,median,0.021227966994047165,0.011352717357937636,0.048754092951928646
bottle body__obj__L,pattern_cos,time/mesh,mean,0.06940705329179764,0.03439993955731856,0.13211726140869934
bottle body__obj__L,pattern_cos,time/mesh,median,0.012277627363801003,0.007152594235259163,0.026090361995113595
bottle body__obj__L,pattern_cos,mesh/take,mean,1.722861647605896,1.4249930690001915,2.1605321225316296
bottle body__obj__L,pattern_cos,mesh/take,median,1.7289959192276,1.3797210053693938,2.815486871066077
bottle body__obj__L,pattern_cos,action/take,mean,1.2026950120925903,0.9147272782136399,1.596694250229269
bottle body__obj__L,pattern_cos,action/take,median,1.199319839477539,0.7654846310510568,1.7872762480681126
bottle body__obj__L,pattern_cos,subject/take,mean,1.152325987815857,1.0278686972183824,1.2961972083511992
bottle body__obj__L,pattern_cos,subject/take,median,1.2079617977142334,1.007241532227295,1.55473996624557
bottle body__obj__L,pattern_cos,time/floor,mean,9.54637622833252,4.974366415635802,25.89061956306753
bottle body__obj__L,pattern_cos,time/floor,median,44.115718841552734,20.994026041666668,82.76158692990914
bottle body__obj__L,centroid,time/take,mean,0.14632266429839538,0.0940614926122626,0.23385363383437263
bottle body__obj__L,centroid,time/take,median,0.06738613999455395,0.04399889518163789,0.11356732306164617
bottle body__obj__L,centroid,time/mesh,mean,0.11745420232730264,0.07559896970896389,0.1855476643723951
bottle body__obj__L,centroid,time/mesh,median,0.05529519889284359,0.03723635279834907,0.08166929778515204
bottle body__obj__L,centroid,mesh/take,mean,1.2457848369754085,1.058669209095008,1.504290584062277
bottle body__obj__L,centroid,mesh/take,median,1.2186616802869514,1.010229512321447,1.7534783524768058
bottle body__obj__L,centroid,action/take,mean,1.1207351561962213,0.8978053955307542,1.4414018688695438
bottle body__obj__L,centroid,action/take,median,1.1495944721593836,0.7582092733369961,1.6721769381085334
bottle body__obj__L,centroid,subject/take,mean,1.1315774784594224,1.0246066691608442,1.2476641562429098
bottle body__obj__L,centroid,subject/take,median,1.1587909891123491,1.0005644048225386,1.474231200800163
bottle body__obj__L,centroid,time/floor,mean,4.786337277065224,2.8984141583796665,8.002650624670947
bottle body__obj__L,centroid,time/floor,median,6.398061990561462,4.506593611083047,9.008752470099214
bottle body__obj__R,raw,time/take,mean,0.4386410117149353,0.20965147347312088,0.9531881848351892
bottle body__obj__R,raw,time/take,median,0.5735607147216797,0.14135565509748887,1.1845501678158321
bottle body__obj__R,raw,time/mesh,mean,0.22106830775737762,0.15790846971759978,0.3423519283290222
bottle body__obj__R,raw,time/mesh,median,0.17026081681251526,0.109601468243816,0.34323788993016124
bottle body__obj__R,raw,mesh/take,mean,1.9841877222061157,0.9982949949400269,4.477970084498819
bottle body__obj__R,raw,mesh/take,median,3.368718147277832,0.8479755564208542,6.163647380705753
bottle body__obj__R,raw,action/take,mean,1.5536161661148071,0.6584286314200161,3.63180726590184
bottle body__obj__R,raw,action/take,median,2.009275436401367,0.5166369983807004,5.014155713201672
bottle body__obj__R,raw,subject/take,mean,0.9085028171539307,0.3568797149341271,3.4539950588556994
bottle body__obj__R,raw,subject/take,median,1.5909525156021118,0.2877282568281355,5.3715313801374895
bottle body__obj__R,raw,time/floor,mean,4.042998790740967,2.6880957104707286,5.437487042793805
bottle body__obj__R,raw,time/floor,median,7.302321910858154,3.3329978544911523,10.740401523652084
bottle body__obj__R,raw_L1,time/take,mean,0.3156484067440033,0.13041058341902495,0.87508864282356
bottle body__obj__R,raw_L1,time/take,median,0.40537476539611816,0.06845150734708473,1.0298043994720116
bottle body__obj__R,raw_L1,time/mesh,mean,0.15124019980430603,0.10346741768064337,0.25645770598844175
bottle body__obj__R,raw_L1,time/mesh,median,0.09506528824567795,0.06872103447520343,0.2622514594815869
bottle body__obj__R,raw_L1,mesh/take,mean,2.087066888809204,0.9035206567495431,5.641051530825084
bottle body__obj__R,raw_L1,mesh/take,median,4.264172554016113,0.7376657566726552,8.792797523378324
bottle body__obj__R,raw_L1,action/take,mean,1.579445242881775,0.5306757731208896,4.400195727562905
bottle body__obj__R,raw_L1,action/take,median,1.7670154571533203,0.3091265586724807,6.439629428621856
bottle body__obj__R,raw_L1,subject/take,mean,0.6949187517166138,0.19179369896139645,4.518839065081325
bottle body__obj__R,raw_L1,subject/take,median,1.4271769523620605,0.13327742212891103,8.08152743665243
bottle body__obj__R,raw_L1,time/floor,mean,4.440405368804932,3.0909498369645907,5.728335138950134
bottle body__obj__R,raw_L1,time/floor,median,6.3193745613098145,3.158889488728673,9.967843961058598
bottle body__obj__R,mass_abs,time/take,mean,0.7949339747428894,0.3487537902970437,1.8189447799083485
bottle body__obj__R,mass_abs,time/take,median,0.604597806930542,0.20101419235990983,3.1263664938137397
bottle body__obj__R,mass_abs,time/mesh,mean,0.15523837506771088,0.08467762414602828,0.2955813756338213
bottle body__obj__R,mass_abs,time/mesh,median,0.09409718960523605,0.04527711688233356,0.26531220087821783
bottle body__obj__R,mass_abs,mesh/take,mean,5.120730876922607,2.258760147329207,11.629954265332604
bottle body__obj__R,mass_abs,mesh/take,median,6.425248146057129,1.8804228535302856,30.41379008393414
bottle body__obj__R,mass_abs,action/take,mean,1.8580982685089111,0.8273904262203419,5.109288015614152
bottle body__obj__R,mass_abs,action/take,median,1.9368053674697876,0.41530775239172385,8.751598445324687
bottle body__obj__R,mass_abs,subject/take,mean,1.6613060235977173,0.6223010157743892,3.464520589127138
bottle body__obj__R,mass_abs,subject/take,median,2.3675124645233154,0.6071822030420668,8.173331686537686
bottle body__obj__R,mass_abs,time/floor,mean,5.324828624725342,3.3762099013652955,7.6264698310570544
bottle body__obj__R,mass_abs,time/floor,median,9.06193733215332,4.166386591824554,16.95944455195566
bottle body__obj__R,mass_log,time/take,mean,1.7451378107070923,0.580610381274631,5.451905037187087
bottle body__obj__R,mass_log,time/take,median,0.9468041658401489,0.23053196711384652,4.726687937566352
bottle body__obj__R,mass_log,time/mesh,mean,0.37889692187309265,0.14658799440492382,0.8827474872923053
bottle body__obj__R,mass_log,time/mesh,median,0.1431872397661209,0.05585859774363455,0.28803124581937634
bottle body__obj__R,mass_log,mesh/take,mean,4.605837821960449,1.88646988458759,13.369137709394648
bottle body__obj__R,mass_log,mesh/take,median,6.612349987030029,1.9540964480703724,37.20147770056164
bottle body__obj__R,mass_log,action/take,mean,2.1068975925445557,0.8936810529767828,7.163507437217681
bottle body__obj__R,mass_log,action/take,median,2.1397669315338135,0.36888540041112106,11.23655463974699
bottle body__obj__R,mass_log,subject/take,mean,2.215008020401001,1.0150843131636438,3.967455434331166
bottle body__obj__R,mass_log,subject/take,median,3.0296192169189453,0.9897255707173401,12.688364246927097
bottle body__obj__R,mass_log,time/floor,mean,5.3442301750183105,2.4187942307777304,10.249988022839997
bottle body__obj__R,mass_log,time/floor,median,11.073525428771973,4.08217545266642,20.290435946207143
bottle body__obj__R,pattern_L2,time/take,mean,0.6120879054069519,0.32391983490948895,1.4571028417006038
bottle body__obj__R,pattern_L2,time/take,median,0.4617305099964142,0.2278896849183946,1.7910486946646151
bottle body__obj__R,pattern_L2,time/mesh,mean,0.2777906656265259,0.18115674975050614,0.40078789850581087
bottle body__obj__R,pattern_L2,time/mesh,median,0.1991984248161316,0.12440825077799138,0.337053470030472
bottle body__obj__R,pattern_L2,mesh/take,mean,2.20341420173645,1.2385433434972308,5.689349841419019
bottle body__obj__R,pattern_L2,mesh/take,median,2.3179426193237305,1.0855100372629511,8.467791600954632
bottle body__obj__R,pattern_L2,action/take,mean,1.4831318855285645,0.8186832059889012,3.8150181550630577
bottle body__obj__R,pattern_L2,action/take,median,1.5160826444625854,0.7202003562611844,5.562003742204718
bottle body__obj__R,pattern_L2,subject/take,mean,1.328009009361267,0.7878548778790347,3.300164830130744
bottle body__obj__R,pattern_L2,subject/take,median,1.1824907064437866,0.7276979767625364,5.554279727523267
bottle body__obj__R,pattern_L2,time/floor,mean,2.7468135356903076,1.6783307413315363,4.967603784464017
bottle body__obj__R,pattern_L2,time/floor,median,8.243343353271484,3.5239839588477344,11.504866985277149
bottle body__obj__R,pattern_L1,time/take,mean,0.447133868932724,0.21823061666127683,1.0499961710618053
bottle body__obj__R,pattern_L1,time/take,median,0.5047456622123718,0.15947348277436657,1.2469079917716184
bottle body__obj__R,pattern_L1,time/mesh,mean,0.19056853652000427,0.1275951158073521,0.28535472509126986
bottle body__obj__R,pattern_L1,time/mesh,median,0.1478634774684906,0.08295927823833593,0.24943654288470724
bottle body__obj__R,pattern_L1,mesh/take,mean,2.346315383911133,1.2404632529197461,5.944746959943112
bottle body__obj__R,pattern_L1,mesh/take,median,3.4135923385620117,1.1394617671194767,8.864849564403835
bottle body__obj__R,pattern_L1,action/take,mean,1.5012274980545044,0.7666986944105905,3.8562791625360964
bottle body__obj__R,pattern_L1,action/take,median,1.9744294881820679,0.6157515737898343,6.200781370908237
bottle body__obj__R,pattern_L1,subject/take,mean,1.0675636529922485,0.6042394040951672,4.266978087846402
bottle body__obj__R,pattern_L1,subject/take,median,1.3756024837493896,0.4683990593376834,6.278405155523985
bottle body__obj__R,pattern_L1,time/floor,mean,3.101984739303589,1.8807230709841563,5.179072900329204
bottle body__obj__R,pattern_L1,time/floor,median,8.239797592163086,3.656189826012515,11.955795568227357
bottle body__obj__R,pattern_cos,time/take,mean,0.2750232219696045,0.08612952974787744,1.288392882600974
bottle body__obj__R,pattern_cos,time/take,median,0.26583707332611084,0.04030916377909649,1.8650245481992351
bottle body__obj__R,pattern_cos,time/mesh,mean,0.09195750206708908,0.04425960137636687,0.17430431714693295
bottle body__obj__R,pattern_cos,time/mesh,median,0.04238298162817955,0.01415338152061435,0.10171824155715187
bottle body__obj__R,pattern_cos,mesh/take,mean,2.9907643795013428,1.26349720923471,15.084042944117192
bottle body__obj__R,pattern_cos,mesh/take,median,6.272259712219238,1.0896301773443617,44.481198502920996
bottle body__obj__R,pattern_cos,action/take,mean,1.7390841245651245,0.6878900474825816,9.464417997409827
bottle body__obj__R,pattern_cos,action/take,median,3.200904369354248,0.4950181162872759,28.603089004692468
bottle body__obj__R,pattern_cos,subject/take,mean,0.9303573369979858,0.4328276116642961,7.551715930746315
bottle body__obj__R,pattern_cos,subject/take,median,1.5936154127120972,0.2953547123956891,27.045025955031026
bottle body__obj__R,pattern_cos,time/floor,mean,3.6561219692230225,1.8825692185433298,11.607178907826556
bottle body__obj__R,pattern_cos,time/floor,median,64.62445831298828,13.967432714936132,137.9229119302412
bottle body__obj__R,centroid,time/take,mean,0.3686340714005558,0.15855550148862207,1.0506112470286522
bottle body__obj__R,centroid,time/take,median,0.44024369069799313,0.09189054272232039,1.2077916505295543
bottle body__obj__R,centroid,time/mesh,mean,0.15303715783544575,0.09206363277535914,0.2744821366698567
bottle body__obj__R,centroid,time/mesh,median,0.11234196520152133,0.06091315933822657,0.20703218331817388
bottle body__obj__R,centroid,mesh/take,mean,2.4087880134113058,1.1355984648558093,6.961505547571427
bottle body__obj__R,centroid,mesh/take,median,3.918782174659976,0.8283110048087603,11.502471133280402
bottle body__obj__R,centroid,action/take,mean,1.6328416759026876,0.7288170356728831,5.1832576197003215
bottle body__obj__R,centroid,action/take,median,2.751330835824009,0.5802116625749107,8.781929974340514
bottle body__obj__R,centroid,subject/take,mean,1.0690668982425873,0.4707876791815654,5.238704977564871
bottle body__obj__R,centroid,subject/take,median,1.930267298936069,0.3480054681071151,8.94195511715622
bottle body__obj__R,centroid,time/floor,mean,3.0248825668475217,1.6727180436657954,5.387525634437068
bottle body__obj__R,centroid,time/floor,median,8.020786893122233,4.1396166634740075,11.950743271176977
bottle cap__obj__R,raw,time/take,mean,0.8071717619895935,0.6477230457947823,0.9501042393204495
bottle cap__obj__R,raw,time/take,median,0.829018235206604,0.5497957793725681,1.0290763587409375
bottle cap__obj__R,raw,time/mesh,mean,0.6531265377998352,0.5176992135123768,0.7684948588209387
bottle cap__obj__R,raw,time/mesh,median,0.6747193932533264,0.44923944887649336,0.8438140585446989
bottle cap__obj__R,raw,mesh/take,mean,1.2358582019805908,1.1187366723500873,1.4075476502260098
bottle cap__obj__R,raw,mesh/take,median,1.228685975074768,1.1029665297510598,1.4285305930404837
bottle cap__obj__R,raw,action/take,mean,1.0132664442062378,0.9435034083054649,1.1090472921122443
bottle cap__obj__R,raw,action/take,median,1.013756275177002,0.9275436332597207,1.1163235942120222
bottle cap__obj__R,raw,subject/take,mean,1.0246429443359375,0.9747333851654286,1.1222945401799553
bottle cap__obj__R,raw,subject/take,median,1.0237340927124023,0.9697055219607427,1.1374816059730255
bottle cap__obj__R,raw,time/floor,mean,2.6646382808685303,2.0739321922548455,3.438762251640162
bottle cap__obj__R,raw,time/floor,median,4.683665752410889,2.74586200292326,10.20480019624439
bottle cap__obj__R,raw_L1,time/take,mean,0.8184795379638672,0.6434615185570193,0.9787627256103482
bottle cap__obj__R,raw_L1,time/take,median,0.8256250023841858,0.5289208249212276,1.0488562970674582
bottle cap__obj__R,raw_L1,time/mesh,mean,0.6128591299057007,0.48030116219659413,0.7309568773419054
bottle cap__obj__R,raw_L1,time/mesh,median,0.6195951104164124,0.4015246970297959,0.8033422723992404
bottle cap__obj__R,raw_L1,mesh/take,mean,1.3355101346969604,1.1881284281133162,1.5560186470016089
bottle cap__obj__R,raw_L1,mesh/take,median,1.3325234651565552,1.1541408782051958,1.607696159029302
bottle cap__obj__R,raw_L1,action/take,mean,1.0172289609909058,0.9362878169851734,1.1353340061595372
bottle cap__obj__R,raw_L1,action/take,median,1.0096538066864014,0.9089561303994589,1.1946704159187609
bottle cap__obj__R,raw_L1,subject/take,mean,1.0322036743164062,0.9729126676154046,1.1548010242204978
bottle cap__obj__R,raw_L1,subject/take,median,1.0351439714431763,0.9625938299600054,1.1967299854522229
bottle cap__obj__R,raw_L1,time/floor,mean,2.85170578956604,2.126404566878826,3.802244506792015
bottle cap__obj__R,raw_L1,time/floor,median,5.2842183113098145,3.02490476845607,10.436893109708189
bottle cap__obj__R,mass_abs,time/take,mean,0.9108789563179016,0.6977161946518263,1.1903389913315843
bottle cap__obj__R,mass_abs,time/take,median,0.7839241623878479,0.48510578207561733,1.116209037191283
bottle cap__obj__R,mass_abs,time/mesh,mean,0.49856099486351013,0.3762897572212549,0.6650924226399799
bottle cap__obj__R,mass_abs,time/mesh,median,0.34755656123161316,0.2059718538287084,0.5030959861137875
bottle cap__obj__R,mass_abs,mesh/take,mean,1.827015995979309,1.4910425598361243,2.288425655916718
bottle cap__obj__R,mass_abs,mesh/take,median,2.2555296421051025,1.692252611822815,3.0430105245362977
bottle cap__obj__R,mass_abs,action/take,mean,1.1141668558120728,0.9168011951636641,1.3673610202927198
bottle cap__obj__R,mass_abs,action/take,median,1.243252158164978,0.8688209478371951,1.7174804696892418
bottle cap__obj__R,mass_abs,subject/take,mean,0.9817844033241272,0.9034777612768191,1.067855815434527
bottle cap__obj__R,mass_abs,subject/take,median,0.9630027413368225,0.8311218766328717,1.1077554128679825
bottle cap__obj__R,mass_abs,time/floor,mean,2.2469186782836914,1.5313398898679247,3.423306986921133
bottle cap__obj__R,mass_abs,time/floor,median,4.536683559417725,2.091250695713227,9.123127811232884
bottle cap__obj__R,mass_log,time/take,mean,0.786536455154419,0.5850545317528106,1.1026187268229564
bottle cap__obj__R,mass_log,time/take,median,0.6445815563201904,0.4126528667759816,0.9950270518639359
bottle cap__obj__R,mass_log,time/mesh,mean,0.5529924035072327,0.3958003490192936,0.7610670141448909
bottle cap__obj__R,mass_log,time/mesh,median,0.3442061245441437,0.2142088486370722,0.534120478958892
bottle cap__obj__R,mass_log,mesh/take,mean,1.4223277568817139,1.1330382090993325,1.8749025381197153
bottle cap__obj__R,mass_log,mesh/take,median,1.8726615905761719,1.3699200606722775,2.635071347034277
bottle cap__obj__R,mass_log,action/take,mean,1.1000947952270508,0.8652141873119342,1.417792040807098
bottle cap__obj__R,mass_log,action/take,median,1.2905077934265137,0.8794207019553673,1.9590379530470923
bottle cap__obj__R,mass_log,subject/take,mean,0.9891073703765869,0.8795572567110873,1.1153989135286042
bottle cap__obj__R,mass_log,subject/take,median,0.9970366358757019,0.8302520727504508,1.1831029484441373
bottle cap__obj__R,mass_log,time/floor,mean,2.034670829772949,1.429887364346066,3.0551610802414944
bottle cap__obj__R,mass_log,time/floor,median,4.541918754577637,2.067250101070561,8.690372586455457
bottle cap__obj__R,pattern_L2,time/take,mean,0.6558654308319092,0.5239831078555907,0.841437069443194
bottle cap__obj__R,pattern_L2,time/take,median,0.5516935586929321,0.4183734163203487,0.887797889868743
bottle cap__obj__R,pattern_L2,time/mesh,mean,0.6462770104408264,0.5050362503037309,0.7960593774113679
bottle cap__obj__R,pattern_L2,time/mesh,median,0.5523584485054016,0.40251793934362357,0.7657355538076078
bottle cap__obj__R,pattern_L2,mesh/take,mean,1.0148364305496216,0.8689145126611266,1.3119125172509138
bottle cap__obj__R,pattern_L2,mesh/take,median,0.998796284198761,0.8495269498514638,1.59276909713487
bottle cap__obj__R,pattern_L2,action/take,mean,1.0360299348831177,0.8647255862560836,1.2615885015774297
bottle cap__obj__R,pattern_L2,action/take,median,1.0685111284255981,0.8153701117686329,1.511155776151934
bottle cap__obj__R,pattern_L2,subject/take,mean,1.0693289041519165,0.9656659244227939,1.2331453193481936
bottle cap__obj__R,pattern_L2,subject/take,median,1.0889155864715576,0.942980062041132,1.4209916607510684
bottle cap__obj__R,pattern_L2,time/floor,mean,2.616882085800171,2.1616669521570056,3.229308539345452
bottle cap__obj__R,pattern_L2,time/floor,median,4.443522930145264,2.488701151394758,7.901870223005262
bottle cap__obj__R,pattern_L1,time/take,mean,0.6612615585327148,0.5265878294579301,0.8499870434068614
bottle cap__obj__R,pattern_L1,time/take,median,0.5516587495803833,0.41453605901994217,0.8757562294138456
bottle cap__obj__R,pattern_L1,time/mesh,mean,0.613911509513855,0.4765155587492328,0.7612509925145615
bottle cap__obj__R,pattern_L1,time/mesh,median,0.5066567659378052,0.37309537109202107,0.7259718947051875
bottle cap__obj__R,pattern_L1,mesh/take,mean,1.077128529548645,0.9160105959863437,1.4164464437908886
bottle cap__obj__R,pattern_L1,mesh/take,median,1.0888214111328125,0.9146218401126135,1.725464097777195
bottle cap__obj__R,pattern_L1,action/take,mean,1.0416491031646729,0.8777607821747165,1.2734485288308104
bottle cap__obj__R,pattern_L1,action/take,median,1.0682634115219116,0.8380883581455133,1.4970955495561602
bottle cap__obj__R,pattern_L1,subject/take,mean,1.0694153308868408,0.9695235018429545,1.2628029705254364
bottle cap__obj__R,pattern_L1,subject/take,median,1.0796092748641968,0.9402728709448622,1.4404196368966122
bottle cap__obj__R,pattern_L1,time/floor,mean,2.8266441822052,2.2863228752070266,3.5423426330794694
bottle cap__obj__R,pattern_L1,time/floor,median,4.74752140045166,2.696312326909185,9.09910028470474
bottle cap__obj__R,pattern_cos,time/take,mean,0.5756468772888184,0.4304914034252216,0.8038827191313698
bottle cap__obj__R,pattern_cos,time/take,median,0.3569614589214325,0.20865178495084477,0.77695505348922
bottle cap__obj__R,pattern_cos,time/mesh,mean,0.5614301562309265,0.3985179645560603,0.7595012947410836
bottle cap__obj__R,pattern_cos,time/mesh,median,0.33262863755226135,0.18935176366376488,0.6743138048750229
bottle cap__obj__R,pattern_cos,mesh/take,mean,1.025322437286377,0.8210033044445294,1.5170189764317084
bottle cap__obj__R,pattern_cos,mesh/take,median,1.0731531381607056,0.8318523058267221,2.242954863526877
bottle cap__obj__R,pattern_cos,action/take,mean,1.0672283172607422,0.8318998325921834,1.4252640907350926
bottle cap__obj__R,pattern_cos,action/take,median,1.109811544418335,0.7526052902973499,1.9571989441684967
bottle cap__obj__R,pattern_cos,subject/take,mean,1.0940874814987183,0.9564320485816857,1.38675478057339
bottle cap__obj__R,pattern_cos,subject/take,median,1.1157029867172241,0.9061767084975799,1.870028096386801
bottle cap__obj__R,pattern_cos,time/floor,mean,4.443297386169434,3.299720508290986,6.182404622141482
bottle cap__obj__R,pattern_cos,time/floor,median,20.880966186523438,6.941268024162018,71.6520952088576
bottle cap__obj__R,centroid,time/take,mean,0.5911547761594529,0.44760625622150013,0.8223180040420441
bottle cap__obj__R,centroid,time/take,median,0.4717719419669495,0.31154447594382445,0.8380897725151156
bottle cap__obj__R,centroid,time/mesh,mean,0.6753188427308681,0.5219751251550943,0.8555631578818964
bottle cap__obj__R,centroid,time/mesh,median,0.5486312249479749,0.335661067126911,0.8189995572865079
bottle cap__obj__R,centroid,mesh/take,mean,0.8753713635013193,0.7377226744654215,1.1526300908138885
bottle cap__obj__R,centroid,mesh/take,median,0.8599072027146947,0.6822970717286314,1.2752754350112707
bottle cap__obj__R,centroid,action/take,mean,1.098223695337157,0.8453512405848026,1.4743578371259936
bottle cap__obj__R,centroid,action/take,median,1.181273595625696,0.7840270066797483,1.8006976065352034
bottle cap__obj__R,centroid,subject/take,mean,1.0970311750808035,0.9632058418754342,1.308905725470656
bottle cap__obj__R,centroid,subject/take,median,1.1181604306022461,0.9450935879670544,1.5002032285551705
bottle cap__obj__R,centroid,time/floor,mean,2.9726265444411624,2.2670392328076416,3.9488557444365746
bottle cap__obj__R,centroid,time/floor,median,4.921278878609008,2.6993580234218704,9.561497988294512
brush__obj__R,raw,time/take,mean,0.25682002305984497,0.14472042921513692,0.4712462475929111
brush__obj__R,raw,time/take,median,0.18949326872825623,0.0633054894662707,0.5285643730754491
brush__obj__R,raw,action/take,mean,0.9305935502052307,0.813217399678524,1.2552494123718279
brush__obj__R,raw,action/take,median,0.6864899396896362,0.4353827314409406,1.8190689444100157
brush__obj__R,raw,subject/take,mean,1.033097267150879,0.8966971859144794,1.15460848829748
brush__obj__R,raw,subject/take,median,1.1998366117477417,0.7277605696259357,1.5932137553480563
brush__obj__R,raw,time/floor,mean,4.961775302886963,3.3127681184451823,8.049629755755516
brush__obj__R,raw,time/floor,median,6.667318820953369,3.310778912370137,13.096987564290593
brush__obj__R,raw_L1,time/take,mean,0.23131303489208221,0.12353210408796167,0.4256139163704073
brush__obj__R,raw_L1,time/take,median,0.1749342381954193,0.05041057859213391,0.502527400547003
brush__obj__R,raw_L1,action/take,mean,0.9275894165039062,0.7950449240228249,1.2926574498297945
brush__obj__R,raw_L1,action/take,median,0.6364009976387024,0.4005690897345194,2.002377207486062
brush__obj__R,raw_L1,subject/take,mean,1.0342707633972168,0.8883797084260621,1.1625570397956841
brush__obj__R,raw_L1,subject/take,median,1.1580190658569336,0.7279649501277056,1.6158920752314339
brush__obj__R,raw_L1,time/floor,mean,5.177886486053467,3.47847505958932,8.19132478739258
brush__obj__R,raw_L1,time/floor,median,7.194602966308594,3.143609828162426,13.362813856231906
brush__obj__R,mass_abs,time/take,mean,0.6637051701545715,0.3466531064913044,1.2529622936507592
brush__obj__R,mass_abs,time/take,median,0.39812159538269043,0.15565709992328292,1.1913165590571897
brush__obj__R,mass_abs,action/take,mean,1.0406498908996582,0.8049793401488808,1.3949304147907284
brush__obj__R,mass_abs,action/take,median,0.9669255018234253,0.6720941753881153,1.714564399904369
brush__obj__R,mass_abs,subject/take,mean,1.0103241205215454,0.8947923437534138,1.1504504975538523
brush__obj__R,mass_abs,subject/take,median,1.0094619989395142,0.8267410355318869,1.1794119588106693
brush__obj__R,mass_abs,time/floor,mean,5.941346168518066,3.17651614765446,11.825072774400205
brush__obj__R,mass_abs,time/floor,median,6.273025035858154,2.8765425504777675,14.221333295281656
brush__obj__R,mass_log,time/take,mean,0.6433051228523254,0.33903011156270635,1.15899260728952
brush__obj__R,mass_log,time/take,median,0.41675442457199097,0.17189580091487253,1.1701497485477295
brush__obj__R,mass_log,action/take,mean,1.0237244367599487,0.8092162907412519,1.3581456696315208
brush__obj__R,mass_log,action/take,median,0.966834545135498,0.6902327403695651,1.7638058453262542
brush__obj__R,mass_log,subject/take,mean,1.0087372064590454,0.8895005046199288,1.1505096485397537
brush__obj__R,mass_log,subject/take,median,1.01134192943573,0.8354315651431211,1.1655670881463331
brush__obj__R,mass_log,time/floor,mean,5.799894332885742,3.1534163497019607,11.861502024323409
brush__obj__R,mass_log,time/floor,median,6.445951461791992,2.8069226567879406,13.948011605109002
brush__obj__R,pattern_L2,time/take,mean,0.22539690136909485,0.12494174878138872,0.4548494511829274
brush__obj__R,pattern_L2,time/take,median,0.15079422295093536,0.05713296721724508,0.5384389950007892
brush__obj__R,pattern_L2,action/take,mean,0.9293226003646851,0.8032539301749895,1.3017665490644696
brush__obj__R,pattern_L2,action/take,median,0.5883228778839111,0.37558179770313344,2.1638124224285744
brush__obj__R,pattern_L2,subject/take,mean,1.0350732803344727,0.8847381571839206,1.157689793779399
brush__obj__R,pattern_L2,subject/take,median,1.1391063928604126,0.626458678637391,1.8934049423516095
brush__obj__R,pattern_L2,time/floor,mean,4.942272663116455,3.3754611381479362,8.071955039327559
brush__obj__R,pattern_L2,time/floor,median,6.369119644165039,3.3631028402204675,13.344207773382124
brush__obj__R,pattern_L1,time/take,mean,0.21710173785686493,0.1146179387751694,0.4405187421848716
brush__obj__R,pattern_L1,time/take,median,0.14841395616531372,0.04751242618973727,0.5246670654175563
brush__obj__R,pattern_L1,action/take,mean,0.9334588050842285,0.7972674183446911,1.3349958478536992
brush__obj__R,pattern_L1,action/take,median,0.6074339747428894,0.3549647469301781,2.229791751293481
brush__obj__R,pattern_L1,subject/take,mean,1.0365797281265259,0.8808610148976493,1.1635035343269695
brush__obj__R,pattern_L1,subject/take,median,1.1781306266784668,0.6193982597830062,1.935175638376451
brush__obj__R,pattern_L1,time/floor,mean,5.280756950378418,3.55843128286304,8.543122851788498
brush__obj__R,pattern_L1,time/floor,median,6.793981552124023,3.341401261963093,14.135292290612005
brush__obj__R,pattern_cos,time/take,mean,0.06551633030176163,0.02167252597802857,0.21193576099391867
brush__obj__R,pattern_cos,time/take,median,0.024106796830892563,0.002998165346307305,0.256884140931576
brush__obj__R,pattern_cos,action/take,mean,0.8940212726593018,0.6922486368555941,1.4879904228721264
brush__obj__R,pattern_cos,action/take,median,0.38573265075683594,0.1550170579704107,4.098474755064482
brush__obj__R,pattern_cos,subject/take,mean,1.0499835014343262,0.815384363721415,1.2256827708737286
brush__obj__R,pattern_cos,subject/take,median,1.2766777276992798,0.4524829690883866,3.0285765035343526
brush__obj__R,pattern_cos,time/floor,mean,17.943544387817383,6.706965031678152,44.65965536777822
brush__obj__R,pattern_cos,time/floor,median,41.13356018066406,10.29634998569724,173.49572131208484
brush__obj__R,centroid,time/take,mean,0.18462968828974483,0.08046202961945602,0.4781584888769634
brush__obj__R,centroid,time/take,median,0.09826088473133061,0.025242511655582337,0.5387556095880321
brush__obj__R,centroid,action/take,mean,0.9365227766158964,0.7503091710545795,1.4440714378175725
brush__obj__R,centroid,action/take,median,0.706491563829737,0.3652544131200141,2.5202149553997035
brush__obj__R,centroid,subject/take,mean,1.0283425285936698,0.8502240825391566,1.1679138245285876
brush__obj__R,centroid,subject/take,median,1.1760082406713352,0.6724948515634737,1.708916162823582
brush__obj__R,centroid,time/floor,mean,5.540101747722342,3.3155414863716404,9.770799381185817
brush__obj__R,centroid,time/floor,median,6.711002498851418,2.963142894461915,16.818327981279957
conical flask__obj__L,raw,time/take,mean,0.2628917694091797,0.16675458701867865,0.4208442378445403
conical flask__obj__L,raw,time/take,median,0.20513296127319336,0.12184342756267387,0.3760107311865406
conical flask__obj__L,raw,action/take,mean,1.0197961330413818,0.781534793699901,1.3697586214304207
conical flask__obj__L,raw,action/take,median,0.9703896045684814,0.6415872168393466,1.6201187865288285
conical flask__obj__L,raw,subject/take,mean,1.0875056982040405,0.8658610699258494,1.4862592563127903
conical flask__obj__L,raw,subject/take,median,1.070618987083435,0.7229355954179302,1.8815965843446651
conical flask__obj__L,raw,time/floor,mean,4.118914604187012,2.4932351346154595,7.336580858975366
conical flask__obj__L,raw,time/floor,median,5.870029926300049,3.1705533938798327,9.353084920074206
conical flask__obj__L,raw_L1,time/take,mean,0.22710728645324707,0.13837889111515103,0.37189701071111375
conical flask__obj__L,raw_L1,time/take,median,0.17043134570121765,0.09687187103726036,0.3585326074211894
conical flask__obj__L,raw_L1,action/take,mean,1.03007972240448,0.7563715432608743,1.445640148806041
conical flask__obj__L,raw_L1,action/take,median,0.9798765182495117,0.5722931110498803,1.855320941205186
conical flask__obj__L,raw_L1,subject/take,mean,1.089501142501831,0.8036770005977963,1.5711856856547124
conical flask__obj__L,raw_L1,subject/take,median,1.1048190593719482,0.6522981376167897,2.2418845600757007
conical flask__obj__L,raw_L1,time/floor,mean,4.310678958892822,2.602985125285174,7.5312129388035896
conical flask__obj__L,raw_L1,time/floor,median,5.854357719421387,3.0308876564251195,9.432011861782465
conical flask__obj__L,mass_abs,time/take,mean,0.48255831003189087,0.2008873809463431,0.8971139644000613
conical flask__obj__L,mass_abs,time/take,median,0.36971789598464966,0.14485613655833637,0.6518779916505368
conical flask__obj__L,mass_abs,action/take,mean,1.1921600103378296,0.7784546077556344,1.5952345264295735
conical flask__obj__L,mass_abs,action/take,median,1.2823030948638916,0.652745975025299,1.8242572332777376
conical flask__obj__L,mass_abs,subject/take,mean,1.100588083267212,0.8167736989140493,1.743047823457694
conical flask__obj__L,mass_abs,subject/take,median,1.0708410739898682,0.8121741268596181,2.3390135090611577
conical flask__obj__L,mass_abs,time/floor,mean,4.764152526855469,2.46333204733472,10.076693550423483
conical flask__obj__L,mass_abs,time/floor,median,5.748864650726318,3.120691533405363,12.758369505675658
conical flask__obj__L,mass_log,time/take,mean,0.4899097681045532,0.19619657590832637,0.9082455224573671
conical flask__obj__L,mass_log,time/take,median,0.3933316469192505,0.15239642908717552,0.7512963148188947
conical flask__obj__L,mass_log,action/take,mean,1.1979880332946777,0.7469255871796591,1.7516901269023089
conical flask__obj__L,mass_log,action/take,median,1.3123077154159546,0.6536950821982775,1.7804934092958973
conical flask__obj__L,mass_log,subject/take,mean,1.1121035814285278,0.8205893505287146,1.8314811897093317
conical flask__obj__L,mass_log,subject/take,median,1.1001054048538208,0.808112331760105,2.316068018212858
conical flask__obj__L,mass_log,time/floor,mean,4.810281753540039,2.5194416618761406,9.92934981606943
conical flask__obj__L,mass_log,time/floor,median,5.857168674468994,3.155157894965203,13.639146548072844
conical flask__obj__L,pattern_L2,time/take,mean,0.26278796792030334,0.16750740017263935,0.41305711326324146
conical flask__obj__L,pattern_L2,time/take,median,0.2112143486738205,0.1291007150086597,0.4002561895943943
conical flask__obj__L,pattern_L2,action/take,mean,1.0142807960510254,0.8010995704572006,1.3527187746323779
conical flask__obj__L,pattern_L2,action/take,median,0.9864384531974792,0.6718281396975028,1.5905086937839221
conical flask__obj__L,pattern_L2,subject/take,mean,1.0972293615341187,0.8973090307647525,1.5325575407089629
conical flask__obj__L,pattern_L2,subject/take,median,1.0094985961914062,0.7442810113424012,1.858388217316752
conical flask__obj__L,pattern_L2,time/floor,mean,4.140837669372559,2.5270487169033458,7.236108632222118
conical flask__obj__L,pattern_L2,time/floor,median,6.049813270568848,3.429811449141891,9.662220925847505
conical flask__obj__L,pattern_L1,time/take,mean,0.23332579433918,0.14303408957596872,0.3881173974932334
conical flask__obj__L,pattern_L1,time/take,median,0.19110029935836792,0.10885336679308269,0.3763373817452606
conical flask__obj__L,pattern_L1,action/take,mean,1.0239098072052002,0.7748234232551646,1.3948443786591422
conical flask__obj__L,pattern_L1,action/take,median,0.9870895743370056,0.5962321282110884,1.7334770395560353
conical flask__obj__L,pattern_L1,subject/take,mean,1.1047688722610474,0.8634065876700088,1.6117749936141268
conical flask__obj__L,pattern_L1,subject/take,median,1.0339919328689575,0.6952963128456089,2.1713871651429764
conical flask__obj__L,pattern_L1,time/floor,mean,4.265140056610107,2.558330980727237,7.519451516777992
conical flask__obj__L,pattern_L1,time/floor,median,6.138589382171631,3.394329506439455,9.605961047897889
conical flask__obj__L,pattern_cos,time/take,mean,0.07991670072078705,0.035403748720736185,0.18341351138218953
conical flask__obj__L,pattern_cos,time/take,median,0.04294343292713165,0.01473598323634195,0.14979915056973878
conical flask__obj__L,pattern_cos,action/take,mean,1.0099141597747803,0.6622296109724887,1.709862015290063
conical flask__obj__L,pattern_cos,action/take,median,0.9768109917640686,0.3791236329519631,2.573676939546549
conical flask__obj__L,pattern_cos,subject/take,mean,1.0875611305236816,0.6961065893012666,1.8475296713303508
conical flask__obj__L,pattern_cos,subject/take,median,1.037685513496399,0.48124472352688463,3.621796024487253
conical flask__obj__L,pattern_cos,time/floor,mean,10.035717964172363,4.4140093766592114,33.181938571386446
conical flask__obj__L,pattern_cos,time/floor,median,34.74225616455078,11.001070437122975,92.92849213691025
conical flask__obj__L,centroid,time/take,mean,0.18169260094561068,0.0871271171115158,0.41506171509846673
conical flask__obj__L,centroid,time/take,median,0.1388523879108243,0.05656464136296267,0.38284761538038403
conical flask__obj__L,centroid,action/take,mean,1.058487664494293,0.7093449638623736,1.676791173346793
conical flask__obj__L,centroid,action/take,median,0.9955414841710597,0.4008967521270649,2.5077190319089504
conical flask__obj__L,centroid,subject/take,mean,1.081278123493852,0.6678413165185129,1.8648032145791564
conical flask__obj__L,centroid,subject/take,median,1.0658031296911987,0.4148723054627095,3.2578255340091147
conical flask__obj__L,centroid,time/floor,mean,4.742795971239353,2.483117835994106,10.241415776915444
conical flask__obj__L,centroid,time/floor,median,6.639625521860101,3.672287969411079,10.829815000489639
drawer__obj__L,raw,time/take,mean,0.3142632842063904,0.2289521883133137,0.4252811500131136
drawer__obj__L,raw,time/take,median,0.20847438275814056,0.1222479467182669,0.3780760368633974
drawer__obj__L,raw,time/mesh,mean,0.25269144773483276,0.18269408814760044,0.34211990008033005
drawer__obj__L,raw,time/mesh,median,0.16543744504451752,0.10458139439261256,0.27643610665403767
drawer__obj__L,raw,mesh/take,mean,1.2436641454696655,1.102795674390278,1.4547753049710543
drawer__obj__L,raw,mesh/take,median,1.260140299797058,0.9984492712965074,1.7505067316291991
drawer__obj__L,raw,action/take,mean,1.210483431816101,1.0642967434753643,1.411555377328785
drawer__obj__L,raw,action/take,median,1.267293095588684,1.0085855360221305,1.7239057652215766
drawer__obj__L,raw,subject/take,mean,1.0699301958084106,1.0155868217198154,1.1301582728322603
drawer__obj__L,raw,subject/take,median,1.1229161024093628,0.9975734891817395,1.3101949324266031
drawer__obj__L,raw,time/floor,mean,6.922905921936035,5.43322382985417,9.12118985359848
drawer__obj__L,raw,time/floor,median,7.65701150894165,5.6112929414698485,12.369852628006061
drawer__obj__L,raw_L1,time/take,mean,0.2761837840080261,0.19394142923550864,0.39003875189269266
drawer__obj__L,raw_L1,time/take,median,0.1672477275133133,0.09955287791847466,0.35402250718475153
drawer__obj__L,raw_L1,time/mesh,mean,0.20697525143623352,0.14148051832229086,0.30169257419768314
drawer__obj__L,raw_L1,time/mesh,median,0.12024194002151489,0.07903643825823786,0.22112279441340624
drawer__obj__L,raw_L1,mesh/take,mean,1.3343807458877563,1.1513983797854113,1.6154108338425162
drawer__obj__L,raw_L1,mesh/take,median,1.390926718711853,1.0171981349699613,2.1605145504133962
drawer__obj__L,raw_L1,action/take,mean,1.307236909866333,1.1204792839018698,1.5925160192865209
drawer__obj__L,raw_L1,action/take,median,1.3633508682250977,0.9942629355225693,2.024001045098343
drawer__obj__L,raw_L1,subject/take,mean,1.0744431018829346,1.0091799684994165,1.1473999390158025
drawer__obj__L,raw_L1,subject/take,median,1.1715253591537476,1.002122089437677,1.4202023737895895
drawer__obj__L,raw_L1,time/floor,mean,7.893364429473877,6.078115750423832,10.763741315366676
drawer__obj__L,raw_L1,time/floor,median,7.429947376251221,5.655821105990764,11.92465325083358
drawer__obj__L,mass_abs,time/take,mean,0.46262064576148987,0.31023312038905215,0.7054431893443951
drawer__obj__L,mass_abs,time/take,median,0.3453681468963623,0.19053107300268493,0.6017820164029126
drawer__obj__L,mass_abs,time/mesh,mean,0.3774910271167755,0.24219459269289298,0.6006173510312423
drawer__obj__L,mass_abs,time/mesh,median,0.26794514060020447,0.14367814488275113,0.497866217984766
drawer__obj__L,mass_abs,mesh/take,mean,1.22551429271698,0.9582400470401917,1.6355191972261698
drawer__obj__L,mass_abs,mesh/take,median,1.2889509201049805,0.9476755859767081,1.8769028397822547
drawer__obj__L,mass_abs,action/take,mean,1.3521465063095093,0.9710354897213034,1.9678672820777108
drawer__obj__L,mass_abs,action/take,median,1.5506848096847534,1.029880392333507,2.4812857545908225
drawer__obj__L,mass_abs,subject/take,mean,1.0200649499893188,0.9324210086400936,1.1129631688538622
drawer__obj__L,mass_abs,subject/take,median,1.0927987098693848,0.9315079078060657,1.2423482127287855
drawer__obj__L,mass_abs,time/floor,mean,6.620214462280273,5.010967544231685,8.668134497373387
drawer__obj__L,mass_abs,time/floor,median,6.568528652191162,4.087237722811879,10.383839430587216
drawer__obj__L,mass_log,time/take,mean,0.47806087136268616,0.31082845526616226,0.7106468053349
drawer__obj__L,mass_log,time/take,median,0.3145599067211151,0.173272034725578,0.5595402041509043
drawer__obj__L,mass_log,time/mesh,mean,0.39470934867858887,0.2547637292369331,0.5995355300631628
drawer__obj__L,mass_log,time/mesh,median,0.2399040311574936,0.13482650867485993,0.45392305533489913
drawer__obj__L,mass_log,mesh/take,mean,1.2111718654632568,0.9812288644289336,1.5775729479809497
drawer__obj__L,mass_log,mesh/take,median,1.3111904859542847,0.9713440658436491,1.816649394067378
drawer__obj__L,mass_log,action/take,mean,1.2359846830368042,0.9307921114469081,1.6788258895348083
drawer__obj__L,mass_log,action/take,median,1.3899492025375366,0.9195440566748196,2.078948363570438
drawer__obj__L,mass_log,subject/take,mean,1.0272583961486816,0.9440907127726079,1.1104817606814406
drawer__obj__L,mass_log,subject/take,median,1.084708571434021,0.9460957410808212,1.2515006670668194
drawer__obj__L,mass_log,time/floor,mean,6.510919094085693,4.830102331880429,8.599246210601022
drawer__obj__L,mass_log,time/floor,median,6.7067389488220215,4.0121716777827725,10.662621368811315
drawer__obj__L,pattern_L2,time/take,mean,0.2606598436832428,0.18360346012093862,0.3654709840391884
drawer__obj__L,pattern_L2,time/take,median,0.1652846783399582,0.09791034460039727,0.26474557912055585
drawer__obj__L,pattern_L2,time/mesh,mean,0.2109781801700592,0.14872617887582953,0.29853851830100964
drawer__obj__L,pattern_L2,time/mesh,median,0.12549754977226257,0.08003209389757765,0.19499955346352796
drawer__obj__L,pattern_L2,mesh/take,mean,1.2354824542999268,1.094016550586897,1.4666856746605106
drawer__obj__L,pattern_L2,mesh/take,median,1.3170350790023804,1.090840050174405,1.7361588439248918
drawer__obj__L,pattern_L2,action/take,mean,1.0356074571609497,0.9203509438623432,1.222909214642282
drawer__obj__L,pattern_L2,action/take,median,1.1655528545379639,0.9398771291025486,1.5568940335060402
drawer__obj__L,pattern_L2,subject/take,mean,1.0859202146530151,1.0260760159060855,1.1516309790525538
drawer__obj__L,pattern_L2,subject/take,median,1.1276301145553589,1.020196498441481,1.3249142053087615
drawer__obj__L,pattern_L2,time/floor,mean,6.86197566986084,5.307507277576033,8.858453819479848
drawer__obj__L,pattern_L2,time/floor,median,8.753658294677734,6.366484259920307,12.567730735366354
drawer__obj__L,pattern_L1,time/take,mean,0.23447799682617188,0.15868334756872093,0.3435626855087173
drawer__obj__L,pattern_L1,time/take,median,0.1425631046295166,0.08549295101669614,0.2363093204371008
drawer__obj__L,pattern_L1,time/mesh,mean,0.1778315305709839,0.11966305693609082,0.26106944746260713
drawer__obj__L,pattern_L1,time/mesh,median,0.09511670470237732,0.06264953642063564,0.15043439262538183
drawer__obj__L,pattern_L1,mesh/take,mean,1.318540096282959,1.1542032914215175,1.603580729735276
drawer__obj__L,pattern_L1,mesh/take,median,1.4988229274749756,1.1867672610666915,2.1028265321783115
drawer__obj__L,pattern_L1,action/take,mean,1.1211886405944824,0.9664263166745068,1.359385549670856
drawer__obj__L,pattern_L1,action/take,median,1.2539958953857422,0.9424451981941506,1.8127256904332407
drawer__obj__L,pattern_L1,subject/take,mean,1.0886884927749634,1.020335854841393,1.1625696212538845
drawer__obj__L,pattern_L1,subject/take,median,1.1306407451629639,1.0180879799830533,1.3979932024085426
drawer__obj__L,pattern_L1,time/floor,mean,7.776225566864014,6.000285095378195,10.526064551376109
drawer__obj__L,pattern_L1,time/floor,median,8.616260528564453,6.320305385932837,11.94173497432908
drawer__obj__L,pattern_cos,time/take,mean,0.12524084746837616,0.06535779279550083,0.23564049622380817
drawer__obj__L,pattern_cos,time/take,median,0.029973970726132393,0.009712156178520987,0.08402774443498637
drawer__obj__L,pattern_cos,time/mesh,mean,0.09181046485900879,0.04580142805700515,0.17405951706892223
drawer__obj__L,pattern_cos,time/mesh,median,0.015270797535777092,0.006586928723908878,0.037154249080959635
drawer__obj__L,pattern_cos,mesh/take,mean,1.364123821258545,1.1499234509678569,1.806848481718896
drawer__obj__L,pattern_cos,mesh/take,median,1.962829351425171,1.245516013693307,3.540224166263642
drawer__obj__L,pattern_cos,action/take,mean,1.177933692932129,0.967036625760734,1.5638165335802803
drawer__obj__L,pattern_cos,action/take,median,1.563044548034668,0.9137901026408523,2.9724500351848544
drawer__obj__L,pattern_cos,subject/take,mean,1.1183490753173828,1.021533172058081,1.22606855471918
drawer__obj__L,pattern_cos,subject/take,median,1.3485101461410522,1.0284053571478318,1.9318172223771377
drawer__obj__L,pattern_cos,time/floor,mean,35.5744514465332,21.653091132389783,68.81169408421319
drawer__obj__L,pattern_cos,time/floor,median,77.99227905273438,38.199855381229185,146.9806245923441
drawer__obj__L,centroid,time/take,mean,0.17367984445358384,0.10210072098915023,0.2952345131781193
drawer__obj__L,centroid,time/take,median,0.09787424087509201,0.049546337171852375,0.19338286875203087
drawer__obj__L,centroid,time/mesh,mean,0.13907491549362622,0.07974843116228038,0.23887160114687675
drawer__obj__L,centroid,time/mesh,median,0.052195557479223074,0.031164725057713304,0.08867354746694477
drawer__obj__L,centroid,mesh/take,mean,1.2488222181342514,1.0513433937103083,1.6557123292174027
drawer__obj__L,centroid,mesh/take,median,1.8751450430250078,1.2144544382356182,3.0238699844969457
drawer__obj__L,centroid,action/take,mean,0.9780059508592253,0.7877029836483567,1.3377497556402769
drawer__obj__L,centroid,action/take,median,1.3619200075304503,0.7875385478026449,2.386761340206562
drawer__obj__L,centroid,subject/take,mean,1.117425366547454,1.0193547865501944,1.226489729497229
drawer__obj__L,centroid,subject/take,median,1.243183482891927,1.013059533470378,1.7822916662447645
drawer__obj__L,centroid,time/floor,mean,10.048783449564855,7.027814618249026,15.363736763129031
drawer__obj__L,centroid,time/floor,median,9.078450034613208,6.011383186011453,13.697598567329281
drawer__obj__R,raw,time/take,mean,0.4468039274215698,0.31824944658808263,0.6155168164809088
drawer__obj__R,raw,time/take,median,0.3648500144481659,0.2125193616283544,0.5892528394981034
drawer__obj__R,raw,time/mesh,mean,0.35407590866088867,0.24288198513456039,0.48633680526428186
drawer__obj__R,raw,time/mesh,median,0.276114821434021,0.17871043981414353,0.43279978302185906
drawer__obj__R,raw,mesh/take,mean,1.2618874311447144,1.107985067669947,1.5074210645804997
drawer__obj__R,raw,mesh/take,median,1.3213707208633423,1.0932032139531331,1.7419294037016195
drawer__obj__R,raw,action/take,mean,1.454592227935791,1.2614102529784432,1.7163264489355907
drawer__obj__R,raw,action/take,median,1.6450486183166504,1.2880187765701316,2.1403274499173937
drawer__obj__R,raw,subject/take,mean,1.0105388164520264,0.9373301988272834,1.1010567235452187
drawer__obj__R,raw,subject/take,median,1.0262372493743896,0.8936249879587264,1.1719516671954056
drawer__obj__R,raw,time/floor,mean,7.889646053314209,6.164965406748996,10.235387859485835
drawer__obj__R,raw,time/floor,median,9.26329231262207,6.938327885084759,13.216494674526867
drawer__obj__R,raw_L1,time/take,mean,0.39950186014175415,0.2775747151902305,0.5653687957258098
drawer__obj__R,raw_L1,time/take,median,0.3234351575374603,0.1970724707506413,0.5617064617889262
drawer__obj__R,raw_L1,time/mesh,mean,0.29810234904289246,0.18872246224803832,0.4269275106403995
drawer__obj__R,raw_L1,time/mesh,median,0.22207169234752655,0.14620514187199424,0.37746503019970185
drawer__obj__R,raw_L1,mesh/take,mean,1.3401498794555664,1.1365524411425918,1.6701891485165044
drawer__obj__R,raw_L1,mesh/take,median,1.4564448595046997,1.1223801459787963,1.945516239250454
drawer__obj__R,raw_L1,action/take,mean,1.6111972332000732,1.3512530016772346,1.9908635830604637
drawer__obj__R,raw_L1,action/take,median,1.9200615882873535,1.3727881945677576,2.5769104962875597
drawer__obj__R,raw_L1,subject/take,mean,1.0122565031051636,0.9221525162778753,1.1205902967273016
drawer__obj__R,raw_L1,subject/take,median,1.053402066230774,0.8915995372441832,1.248323412719329
drawer__obj__R,raw_L1,time/floor,mean,8.286381721496582,6.342777833907385,10.872022735143567
drawer__obj__R,raw_L1,time/floor,median,8.82062816619873,6.934898127013733,13.575513750150451
drawer__obj__R,mass_abs,time/take,mean,0.5863766074180603,0.39661722968963253,0.8777009298134237
drawer__obj__R,mass_abs,time/take,median,0.45992928743362427,0.26860902137245424,0.739743106306775
drawer__obj__R,mass_abs,time/mesh,mean,0.48892858624458313,0.3336479665085454,0.7086469280205986
drawer__obj__R,mass_abs,time/mesh,median,0.354145348072052,0.21237480564077643,0.6109016975893865
drawer__obj__R,mass_abs,mesh/take,mean,1.1993093490600586,0.9435206965593247,1.6053430007936886
drawer__obj__R,mass_abs,mesh/take,median,1.2987020015716553,0.8997369033610556,1.828623283424903
drawer__obj__R,mass_abs,action/take,mean,1.173027753829956,0.9254925701925942,1.4903540897294025
drawer__obj__R,mass_abs,action/take,median,1.1344263553619385,0.8508652416579724,1.5402044716575158
drawer__obj__R,mass_abs,subject/take,mean,1.0403690338134766,0.9303401315075487,1.1944531255277449
drawer__obj__R,mass_abs,subject/take,median,1.0576891899108887,0.8758617894669316,1.3150177642596113
drawer__obj__R,mass_abs,time/floor,mean,8.266563415527344,5.931359167897025,11.555095809904396
drawer__obj__R,mass_abs,time/floor,median,9.634393692016602,6.296551554329998,14.584284978858781
drawer__obj__R,mass_log,time/take,mean,0.573951780796051,0.3799859348256666,0.8823853472192688
drawer__obj__R,mass_log,time/take,median,0.4348004460334778,0.24350928665872076,0.7466807996334579
drawer__obj__R,mass_log,time/mesh,mean,0.4444364011287689,0.30067584589762925,0.6722137024726477
drawer__obj__R,mass_log,time/mesh,median,0.31388410925865173,0.17782453338659085,0.5644753718638944
drawer__obj__R,mass_log,mesh/take,mean,1.2914149761199951,0.9329047756628687,1.8388232710440442
drawer__obj__R,mass_log,mesh/take,median,1.3852260112762451,0.9135612585479972,2.1263073050304135
drawer__obj__R,mass_log,action/take,mean,1.1482176780700684,0.867654950216807,1.4916268299086615
drawer__obj__R,mass_log,action/take,median,1.0555408000946045,0.7619711632157949,1.4870586439301403
drawer__obj__R,mass_log,subject/take,mean,1.0226212739944458,0.901502677230943,1.191504064540132
drawer__obj__R,mass_log,subject/take,median,1.047853946685791,0.8900001938942078,1.336471234461958
drawer__obj__R,mass_log,time/floor,mean,8.830077171325684,5.970422284974335,12.155729885800328
drawer__obj__R,mass_log,time/floor,median,9.489232063293457,6.2804233124366675,14.415843625642639
drawer__obj__R,pattern_L2,time/take,mean,0.4393158555030823,0.2892239065938703,0.6294739514293086
drawer__obj__R,pattern_L2,time/take,median,0.33914390206336975,0.20085374573155043,0.5434437136726903
drawer__obj__R,pattern_L2,time/mesh,mean,0.30878180265426636,0.2018889760304161,0.4621759457815322
drawer__obj__R,pattern_L2,time/mesh,median,0.2116939276456833,0.12695602172616471,0.35044528505479844
drawer__obj__R,pattern_L2,mesh/take,mean,1.422738790512085,1.1693379554336767,1.8093178484035795
drawer__obj__R,pattern_L2,mesh/take,median,1.602048397064209,1.2086440072176428,2.0776066862705194
drawer__obj__R,pattern_L2,action/take,mean,1.4572457075119019,1.230689951302244,1.8012333173723878
drawer__obj__R,pattern_L2,action/take,median,1.829030990600586,1.2431321857903213,2.463245507061613
drawer__obj__R,pattern_L2,subject/take,mean,0.9868972897529602,0.9104540361739786,1.078167531849287
drawer__obj__R,pattern_L2,subject/take,median,1.0166159868240356,0.8849329166123006,1.1301974540371769
drawer__obj__R,pattern_L2,time/floor,mean,8.949299812316895,6.715376808394459,12.166380673565781
drawer__obj__R,pattern_L2,time/floor,median,9.618369102478027,6.836328419921001,13.83237804187648
drawer__obj__R,pattern_L1,time/take,mean,0.3973815441131592,0.2618066497471565,0.5753728804086258
drawer__obj__R,pattern_L1,time/take,median,0.31120485067367554,0.17838904987909004,0.4866399496840431
drawer__obj__R,pattern_L1,time/mesh,mean,0.26079803705215454,0.16314065398793742,0.3937343055976046
drawer__obj__R,pattern_L1,time/mesh,median,0.1736147701740265,0.1014962503751943,0.28198234697379576
drawer__obj__R,pattern_L1,mesh/take,mean,1.5237137079238892,1.2289869821582298,1.968653362711534
drawer__obj__R,pattern_L1,mesh/take,median,1.7925021648406982,1.3337683567576406,2.435998455991327
drawer__obj__R,pattern_L1,action/take,mean,1.6166198253631592,1.3180704624183266,2.04498961082809
drawer__obj__R,pattern_L1,action/take,median,1.9863513708114624,1.2915365900220939,2.933954511496859
drawer__obj__R,pattern_L1,subject/take,mean,0.9967319369316101,0.9126039513787106,1.100455121890679
drawer__obj__R,pattern_L1,subject/take,median,1.0108147859573364,0.8877914074170862,1.1801971949816876
drawer__obj__R,pattern_L1,time/floor,mean,9.315526008605957,7.018568502414273,12.700141427692136
drawer__obj__R,pattern_L1,time/floor,median,10.04846477508545,6.895013994462258,13.491957902551409
drawer__obj__R,pattern_cos,time/take,mean,0.27408042550086975,0.130574890397461,0.5218659195492972
drawer__obj__R,pattern_cos,time/take,median,0.10744096338748932,0.0388387616498241,0.29666027632762887
drawer__obj__R,pattern_cos,time/mesh,mean,0.15397173166275024,0.0681402496572276,0.30100589367924546
drawer__obj__R,pattern_cos,time/mesh,median,0.04121795669198036,0.01597120785835358,0.11864246549637839
drawer__obj__R,pattern_cos,mesh/take,mean,1.7800698280334473,1.3045589534743938,2.61474979309027
drawer__obj__R,pattern_cos,mesh/take,median,2.606654405593872,1.4813971186707087,4.705046977523676
drawer__obj__R,pattern_cos,action/take,mean,2.0057499408721924,1.4652254639104598,2.9794030007269274
drawer__obj__R,pattern_cos,action/take,median,3.2571568489074707,1.6263285492460895,6.353890092814844
drawer__obj__R,pattern_cos,subject/take,mean,0.9792744517326355,0.8403088718860425,1.145149447577125
drawer__obj__R,pattern_cos,subject/take,median,1.002943992614746,0.7848463576027117,1.3217198800308798
drawer__obj__R,pattern_cos,time/floor,mean,58.9001579284668,34.58221715288514,110.69995816720653
drawer__obj__R,pattern_cos,time/floor,median,93.93588256835938,48.69265773181067,184.51042670540423
drawer__obj__R,centroid,time/take,mean,0.3179562577754613,0.17337118626763348,0.562596846715857
drawer__obj__R,centroid,time/take,median,0.18024130848579417,0.0906858621478895,0.3613122262069619
drawer__obj__R,centroid,time/mesh,mean,0.18701605203701763,0.09749171180197408,0.3360547677735631
drawer__obj__R,centroid,time/mesh,median,0.07935868532544879,0.041703192342179306,0.15255164541168967
drawer__obj__R,centroid,mesh/take,mean,1.7001549028129714,1.2304752564420967,2.5322355888692343
drawer__obj__R,centroid,mesh/take,median,2.2712234678110814,1.4137564244411127,3.7312096650728503
drawer__obj__R,centroid,action/take,mean,1.7603285051253652,1.297677657577362,2.6265455283842605
drawer__obj__R,centroid,action/take,median,2.316706395523988,1.2978715756303432,3.9800962795493104
drawer__obj__R,centroid,subject/take,mean,1.0154031842166114,0.8817858181519831,1.1752744729108906
drawer__obj__R,centroid,subject/take,median,0.982437572367199,0.802942972379836,1.3400801176183212
drawer__obj__R,centroid,time/floor,mean,12.116659640200316,7.626292032624109,18.84391396954627
drawer__obj__R,centroid,time/floor,median,9.344649469237941,5.9328858454871485,13.909789340147304
glass rod__obj__L,raw,time/take,mean,0.4886435866355896,0.27569332687527126,0.7659969258157016
glass rod__obj__L,raw,time/take,median,0.35499656200408936,0.19683958655849726,0.8470906677171053
glass rod__obj__L,raw,action/take,mean,1.2422735691070557,0.9128500230358227,1.5610535632136358
glass rod__obj__L,raw,action/take,median,1.3869590759277344,0.8275343894264636,1.7801507371161633
glass rod__obj__L,raw,subject/take,mean,1.1745924949645996,0.9527367499138305,1.536044646082074
glass rod__obj__L,raw,subject/take,median,1.2740064859390259,0.9247942791919693,1.8895830973034426
glass rod__obj__L,raw,time/floor,mean,4.526464462280273,2.8629931153855064,8.78234016020426
glass rod__obj__L,raw,time/floor,median,3.6871414184570312,2.659375292935487,10.592524817026979
glass rod__obj__L,raw_L1,time/take,mean,0.4673677384853363,0.2623584796451674,0.7265170260092156
glass rod__obj__L,raw_L1,time/take,median,0.33004188537597656,0.18459677224909543,0.7771030593081655
glass rod__obj__L,raw_L1,action/take,mean,1.2686796188354492,0.9291492776521645,1.6204938879536117
glass rod__obj__L,raw_L1,action/take,median,1.3959449529647827,0.8561567294098937,1.85899101882809
glass rod__obj__L,raw_L1,subject/take,mean,1.1473864316940308,0.9225988523164931,1.4920426213924114
glass rod__obj__L,raw_L1,subject/take,median,1.204848051071167,0.8847872196402065,1.8021520932534287
glass rod__obj__L,raw_L1,time/floor,mean,4.411641597747803,2.7430899979890624,8.72696751092899
glass rod__obj__L,raw_L1,time/floor,median,3.8776471614837646,2.54905716707391,10.094981927235754
glass rod__obj__L,mass_abs,time/take,mean,0.5775113105773926,0.23970447382652577,1.096854193212646
glass rod__obj__L,mass_abs,time/take,median,0.4524202346801758,0.1740120897098753,0.9374771176481864
glass rod__obj__L,mass_abs,action/take,mean,1.7095012664794922,0.843874871435539,3.336896203850981
glass rod__obj__L,mass_abs,action/take,median,1.9033129215240479,0.7353849287626751,4.500591743454934
glass rod__obj__L,mass_abs,subject/take,mean,1.365339756011963,0.8402958536833279,2.1834215952331055
glass rod__obj__L,mass_abs,subject/take,median,1.454236626625061,0.632460001637899,4.22241214240589
glass rod__obj__L,mass_abs,time/floor,mean,5.55805778503418,3.3609303998289284,9.134180617185669
glass rod__obj__L,mass_abs,time/floor,median,5.024563312530518,2.7531733873176862,10.499509084807663
glass rod__obj__L,mass_log,time/take,mean,0.60025554895401,0.23350474939863086,1.210117184134895
glass rod__obj__L,mass_log,time/take,median,0.465973824262619,0.1706117741795949,0.9883984429182049
glass rod__obj__L,mass_log,action/take,mean,1.8638707399368286,0.866392266091053,3.71760132792489
glass rod__obj__L,mass_log,action/take,median,2.0799362659454346,0.7279492938306479,5.285909337966483
glass rod__obj__L,mass_log,subject/take,mean,1.3811770677566528,0.866945706811421,2.2995495186611303
glass rod__obj__L,mass_log,subject/take,median,1.4340591430664062,0.636305303703925,4.878925162440533
glass rod__obj__L,mass_log,time/floor,mean,5.781222820281982,3.454209168677006,10.084944728431612
glass rod__obj__L,mass_log,time/floor,median,4.715601921081543,2.6709464226693673,10.53587954171413
glass rod__obj__L,pattern_L2,time/take,mean,0.4722876250743866,0.2673561132064876,0.7709986786880966
glass rod__obj__L,pattern_L2,time/take,median,0.3436943292617798,0.19840357879342835,0.7481705929971902
glass rod__obj__L,pattern_L2,action/take,mean,1.1616935729980469,0.9074882955123849,1.5207236926910013
glass rod__obj__L,pattern_L2,action/take,median,1.1589174270629883,0.7668291791390934,1.633405321765263
glass rod__obj__L,pattern_L2,subject/take,mean,1.1039286851882935,0.8745232248635061,1.4480014452892953
glass rod__obj__L,pattern_L2,subject/take,median,1.0890238285064697,0.8002812012908583,1.739115705504483
glass rod__obj__L,pattern_L2,time/floor,mean,4.497776508331299,2.696059302446784,9.752755858524084
glass rod__obj__L,pattern_L2,time/floor,median,4.311807632446289,2.587915855547789,10.82268542410436
glass rod__obj__L,pattern_L1,time/take,mean,0.47102510929107666,0.25857968047183627,0.7552378799660796
glass rod__obj__L,pattern_L1,time/take,median,0.3338249921798706,0.19720442896300203,0.7706001770539006
glass rod__obj__L,pattern_L1,action/take,mean,1.1562262773513794,0.8954445016782101,1.5363294794860067
glass rod__obj__L,pattern_L1,action/take,median,1.1191622018814087,0.7622249323899934,1.5714691523230713
glass rod__obj__L,pattern_L1,subject/take,mean,1.0679467916488647,0.839739732942017,1.3876313095471013
glass rod__obj__L,pattern_L1,subject/take,median,1.0280191898345947,0.7674919971023986,1.6268251852767606
glass rod__obj__L,pattern_L1,time/floor,mean,4.516140460968018,2.5840248837409354,10.225631099936944
glass rod__obj__L,pattern_L1,time/floor,median,4.159200191497803,2.4139808427849205,11.070159833940972
glass rod__obj__L,pattern_cos,time/take,mean,0.3441028892993927,0.08776321663028662,0.861775216084218
glass rod__obj__L,pattern_cos,time/take,median,0.12163325399160385,0.03853522217512092,0.6037964230132596
glass rod__obj__L,pattern_cos,action/take,mean,1.3465478420257568,0.8211725742598323,2.3489482303877547
glass rod__obj__L,pattern_cos,action/take,median,1.3178719282150269,0.5671742091306662,2.489704271859847
glass rod__obj__L,pattern_cos,subject/take,mean,1.1934059858322144,0.7717057333722559,1.894273167587581
glass rod__obj__L,pattern_cos,subject/take,median,1.2206073999404907,0.6544544875958674,3.1418139714308633
glass rod__obj__L,pattern_cos,time/floor,mean,18.78802490234375,5.868926366829467,86.98147512273817
glass rod__obj__L,pattern_cos,time/floor,median,18.82546043395996,6.645291019368951,123.84056213423189
glass rod__obj__L,centroid,time/take,mean,0.4586299721431039,0.21859199664471018,0.8864402733662986
glass rod__obj__L,centroid,time/take,median,0.2937339734203425,0.1572394236514718,0.7827201526700343
glass rod__obj__L,centroid,action/take,mean,1.0815735425071045,0.7807732752310492,1.7147378459729026
glass rod__obj__L,centroid,action/take,median,0.9820517976158782,0.6240778229694367,1.758658548931522
glass rod__obj__L,centroid,subject/take,mean,0.976495384374309,0.7149307868617499,1.4012256645119892
glass rod__obj__L,centroid,subject/take,median,0.9461351925423215,0.5344665120837515,1.6532114763277233
glass rod__obj__L,centroid,time/floor,mean,4.5031410333835415,2.1279573418326234,13.477481043987513
glass rod__obj__L,centroid,time/floor,median,5.5588358477475985,2.087447910518004,17.46711320499649
glass rod__obj__R,raw,time/take,mean,0.8656125664710999,0.6184783820759817,1.1261419333054383
glass rod__obj__R,raw,time/take,median,0.7390064001083374,0.47531964068532984,1.1238620746986694
glass rod__obj__R,raw,action/take,mean,1.05130934715271,0.870498292983784,1.3937941451006106
glass rod__obj__R,raw,action/take,median,1.1901183128356934,0.9128797695918023,1.4280150014611837
glass rod__obj__R,raw,subject/take,mean,0.8999139070510864,0.8180383950671017,0.9986894113224017
glass rod__obj__R,raw,subject/take,median,0.949479877948761,0.8233347223165537,1.0435730030576509
glass rod__obj__R,raw,time/floor,mean,6.610776901245117,5.339349136556935,8.161912558272812
glass rod__obj__R,raw,time/floor,median,8.896149635314941,5.955545022994206,13.052830078992349
glass rod__obj__R,raw_L1,time/take,mean,0.858502984046936,0.6036030353563595,1.1369873958576524
glass rod__obj__R,raw_L1,time/take,median,0.7446995973587036,0.45120097600719844,1.159118305340422
glass rod__obj__R,raw_L1,action/take,mean,1.0345758199691772,0.8336480176099531,1.4484872694485598
glass rod__obj__R,raw_L1,action/take,median,1.1864831447601318,0.8960513165865738,1.4843583273813838
glass rod__obj__R,raw_L1,subject/take,mean,0.8794345259666443,0.7920884962447463,0.9872540202002223
glass rod__obj__R,raw_L1,subject/take,median,0.9417868852615356,0.803830925035858,1.0326666789618146
glass rod__obj__R,raw_L1,time/floor,mean,7.286882400512695,5.760223392281389,9.078979883645845
glass rod__obj__R,raw_L1,time/floor,median,9.324249267578125,5.892813842960543,14.211153781970049
glass rod__obj__R,mass_abs,time/take,mean,0.9272969365119934,0.5646194122025813,1.3393022663759584
glass rod__obj__R,mass_abs,time/take,median,0.6758655905723572,0.3908532358414602,1.1972746096603637
glass rod__obj__R,mass_abs,action/take,mean,1.2460966110229492,0.9160249999012933,1.7259835681737383
glass rod__obj__R,mass_abs,action/take,median,1.1883060932159424,0.8230047503503729,1.9964319345303492
glass rod__obj__R,mass_abs,subject/take,mean,1.0355472564697266,0.8703810980293936,1.2112457480171803
glass rod__obj__R,mass_abs,subject/take,median,1.017055630683899,0.7876504598922774,1.24245626221706
glass rod__obj__R,mass_abs,time/floor,mean,5.450376033782959,3.7482056140135085,8.269988184530451
glass rod__obj__R,mass_abs,time/floor,median,8.503653526306152,5.12525041171865,14.085726071628487
glass rod__obj__R,mass_log,time/take,mean,0.9637140035629272,0.5749828274679294,1.399675780626742
glass rod__obj__R,mass_log,time/take,median,0.653820812702179,0.3772002184901726,1.1896997751750003
glass rod__obj__R,mass_log,action/take,mean,1.2762470245361328,0.9154365413178733,1.8378971924561602
glass rod__obj__R,mass_log,action/take,median,1.2012386322021484,0.8349278574927574,2.2007404395384476
glass rod__obj__R,mass_log,subject/take,mean,1.0093814134597778,0.8350972739222652,1.16880909880924
glass rod__obj__R,mass_log,subject/take,median,0.9899436235427856,0.7695945795917731,1.1984300434593504
glass rod__obj__R,mass_log,time/floor,mean,5.539556980133057,3.7163834081621308,8.569523065823528
glass rod__obj__R,mass_log,time/floor,median,8.61907958984375,5.049588600831472,14.971241951925027
glass rod__obj__R,pattern_L2,time/take,mean,0.8794885277748108,0.6165244423554969,1.1660297089267664
glass rod__obj__R,pattern_L2,time/take,median,0.7681129574775696,0.4551787504256099,1.2644711488544786
glass rod__obj__R,pattern_L2,action/take,mean,1.0062289237976074,0.8124389151658408,1.4297350605001093
glass rod__obj__R,pattern_L2,action/take,median,1.0049701929092407,0.8664466693380216,1.387607744267673
glass rod__obj__R,pattern_L2,subject/take,mean,0.8615651726722717,0.7667148074713752,0.9814091901061529
glass rod__obj__R,pattern_L2,subject/take,median,0.9293498396873474,0.7675165405311996,1.0396009168687048
glass rod__obj__R,pattern_L2,time/floor,mean,7.112097263336182,5.735727075112167,8.685182950488366
glass rod__obj__R,pattern_L2,time/floor,median,9.754597663879395,6.027249088884184,14.527622380156672
glass rod__obj__R,pattern_L1,time/take,mean,0.8997987508773804,0.6179664250591048,1.2253874500018989
glass rod__obj__R,pattern_L1,time/take,median,0.76262366771698,0.43641403100844833,1.3279057032460828
glass rod__obj__R,pattern_L1,action/take,mean,0.9897182583808899,0.7810341432717882,1.4673937331741287
glass rod__obj__R,pattern_L1,action/take,median,0.9930752515792847,0.8335544698079687,1.4097252078902838
glass rod__obj__R,pattern_L1,subject/take,mean,0.8473862409591675,0.7487577975422337,0.9772502770417485
glass rod__obj__R,pattern_L1,subject/take,median,0.9056740999221802,0.7473250716601634,1.0341427701554768
glass rod__obj__R,pattern_L1,time/floor,mean,7.731410503387451,6.0202514741914355,9.84301423006502
glass rod__obj__R,pattern_L1,time/floor,median,10.467535972595215,6.20936837138564,15.794699921864453
glass rod__obj__R,pattern_cos,time/take,mean,0.8903760313987732,0.48819916312186135,1.417618219354284
glass rod__obj__R,pattern_cos,time/take,median,0.6197789311408997,0.21858368118080662,1.6473613891399128
glass rod__obj__R,pattern_cos,action/take,mean,0.8866890668869019,0.578477890946547,2.304958965903117
glass rod__obj__R,pattern_cos,action/take,median,1.0274460315704346,0.7646193409980261,1.968155181814378
glass rod__obj__R,pattern_cos,subject/take,mean,0.7162871956825256,0.5758588902834405,0.9457451968924189
glass rod__obj__R,pattern_cos,subject/take,median,0.8489404320716858,0.5874715178413592,1.069904392263914
glass rod__obj__R,pattern_cos,time/floor,mean,34.84068298339844,18.161040523230003,50.596745909749764
glass rod__obj__R,pattern_cos,time/floor,median,100.052734375,36.764070856906635,210.87904248249168
glass rod__obj__R,centroid,time/take,mean,0.976890559056539,0.6357575154532049,1.4041700657079124
glass rod__obj__R,centroid,time/take,median,0.8016559809276517,0.3923297390949439,1.541358876011843
glass rod__obj__R,centroid,action/take,mean,0.9363424442901381,0.6857485233755278,1.5520740156318373
glass rod__obj__R,centroid,action/take,median,1.0004401963144622,0.7822727958382707,1.547698032534126
glass rod__obj__R,centroid,subject/take,mean,0.8119872571600051,0.6932590494739715,0.9764466233463667
glass rod__obj__R,centroid,subject/take,median,0.8675408071113164,0.683393177197912,1.047399440320795
glass rod__obj__R,centroid,time/floor,mean,9.570351010482144,6.8340956110071165,13.076305540302556
glass rod__obj__R,centroid,time/floor,median,12.100592466702835,6.398451130527895,19.294074104548095
ignitor__obj__R,raw,time/take,mean,0.35478994250297546,0.27359497766029367,0.46536987255872536
ignitor__obj__R,raw,time/take,median,0.2672322392463684,0.20349590708090448,0.38363987701937985
ignitor__obj__R,raw,subject/take,mean,1.1795084476470947,1.0775599339718354,1.3085209268416635
ignitor__obj__R,raw,subject/take,median,1.1986231803894043,1.101366314316144,1.3324757196619135
ignitor__obj__R,raw,time/floor,mean,5.698663711547852,4.303178555776968,7.522949000945371
ignitor__obj__R,raw,time/floor,median,8.482154846191406,6.375483904687439,11.114425651832912
ignitor__obj__R,raw_L1,time/take,mean,0.3109319508075714,0.23463017783082937,0.4206916550217863
ignitor__obj__R,raw_L1,time/take,median,0.22394397854804993,0.17178281622991423,0.3283324838827935
ignitor__obj__R,raw_L1,subject/take,mean,1.1923030614852905,1.0837013202981496,1.3303737002909348
ignitor__obj__R,raw_L1,subject/take,median,1.2082332372665405,1.0985684491555765,1.3609714790178933
ignitor__obj__R,raw_L1,time/floor,mean,5.856919288635254,4.374173110101493,7.587698266533817
ignitor__obj__R,raw_L1,time/floor,median,7.837109565734863,6.082326654010096,10.274434529771936
ignitor__obj__R,mass_abs,time/take,mean,0.40219151973724365,0.2463581389468603,0.6556895341317868
ignitor__obj__R,mass_abs,time/take,median,0.3039291799068451,0.17435938394937406,0.5405888410346875
ignitor__obj__R,mass_abs,subject/take,mean,1.2861453294754028,1.1189282639333948,1.4947689850628234
ignitor__obj__R,mass_abs,subject/take,median,1.4477088451385498,1.1740835030661023,1.805927324521008
ignitor__obj__R,mass_abs,time/floor,mean,6.579561710357666,4.494555020824433,9.90211447017928
ignitor__obj__R,mass_abs,time/floor,median,10.041194915771484,6.71808758621931,15.310729719000939
ignitor__obj__R,mass_log,time/take,mean,0.437625527381897,0.26095663576692507,0.7245832307640999
ignitor__obj__R,mass_log,time/take,median,0.305087685585022,0.17256128118898328,0.5166295501560054
ignitor__obj__R,mass_log,subject/take,mean,1.2761117219924927,1.1252547716993777,1.5014181002067948
ignitor__obj__R,mass_log,subject/take,median,1.4515172243118286,1.191306962470883,1.8085485283918163
ignitor__obj__R,mass_log,time/floor,mean,6.59566068649292,4.537471343358467,10.055954122717827
ignitor__obj__R,mass_log,time/floor,median,9.70926284790039,6.215732273965759,15.843657864394558
ignitor__obj__R,pattern_L2,time/take,mean,0.3207652270793915,0.25015600616547856,0.4166536674897489
ignitor__obj__R,pattern_L2,time/take,median,0.27351677417755127,0.21305352422426754,0.3746206673724828
ignitor__obj__R,pattern_L2,subject/take,mean,1.194402813911438,1.071980591161598,1.3722052704788255
ignitor__obj__R,pattern_L2,subject/take,median,1.360554575920105,1.148053133828767,1.6090337849110483
ignitor__obj__R,pattern_L2,time/floor,mean,5.429869174957275,4.2294657414968375,7.073614775119942
ignitor__obj__R,pattern_L2,time/floor,median,8.795866012573242,6.123039983217109,11.507671829140309
ignitor__obj__R,pattern_L1,time/take,mean,0.2794487178325653,0.21574510933988839,0.3747695240121337
ignitor__obj__R,pattern_L1,time/take,median,0.23771479725837708,0.18695595957347233,0.3311073049360863
ignitor__obj__R,pattern_L1,subject/take,mean,1.210967779159546,1.0805564833617265,1.4022740961810098
ignitor__obj__R,pattern_L1,subject/take,median,1.3824846744537354,1.1620553279576784,1.650473021274594
ignitor__obj__R,pattern_L1,time/floor,mean,5.598903179168701,4.3303351902164415,7.24637279166419
ignitor__obj__R,pattern_L1,time/floor,median,8.469514846801758,6.160457834458834,11.215516571467528
ignitor__obj__R,pattern_cos,time/take,mean,0.12418824434280396,0.07404746803989022,0.20191483278310093
ignitor__obj__R,pattern_cos,time/take,median,0.07393857091665268,0.04527848949671201,0.14103284885907605
ignitor__obj__R,pattern_cos,subject/take,mean,1.294400930404663,1.1048762832047803,1.573058504604214
ignitor__obj__R,pattern_cos,subject/take,median,1.6386375427246094,1.216755215721578,2.224102156727127
ignitor__obj__R,pattern_cos,time/floor,mean,16.414512634277344,9.692835470647307,31.401488479607266
ignitor__obj__R,pattern_cos,time/floor,median,76.11412811279297,40.67913356597552,129.4137209870365
ignitor__obj__R,centroid,time/take,mean,0.20465876783455156,0.14931877805821667,0.28313017583342004
ignitor__obj__R,centroid,time/take,median,0.1664606707967336,0.11561791562061649,0.26662148904800165
ignitor__obj__R,centroid,subject/take,mean,1.2812588733695294,1.1066882062829342,1.5643315924098862
ignitor__obj__R,centroid,subject/take,median,1.5192926287696467,1.2301316188959344,2.0914891521607406
ignitor__obj__R,centroid,time/floor,mean,6.354097338065906,4.6843454112646,8.805136782772747
ignitor__obj__R,centroid,time/floor,median,9.356892039968628,6.372345654738009,15.190513719999284
knife__obj__R,raw,time/take,mean,0.9062926769256592,0.6289202595383303,1.2542736198521724
knife__obj__R,raw,time/take,median,0.7287859320640564,0.48898131449064725,1.1003450618959194
knife__obj__R,raw,time/mesh,mean,0.6874704360961914,0.4917549913089093,0.9413902153563447
knife__obj__R,raw,time/mesh,median,0.55731600522995,0.3938914154661856,0.8178275776228893
knife__obj__R,raw,mesh/take,mean,1.318300485610962,1.0828959684342119,1.569293900239552
knife__obj__R,raw,mesh/take,median,1.3076708316802979,1.0487762135080874,1.6899750034266088
knife__obj__R,raw,action/take,mean,1.150093674659729,0.8997644976827183,1.4297206361922956
knife__obj__R,raw,action/take,median,1.1420120000839233,0.8531889065851535,1.5336176958265821
knife__obj__R,raw,subject/take,mean,1.1197106838226318,0.972551383415234,1.3761690538610372
knife__obj__R,raw,subject/take,median,1.0995066165924072,0.9587768888822998,1.4680455315622705
knife__obj__R,raw,time/floor,mean,4.242527008056641,3.3623520434359806,6.0424284548658465
knife__obj__R,raw,time/floor,median,5.9236674308776855,4.257992601111081,9.423568930884914
knife__obj__R,raw_L1,time/take,mean,0.8876050710678101,0.6168088890970301,1.2320292228801057
knife__obj__R,raw_L1,time/take,median,0.7194638252258301,0.47838651613439487,1.1047906216934003
knife__obj__R,raw_L1,time/mesh,mean,0.6608406901359558,0.4685528429620938,0.9486020895629989
knife__obj__R,raw_L1,time/mesh,median,0.5268421769142151,0.37654727698298507,0.8064234165205554
knife__obj__R,raw_L1,mesh/take,mean,1.3431453704833984,1.0856123590391105,1.6328490617836415
knife__obj__R,raw_L1,mesh/take,median,1.3656154870986938,1.0689295216729393,1.7671005487690146
knife__obj__R,raw_L1,action/take,mean,1.167082667350769,0.8834345760549516,1.4889241919018457
knife__obj__R,raw_L1,action/take,median,1.1856818199157715,0.8145598630778982,1.6462557896052297
knife__obj__R,raw_L1,subject/take,mean,1.1203181743621826,0.9726219622971293,1.3640125743494587
knife__obj__R,raw_L1,subject/take,median,1.1295406818389893,0.9641654374561901,1.4867576878691369
knife__obj__R,raw_L1,time/floor,mean,4.195696830749512,3.2797408685243625,6.088068395707339
knife__obj__R,raw_L1,time/floor,median,5.690499305725098,4.256264973450408,9.401085652936262
knife__obj__R,mass_abs,time/take,mean,1.0589195489883423,0.5787431080471499,1.692280496860634
knife__obj__R,mass_abs,time/take,median,0.9130622744560242,0.3954745181479059,1.6606642720131581
knife__obj__R,mass_abs,time/mesh,mean,0.6457479000091553,0.4088690651189299,1.0496386340655008
knife__obj__R,mass_abs,time/mesh,median,0.4575449228286743,0.24362997344424783,0.9878743934114032
knife__obj__R,mass_abs,mesh/take,mean,1.6398342847824097,1.0718705564792688,2.2405916074116052
knife__obj__R,mass_abs,mesh/take,median,1.9955686330795288,1.0515206929259366,2.752152789553666
knife__obj__R,mass_abs,action/take,mean,1.5340708494186401,0.94090598369176,2.377731928949032
knife__obj__R,mass_abs,action/take,median,1.822998285293579,0.8871648359562005,2.963516318353333
knife__obj__R,mass_abs,subject/take,mean,1.146073341369629,0.8714607920505227,1.7372851008962171
knife__obj__R,mass_abs,subject/take,median,1.1707667112350464,0.7471866999879903,2.3683195470430287
knife__obj__R,mass_abs,time/floor,mean,4.025853157043457,2.783034269965265,6.726691174264776
knife__obj__R,mass_abs,time/floor,median,7.136606216430664,4.096564006752654,14.149381650939569
knife__obj__R,mass_log,time/take,mean,1.1061415672302246,0.6003406836011913,1.805818337779178
knife__obj__R,mass_log,time/take,median,0.9230554699897766,0.40001595704254445,1.7339324039506427
knife__obj__R,mass_log,time/mesh,mean,0.665096640586853,0.4109849536402329,1.1014567236386827
knife__obj__R,mass_log,time/mesh,median,0.4456394612789154,0.24094781976484292,1.0003698807288446
knife__obj__R,mass_log,mesh/take,mean,1.6631289720535278,1.0916252234935147,2.2396259134603476
knife__obj__R,mass_log,mesh/take,median,2.071305513381958,1.0653647668014496,2.962566356880508
knife__obj__R,mass_log,action/take,mean,1.4832043647766113,0.8932978605399053,2.306155688938663
knife__obj__R,mass_log,action/take,median,1.780329942703247,0.8288478781907758,3.128139805848285
knife__obj__R,mass_log,subject/take,mean,1.1751784086227417,0.916383255890184,1.7615649519732335
knife__obj__R,mass_log,subject/take,median,1.2475465536117554,0.779731917176173,2.5848551069075123
knife__obj__R,mass_log,time/floor,mean,3.8682796955108643,2.641115560151294,6.732712886049882
knife__obj__R,mass_log,time/floor,median,7.428694725036621,4.064892311534383,14.153962623890317
knife__obj__R,pattern_L2,time/take,mean,0.8786137104034424,0.6141055319164141,1.2888841565545734
knife__obj__R,pattern_L2,time/take,median,0.7002812623977661,0.4665224609686644,1.0918107808265771
knife__obj__R,pattern_L2,time/mesh,mean,0.7027652859687805,0.49480904221130045,1.0135874536012002
knife__obj__R,pattern_L2,time/mesh,median,0.5859181880950928,0.40114867168407103,0.8484797806350423
knife__obj__R,pattern_L2,mesh/take,mean,1.2502235174179077,1.0393389856598243,1.5304507606795708
knife__obj__R,pattern_L2,mesh/take,median,1.1951860189437866,1.002386207265237,1.5427009725699525
knife__obj__R,pattern_L2,action/take,mean,0.9345802664756775,0.7614006940273468,1.2079970533822832
knife__obj__R,pattern_L2,action/take,median,0.9292941689491272,0.7126720696184327,1.2507111757765752
knife__obj__R,pattern_L2,subject/take,mean,1.1333014965057373,0.9760893605495665,1.3557628392794605
knife__obj__R,pattern_L2,subject/take,median,1.1258445978164673,0.9542787153411897,1.3620520246809806
knife__obj__R,pattern_L2,time/floor,mean,4.597529888153076,3.5160066987205782,6.297593407632026
knife__obj__R,pattern_L2,time/floor,median,6.238994598388672,4.486871715224506,8.948089736973088
knife__obj__R,pattern_L1,time/take,mean,0.9325329661369324,0.6302546645644339,1.4116970840890175
knife__obj__R,pattern_L1,time/take,median,0.7135085463523865,0.473736788888875,1.1644229982288705
knife__obj__R,pattern_L1,time/mesh,mean,0.7425199747085571,0.5023886506008205,1.1028388481191895
knife__obj__R,pattern_L1,time/mesh,median,0.5875913500785828,0.40161760999025936,0.9083809024951058
knife__obj__R,pattern_L1,mesh/take,mean,1.255902886390686,1.0112700482159178,1.5578934275527407
knife__obj__R,pattern_L1,mesh/take,median,1.2142938375473022,0.9814930306819367,1.6003179149794635
knife__obj__R,pattern_L1,action/take,mean,0.9392671585083008,0.7540477111537106,1.2421916398775803
knife__obj__R,pattern_L1,action/take,median,0.9406479597091675,0.6766486159258404,1.2795952273752897
knife__obj__R,pattern_L1,subject/take,mean,1.1217405796051025,0.9646699234489461,1.356612255049824
knife__obj__R,pattern_L1,subject/take,median,1.1277750730514526,0.9563807824959458,1.411377336878498
knife__obj__R,pattern_L1,time/floor,mean,4.666232109069824,3.50444844844048,6.490247399975268
knife__obj__R,pattern_L1,time/floor,median,6.113028526306152,4.6704081960598565,9.15439839003592
knife__obj__R,pattern_cos,time/take,mean,0.9990078210830688,0.4810985487489339,2.0129960064763055
knife__obj__R,pattern_cos,time/take,median,0.5018729567527771,0.22286769535210274,1.159029122306554
knife__obj__R,pattern_cos,time/mesh,mean,0.6749071478843689,0.33822761815417485,1.3357019353572575
knife__obj__R,pattern_cos,time/mesh,median,0.35880571603775024,0.1637875949556623,0.7278611337462234
knife__obj__R,pattern_cos,mesh/take,mean,1.4802151918411255,1.0323008088922332,2.091178295862855
knife__obj__R,pattern_cos,mesh/take,median,1.3987318277359009,0.9934359141317778,2.3343771682027703
knife__obj__R,pattern_cos,action/take,mean,0.889463484287262,0.641218712345521,1.4097686094852513
knife__obj__R,pattern_cos,action/take,median,0.8684965372085571,0.5190469372924205,1.520931649732458
knife__obj__R,pattern_cos,subject/take,mean,1.2057374715805054,0.9199788258927998,1.6164826434461177
knife__obj__R,pattern_cos,subject/take,median,1.2706955671310425,0.9069251923828352,1.8391785281755064
knife__obj__R,pattern_cos,time/floor,mean,12.553874015808105,5.758939740980878,23.92997878591893
knife__obj__R,pattern_cos,time/floor,median,40.56093978881836,20.644326792803277,84.14127790673814
knife__obj__R,centroid,time/take,mean,1.008771045659898,0.6269771871770984,1.5776402729072831
knife__obj__R,centroid,time/take,median,0.8728107964459538,0.48813875802009044,1.6243630312680084
knife__obj__R,centroid,time/mesh,mean,0.7667087800157413,0.5049833436872337,1.1772365645427842
knife__obj__R,centroid,time/mesh,median,0.6606669160180109,0.40701851698223146,1.1880783024238113
knife__obj__R,centroid,mesh/take,mean,1.3157160475443974,0.9677078300596224,1.8277341106570624
knife__obj__R,centroid,mesh/take,median,1.321105651402347,0.7954415826623652,2.060741175162837
knife__obj__R,centroid,action/take,mean,1.0498023418492137,0.745114442674827,1.4459494241202135
knife__obj__R,centroid,action/take,median,1.1002029524345711,0.5982955745996156,1.8306297236756977
knife__obj__R,centroid,subject/take,mean,1.1101692803173402,0.8674837703402665,1.4245079587617961
knife__obj__R,centroid,subject/take,median,1.1493155627235838,0.8426777232802204,1.7351848343840959
knife__obj__R,centroid,time/floor,mean,4.53997232272626,3.3838383864013353,6.35112161900612
knife__obj__R,centroid,time/floor,median,6.573784653935423,4.597035932632205,9.61957997645864
laptop base__obj__L,raw,time/take,mean,0.14756715297698975,0.08272684550077099,0.2789421638562264
laptop base__obj__L,raw,time/take,median,0.07075975090265274,0.03872747097807118,0.18481125847278998
laptop base__obj__L,raw,action/take,mean,0.8478904366493225,0.7582598109012333,1.0070587638320543
laptop base__obj__L,raw,action/take,median,0.6879439353942871,0.5235048832691316,1.0713319025682557
laptop base__obj__L,raw,subject/take,mean,0.9821251034736633,0.9093834734106286,1.064201537948986
laptop base__obj__L,raw,subject/take,median,0.9788602590560913,0.7877885353037515,1.1474435962078005
laptop base__obj__L,raw,time/floor,mean,8.396585464477539,4.90739881170595,15.361067555256362
laptop base__obj__L,raw,time/floor,median,7.571863651275635,4.536978100094489,12.979436565247964
laptop base__obj__L,raw_L1,time/take,mean,0.10548423230648041,0.053191257176524655,0.24342661735144167
laptop base__obj__L,raw_L1,time/take,median,0.043571777641773224,0.01857949678716703,0.13270807658888306
laptop base__obj__L,raw_L1,action/take,mean,0.7319107055664062,0.644037462764607,0.933814121392702
laptop base__obj__L,raw_L1,action/take,median,0.4972590208053589,0.29564533895203166,1.0539888274986489
laptop base__obj__L,raw_L1,subject/take,mean,0.9596836566925049,0.8550685797294143,1.0795267764048406
laptop base__obj__L,raw_L1,subject/take,median,0.9621102213859558,0.5856187152684846,1.3503481944177205
laptop base__obj__L,raw_L1,time/floor,mean,9.521747589111328,4.911130637916611,19.947477479048302
laptop base__obj__L,raw_L1,time/floor,median,8.29845905303955,3.7757170455480047,13.661059988178028
laptop base__obj__L,mass_abs,time/take,mean,0.10664382576942444,0.057080184219234754,0.22005909101762264
laptop base__obj__L,mass_abs,time/take,median,0.052748218178749084,0.021974484277551935,0.1461868599374804
laptop base__obj__L,mass_abs,action/take,mean,0.8342646360397339,0.6860908246714401,1.0194444194506656
laptop base__obj__L,mass_abs,action/take,median,0.5318108201026917,0.2966172700950394,0.979029089107813
laptop base__obj__L,mass_abs,subject/take,mean,1.095537781715393,0.9862624076253308,1.233900018673615
laptop base__obj__L,mass_abs,subject/take,median,1.1309617757797241,0.8952834629103286,1.705882554606685
laptop base__obj__L,mass_abs,time/floor,mean,8.04124927520752,4.888146856508032,13.257146197830428
laptop base__obj__L,mass_abs,time/floor,median,6.231346607208252,3.1602399937177528,14.282835005352515
laptop base__obj__L,mass_log,time/take,mean,0.15464778244495392,0.07773832811613528,0.2932935146596574
laptop base__obj__L,mass_log,time/take,median,0.06952700018882751,0.03641859345167007,0.17205745424113966
laptop base__obj__L,mass_log,action/take,mean,1.0783718824386597,0.7465955823845464,1.504846993464409
laptop base__obj__L,mass_log,action/take,median,1.005881905555725,0.6426034935689613,1.6739001860658749
laptop base__obj__L,mass_log,subject/take,mean,1.122117519378662,1.010161263153616,1.2805700764115429
laptop base__obj__L,mass_log,subject/take,median,1.245686411857605,0.9795271656243457,1.5902829189665357
laptop base__obj__L,mass_log,time/floor,mean,7.973753929138184,4.276185666950609,16.532373302922217
laptop base__obj__L,mass_log,time/floor,median,7.489676475524902,4.206420432720421,15.120975662325133
laptop base__obj__L,pattern_L2,time/take,mean,0.15650825202465057,0.08627163311187806,0.2505078446454854
laptop base__obj__L,pattern_L2,time/take,median,0.0808919221162796,0.04313663186096509,0.22819611223184794
laptop base__obj__L,pattern_L2,action/take,mean,1.2148892879486084,1.0750363483665168,1.359121497312894
laptop base__obj__L,pattern_L2,action/take,median,1.265679121017456,1.0488572339049977,1.3828156397730855
laptop base__obj__L,pattern_L2,subject/take,mean,1.0435329675674438,0.9797826308697137,1.130964390254777
laptop base__obj__L,pattern_L2,subject/take,median,1.0815000534057617,0.9649631089111836,1.2285761745984227
laptop base__obj__L,pattern_L2,time/floor,mean,8.384710311889648,4.219159897181791,14.902935320160289
laptop base__obj__L,pattern_L2,time/floor,median,9.01339054107666,6.214296053366534,24.539807932763587
laptop base__obj__L,pattern_L1,time/take,mean,0.11472167074680328,0.05968284694005933,0.1975396212281559
laptop base__obj__L,pattern_L1,time/take,median,0.04969622567296028,0.027434188764929555,0.14808973975529405
laptop base__obj__L,pattern_L1,action/take,mean,1.0337109565734863,0.9171535226668952,1.2233398114474292
laptop base__obj__L,pattern_L1,action/take,median,0.9765537977218628,0.710237244871496,1.360161760909114
laptop base__obj__L,pattern_L1,subject/take,mean,1.0103473663330078,0.9608167625911473,1.0785167516940533
laptop base__obj__L,pattern_L1,subject/take,median,1.0122257471084595,0.8692364160821913,1.133985755566832
laptop base__obj__L,pattern_L1,time/floor,mean,9.040973663330078,4.380180319220742,17.11159513795341
laptop base__obj__L,pattern_L1,time/floor,median,8.331330299377441,5.573518168161905,18.796975942896413
laptop base__obj__L,pattern_cos,time/take,mean,0.0466139018535614,0.012759582196024919,0.1214617096822005
laptop base__obj__L,pattern_cos,time/take,median,0.00426430394873023,0.0015079669468478377,0.03531337119589223
laptop base__obj__L,pattern_cos,action/take,mean,1.0518081188201904,0.8944708842646127,1.3475527590110095
laptop base__obj__L,pattern_cos,action/take,median,0.9998682141304016,0.6498148969869273,1.6860598771236681
laptop base__obj__L,pattern_cos,subject/take,mean,1.0030577182769775,0.9322044966336488,1.0894788426701238
laptop base__obj__L,pattern_cos,subject/take,median,1.0342055559158325,0.7706845164391904,1.1643155704823946
laptop base__obj__L,pattern_cos,time/floor,mean,61.495872497558594,10.950300874715442,320.9775021599682
laptop base__obj__L,pattern_cos,time/floor,median,67.07666778564453,31.320253785584494,336.14634973564034
laptop base__obj__L,centroid,time/take,mean,0.060105500874344166,0.030447789663829883,0.11480291940950366
laptop base__obj__L,centroid,time/take,median,0.025997408683656482,0.015169707704317003,0.09415553393239279
laptop base__obj__L,centroid,action/take,mean,0.9348551448046433,0.8155161658370891,1.1563873107660536
laptop base__obj__L,centroid,action/take,median,0.8742003205986492,0.4552524870256712,1.6332545318595024
laptop base__obj__L,centroid,subject/take,mean,1.006504938740811,0.9205962344074403,1.0975940597717178
laptop base__obj__L,centroid,subject/take,median,1.000450113845904,0.7095256088862923,1.1968684993739065
laptop base__obj__L,centroid,time/floor,mean,10.898909672422931,4.694454969955199,23.635660048344263
laptop base__obj__L,centroid,time/floor,median,8.801811553378975,5.6738459961462535,19.746440342827572
laptop base__obj__R,raw,time/take,mean,0.24482595920562744,0.12928047502859127,0.4523023905421031
laptop base__obj__R,raw,time/take,median,0.1411694586277008,0.05999715668262016,0.29971242954048083
laptop base__obj__R,raw,action/take,mean,0.9242584109306335,0.801198500049908,1.1353571961729338
laptop base__obj__R,raw,action/take,median,0.8720473647117615,0.6868125500902076,1.1431971428403072
laptop base__obj__R,raw,subject/take,mean,1.0808820724487305,1.0214521501087912,1.1618563244905862
laptop base__obj__R,raw,subject/take,median,1.119057059288025,1.0023792715005009,1.330921731799281
laptop base__obj__R,raw,time/floor,mean,6.88035249710083,4.825489938184417,10.893761049511058
laptop base__obj__R,raw,time/floor,median,9.466606140136719,4.3880628307114335,18.231401491464105
laptop base__obj__R,raw_L1,time/take,mean,0.2034187763929367,0.09085497063513799,0.4223370712688511
laptop base__obj__R,raw_L1,time/take,median,0.11037734150886536,0.03226763858993622,0.2507789551940483
laptop base__obj__R,raw_L1,action/take,mean,0.869378924369812,0.6960589815411897,1.206705479044014
laptop base__obj__R,raw_L1,action/take,median,0.7413859963417053,0.47056174478634216,1.2750969333757967
laptop base__obj__R,raw_L1,subject/take,mean,1.1053855419158936,1.0221490855691218,1.2158638368637973
laptop base__obj__R,raw_L1,subject/take,median,1.2370939254760742,0.9970416059685353,1.7534003872389636
laptop base__obj__R,raw_L1,time/floor,mean,7.912065029144287,4.87864107371244,12.61576997734982
laptop base__obj__R,raw_L1,time/floor,median,11.619388580322266,4.592322734781491,23.82849738274621
laptop base__obj__R,mass_abs,time/take,mean,0.25905540585517883,0.09748706443968982,0.6071316777128699
laptop base__obj__R,mass_abs,time/take,median,0.10666608810424805,0.030059084198984242,0.33034467041377275
laptop base__obj__R,mass_abs,action/take,mean,0.9600743055343628,0.7435419303754973,1.3001379508049955
laptop base__obj__R,mass_abs,action/take,median,0.9086802005767822,0.5044345569431358,1.4002096851563233
laptop base__obj__R,mass_abs,subject/take,mean,1.0628257989883423,0.9403037604040844,1.18118797518895
laptop base__obj__R,mass_abs,subject/take,median,1.1206555366516113,0.8817885910335064,1.4230998714433105
laptop base__obj__R,mass_abs,time/floor,mean,6.106751441955566,3.253019728433179,12.861000806174124
laptop base__obj__R,mass_abs,time/floor,median,7.372406959533691,2.4823852776038304,21.676446839640512
laptop base__obj__R,mass_log,time/take,mean,0.28010043501853943,0.10652296506734987,0.6256719213218331
laptop base__obj__R,mass_log,time/take,median,0.10902287065982819,0.036212750705142904,0.31721460002585616
laptop base__obj__R,mass_log,action/take,mean,0.9999036192893982,0.7685241243200497,1.420008960778167
laptop base__obj__R,mass_log,action/take,median,1.0005096197128296,0.6605966441426502,1.6951914416694962
laptop base__obj__R,mass_log,subject/take,mean,1.0251915454864502,0.9327981564152995,1.1092255759436132
laptop base__obj__R,mass_log,subject/take,median,0.9853904247283936,0.8247698291567034,1.2135071132270494
laptop base__obj__R,mass_log,time/floor,mean,7.14800500869751,3.884955818622132,12.560482524468986
laptop base__obj__R,mass_log,time/floor,median,7.367903232574463,2.750076202560831,16.48525848521475
laptop base__obj__R,pattern_L2,time/take,mean,0.21289286017417908,0.10531731913185886,0.4337764545099133
laptop base__obj__R,pattern_L2,time/take,median,0.12547990679740906,0.04807000097492338,0.26688016942091763
laptop base__obj__R,pattern_L2,action/take,mean,1.0056085586547852,0.856119396439299,1.1953574046654092
laptop base__obj__R,pattern_L2,action/take,median,1.0013571977615356,0.7975635861307788,1.2594238694689082
laptop base__obj__R,pattern_L2,subject/take,mean,1.0365883111953735,0.9767497579019954,1.1105436836476694
laptop base__obj__R,pattern_L2,subject/take,median,1.0182121992111206,0.9632850397853935,1.1275583592023486
laptop base__obj__R,pattern_L2,time/floor,mean,8.049339294433594,5.4470498732552874,12.484404323608745
laptop base__obj__R,pattern_L2,time/floor,median,11.254194259643555,4.500895409009867,18.74736536337844
laptop base__obj__R,pattern_L1,time/take,mean,0.18887919187545776,0.08648989130478002,0.41484523941417767
laptop base__obj__R,pattern_L1,time/take,median,0.08794021606445312,0.032042617859906336,0.21502795015105447
laptop base__obj__R,pattern_L1,action/take,mean,0.930257260799408,0.8175465637293621,1.0430402640090983
laptop base__obj__R,pattern_L1,action/take,median,0.9055941700935364,0.6478722490002522,1.1627258712678907
laptop base__obj__R,pattern_L1,subject/take,mean,1.0711660385131836,1.0095009914233695,1.1583751669271838
laptop base__obj__R,pattern_L1,subject/take,median,1.1319047212600708,0.9589679689364656,1.3869674327754602
laptop base__obj__R,pattern_L1,time/floor,mean,9.267982482910156,5.9524791739856004,13.227857906665319
laptop base__obj__R,pattern_L1,time/floor,median,11.087616920471191,4.601257000136836,19.83076813780166
laptop base__obj__R,pattern_cos,time/take,mean,0.10836473107337952,0.021972159983146437,0.3561513586970085
laptop base__obj__R,pattern_cos,time/take,median,0.012336310930550098,0.0019955989205514245,0.0627329233249206
laptop base__obj__R,pattern_cos,action/take,mean,0.9072981476783752,0.7613350474285787,1.0586856169020822
laptop base__obj__R,pattern_cos,action/take,median,0.8170552253723145,0.5079859495890892,1.2177428547428055
laptop base__obj__R,pattern_cos,subject/take,mean,1.0850051641464233,1.0015830066056488,1.1860607936832779
laptop base__obj__R,pattern_cos,subject/take,median,1.153086543083191,0.9542165815801976,1.5173632764480165
laptop base__obj__R,pattern_cos,time/floor,mean,49.12819290161133,18.103058243942158,87.7349984367506
laptop base__obj__R,pattern_cos,time/floor,median,134.1239013671875,25.95962715904147,372.82316745055545
laptop base__obj__R,centroid,time/take,mean,0.14057426676953622,0.03642107407500599,0.44763282815481126
laptop base__obj__R,centroid,time/take,median,0.05410186957697208,0.011309480340265106,0.13393160460912434
laptop base__obj__R,centroid,action/take,mean,0.8281011520343298,0.7138497106342717,1.0008810392156917
laptop base__obj__R,centroid,action/take,median,0.7893935519932147,0.40673556253661525,1.2281258273955227
laptop base__obj__R,centroid,subject/take,mean,1.0974123901143402,1.007771393722893,1.2308956064483951
laptop base__obj__R,centroid,subject/take,median,1.1840526696586748,0.9453805540723181,2.103782101357482
laptop base__obj__R,centroid,time/floor,mean,16.061252222631833,6.3060084783711625,27.22398461253712
laptop base__obj__R,centroid,time/floor,median,15.518098505450498,3.9161519297324094,28.3554325770288
laptop lid__obj__L,raw,time/take,mean,0.22125329077243805,0.10120527288628117,0.4812932580041386
laptop lid__obj__L,raw,time/take,median,0.15155568718910217,0.04229509285298624,0.46659615929085535
laptop lid__obj__L,raw,action/take,mean,1.1071996688842773,0.8254739949491088,1.8650863681499257
laptop lid__obj__L,raw,action/take,median,1.3427444696426392,0.691596608576621,3.145785438740175
laptop lid__obj__L,raw,subject/take,mean,1.019105076789856,0.7798523390137395,1.327345529314794
laptop lid__obj__L,raw,subject/take,median,1.0037689208984375,0.5475752529588619,2.1335936796329533
laptop lid__obj__L,raw,time/floor,mean,7.051033020019531,4.369210326909162,10.899453879860259
laptop lid__obj__L,raw,time/floor,median,7.133228302001953,3.7740089100254592,14.899207032659033
laptop lid__obj__L,raw_L1,time/take,mean,0.15054552257061005,0.0681423826805805,0.44000578473448937
laptop lid__obj__L,raw_L1,time/take,median,0.14463241398334503,0.028295809218615266,0.42457319639840035
laptop lid__obj__L,raw_L1,action/take,mean,1.0420658588409424,0.7322884320673932,2.256844186529435
laptop lid__obj__L,raw_L1,action/take,median,1.5547839403152466,0.4961501521698559,3.958216041267604
laptop lid__obj__L,raw_L1,subject/take,mean,1.0003652572631836,0.6765354591705148,1.3464484597084374
laptop lid__obj__L,raw_L1,subject/take,median,0.9950794577598572,0.3613676547968273,3.61709259900282
laptop lid__obj__L,raw_L1,time/floor,mean,7.285041809082031,4.310144199613451,11.840392074219489
laptop lid__obj__L,raw_L1,time/floor,median,6.9222187995910645,4.085380609145435,14.577435130683023
laptop lid__obj__L,mass_abs,time/take,mean,0.20299282670021057,0.06134637083174657,0.6973629376308333
laptop lid__obj__L,mass_abs,time/take,median,0.081175796687603,0.021404356842612073,0.6611929093266624
laptop lid__obj__L,mass_abs,action/take,mean,1.5416678190231323,0.9833534240205989,3.232607871706511
laptop lid__obj__L,mass_abs,action/take,median,1.917966365814209,0.7587097691098729,15.85044675549972
laptop lid__obj__L,mass_abs,subject/take,mean,1.1419498920440674,0.8291719148766155,1.5986932712539332
laptop lid__obj__L,mass_abs,subject/take,median,1.0830514430999756,0.4568555078133476,3.8165305474617117
laptop lid__obj__L,mass_abs,time/floor,mean,7.560557842254639,3.3789862553825833,13.260918199798054
laptop lid__obj__L,mass_abs,time/floor,median,4.439858913421631,2.117546778269552,19.83655163656628
laptop lid__obj__L,mass_log,time/take,mean,0.33338597416877747,0.10077911080793583,0.8980424607512996
laptop lid__obj__L,mass_log,time/take,median,0.13356801867485046,0.032903118387753415,0.590610914233627
laptop lid__obj__L,mass_log,action/take,mean,1.6962873935699463,1.0857208371250207,2.814377949086651
laptop lid__obj__L,mass_log,action/take,median,1.9296187162399292,0.875435376836975,7.028047915929266
laptop lid__obj__L,mass_log,subject/take,mean,1.2232086658477783,0.9702073038871504,1.70925711413276
laptop lid__obj__L,mass_log,subject/take,median,1.3181838989257812,0.8338845876436547,2.6153838524291424
laptop lid__obj__L,mass_log,time/floor,mean,7.522327899932861,4.1445722371695455,11.914327944101382
laptop lid__obj__L,mass_log,time/floor,median,6.157757759094238,2.086486750132822,16.147775730455383
laptop lid__obj__L,pattern_L2,time/take,mean,0.2949935495853424,0.1374854425693886,0.4985418295237741
laptop lid__obj__L,pattern_L2,time/take,median,0.22138333320617676,0.04148784567977371,0.49891614149964586
laptop lid__obj__L,pattern_L2,action/take,mean,1.2978041172027588,1.0137858591607467,1.6971007089755605
laptop lid__obj__L,pattern_L2,action/take,median,1.2481526136398315,0.9901699961523025,1.7002429440315836
laptop lid__obj__L,pattern_L2,subject/take,mean,1.139993667602539,0.9668826796152342,1.497429972387578
laptop lid__obj__L,pattern_L2,subject/take,median,1.1172428131103516,0.961617461436392,1.3961436150438038
laptop lid__obj__L,pattern_L2,time/floor,mean,7.272303581237793,3.7418664259521592,10.85384304227493
laptop lid__obj__L,pattern_L2,time/floor,median,11.564924240112305,3.831591024841806,19.720123387358576
laptop lid__obj__L,pattern_L1,time/take,mean,0.2335582673549652,0.10230431995319059,0.4598180569302486
laptop lid__obj__L,pattern_L1,time/take,median,0.15241776406764984,0.03979195858772492,0.4442630259244517
laptop lid__obj__L,pattern_L1,action/take,mean,1.1981698274612427,0.9175809733305783,1.7529730609889225
laptop lid__obj__L,pattern_L1,action/take,median,1.1573361158370972,0.8665202418705673,2.255631810584494
laptop lid__obj__L,pattern_L1,subject/take,mean,1.1066375970840454,0.9330138306611454,1.4357546684326727
laptop lid__obj__L,pattern_L1,subject/take,median,1.1491247415542603,0.7997345092121873,1.69945012835998
laptop lid__obj__L,pattern_L1,time/floor,mean,7.558745861053467,3.7304161447926214,12.277341482154831
laptop lid__obj__L,pattern_L1,time/floor,median,11.265636444091797,4.5467360531080265,19.808207364174436
laptop lid__obj__L,pattern_cos,time/take,mean,0.10221578925848007,0.02563695392254565,0.2690033949377295
laptop lid__obj__L,pattern_cos,time/take,median,0.02524937130510807,0.0026717161432084258,0.22081921396378193
laptop lid__obj__L,pattern_cos,action/take,mean,1.2125860452651978,0.8546338817762561,2.129477244001498
laptop lid__obj__L,pattern_cos,action/take,median,1.1524708271026611,0.7334766584731288,4.085133708284558
laptop lid__obj__L,pattern_cos,subject/take,mean,1.1294111013412476,0.9072012071372697,1.5723074980356289
laptop lid__obj__L,pattern_cos,subject/take,median,1.2074525356292725,0.6455544137944146,2.4460289641630726
laptop lid__obj__L,pattern_cos,time/floor,mean,36.6469841003418,11.653769829282641,90.28477128028928
laptop lid__obj__L,pattern_cos,time/floor,median,97.5782241821289,18.90780636023228,339.97894789962373
laptop lid__obj__L,centroid,time/take,mean,0.12978173908021165,0.056120384826992956,0.2865151112189559
laptop lid__obj__L,centroid,time/take,median,0.0814056237953066,0.028132910617180283,0.27733097442267
laptop lid__obj__L,centroid,action/take,mean,1.1129635315438313,0.7876252836948704,1.9202690154225617
laptop lid__obj__L,centroid,action/take,median,1.128789650400163,0.6921169832688192,2.7729889915508408
laptop lid__obj__L,centroid,subject/take,mean,1.1182190899909576,0.9012557145739797,1.4734979470459948
laptop lid__obj__L,centroid,subject/take,median,1.061541667991144,0.6463752281302443,2.209547642254143
laptop lid__obj__L,centroid,time/floor,mean,8.36160766276388,3.4383594681864413,15.473859985686996
laptop lid__obj__L,centroid,time/floor,median,11.27000695973186,5.49665551092268,28.044858453889606
laptop lid__obj__R,raw,time/take,mean,0.3038036823272705,0.18435156094504862,0.5527968793563338
laptop lid__obj__R,raw,time/take,median,0.25327929854393005,0.1351365986974886,0.6381753821855727
laptop lid__obj__R,raw,action/take,mean,1.089673638343811,0.8865740902391368,1.6887816273056533
laptop lid__obj__R,raw,action/take,median,1.1428111791610718,0.7967627051101597,2.6836394758087354
laptop lid__obj__R,raw,subject/take,mean,1.090497374534607,1.0045276167534463,1.205447616398304
laptop lid__obj__R,raw,subject/take,median,1.1250489950180054,0.9866497980513413,1.7373748599840793
laptop lid__obj__R,raw,time/floor,mean,8.48830795288086,5.85315697717396,11.449387933780075
laptop lid__obj__R,raw,time/floor,median,10.76921558380127,7.564287706631958,14.432610806781305
laptop lid__obj__R,raw_L1,time/take,mean,0.24092476069927216,0.1322011484246871,0.5313948699656721
laptop lid__obj__R,raw_L1,time/take,median,0.2211909294128418,0.10478191755161316,0.6736741825693798
laptop lid__obj__R,raw_L1,action/take,mean,0.9613075852394104,0.7507124574668602,1.7288952001530982
laptop lid__obj__R,raw_L1,action/take,median,1.1352444887161255,0.6403733809485985,3.2355016322826464
laptop lid__obj__R,raw_L1,subject/take,mean,1.1045658588409424,0.9958934469044619,1.2507632645596733
laptop lid__obj__R,raw_L1,subject/take,median,1.2263052463531494,0.9858078462030333,2.1342617912267166
laptop lid__obj__R,raw_L1,time/floor,mean,9.328104972839355,5.621712845315669,13.905781102920258
laptop lid__obj__R,raw_L1,time/floor,median,12.548372268676758,9.243915604912798,15.251721555921257
laptop lid__obj__R,mass_abs,time/take,mean,0.27079978585243225,0.11758570830620439,0.6921148970452998
laptop lid__obj__R,mass_abs,time/take,median,0.23388537764549255,0.0716805059627559,0.6972398739791982
laptop lid__obj__R,mass_abs,action/take,mean,1.0946927070617676,0.7953634713425075,2.127423837548238
laptop lid__obj__R,mass_abs,action/take,median,1.365173578262329,0.5463965615386682,4.226104798718354
laptop lid__obj__R,mass_abs,subject/take,mean,1.0340312719345093,0.8578783554439189,1.1909712370502223
laptop lid__obj__R,mass_abs,subject/take,median,1.161171793937683,0.8111769342150232,1.5181254340017045
laptop lid__obj__R,mass_abs,time/floor,mean,7.103772163391113,4.06667292010344,10.84624790333612
laptop lid__obj__R,mass_abs,time/floor,median,6.354849338531494,3.6957507732339563,9.57258458532518
laptop lid__obj__R,mass_log,time/take,mean,0.3615177869796753,0.18215906302984647,0.8044736251163409
laptop lid__obj__R,mass_log,time/take,median,0.29266008734703064,0.10529154685056741,0.6990977992983273
laptop lid__obj__R,mass_log,action/take,mean,1.2410966157913208,0.8805266285389068,2.1968617482577195
laptop lid__obj__R,mass_log,action/take,median,1.567000389099121,0.7875836768166125,3.6166251933701603
laptop lid__obj__R,mass_log,subject/take,mean,1.0122737884521484,0.8932536375730726,1.1581087991631431
laptop lid__obj__R,mass_log,subject/take,median,1.0540838241577148,0.8204514743025609,1.3611406223019749
laptop lid__obj__R,mass_log,time/floor,mean,7.7669525146484375,4.810628108501573,12.230365969906817
laptop lid__obj__R,mass_log,time/floor,median,6.967714786529541,3.8164393821837357,10.677572860262972
laptop lid__obj__R,pattern_L2,time/take,mean,0.37896835803985596,0.23873930657454256,0.616167516029515
laptop lid__obj__R,pattern_L2,time/take,median,0.3375740051269531,0.1680946613721157,0.6552348217360132
laptop lid__obj__R,pattern_L2,action/take,mean,1.3739581108093262,1.1618724847480524,1.9056532468411815
laptop lid__obj__R,pattern_L2,action/take,median,1.4264260530471802,1.107958021994835,2.4529401465111684
laptop lid__obj__R,pattern_L2,subject/take,mean,1.0847089290618896,1.010849886882737,1.1979773116799994
laptop lid__obj__R,pattern_L2,subject/take,median,1.1124438047409058,0.9950044916355992,1.5452323005350235
laptop lid__obj__R,pattern_L2,time/floor,mean,9.690229415893555,7.165335702512591,12.535419348707007
laptop lid__obj__R,pattern_L2,time/floor,median,12.270903587341309,8.086728225469571,16.60447855975346
laptop lid__obj__R,pattern_L1,time/take,mean,0.3119153082370758,0.17955487212732354,0.5761544776419961
laptop lid__obj__R,pattern_L1,time/take,median,0.28350991010665894,0.1150535272255939,0.6661427539322785
laptop lid__obj__R,pattern_L1,action/take,mean,1.2542529106140137,1.0062334488495144,1.9101492457871427
laptop lid__obj__R,pattern_L1,action/take,median,1.3912824392318726,0.8973924554370819,2.945051509290828
laptop lid__obj__R,pattern_L1,subject/take,mean,1.1059703826904297,1.0115043874526446,1.2525160212880062
laptop lid__obj__R,pattern_L1,subject/take,median,1.2083730697631836,0.993946161696947,2.003533288445402
laptop lid__obj__R,pattern_L1,time/floor,mean,10.446440696716309,6.986945424219404,14.896133724386972
laptop lid__obj__R,pattern_L1,time/floor,median,13.040806770324707,9.082773153025524,18.369700857971623
laptop lid__obj__R,pattern_cos,time/take,mean,0.1568758636713028,0.05835711960725152,0.44031299018045517
laptop lid__obj__R,pattern_cos,time/take,median,0.09375590831041336,0.018547552822682674,0.38654697745328037
laptop lid__obj__R,pattern_cos,action/take,mean,1.3476442098617554,1.0191741578789524,2.4403007571183895
laptop lid__obj__R,pattern_cos,action/take,median,1.928719401359558,0.8830571967253991,6.534613810667181
laptop lid__obj__R,pattern_cos,subject/take,mean,1.132435917854309,1.0124572172717237,1.307877385623556
laptop lid__obj__R,pattern_cos,subject/take,median,1.5489500761032104,0.9784709347369406,2.947165040824113
laptop lid__obj__R,pattern_cos,time/floor,mean,44.73617935180664,13.566186364539078,114.42578706679004
laptop lid__obj__R,pattern_cos,time/floor,median,149.7437744140625,73.29689747817763,251.53578336839627
laptop lid__obj__R,centroid,time/take,mean,0.18250563335391687,0.07031397587816723,0.5192470790521538
laptop lid__obj__R,centroid,time/take,median,0.1334736336587442,0.05132226223438624,0.4275673404780742
laptop lid__obj__R,centroid,action/take,mean,1.0975199721874889,0.8411994383054052,2.072350942531034
laptop lid__obj__R,centroid,action/take,median,1.5338093068786816,0.756570317085768,3.6681920669860824
laptop lid__obj__R,centroid,subject/take,mean,1.1230129622701797,0.9973541994582134,1.325970090864861
laptop lid__obj__R,centroid,subject/take,median,1.2620003274505573,0.993310582593474,2.9261408522014993
laptop lid__obj__R,centroid,time/floor,mean,13.279623426408248,5.926421689614316,28.301326479066606
laptop lid__obj__R,centroid,time/floor,median,11.472744067097336,7.986424935336967,17.6509905179883
lid__obj__L,raw,time/take,mean,0.29237785935401917,0.22113558893714522,0.39056142015981365
lid__obj__L,raw,time/take,median,0.22324416041374207,0.15389147481472337,0.28623061090093566
lid__obj__L,raw,action/take,mean,1.0066454410552979,0.9504928830981356,1.075298497598525
lid__obj__L,raw,action/take,median,0.9978877305984497,0.8806430285079283,1.0737298060980305
lid__obj__L,raw,subject/take,mean,1.0448359251022339,1.0005384738818517,1.0986541033364565
lid__obj__L,raw,subject/take,median,1.0220171213150024,0.9856960130588255,1.1128374079989114
lid__obj__L,raw,time/floor,mean,7.192984580993652,4.822143796435013,10.27953117314526
lid__obj__L,raw,time/floor,median,10.003091812133789,6.97313564534767,13.107495147591655
lid__obj__L,raw_L1,time/take,mean,0.22773143649101257,0.16633541657829834,0.31657614111560767
lid__obj__L,raw_L1,time/take,median,0.16422615945339203,0.10677173983599278,0.2234711662416508
lid__obj__L,raw_L1,action/take,mean,0.9963889718055725,0.9271456469437794,1.075994728037154
lid__obj__L,raw_L1,action/take,median,0.9869220852851868,0.812336305142428,1.0784544023903735
lid__obj__L,raw_L1,subject/take,mean,1.0563303232192993,0.9996295639208278,1.1216973184803434
lid__obj__L,raw_L1,subject/take,median,1.0451844930648804,0.9802132777864763,1.1910721866323375
lid__obj__L,raw_L1,time/floor,mean,7.536336421966553,4.5735385084469895,11.308103605712283
lid__obj__L,raw_L1,time/floor,median,10.183252334594727,6.859083931933288,13.750608524172009
lid__obj__L,mass_abs,time/take,mean,0.5754397511482239,0.40017931032776854,0.8134810996336674
lid__obj__L,mass_abs,time/take,median,0.41339004039764404,0.288858378763006,0.628832937923767
lid__obj__L,mass_abs,action/take,mean,1.0553234815597534,0.923077453230474,1.20844000050271
lid__obj__L,mass_abs,action/take,median,1.0422059297561646,0.8866786806151656,1.2327620338128147
lid__obj__L,mass_abs,subject/take,mean,1.008520245552063,0.9438556292753013,1.0832932777506608
lid__obj__L,mass_abs,subject/take,median,0.9973246455192566,0.8919242611199673,1.121343411802421
lid__obj__L,mass_abs,time/floor,mean,5.6478800773620605,3.176531069751912,8.982438692672112
lid__obj__L,mass_abs,time/floor,median,7.481167793273926,5.322291101163766,12.435998149560312
lid__obj__L,mass_log,time/take,mean,0.5584642291069031,0.39426271413853403,0.7646922898304158
lid__obj__L,mass_log,time/take,median,0.42016810178756714,0.28676983817994867,0.6665628013103164
lid__obj__L,mass_log,action/take,mean,1.0471307039260864,0.9180476879108648,1.198464847637159
lid__obj__L,mass_log,action/take,median,1.0067479610443115,0.8680832986544295,1.2047162900253057
lid__obj__L,mass_log,subject/take,mean,1.0092384815216064,0.9368625090024761,1.0961852307173041
lid__obj__L,mass_log,subject/take,median,0.9840154051780701,0.8957746542980191,1.1338519161371614
lid__obj__L,mass_log,time/floor,mean,5.851747035980225,3.7875593450203433,8.708200967689677
lid__obj__L,mass_log,time/floor,median,7.835290908813477,5.5942092128630705,12.578567688864382
lid__obj__L,pattern_L2,time/take,mean,0.2658301591873169,0.20202025699839393,0.3621185526387033
lid__obj__L,pattern_L2,time/take,median,0.1699896603822708,0.12621340137654052,0.24713888342668258
lid__obj__L,pattern_L2,action/take,mean,0.9831361770629883,0.9317071568987987,1.058335576812983
lid__obj__L,pattern_L2,action/take,median,0.9807168245315552,0.8985216455714755,1.0502610650486601
lid__obj__L,pattern_L2,subject/take,mean,1.048508644104004,1.0031767562126688,1.1004980359787118
lid__obj__L,pattern_L2,subject/take,median,1.0196813344955444,0.9897710571554599,1.0921921753830217
lid__obj__L,pattern_L2,time/floor,mean,7.945065975189209,5.493163588000986,11.14531342688967
lid__obj__L,pattern_L2,time/floor,median,9.261087417602539,7.02559340590401,13.406103926450697
lid__obj__L,pattern_L1,time/take,mean,0.21015751361846924,0.1521556159580701,0.2950593300700798
lid__obj__L,pattern_L1,time/take,median,0.11699097603559494,0.0827248960649435,0.18713064428140633
lid__obj__L,pattern_L1,action/take,mean,0.9753377437591553,0.9149150657917912,1.0557861838487548
lid__obj__L,pattern_L1,action/take,median,0.9268431067466736,0.7116609821572816,1.0549191579047401
lid__obj__L,pattern_L1,subject/take,mean,1.0590219497680664,1.00550434034538,1.1206731452562804
lid__obj__L,pattern_L1,subject/take,median,1.027583360671997,0.9986689217269713,1.2427375020474922
lid__obj__L,pattern_L1,time/floor,mean,8.36267375946045,5.570937957380206,12.186848445513878
lid__obj__L,pattern_L1,time/floor,median,9.733809471130371,7.002118196895312,14.07588870895305
lid__obj__L,pattern_cos,time/take,mean,0.09687565267086029,0.05104903403536209,0.1969621058711249
lid__obj__L,pattern_cos,time/take,median,0.026295466348528862,0.013514793326436457,0.052924842781559046
lid__obj__L,pattern_cos,action/take,mean,0.9691789150238037,0.8934828452462443,1.072181562666887
lid__obj__L,pattern_cos,action/take,median,0.9399668574333191,0.625364483414574,1.0659722390366766
lid__obj__L,pattern_cos,subject/take,mean,1.0704991817474365,1.0051455542117973,1.1482224466354587
lid__obj__L,pattern_cos,subject/take,median,1.0134880542755127,0.9998929511801143,1.2859518563869559
lid__obj__L,pattern_cos,time/floor,mean,40.124088287353516,13.900827302257444,103.58158614458546
lid__obj__L,pattern_cos,time/floor,median,97.934326171875,49.50406446023219,183.21238368205988
lid__obj__L,centroid,time/take,mean,0.09077494764290858,0.058511407398161436,0.14821831092432317
lid__obj__L,centroid,time/take,median,0.04871263922323366,0.03236527314953341,0.11316671462050124
lid__obj__L,centroid,action/take,mean,0.9177355622866203,0.8533899117849988,1.0340673342688076
lid__obj__L,centroid,action/take,median,0.7288187742970497,0.5181061093853425,1.0777973212920835
lid__obj__L,centroid,subject/take,mean,1.0708280177496503,0.9941249210088279,1.1605208810982273
lid__obj__L,centroid,subject/take,median,1.1449602024825019,0.9913085175077263,1.7421281291915216
lid__obj__L,centroid,time/floor,mean,10.523785886716528,6.5120990434825785,16.915520702190488
lid__obj__L,centroid,time/floor,median,10.492447662727187,7.510262395260055,15.979748197512443
lid__obj__R,raw,time/take,mean,0.3027782440185547,0.24335252055329037,0.4013897841827205
lid__obj__R,raw,time/take,median,0.22189874947071075,0.17737166885616307,0.2930646241088759
lid__obj__R,raw,action/take,mean,0.980079710483551,0.9360647180320466,1.0274067293698368
lid__obj__R,raw,action/take,median,0.981786847114563,0.9450795505508879,1.0227288195505155
lid__obj__R,raw,subject/take,mean,1.0274631977081299,0.9887534144296445,1.0740815809174848
lid__obj__R,raw,subject/take,median,1.011008381843567,0.985342759984385,1.0454272247567238
lid__obj__R,raw,time/floor,mean,7.571032524108887,5.931100054839718,10.546701713633917
lid__obj__R,raw,time/floor,median,10.787736892700195,7.878209576933538,14.000753830039873
lid__obj__R,raw_L1,time/take,mean,0.23368440568447113,0.17828767950438823,0.33253214967855704
lid__obj__R,raw_L1,time/take,median,0.15935562551021576,0.12159169454562334,0.20848847175336868
lid__obj__R,raw_L1,action/take,mean,0.9705640077590942,0.9164943828627438,1.02913295901374
lid__obj__R,raw_L1,action/take,median,0.9803508520126343,0.9151258828865121,1.0399028315163013
lid__obj__R,raw_L1,subject/take,mean,1.0320544242858887,0.9865644533141663,1.087170874126642
lid__obj__R,raw_L1,subject/take,median,1.018524408340454,0.9757329635306299,1.075968901935088
lid__obj__R,raw_L1,time/floor,mean,8.311214447021484,6.213665591701765,12.735523185267649
lid__obj__R,raw_L1,time/floor,median,11.923135757446289,8.417780090954027,15.417960351846876
lid__obj__R,mass_abs,time/take,mean,0.8259974122047424,0.5953782526837877,1.2075332217439196
lid__obj__R,mass_abs,time/take,median,0.6443499326705933,0.42544156452131016,1.0977776429610449
lid__obj__R,mass_abs,action/take,mean,1.0241527557373047,0.9341646639638097,1.1370484491832493
lid__obj__R,mass_abs,action/take,median,1.0338380336761475,0.9014182932469069,1.2175458869005122
lid__obj__R,mass_abs,subject/take,mean,1.0086418390274048,0.9415891533182495,1.0956442416119374
lid__obj__R,mass_abs,subject/take,median,0.9938520789146423,0.9037567383224623,1.1214611440898352
lid__obj__R,mass_abs,time/floor,mean,8.673619270324707,5.671448916914159,15.211282675601927
lid__obj__R,mass_abs,time/floor,median,11.77469539642334,8.072717896820983,20.45154679599638
lid__obj__R,mass_log,time/take,mean,0.794183075428009,0.5738475378434404,1.1456709315919344
lid__obj__R,mass_log,time/take,median,0.6831203103065491,0.44695197182560026,1.015483242787463
lid__obj__R,mass_log,action/take,mean,1.024654507637024,0.9401690374966957,1.1354527793244473
lid__obj__R,mass_log,action/take,median,1.0519109964370728,0.921216701157848,1.2459608549119834
lid__obj__R,mass_log,subject/take,mean,1.0053198337554932,0.9367501196089858,1.0918901243064862
lid__obj__R,mass_log,subject/take,median,1.025024652481079,0.927515458444327,1.148156935319295
lid__obj__R,mass_log,time/floor,mean,7.931532382965088,5.1828889774968685,13.310681509226203
lid__obj__R,mass_log,time/floor,median,11.991622924804688,7.989192683892181,18.860415438100404
lid__obj__R,pattern_L2,time/take,mean,0.2672671973705292,0.21338894355607815,0.3508855388325849
lid__obj__R,pattern_L2,time/take,median,0.19511139392852783,0.16017110665479473,0.24552965924287015
lid__obj__R,pattern_L2,action/take,mean,0.9845609068870544,0.9419513231525319,1.0317018529971325
lid__obj__R,pattern_L2,action/take,median,0.9876618981361389,0.9590462624728844,1.0191046885247697
lid__obj__R,pattern_L2,subject/take,mean,1.03912353515625,1.0010160204426783,1.087711781618078
lid__obj__R,pattern_L2,subject/take,median,1.0152204036712646,0.9978764851086304,1.051268365678762
lid__obj__R,pattern_L2,time/floor,mean,7.622326850891113,5.834688089532739,10.212974082809078
lid__obj__R,pattern_L2,time/floor,median,10.995135307312012,7.974017948196879,14.661835230696981
lid__obj__R,pattern_L1,time/take,mean,0.20771072804927826,0.16064467736540325,0.28571143192962223
lid__obj__R,pattern_L1,time/take,median,0.13169749081134796,0.10577968459916041,0.1705600947859461
lid__obj__R,pattern_L1,action/take,mean,0.9763035774230957,0.9279243807364548,1.0335284445713537
lid__obj__R,pattern_L1,action/take,median,0.9853952527046204,0.9086658931010244,1.0092247616044492
lid__obj__R,pattern_L1,subject/take,mean,1.0429046154022217,0.9963183361413344,1.1004583667608954
lid__obj__R,pattern_L1,subject/take,median,1.0082719326019287,0.9974420663646496,1.0312050908220811
lid__obj__R,pattern_L1,time/floor,mean,8.12976360321045,6.083206864393025,11.41449114988568
lid__obj__R,pattern_L1,time/floor,median,11.291577339172363,8.531838067420141,15.433995593905736
lid__obj__R,pattern_cos,time/take,mean,0.08887536823749542,0.052388853372602844,0.16138744932687038
lid__obj__R,pattern_cos,time/take,median,0.033188823610544205,0.022136071078887497,0.051679874673941736
lid__obj__R,pattern_cos,action/take,mean,0.971166729927063,0.913122658895688,1.042397298217924
lid__obj__R,pattern_cos,action/take,median,0.9934899210929871,0.9123328285074391,1.0038500405957231
lid__obj__R,pattern_cos,subject/take,mean,1.0507394075393677,0.9935858769302034,1.1218776932201304
lid__obj__R,pattern_cos,subject/take,median,1.002744197845459,0.9993236678526408,1.0169151195476211
lid__obj__R,pattern_cos,time/floor,mean,26.73876953125,10.415254682433131,68.82316786612671
lid__obj__R,pattern_cos,time/floor,median,126.24604034423828,67.91004777591641,229.13053070767796
lid__obj__R,centroid,time/take,mean,0.081692740850877,0.05478789074306002,0.1319647857865471
lid__obj__R,centroid,time/take,median,0.05206618241071932,0.03352183271438729,0.07355990552914758
lid__obj__R,centroid,action/take,mean,0.949883707376205,0.8923007741785212,1.0353083568376757
lid__obj__R,centroid,action/take,median,0.90140256311064,0.749142300264028,1.0636021220751724
lid__obj__R,centroid,subject/take,mean,1.0560386408542466,0.9887061697175652,1.1275702621910204
lid__obj__R,centroid,subject/take,median,1.0699856084099644,0.9619065719561763,1.2665972811503787
lid__obj__R,centroid,time/floor,mean,8.836566916003282,6.031804249701662,14.467452435993001
lid__obj__R,centroid,time/floor,median,13.124558623717641,8.938074432745733,18.08090010137528
microwave oven gate__obj__L,raw,time/take,mean,0.34335124492645264,0.21311134076944724,0.5403434131844093
microwave oven gate__obj__L,raw,time/take,median,0.2740921080112457,0.12227680156076579,0.8074343488427675
microwave oven gate__obj__L,raw,action/take,mean,1.212156891822815,0.944015706440418,1.8335717360800208
microwave oven gate__obj__L,raw,action/take,median,1.1660926342010498,0.9387308141766156,2.844329226746922
microwave oven gate__obj__L,raw,subject/take,mean,1.2505589723587036,1.0401175227259951,1.7155646422983468
microwave oven gate__obj__L,raw,subject/take,median,1.2149019241333008,1.0136002514120992,2.526092398354345
microwave oven gate__obj__L,raw,time/floor,mean,6.291218280792236,3.6019760110854264,10.084682640429154
microwave oven gate__obj__L,raw,time/floor,median,10.383700370788574,6.022523511171222,15.384235702389363
microwave oven gate__obj__L,raw_L1,time/take,mean,0.2858342230319977,0.17401189312749168,0.4593242588549082
microwave oven gate__obj__L,raw_L1,time/take,median,0.2431471347808838,0.09209485468542315,0.7613440247949206
microwave oven gate__obj__L,raw_L1,action/take,mean,1.243297815322876,0.9413623181599695,2.0632434300446976
microwave oven gate__obj__L,raw_L1,action/take,median,1.3212025165557861,0.9270846266553706,3.5502208355223983
microwave oven gate__obj__L,raw_L1,subject/take,mean,1.2793265581130981,1.0232646412364248,1.8460173345553246
microwave oven gate__obj__L,raw_L1,subject/take,median,1.3487865924835205,1.0171000862518327,3.168628449314714
microwave oven gate__obj__L,raw_L1,time/floor,mean,6.4679131507873535,3.5873004302258997,11.055064766377571
microwave oven gate__obj__L,raw_L1,time/floor,median,10.816905975341797,5.867242149101522,16.319487125063347
microwave oven gate__obj__L,mass_abs,time/take,mean,0.6769272089004517,0.3803212947329936,1.096147324751358
microwave oven gate__obj__L,mass_abs,time/take,median,0.7069153785705566,0.2944114478082507,1.2190016088683329
microwave oven gate__obj__L,mass_abs,action/take,mean,1.1640353202819824,0.85790845257685,1.6739536771245203
microwave oven gate__obj__L,mass_abs,action/take,median,1.1116374731063843,0.7366817042314907,1.8427078918566024
microwave oven gate__obj__L,mass_abs,subject/take,mean,1.0855624675750732,0.894974982487495,1.3281256605437597
microwave oven gate__obj__L,mass_abs,subject/take,median,1.1239789724349976,0.8718198070082994,1.4634263559602987
microwave oven gate__obj__L,mass_abs,time/floor,mean,5.8304243087768555,3.211942500998537,11.652484618748645
microwave oven gate__obj__L,mass_abs,time/floor,median,14.193982124328613,7.4044689664270615,27.952249302201714
microwave oven gate__obj__L,mass_log,time/take,mean,0.6859616637229919,0.3790019486380943,1.1205807904893323
microwave oven gate__obj__L,mass_log,time/take,median,0.6303654313087463,0.31988589815570284,1.249360424022906
microwave oven gate__obj__L,mass_log,action/take,mean,1.1846339702606201,0.84544390556753,1.716366236294384
microwave oven gate__obj__L,mass_log,action/take,median,1.0664026737213135,0.71058219691739,1.8496973438107727
microwave oven gate__obj__L,mass_log,subject/take,mean,1.0288307666778564,0.8145673959389756,1.1923569160984528
microwave oven gate__obj__L,mass_log,subject/take,median,1.0617773532867432,0.8110958667443279,1.2985869001380106
microwave oven gate__obj__L,mass_log,time/floor,mean,6.0782928466796875,3.155585531346571,12.229145807322283
microwave oven gate__obj__L,mass_log,time/floor,median,12.115710258483887,8.6697952287901,26.32261729005708
microwave oven gate__obj__L,pattern_L2,time/take,mean,0.2980217933654785,0.1616570438680223,0.48498819799458864
microwave oven gate__obj__L,pattern_L2,time/take,median,0.2094051092863083,0.08542036990888317,0.7014377811450946
microwave oven gate__obj__L,pattern_L2,action/take,mean,1.2989420890808105,0.943538715218903,2.054307660803775
microwave oven gate__obj__L,pattern_L2,action/take,median,1.1223111152648926,0.9829061032601942,3.261234726039237
microwave oven gate__obj__L,pattern_L2,subject/take,mean,1.2457377910614014,1.0462547942478113,1.6889185871904449
microwave oven gate__obj__L,pattern_L2,subject/take,median,1.0767122507095337,1.0113265153411173,2.5174171981904045
microwave oven gate__obj__L,pattern_L2,time/floor,mean,7.9781880378723145,4.3937402484032235,12.226231932400252
microwave oven gate__obj__L,pattern_L2,time/floor,median,10.141951560974121,5.586958881778306,15.751965237599995
microwave oven gate__obj__L,pattern_L1,time/take,mean,0.24842573702335358,0.13379400575715147,0.40983432984208396
microwave oven gate__obj__L,pattern_L1,time/take,median,0.16723300516605377,0.06380126189344223,0.726177426450916
microwave oven gate__obj__L,pattern_L1,action/take,mean,1.3294754028320312,0.9820082240506498,2.156074719428869
microwave oven gate__obj__L,pattern_L1,action/take,median,1.2176342010498047,1.0002466225172675,4.503492693288203
microwave oven gate__obj__L,pattern_L1,subject/take,mean,1.2846273183822632,1.0468114855562216,1.8610293235355853
microwave oven gate__obj__L,pattern_L1,subject/take,median,1.1965380907058716,1.0029802820369522,3.45807435702359
microwave oven gate__obj__L,pattern_L1,time/floor,mean,7.9759840965271,4.252418817795771,12.787904413097339
microwave oven gate__obj__L,pattern_L1,time/floor,median,9.858830451965332,5.451599463557629,15.693539553548502
microwave oven gate__obj__L,pattern_cos,time/take,mean,0.09819725155830383,0.03955941925808375,0.2043798980318094
microwave oven gate__obj__L,pattern_cos,time/take,median,0.03974474221467972,0.006755155911148522,0.5405948057600872
microwave oven gate__obj__L,pattern_cos,action/take,mean,1.4200937747955322,0.9850386389258137,2.7353704624704993
microwave oven gate__obj__L,pattern_cos,action/take,median,1.2239043712615967,1.0000647665796512,12.558503918232429
microwave oven gate__obj__L,pattern_cos,subject/take,mean,1.3687220811843872,1.0630602690698419,2.1479336149383634
microwave oven gate__obj__L,pattern_cos,subject/take,median,1.2096985578536987,1.002709856470048,8.182813161372122
microwave oven gate__obj__L,pattern_cos,time/floor,mean,24.351980209350586,6.170707838406716,129.9400928141244
microwave oven gate__obj__L,pattern_cos,time/floor,median,96.83567810058594,31.331263448988782,238.69934406152194
microwave oven gate__obj__L,centroid,time/take,mean,0.13114032142730023,0.06080920638999267,0.2420519190632421
microwave oven gate__obj__L,centroid,time/take,median,0.08537519033479464,0.023738630037776542,0.5799002164313952
microwave oven gate__obj__L,centroid,action/take,mean,1.6339780996973077,1.042302498948466,3.3356006203967294
microwave oven gate__obj__L,centroid,action/take,median,1.444713500333294,0.9753336423577842,8.20405301478786
microwave oven gate__obj__L,centroid,subject/take,mean,1.3755250254099771,1.0697965269983578,2.13873126674379
microwave oven gate__obj__L,centroid,subject/take,median,1.357489722425333,1.0138466415819685,5.495485317359706
microwave oven gate__obj__L,centroid,time/floor,mean,8.952488730480399,4.343972094162187,15.08921912214918
microwave oven gate__obj__L,centroid,time/floor,median,11.423071327766719,5.596524689814846,22.34925089149287
microwave oven gate__obj__R,raw,time/take,mean,0.8011465072631836,0.5160886028872577,1.10528406569605
microwave oven gate__obj__R,raw,time/take,median,0.9250518679618835,0.5301847459598575,1.2472472537749526
microwave oven gate__obj__R,raw,action/take,mean,1.8080123662948608,1.4185311010591592,2.563445360197521
microwave oven gate__obj__R,raw,action/take,median,2.1563127040863037,1.6098662917610513,2.8746011663496795
microwave oven gate__obj__R,raw,subject/take,mean,1.1105886697769165,0.9601104704683399,1.5252800736035022
microwave oven gate__obj__R,raw,subject/take,median,1.1340357065200806,0.9757964563394604,2.1133005385284664
microwave oven gate__obj__R,raw,time/floor,mean,7.47107458114624,5.300509440211647,10.423328817140048
microwave oven gate__obj__R,raw,time/floor,median,11.769213676452637,6.640877207277723,20.87060095740686
microwave oven gate__obj__R,raw_L1,time/take,mean,0.7835046052932739,0.4762625287831286,1.142635364630083
microwave oven gate__obj__R,raw_L1,time/take,median,0.8903234601020813,0.4720829867449393,1.3270879249858574
microwave oven gate__obj__R,raw_L1,action/take,mean,1.95416259765625,1.4634630560302988,3.03521916387063
microwave oven gate__obj__R,raw_L1,action/take,median,2.5113697052001953,1.7008517642856178,3.612830068520865
microwave oven gate__obj__R,raw_L1,subject/take,mean,1.1217095851898193,0.9508515545762914,1.6020983889607046
microwave oven gate__obj__R,raw_L1,subject/take,median,1.0781347751617432,0.9565005001934674,2.321507902084757
microwave oven gate__obj__R,raw_L1,time/floor,mean,8.419280052185059,5.6472408183076945,12.352924125464474
microwave oven gate__obj__R,raw_L1,time/floor,median,11.011833190917969,6.950160935897235,22.86171799776354
microwave oven gate__obj__R,mass_abs,time/take,mean,1.129062533378601,0.6173814785438344,1.8654211150810864
microwave oven gate__obj__R,mass_abs,time/take,median,1.2383003234863281,0.5423545201472955,2.5484409295402575
microwave oven gate__obj__R,mass_abs,action/take,mean,1.0854246616363525,0.8918464186251899,1.4919227021629466
microwave oven gate__obj__R,mass_abs,action/take,median,1.0807915925979614,0.8164459306377514,1.727278724401733
microwave oven gate__obj__R,mass_abs,subject/take,mean,0.9901642799377441,0.7928589480722017,1.179948714113177
microwave oven gate__obj__R,mass_abs,subject/take,median,1.0350655317306519,0.7554516930176813,1.3027651921882306
microwave oven gate__obj__R,mass_abs,time/floor,mean,7.137898921966553,4.32233195991377,11.941137511892867
microwave oven gate__obj__R,mass_abs,time/floor,median,12.481279373168945,6.1240582736444,27.417969386194265
microwave oven gate__obj__R,mass_log,time/take,mean,1.13115656375885,0.669626396984873,1.8982069451492172
microwave oven gate__obj__R,mass_log,time/take,median,1.3643708229064941,0.5557655649367745,2.633738115527226
microwave oven gate__obj__R,mass_log,action/take,mean,1.0916589498519897,0.8645032701923977,1.5944688270877145
microwave oven gate__obj__R,mass_log,action/take,median,1.0701943635940552,0.8142340548512456,1.7488508302327535
microwave oven gate__obj__R,mass_log,subject/take,mean,0.9690393209457397,0.6944054915015887,1.1576704507572722
microwave oven gate__obj__R,mass_log,subject/take,median,1.003994107246399,0.7333927509008391,1.2420661593815765
microwave oven gate__obj__R,mass_log,time/floor,mean,7.3647379875183105,4.712974398794718,12.070124024552602
microwave oven gate__obj__R,mass_log,time/floor,median,14.221331596374512,5.381036712166986,29.0773491080624
microwave oven gate__obj__R,pattern_L2,time/take,mean,0.8230918049812317,0.5141730632430628,1.1917915374770545
microwave oven gate__obj__R,pattern_L2,time/take,median,0.8895761966705322,0.5338970863424572,1.4565974361457532
microwave oven gate__obj__R,pattern_L2,action/take,mean,1.946485161781311,1.4866348463202828,2.8742443766924874
microwave oven gate__obj__R,pattern_L2,action/take,median,2.5051581859588623,1.959506523158509,3.531030872396884
microwave oven gate__obj__R,pattern_L2,subject/take,mean,1.1092854738235474,0.921036779101146,1.5495901505364091
microwave oven gate__obj__R,pattern_L2,subject/take,median,1.1320446729660034,0.980332006045868,2.3421172644333756
microwave oven gate__obj__R,pattern_L2,time/floor,mean,8.977423667907715,6.519739271018175,12.227995147070118
microwave oven gate__obj__R,pattern_L2,time/floor,median,11.883928298950195,8.204409679044433,18.927696150278525
microwave oven gate__obj__R,pattern_L1,time/take,mean,0.7764409780502319,0.455407952259815,1.1705841300292805
microwave oven gate__obj__R,pattern_L1,time/take,median,0.8523012399673462,0.48086956029225175,1.4239855380831004
microwave oven gate__obj__R,pattern_L1,action/take,mean,2.0763421058654785,1.4906506721565687,3.340175757172474
microwave oven gate__obj__R,pattern_L1,action/take,median,2.8781893253326416,2.1610745934959654,4.212684619746011
microwave oven gate__obj__R,pattern_L1,subject/take,mean,1.1257153749465942,0.9182818642334709,1.6581023212664117
microwave oven gate__obj__R,pattern_L1,subject/take,median,1.1262736320495605,0.9807343098216269,2.8599429374485683
microwave oven gate__obj__R,pattern_L1,time/floor,mean,9.859722137451172,6.891126194922213,14.55946282122173
microwave oven gate__obj__R,pattern_L1,time/floor,median,13.097821235656738,8.325915278183885,22.759178349776786
microwave oven gate__obj__R,pattern_cos,time/take,mean,0.6302701830863953,0.2273507391154689,1.2742976772302852
microwave oven gate__obj__R,pattern_cos,time/take,median,0.7249704599380493,0.26715194455583596,2.04898369026295
microwave oven gate__obj__R,pattern_cos,action/take,mean,2.7880606651306152,1.7480220581092971,6.769388318449111
microwave oven gate__obj__R,pattern_cos,action/take,median,6.469057083129883,3.9637475284493595,13.019752183185823
microwave oven gate__obj__R,pattern_cos,subject/take,mean,1.2038664817810059,0.8723352165396645,2.2006746500586933
microwave oven gate__obj__R,pattern_cos,subject/take,median,1.3227180242538452,1.0016355520984033,6.142077413778916
microwave oven gate__obj__R,pattern_cos,time/floor,mean,40.27052307128906,24.524342186765782,57.59470839835344
microwave oven gate__obj__R,pattern_cos,time/floor,median,126.52224731445312,63.658723376754786,402.2392597896273
microwave oven gate__obj__R,centroid,time/take,mean,0.6854439130372689,0.31717144666796926,1.2582946860513522
microwave oven gate__obj__R,centroid,time/take,median,0.8184838086362257,0.41583290276324913,1.4804648327269638
microwave oven gate__obj__R,centroid,action/take,mean,2.3737617189569233,1.436651264403918,5.920002725602626
microwave oven gate__obj__R,centroid,action/take,median,4.82664674462802,2.7169054969846584,8.072890882057477
microwave oven gate__obj__R,centroid,subject/take,mean,1.0835490014562532,0.7826050199791537,1.6860374774673457
microwave oven gate__obj__R,centroid,subject/take,median,1.0780740079121065,0.8682982123988007,4.165025575296581
microwave oven gate__obj__R,centroid,time/floor,mean,14.443027829292475,7.598774989826164,26.03728622562754
microwave oven gate__obj__R,centroid,time/floor,median,12.932520402167043,8.708642120755393,30.818176733750718
pen__obj__L,raw,time/take,mean,0.5046067833900452,0.3067216403067267,0.7725157225783059
pen__obj__L,raw,time/take,median,0.45171186327934265,0.19493620884932703,0.7114540167562483
pen__obj__L,raw,time/mesh,mean,0.17392945289611816,0.11157317922781136,0.25797743221224523
pen__obj__L,raw,time/mesh,median,0.11718616634607315,0.0643008643783386,0.1941793790734151
pen__obj__L,raw,mesh/take,mean,2.9012153148651123,2.1793872309613644,3.954964701759218
pen__obj__L,raw,mesh/take,median,3.854651689529419,2.224442379442558,5.029872786041731
pen__obj__L,raw,action/take,mean,1.3361362218856812,0.8965501712188128,1.8839731342308603
pen__obj__L,raw,action/take,median,1.9333760738372803,0.8610715967529576,2.5860849288091394
pen__obj__L,raw,subject/take,mean,1.1472872495651245,1.0188349629033335,1.3798973165520898
pen__obj__L,raw,subject/take,median,1.2040539979934692,0.9919844889609529,2.01079190169327
pen__obj__L,raw,time/floor,mean,4.436160564422607,2.846782923467058,7.17582432423961
pen__obj__L,raw,time/floor,median,7.355838775634766,3.9690385140644158,12.104198027234625
pen__obj__L,raw_L1,time/take,mean,0.4512510895729065,0.24788272809917722,0.795335609837909
pen__obj__L,raw_L1,time/take,median,0.39487114548683167,0.133308378138045,0.7175926929548418
pen__obj__L,raw_L1,time/mesh,mean,0.11987719684839249,0.07251054541249984,0.19534930318267316
pen__obj__L,raw_L1,time/mesh,median,0.06865077465772629,0.028716915178643384,0.1278504592790589
pen__obj__L,raw_L1,mesh/take,mean,3.764277935028076,2.5554388091615143,5.989784550137003
pen__obj__L,raw_L1,mesh/take,median,5.751882076263428,3.00644850402233,9.116077816262324
pen__obj__L,raw_L1,action/take,mean,1.2901750802993774,0.7894222279350517,1.9743845999337453
pen__obj__L,raw_L1,action/take,median,1.8010914325714111,0.6994516937310394,2.80501097440158
pen__obj__L,raw_L1,subject/take,mean,1.148361086845398,1.0005519525344404,1.3905986529159988
pen__obj__L,raw_L1,subject/take,median,1.0968928337097168,0.8676630643525287,2.3832175172248835
pen__obj__L,raw_L1,time/floor,mean,5.096985816955566,3.2465113783241097,8.06963422114213
pen__obj__L,raw_L1,time/floor,median,6.585935115814209,3.5283162147510483,12.758495449200998
pen__obj__L,mass_abs,time/take,mean,0.46625396609306335,0.22680625557148218,0.9339724397817003
pen__obj__L,mass_abs,time/take,median,0.3161487579345703,0.10911296614707056,0.5940814392906769
pen__obj__L,mass_abs,time/mesh,mean,0.1156916692852974,0.05698972275130044,0.22352773163916564
pen__obj__L,mass_abs,time/mesh,median,0.043360039591789246,0.015149273372335882,0.10059647754027191
pen__obj__L,mass_abs,mesh/take,mean,4.030142784118652,2.3420649774277167,7.856617914391206
pen__obj__L,mass_abs,mesh/take,median,7.2912468910217285,3.3422911352294893,12.491245763994943
pen__obj__L,mass_abs,action/take,mean,0.8750346899032593,0.5007339590384982,1.5182672475726058
pen__obj__L,mass_abs,action/take,median,0.7516673803329468,0.29390631559520947,1.4152521763778783
pen__obj__L,mass_abs,subject/take,mean,1.215008020401001,1.0026235295925208,1.6168849319810656
pen__obj__L,mass_abs,subject/take,median,1.2200151681900024,0.9368745594032295,2.5512949831093934
pen__obj__L,mass_abs,time/floor,mean,5.332563877105713,2.6988399649133403,10.714031625667548
pen__obj__L,mass_abs,time/floor,median,6.170369625091553,3.440442662310995,11.331281159301943
pen__obj__L,mass_log,time/take,mean,0.7623451352119446,0.37409405717182265,1.5483469195245818
pen__obj__L,mass_log,time/take,median,0.41632795333862305,0.21515042295910206,0.8023036677474272
pen__obj__L,mass_log,time/mesh,mean,0.12497695535421371,0.05603436583496644,0.27156103504846024
pen__obj__L,mass_log,time/mesh,median,0.06981285661458969,0.019981959045144077,0.14505510644248773
pen__obj__L,mass_log,mesh/take,mean,6.0998854637146,3.4810564064491953,10.95109432063111
pen__obj__L,mass_log,mesh/take,median,5.963485240936279,3.971892101273295,19.746363337919217
pen__obj__L,mass_log,action/take,mean,1.1004480123519897,0.7224751214413856,1.820089395857083
pen__obj__L,mass_log,action/take,median,0.991600513458252,0.7181623737655833,1.7216231465131862
pen__obj__L,mass_log,subject/take,mean,1.1940510272979736,0.9593932245059182,1.6459521406901496
pen__obj__L,mass_log,subject/take,median,1.2534754276275635,0.9627255579782235,2.769671445532053
pen__obj__L,mass_log,time/floor,mean,5.972327709197998,2.9516594110988867,14.89528208487453
pen__obj__L,mass_log,time/floor,median,6.419133186340332,4.0170012646345565,11.706040474427224
pen__obj__L,pattern_L2,time/take,mean,0.7236624360084534,0.4661824382588692,1.0916454819151977
pen__obj__L,pattern_L2,time/take,median,0.5630525946617126,0.28464181351286294,0.9127970724007148
pen__obj__L,pattern_L2,time/mesh,mean,0.15473665297031403,0.08647856470296574,0.2474847364598625
pen__obj__L,pattern_L2,time/mesh,median,0.15482598543167114,0.04320750884009119,0.23107037133503858
pen__obj__L,pattern_L2,mesh/take,mean,4.676735877990723,3.318418828445942,7.188962176668987
pen__obj__L,pattern_L2,mesh/take,median,3.6366803646087646,2.8680618168367986,9.54910421654115
pen__obj__L,pattern_L2,action/take,mean,1.6582348346710205,1.1312681914858218,2.344803204600669
pen__obj__L,pattern_L2,action/take,median,1.7493274211883545,1.1269541224663453,2.774666448061793
pen__obj__L,pattern_L2,subject/take,mean,1.154796838760376,0.9915222261645044,1.5111974495164855
pen__obj__L,pattern_L2,subject/take,median,1.1913719177246094,0.9846188317098628,1.8851353874480377
pen__obj__L,pattern_L2,time/floor,mean,4.564064025878906,2.9742499522235684,7.0422662286065
pen__obj__L,pattern_L2,time/floor,median,8.04112720489502,3.9355554102450148,13.626713526715886
pen__obj__L,pattern_L1,time/take,mean,0.5517220497131348,0.35579890472312,0.8056304667067151
pen__obj__L,pattern_L1,time/take,median,0.5104106068611145,0.23086530632936797,0.7766439130095775
pen__obj__L,pattern_L1,time/mesh,mean,0.12632304430007935,0.07957614499892553,0.18707023035945106
pen__obj__L,pattern_L1,time/mesh,median,0.09387262910604477,0.04567913836799878,0.1454244219524119
pen__obj__L,pattern_L1,mesh/take,mean,4.367548942565918,3.3406975949249382,6.022914058026485
pen__obj__L,pattern_L1,mesh/take,median,5.437267780303955,3.7245459335004396,7.681101138236314
pen__obj__L,pattern_L1,action/take,mean,1.5221188068389893,1.0069051392091826,2.2757936402439074
pen__obj__L,pattern_L1,action/take,median,1.9315505027770996,1.0055202725792016,3.0148490384967137
pen__obj__L,pattern_L1,subject/take,mean,1.1686592102050781,1.0187539822315694,1.4531999854450612
pen__obj__L,pattern_L1,subject/take,median,1.2767595052719116,1.0080820632487333,2.0704633582635563
pen__obj__L,pattern_L1,time/floor,mean,4.4154744148254395,2.8354446052653026,7.097257262671733
pen__obj__L,pattern_L1,time/floor,median,8.245918273925781,4.323235644343748,15.115487697921177
pen__obj__L,pattern_cos,time/take,mean,0.40394023060798645,0.16879554705419514,0.7945970658085735
pen__obj__L,pattern_cos,time/take,median,0.27900227904319763,0.05551025773560587,0.5715271485743673
pen__obj__L,pattern_cos,time/mesh,mean,0.05426900461316109,0.021693276238686582,0.11087771103088341
pen__obj__L,pattern_cos,time/mesh,median,0.01618882641196251,0.00396647943936484,0.0391894754800469
pen__obj__L,pattern_cos,mesh/take,mean,7.443295478820801,4.749043218705345,14.917179444926129
pen__obj__L,pattern_cos,mesh/take,median,17.234251022338867,7.52481016701733,28.4190073328879
pen__obj__L,pattern_cos,action/take,mean,1.9624520540237427,0.9838427318482277,3.934625257514289
pen__obj__L,pattern_cos,action/take,median,3.910490036010742,0.8485413102314389,8.310931117708241
pen__obj__L,pattern_cos,subject/take,mean,1.2682576179504395,1.0295665350123042,1.7412583771762271
pen__obj__L,pattern_cos,subject/take,median,1.6336971521377563,1.0115814173241007,3.816135829245862
pen__obj__L,pattern_cos,time/floor,mean,9.329133033752441,5.203545557360064,21.191065425536117
pen__obj__L,pattern_cos,time/floor,median,77.89094543457031,16.758097196817094,203.1151116720516
pen__obj__L,centroid,time/take,mean,0.5600076216915139,0.3743579240490426,0.8151004875690856
pen__obj__L,centroid,time/take,median,0.38293969048943693,0.1820815031777862,0.793928468168759
pen__obj__L,centroid,time/mesh,mean,0.18225564125632981,0.10133229446188805,0.3250844167925399
pen__obj__L,centroid,time/mesh,median,0.09752107558996045,0.047393977150628507,0.20870308282296238
pen__obj__L,centroid,mesh/take,mean,3.072649043021402,2.08097245885972,4.976466885236724
pen__obj__L,centroid,mesh/take,median,3.9267377658912896,2.586890382707341,8.01606731420333
pen__obj__L,centroid,action/take,mean,1.7677166596501772,0.9505393847299334,2.8941048147569326
pen__obj__L,centroid,action/take,median,1.6804431778632505,0.8217925963661274,4.066578865619545
pen__obj__L,centroid,subject/take,mean,1.1975804137076758,1.0126670742582546,1.6237149862249163
pen__obj__L,centroid,subject/take,median,1.2466514773291104,0.9984644472321208,2.479419514688404
pen__obj__L,centroid,time/floor,mean,4.621547324155948,2.833625635801974,8.074062255963579
pen__obj__L,centroid,time/floor,median,10.808449044136749,4.532535538115439,20.194125622970645
pen__obj__R,raw,time/take,mean,0.4183350205421448,0.26508868595428914,0.6492526832721958
pen__obj__R,raw,time/take,median,0.26594433188438416,0.15526774816643438,0.42907414071071903
pen__obj__R,raw,time/mesh,mean,0.2212458848953247,0.15216755519266886,0.3282756018875624
pen__obj__R,raw,time/mesh,median,0.13203661143779755,0.07964460089881951,0.19480606262977845
pen__obj__R,raw,mesh/take,mean,1.8908149003982544,1.45822153261813,2.3959878941348336
pen__obj__R,raw,mesh/take,median,2.0141711235046387,1.5623529283480013,2.821824831696825
pen__obj__R,raw,action/take,mean,1.6329187154769897,1.2474851928863953,2.0843599077330928
pen__obj__R,raw,action/take,median,1.6187903881072998,1.2202870118188607,2.38265777643339
pen__obj__R,raw,subject/take,mean,1.028914451599121,0.9237312758387227,1.1216050526097614
pen__obj__R,raw,subject/take,median,1.043299913406372,0.9333874467249924,1.1686732424527704
pen__obj__R,raw,time/floor,mean,5.842686653137207,4.013782521232974,9.170660172183482
pen__obj__R,raw,time/floor,median,6.951048851013184,4.905841217586308,10.05994724757885
pen__obj__R,raw_L1,time/take,mean,0.40194812417030334,0.2385733271887274,0.6645946338915867
pen__obj__R,raw_L1,time/take,median,0.25016212463378906,0.14065936856540695,0.418076802692918
pen__obj__R,raw_L1,time/mesh,mean,0.2002914547920227,0.13291319021300388,0.3161090889718517
pen__obj__R,raw_L1,time/mesh,median,0.11358839273452759,0.0646852860414238,0.16873049979223256
pen__obj__R,raw_L1,mesh/take,mean,2.0068161487579346,1.4982048723558976,2.5338387626062953
pen__obj__R,raw_L1,mesh/take,median,2.2023563385009766,1.5833679002741239,3.25551163593653
pen__obj__R,raw_L1,action/take,mean,1.75869882106781,1.2884582488359706,2.3029846410887846
pen__obj__R,raw_L1,action/take,median,1.7627689838409424,1.2209521543779696,2.6476888753673506
pen__obj__R,raw_L1,subject/take,mean,1.0239022970199585,0.8988187551410209,1.126115104168789
pen__obj__R,raw_L1,subject/take,median,1.053450107574463,0.9236951924582685,1.1862852225475498
pen__obj__R,raw_L1,time/floor,mean,6.453604698181152,4.2732339203667316,10.496472224541339
pen__obj__R,raw_L1,time/floor,median,7.008735656738281,4.847195650403326,10.096783430953758
pen__obj__R,mass_abs,time/take,mean,0.5283554196357727,0.3421732671550324,0.7912861604895134
pen__obj__R,mass_abs,time/take,median,0.4024200439453125,0.2131519832892715,0.8104162624339433
pen__obj__R,mass_abs,time/mesh,mean,0.13492655754089355,0.07294411160281018,0.24456167830342304
pen__obj__R,mass_abs,time/mesh,median,0.0836951807141304,0.035667430037589036,0.19000382071305943
pen__obj__R,mass_abs,mesh/take,mean,3.9158742427825928,2.205604187106347,7.204775180583196
pen__obj__R,mass_abs,mesh/take,median,4.808162689208984,2.319652326762865,12.75438565015554
pen__obj__R,mass_abs,action/take,mean,1.4916502237319946,1.109879363195019,2.066082485831516
pen__obj__R,mass_abs,action/take,median,1.8523470163345337,1.1528343329265374,3.4246741719753118
pen__obj__R,mass_abs,subject/take,mean,0.9988649487495422,0.8688163003301737,1.0995851266645373
pen__obj__R,mass_abs,subject/take,median,1.0516270399093628,0.8840130870549674,1.2867654475422832
pen__obj__R,mass_abs,time/floor,mean,4.887622833251953,3.450637245331162,7.034087750717475
pen__obj__R,mass_abs,time/floor,median,6.938458442687988,4.397575444205138,11.498189958652898
pen__obj__R,mass_log,time/take,mean,0.751628577709198,0.4735966311324253,1.130162580979769
pen__obj__R,mass_log,time/take,median,0.6264005303382874,0.32761994935813366,1.1519613497741659
pen__obj__R,mass_log,time/mesh,mean,0.08991114795207977,0.04285523134134379,0.23525983610104192
pen__obj__R,mass_log,time/mesh,median,0.10732729732990265,0.022902904164329944,0.30876291568603303
pen__obj__R,mass_log,mesh/take,mean,8.359682083129883,3.3049987100930287,17.957433304463073
pen__obj__R,mass_log,mesh/take,median,5.836358070373535,1.9962365607530985,30.385193980530055
pen__obj__R,mass_log,action/take,mean,1.633931279182434,1.1384254475881543,2.325972996826192
pen__obj__R,mass_log,action/take,median,1.9862027168273926,1.2020090340922953,3.4871663409683733
pen__obj__R,mass_log,subject/take,mean,0.9942829012870789,0.8653652908311968,1.1037230053828109
pen__obj__R,mass_log,subject/take,median,1.0680068731307983,0.871329609050079,1.2359277972491771
pen__obj__R,mass_log,time/floor,mean,4.757765293121338,3.3574859065375526,6.731828554939552
pen__obj__R,mass_log,time/floor,median,7.3643927574157715,4.954264463253141,10.992639356127224
pen__obj__R,pattern_L2,time/take,mean,0.46299678087234497,0.28611297198976376,0.704545501606647
pen__obj__R,pattern_L2,time/take,median,0.3225478529930115,0.19732537196142608,0.4918537390057641
pen__obj__R,pattern_L2,time/mesh,mean,0.20391897857189178,0.12057379442236868,0.3187813859994186
pen__obj__R,pattern_L2,time/mesh,median,0.12246832996606827,0.07207366795561886,0.20797383720001517
pen__obj__R,pattern_L2,mesh/take,mean,2.270493745803833,1.5703887052672165,3.4524755183313496
pen__obj__R,pattern_L2,mesh/take,median,2.6337246894836426,1.5888448888072955,4.161337051637908
pen__obj__R,pattern_L2,action/take,mean,1.7709344625473022,1.3288620531257704,2.253591883011271
pen__obj__R,pattern_L2,action/take,median,1.7601956129074097,1.2531767631290125,2.541150317461188
pen__obj__R,pattern_L2,subject/take,mean,1.0306817293167114,0.9233812839692491,1.1380002621576204
pen__obj__R,pattern_L2,subject/take,median,1.052074670791626,0.939671295408802,1.180751080095091
pen__obj__R,pattern_L2,time/floor,mean,6.245293140411377,4.181593610742737,9.742904149374883
pen__obj__R,pattern_L2,time/floor,median,8.036933898925781,5.524487215690169,10.58532680597285
pen__obj__R,pattern_L1,time/take,mean,0.44244056940078735,0.2619277911855236,0.7039988268466193
pen__obj__R,pattern_L1,time/take,median,0.26715177297592163,0.16887814267398737,0.448973841057898
pen__obj__R,pattern_L1,time/mesh,mean,0.1873348206281662,0.11060654364818896,0.30197116484219594
pen__obj__R,pattern_L1,time/mesh,median,0.09294645488262177,0.060024830943898135,0.1654218399851588
pen__obj__R,pattern_L1,mesh/take,mean,2.3617634773254395,1.6461291312489026,3.5370204978659974
pen__obj__R,pattern_L1,mesh/take,median,2.8742544651031494,1.8527169542683697,4.477824684223296
pen__obj__R,pattern_L1,action/take,mean,1.888932466506958,1.387842515281346,2.4748134991604025
pen__obj__R,pattern_L1,action/take,median,1.8440858125686646,1.2924636251572328,2.7715048548525294
pen__obj__R,pattern_L1,subject/take,mean,1.0258517265319824,0.9167308961325131,1.1294768553854941
pen__obj__R,pattern_L1,subject/take,median,1.0502815246582031,0.9475658999293549,1.1944376626233295
pen__obj__R,pattern_L1,time/floor,mean,6.820257663726807,4.37706001987625,11.028215805526527
pen__obj__R,pattern_L1,time/floor,median,7.522014141082764,5.3424387069411265,10.631267733103929
pen__obj__R,pattern_cos,time/take,mean,0.3462437689304352,0.1201636489605777,0.8176298085053307
pen__obj__R,pattern_cos,time/take,median,0.07349228113889694,0.029813764353192357,0.2031677296947935
pen__obj__R,pattern_cos,time/mesh,mean,0.09909912943840027,0.03563586541040033,0.2318329840583165
pen__obj__R,pattern_cos,time/mesh,median,0.012968558818101883,0.005639152417814519,0.034062696496417244
pen__obj__R,pattern_cos,mesh/take,mean,3.493913412094116,1.986046361331847,6.252824830415404
pen__obj__R,pattern_cos,mesh/take,median,5.666958332061768,2.7957083043790547,12.620201491666487
pen__obj__R,pattern_cos,action/take,mean,2.7900357246398926,1.6890131171044,4.088705114932507
pen__obj__R,pattern_cos,action/take,median,2.976869821548462,1.5370758026200793,6.392516528868178
pen__obj__R,pattern_cos,subject/take,mean,1.0207469463348389,0.8304281957407625,1.180773701839642
pen__obj__R,pattern_cos,subject/take,median,1.1089338064193726,0.867339705172397,1.4138926233772597
pen__obj__R,pattern_cos,time/floor,mean,22.13127326965332,6.71168175894413,84.89458683185711
pen__obj__R,pattern_cos,time/floor,median,52.50237274169922,26.638454583683767,105.54372562647099
pen__obj__R,centroid,time/take,mean,0.4037686211162104,0.21758025547028137,0.7096392619676708
pen__obj__R,centroid,time/take,median,0.19492963824383383,0.09546830430688084,0.3880370689602343
pen__obj__R,centroid,time/mesh,mean,0.2316846604594917,0.13235188225630592,0.48689015832785143
pen__obj__R,centroid,time/mesh,median,0.09956083162044724,0.05180572627544715,0.2144135416824312
pen__obj__R,centroid,mesh/take,mean,1.7427507730353442,1.0084640639625675,2.569383652864576
pen__obj__R,centroid,mesh/take,median,1.9578948374693999,0.8928091593529864,3.5265177877404077
pen__obj__R,centroid,action/take,mean,1.9820379788243847,1.331889548123678,2.77327043136014
pen__obj__R,centroid,action/take,median,1.9505210405435045,1.276375836498227,3.2604597871688474
pen__obj__R,centroid,subject/take,mean,1.0183697214687897,0.8882115572137749,1.1276685209005262
pen__obj__R,centroid,subject/take,median,1.0510466048255669,0.8981962864880176,1.2209196606882002
pen__obj__R,centroid,time/floor,mean,8.664788110003393,4.894911702714384,15.30673717128098
pen__obj__R,centroid,time/floor,median,8.655095698794153,5.211238127035104,13.887924049375302
plug__obj__R,raw,time/take,mean,0.7703585624694824,0.6055101924067153,0.9606675941704182
plug__obj__R,raw,time/take,median,0.7570172548294067,0.5651510154411599,0.982185696657208
plug__obj__R,raw,action/take,mean,1.0321011543273926,0.9408836546331177,1.1553060317832635
plug__obj__R,raw,action/take,median,1.0310081243515015,0.9317393922777595,1.144077532249966
plug__obj__R,raw,subject/take,mean,1.043917179107666,0.9953867687273273,1.1165367583156343
plug__obj__R,raw,subject/take,median,1.038334846496582,0.9863840204346512,1.1240418711814049
plug__obj__R,raw,time/floor,mean,5.196106433868408,4.028041786416562,6.680367543508197
plug__obj__R,raw,time/floor,median,7.071689128875732,5.534859480430951,9.038279811935434
plug__obj__R,raw_L1,time/take,mean,0.7611804008483887,0.5773761768049953,0.972214389269877
plug__obj__R,raw_L1,time/take,median,0.7503630518913269,0.5233431551719582,1.01142073209904
plug__obj__R,raw_L1,action/take,mean,1.035281777381897,0.9344784711424446,1.1760823140195746
plug__obj__R,raw_L1,action/take,median,1.0346267223358154,0.9287798673722114,1.157754312944461
plug__obj__R,raw_L1,subject/take,mean,1.046392798423767,0.9943546591028828,1.1245724187358233
plug__obj__R,raw_L1,subject/take,median,1.0369094610214233,0.9782227110759175,1.1394981953802261
plug__obj__R,raw_L1,time/floor,mean,5.44972038269043,4.203872405736108,7.091359872973594
plug__obj__R,raw_L1,time/floor,median,7.471474647521973,5.716042868927622,9.556110996487632
plug__obj__R,mass_abs,time/take,mean,0.9487571716308594,0.6604310392420597,1.352728136498703
plug__obj__R,mass_abs,time/take,median,0.908538281917572,0.5580142814602668,1.5625913084101368
plug__obj__R,mass_abs,action/take,mean,1.0736793279647827,0.8902753986036358,1.3003060998030436
plug__obj__R,mass_abs,action/take,median,1.1212321519851685,0.897355712465695,1.5579008789637847
plug__obj__R,mass_abs,subject/take,mean,1.079506516456604,0.962002388986976,1.220692629968646
plug__obj__R,mass_abs,subject/take,median,1.0991034507751465,0.9226404036603018,1.3399433862181567
plug__obj__R,mass_abs,time/floor,mean,6.514329433441162,4.311770144917688,9.883035196679009
plug__obj__R,mass_abs,time/floor,median,9.825282096862793,5.720097189162049,17.16938486976763
plug__obj__R,mass_log,time/take,mean,0.9904871582984924,0.6768631174931928,1.424006191910924
plug__obj__R,mass_log,time/take,median,0.9779263734817505,0.5817743605330626,1.621215902166542
plug__obj__R,mass_log,action/take,mean,1.0795611143112183,0.8669948162862897,1.3526846101573158
plug__obj__R,mass_log,action/take,median,1.135955572128296,0.8884648450851123,1.572110889025051
plug__obj__R,mass_log,subject/take,mean,1.0952613353729248,0.9574703523772203,1.2590105214474077
plug__obj__R,mass_log,subject/take,median,1.094132423400879,0.9196834182276149,1.3854840270026976
plug__obj__R,mass_log,time/floor,mean,6.916437149047852,4.307325756605038,11.738582572283928
plug__obj__R,mass_log,time/floor,median,9.577303886413574,5.72449869276336,17.39638865252503
plug__obj__R,pattern_L2,time/take,mean,0.7341803312301636,0.5652645715957935,0.9426335122230362
plug__obj__R,pattern_L2,time/take,median,0.7293350100517273,0.5331161466800262,0.9734035477682055
plug__obj__R,pattern_L2,action/take,mean,1.0440317392349243,0.9220560008518716,1.2279868478607188
plug__obj__R,pattern_L2,action/take,median,1.0245246887207031,0.9141585845631793,1.1473208811336595
plug__obj__R,pattern_L2,subject/take,mean,1.0407869815826416,0.9885958397703739,1.1171012366985063
plug__obj__R,pattern_L2,subject/take,median,1.0236159563064575,0.9711954396042619,1.1201499847635303
plug__obj__R,pattern_L2,time/floor,mean,5.08692741394043,3.948742615138106,6.621479040280112
plug__obj__R,pattern_L2,time/floor,median,6.960999011993408,5.204561113281524,9.376812209641537
plug__obj__R,pattern_L1,time/take,mean,0.7160630226135254,0.540312341971264,0.9499868522332022
plug__obj__R,pattern_L1,time/take,median,0.7215364575386047,0.5195340802140366,0.9969452543713342
plug__obj__R,pattern_L1,action/take,mean,1.0468432903289795,0.9177383076428427,1.2401129475110146
plug__obj__R,pattern_L1,action/take,median,1.027645230293274,0.9177706882631258,1.1599908856591412
plug__obj__R,pattern_L1,subject/take,mean,1.042974829673767,0.9865676918781389,1.124231813281331
plug__obj__R,pattern_L1,subject/take,median,1.028013825416565,0.9693184437939933,1.1410206604175477
plug__obj__R,pattern_L1,time/floor,mean,5.253181457519531,4.043089569132674,6.921005000892588
plug__obj__R,pattern_L1,time/floor,median,7.343519687652588,5.3430256367514914,9.595159330520147
plug__obj__R,pattern_cos,time/take,mean,0.5351415276527405,0.319648798317058,0.9135352348257101
plug__obj__R,pattern_cos,time/take,median,0.5395035147666931,0.2884455498720037,0.9275255216015975
plug__obj__R,pattern_cos,action/take,mean,1.09752357006073,0.846474950557517,1.5203322685151905
plug__obj__R,pattern_cos,action/take,median,1.045777440071106,0.8495818035317798,1.3140768223240753
plug__obj__R,pattern_cos,subject/take,mean,1.0709419250488281,0.9703666349578605,1.2094914206510021
plug__obj__R,pattern_cos,subject/take,median,1.0501147508621216,0.9477933587468381,1.252498860109302
plug__obj__R,pattern_cos,time/floor,mean,12.41055965423584,6.106543710569507,28.092411498211575
plug__obj__R,pattern_cos,time/floor,median,46.867679595947266,26.261455067629655,85.31971235009927
plug__obj__R,centroid,time/take,mean,0.6204310282532143,0.4139057993922693,0.9739691567666255
plug__obj__R,centroid,time/take,median,0.5901170097110473,0.3859847377705324,0.9896557943622367
plug__obj__R,centroid,action/take,mean,1.0682470839265668,0.8727649714539961,1.3599876981950028
plug__obj__R,centroid,action/take,median,1.07218194948496,0.8779612618877796,1.3349572522212074
plug__obj__R,centroid,subject/take,mean,1.0591174871773776,0.9785366582389009,1.1814399394821449
plug__obj__R,centroid,subject/take,median,1.0766866303748661,0.980648857092846,1.2565748164716573
plug__obj__R,centroid,time/floor,mean,5.2615726149939235,3.7221746174168593,7.47927800694625
plug__obj__R,centroid,time/floor,median,6.830046287029686,4.6727057971759285,11.611049830974599
power socket__obj__L,raw,time/take,mean,0.16681309044361115,0.11786075199628407,0.2423317203954488
power socket__obj__L,raw,time/take,median,0.12615318596363068,0.07764037558790803,0.20424928697454978
power socket__obj__L,raw,action/take,mean,1.494438886642456,1.2250973806653955,1.9009816636961427
power socket__obj__L,raw,action/take,median,1.5583856105804443,1.2564358370445396,2.0988976153655097
power socket__obj__L,raw,subject/take,mean,1.0071476697921753,0.9698812301991421,1.0532319615218515
power socket__obj__L,raw,subject/take,median,1.023848533630371,0.9039170133389453,1.0942120976424778
power socket__obj__L,raw,time/floor,mean,5.5368523597717285,3.950408126819804,8.890015791456365
power socket__obj__L,raw,time/floor,median,7.4415388107299805,4.400823961924406,11.021616190789373
power socket__obj__L,raw_L1,time/take,mean,0.13018672168254852,0.08860498392430263,0.19093555090549372
power socket__obj__L,raw_L1,time/take,median,0.09434299916028976,0.0616263022807563,0.17176510880097298
power socket__obj__L,raw_L1,action/take,mean,1.6444166898727417,1.2710524032539807,2.2383884979380855
power socket__obj__L,raw_L1,action/take,median,1.7667332887649536,1.304437839217506,2.9175228492610943
power socket__obj__L,raw_L1,subject/take,mean,1.000062346458435,0.949668838723246,1.0619393053095578
power socket__obj__L,raw_L1,subject/take,median,1.039028525352478,0.82797251197108,1.1353411323402203
power socket__obj__L,raw_L1,time/floor,mean,5.493058681488037,3.948860244931533,8.746297821742623
power socket__obj__L,raw_L1,time/floor,median,6.49861478805542,4.0868440101928245,10.633279552476935
power socket__obj__L,mass_abs,time/take,mean,0.2441292554140091,0.1488756097083546,0.36764595410745216
power socket__obj__L,mass_abs,time/take,median,0.18504270911216736,0.08448890880799845,0.3635056039794047
power socket__obj__L,mass_abs,action/take,mean,0.7527312636375427,0.6824879456200272,0.8673608632274464
power socket__obj__L,mass_abs,action/take,median,0.9211538434028625,0.5874756631346154,1.2900343177176803
power socket__obj__L,mass_abs,subject/take,mean,0.992669403553009,0.9105854301981113,1.094066745852185
power socket__obj__L,mass_abs,subject/take,median,1.0031648874282837,0.8289495019319062,1.3448451927857568
power socket__obj__L,mass_abs,time/floor,mean,5.984331130981445,3.9553770305495566,10.88117831647459
power socket__obj__L,mass_abs,time/floor,median,6.939336776733398,4.660260999601851,12.990799507133772
power socket__obj__L,mass_log,time/take,mean,0.2605510652065277,0.16428280518047778,0.38682981342776124
power socket__obj__L,mass_log,time/take,median,0.1843009889125824,0.07804484057333141,0.360797645657837
power socket__obj__L,mass_log,action/take,mean,0.7625027298927307,0.6922105568291017,0.883445694013149
power socket__obj__L,mass_log,action/take,median,0.9140448570251465,0.6347583695435872,1.1998127430510963
power socket__obj__L,mass_log,subject/take,mean,0.9928393363952637,0.9166121743942729,1.088692864521062
power socket__obj__L,mass_log,subject/take,median,0.9842702150344849,0.843883906647107,1.289222581767782
power socket__obj__L,mass_log,time/floor,mean,6.610435485839844,4.308403726906132,11.920178349130268
power socket__obj__L,mass_log,time/floor,median,8.481162071228027,4.364478387298597,14.30346116343884
power socket__obj__L,pattern_L2,time/take,mean,0.14932821691036224,0.10409552384024816,0.22192663821514547
power socket__obj__L,pattern_L2,time/take,median,0.12837214767932892,0.0692225877920368,0.20758829087679678
power socket__obj__L,pattern_L2,action/take,mean,1.5078338384628296,1.2124321493820989,1.9298810486382894
power socket__obj__L,pattern_L2,action/take,median,1.7516658306121826,1.3391233291687341,2.0449127625958345
power socket__obj__L,pattern_L2,subject/take,mean,1.0116275548934937,0.9753968037609109,1.0637963592406103
power socket__obj__L,pattern_L2,subject/take,median,1.026166558265686,0.9563077763745411,1.099288038718497
power socket__obj__L,pattern_L2,time/floor,mean,5.528310775756836,3.9080125922595528,8.851411664025344
power socket__obj__L,pattern_L2,time/floor,median,7.576650619506836,4.544303873463215,11.462166791451837
power socket__obj__L,pattern_L1,time/take,mean,0.1139603927731514,0.07866328830065732,0.17452708761907604
power socket__obj__L,pattern_L1,time/take,median,0.09926752001047134,0.057243782550320525,0.16461800219404177
power socket__obj__L,pattern_L1,action/take,mean,1.6884676218032837,1.2718034452258453,2.325858473491213
power socket__obj__L,pattern_L1,action/take,median,2.1686389446258545,1.470261779321197,2.827804771441075
power socket__obj__L,pattern_L1,subject/take,mean,1.0040866136550903,0.951983433206934,1.0677450381102194
power socket__obj__L,pattern_L1,subject/take,median,1.013037085533142,0.9064745715950745,1.1454237463022052
power socket__obj__L,pattern_L1,time/floor,mean,5.394868850708008,3.9019507227114856,8.539472639816553
power socket__obj__L,pattern_L1,time/floor,median,6.953054904937744,4.221174383259629,10.731720082418224
power socket__obj__L,pattern_cos,time/take,mean,0.028840307146310806,0.013900046478635505,0.06177825704009801
power socket__obj__L,pattern_cos,time/take,median,0.014919355511665344,0.005222808719279049,0.039025344797359134
power socket__obj__L,pattern_cos,action/take,mean,1.9382343292236328,1.3458501312995228,2.968933384888173
power socket__obj__L,pattern_cos,action/take,median,2.9227070808410645,1.6875495971353547,4.0333187332346805
power socket__obj__L,pattern_cos,subject/take,mean,1.0061187744140625,0.9299040226383316,1.0972737996904685
power socket__obj__L,pattern_cos,subject/take,median,1.0564186573028564,0.8784584781340105,1.2478348934352663
power socket__obj__L,pattern_cos,time/floor,mean,19.97201919555664,10.049431520711611,57.14657201476161
power socket__obj__L,pattern_cos,time/floor,median,49.39717102050781,18.936202491108823,111.71820033038584
power socket__obj__L,centroid,time/take,mean,0.05489802614869159,0.033596344459842324,0.09773116505903708
power socket__obj__L,centroid,time/take,median,0.04805333576531121,0.026219982179985966,0.11664886275431559
power socket__obj__L,centroid,action/take,mean,2.287548372715501,1.4834713383270337,3.8546120842229117
power socket__obj__L,centroid,action/take,median,3.476229914768943,1.738366446875563,7.4684425899132005
power socket__obj__L,centroid,subject/take,mean,0.9946162092103285,0.9122627924253346,1.0934132000570649
power socket__obj__L,centroid,subject/take,median,0.9686595603542302,0.7548945977142372,1.2298815171668505
power socket__obj__L,centroid,time/floor,mean,4.928096267993486,3.365164244334626,8.642975339781442
power socket__obj__L,centroid,time/floor,median,7.279225499756512,3.8424850681098017,14.266246934682536
spoon__obj__R,raw,time/take,mean,0.45995306968688965,0.33796632863452336,0.643099590029874
spoon__obj__R,raw,time/take,median,0.41067469120025635,0.2738116256414557,0.6535910730045584
spoon__obj__R,raw,action/take,mean,1.028024435043335,0.8731387964373398,1.2954143933189564
spoon__obj__R,raw,action/take,median,1.058587908744812,0.8305106835164184,1.3996938985336282
spoon__obj__R,raw,subject/take,mean,1.0777596235275269,0.9123764568304191,1.22218927659738
spoon__obj__R,raw,subject/take,median,1.1037876605987549,0.8746207313021347,1.3088201839322502
spoon__obj__R,raw,time/floor,mean,3.999638319015503,3.212179025799125,5.197455314056215
spoon__obj__R,raw,time/floor,median,4.973608016967773,3.414339681114231,7.571708418214191
spoon__obj__R,raw_L1,time/take,mean,0.4412645995616913,0.31504286055663644,0.6369511032802794
spoon__obj__R,raw_L1,time/take,median,0.39292672276496887,0.2715563049833761,0.6253355587478919
spoon__obj__R,raw_L1,action/take,mean,1.0197283029556274,0.8589233283445604,1.31079726592053
spoon__obj__R,raw_L1,action/take,median,1.0346646308898926,0.8212788617018888,1.394179897352782
spoon__obj__R,raw_L1,subject/take,mean,1.0650490522384644,0.8871428204178707,1.208556819389522
spoon__obj__R,raw_L1,subject/take,median,1.0790742635726929,0.8665201672655577,1.2888315769016705
spoon__obj__R,raw_L1,time/floor,mean,4.084479808807373,3.2663624936099795,5.321708100121369
spoon__obj__R,raw_L1,time/floor,median,4.848888874053955,3.39154345515308,7.3970279258141005
spoon__obj__R,mass_abs,time/take,mean,0.7558597326278687,0.5218732588686902,1.077640657848278
spoon__obj__R,mass_abs,time/take,median,0.6267018914222717,0.37595109338412436,0.8584485882286387
spoon__obj__R,mass_abs,action/take,mean,1.239084243774414,0.9466684403915756,1.654147513396584
spoon__obj__R,mass_abs,action/take,median,1.1944749355316162,0.8834504734528885,1.6670430923171269
spoon__obj__R,mass_abs,subject/take,mean,0.9987480640411377,0.8488402168892185,1.2204230806996679
spoon__obj__R,mass_abs,subject/take,median,1.0611556768417358,0.8663063616674597,1.3540862898448331
spoon__obj__R,mass_abs,time/floor,mean,4.393171787261963,3.128236340516976,6.394244748711666
spoon__obj__R,mass_abs,time/floor,median,5.9192914962768555,3.5867084415908557,8.91735557198582
spoon__obj__R,mass_log,time/take,mean,0.803471565246582,0.5465972589933267,1.1666142904072774
spoon__obj__R,mass_log,time/take,median,0.6375747919082642,0.3835280104446062,0.8834779411649106
spoon__obj__R,mass_log,action/take,mean,1.2813905477523804,0.959310488144393,1.7436965017685713
spoon__obj__R,mass_log,action/take,median,1.218972086906433,0.8795797174527715,1.7258694095628213
spoon__obj__R,mass_log,subject/take,mean,1.0065838098526,0.8511706828290624,1.2431484832341997
spoon__obj__R,mass_log,subject/take,median,1.0713242292404175,0.8744410915086583,1.3835991462719082
spoon__obj__R,mass_log,time/floor,mean,4.506386756896973,3.201708029371584,6.483806158363514
spoon__obj__R,mass_log,time/floor,median,5.778093338012695,3.526703166948968,8.673932227964292
spoon__obj__R,pattern_L2,time/take,mean,0.42043423652648926,0.30093716572358586,0.5953777603463232
spoon__obj__R,pattern_L2,time/take,median,0.37044617533683777,0.24467112292405532,0.5843623272135536
spoon__obj__R,pattern_L2,action/take,mean,1.0241007804870605,0.8640242000924904,1.304927120992231
spoon__obj__R,pattern_L2,action/take,median,1.0451724529266357,0.804384456311169,1.4119231997142145
spoon__obj__R,pattern_L2,subject/take,mean,1.0992487668991089,0.9212925436626351,1.2611845137709152
spoon__obj__R,pattern_L2,subject/take,median,1.1251544952392578,0.8845888518697594,1.3793618153570986
spoon__obj__R,pattern_L2,time/floor,mean,3.8788444995880127,3.112263081021987,5.004228901137443
spoon__obj__R,pattern_L2,time/floor,median,4.792382717132568,3.304465245234624,7.231995718830521
spoon__obj__R,pattern_L1,time/take,mean,0.4138263463973999,0.29285829941545205,0.6106609626979194
spoon__obj__R,pattern_L1,time/take,median,0.37298181653022766,0.24043531067962567,0.5812492152151822
spoon__obj__R,pattern_L1,action/take,mean,1.0250751972198486,0.8585542062873182,1.3175213678178948
spoon__obj__R,pattern_L1,action/take,median,1.0488531589508057,0.803099904967826,1.378959402135993
spoon__obj__R,pattern_L1,subject/take,mean,1.0899450778961182,0.9049462229472867,1.2487098617963321
spoon__obj__R,pattern_L1,subject/take,median,1.1134541034698486,0.8763902731035245,1.3599770532840454
spoon__obj__R,pattern_L1,time/floor,mean,3.9438586235046387,3.106837894186988,5.118229552172515
spoon__obj__R,pattern_L1,time/floor,median,4.86357307434082,3.3279010130977387,7.169595067768209
spoon__obj__R,pattern_cos,time/take,mean,0.21624979376792908,0.10965293731094419,0.4608075560374401
spoon__obj__R,pattern_cos,time/take,median,0.13570503890514374,0.058201160651479025,0.3400755902763052
spoon__obj__R,pattern_cos,action/take,mean,1.0435289144515991,0.7576311892619471,1.6666849360642892
spoon__obj__R,pattern_cos,action/take,median,1.0840473175048828,0.6427715816647275,1.923805260888517
spoon__obj__R,pattern_cos,subject/take,mean,1.1449130773544312,0.8187642664550192,1.4104202007122564
spoon__obj__R,pattern_cos,subject/take,median,1.233066201210022,0.7612357274241888,1.7817062928714729
spoon__obj__R,pattern_cos,time/floor,mean,11.071532249450684,6.120508769461727,19.93579552749091
spoon__obj__R,pattern_cos,time/floor,median,22.730321884155273,11.018388094358718,52.0681440731775
spoon__obj__R,centroid,time/take,mean,0.3733068920782495,0.22769688398033566,0.6496921081689251
spoon__obj__R,centroid,time/take,median,0.3019001860287529,0.16603290690451344,0.588414645688465
spoon__obj__R,centroid,action/take,mean,0.9313155713948262,0.7385830356948421,1.3402972922428997
spoon__obj__R,centroid,action/take,median,0.8506055290728356,0.6296767159820161,1.2509376504091552
spoon__obj__R,centroid,subject/take,mean,1.1296913012605945,0.8621206856698215,1.337342603882026
spoon__obj__R,centroid,subject/take,median,1.2481814631940382,0.8361739705871347,1.6569242436510438
spoon__obj__R,centroid,time/floor,mean,4.293451967648666,3.1807963980039586,5.947575342389302
spoon__obj__R,centroid,time/floor,median,5.396489175663839,3.5750033850623146,8.277023523190692
stapler__obj__R,raw,time/take,mean,0.803537905216217,0.6443995466230996,0.9838349032764395
stapler__obj__R,raw,time/take,median,0.8004776239395142,0.5153308966187791,1.1032697110798426
stapler__obj__R,raw,time/mesh,mean,0.4897500276565552,0.39695876560354765,0.5902945159644926
stapler__obj__R,raw,time/mesh,median,0.4853402078151703,0.3235300221809633,0.6763902908580453
stapler__obj__R,raw,mesh/take,mean,1.6407103538513184,1.4602563074129595,1.8868523134855972
stapler__obj__R,raw,mesh/take,median,1.6493123769760132,1.4421075501434877,1.912503244360717
stapler__obj__R,raw,action/take,mean,1.0237523317337036,0.9142632440075419,1.175171053896784
stapler__obj__R,raw,action/take,median,1.0112038850784302,0.8623213682351882,1.1789642803081097
stapler__obj__R,raw,subject/take,mean,1.0132778882980347,0.9778597850832521,1.0477775287854412
stapler__obj__R,raw,subject/take,median,1.0152263641357422,0.9681417944922704,1.0603182000704372
stapler__obj__R,raw,time/floor,mean,4.127800464630127,3.26264114436037,5.587572128757871
stapler__obj__R,raw,time/floor,median,6.2651824951171875,3.6661578304589235,9.895680868532917
stapler__obj__R,raw_L1,time/take,mean,0.7913506627082825,0.623536634441245,1.0084074535019958
stapler__obj__R,raw_L1,time/take,median,0.781628429889679,0.5116208011549067,1.1509319445342652
stapler__obj__R,raw_L1,time/mesh,mean,0.4501895606517792,0.360927455703715,0.5643464298497946
stapler__obj__R,raw_L1,time/mesh,median,0.4315200746059418,0.29366582842097255,0.6352759796230151
stapler__obj__R,raw_L1,mesh/take,mean,1.7578165531158447,1.4787946771480116,2.142351097182166
stapler__obj__R,raw_L1,mesh/take,median,1.8113374710083008,1.501862828652188,2.2185039066290786
stapler__obj__R,raw_L1,action/take,mean,1.0547274351119995,0.9118003603588019,1.2665423947565282
stapler__obj__R,raw_L1,action/take,median,1.0491071939468384,0.8889656086620836,1.2674261930552893
stapler__obj__R,raw_L1,subject/take,mean,1.013829231262207,0.9753735936527868,1.0567995137270787
stapler__obj__R,raw_L1,subject/take,median,1.008136510848999,0.9688662571210546,1.0679974091080067
stapler__obj__R,raw_L1,time/floor,mean,4.359869956970215,3.4059977188264754,5.850991283290773
stapler__obj__R,raw_L1,time/floor,median,6.502321243286133,3.6407182472531767,9.806434884786302
stapler__obj__R,mass_abs,time/take,mean,0.6793069839477539,0.4465138330846307,1.096978824955535
stapler__obj__R,mass_abs,time/take,median,0.5452423095703125,0.31122505212015583,1.1479260470718098
stapler__obj__R,mass_abs,time/mesh,mean,0.5698822736740112,0.35852693630880533,0.8996513917098317
stapler__obj__R,mass_abs,time/mesh,median,0.4956790804862976,0.266450976595816,0.9173827319034585
stapler__obj__R,mass_abs,mesh/take,mean,1.1920127868652344,0.8645075707554587,1.8745587072638596
stapler__obj__R,mass_abs,mesh/take,median,1.0999906063079834,0.7702212961527367,2.1504761090575015
stapler__obj__R,mass_abs,action/take,mean,0.8063250184059143,0.6895861315886634,1.0901471847756172
stapler__obj__R,mass_abs,action/take,median,0.8267418146133423,0.6749299014689891,1.1799066254028219
stapler__obj__R,mass_abs,subject/take,mean,1.0330525636672974,0.9328644143294716,1.120929635210623
stapler__obj__R,mass_abs,subject/take,median,1.0438376665115356,0.872367766083861,1.1982454725210925
stapler__obj__R,mass_abs,time/floor,mean,4.00999116897583,2.615367364659537,5.966952555470788
stapler__obj__R,mass_abs,time/floor,median,7.006587028503418,2.953968965064839,13.944657115402704
stapler__obj__R,mass_log,time/take,mean,0.7466251254081726,0.4624410135766823,1.1505416602644376
stapler__obj__R,mass_log,time/take,median,0.5174320936203003,0.31278484931806266,1.135970098543975
stapler__obj__R,mass_log,time/mesh,mean,0.6039917469024658,0.3535845441456157,0.9704124399657306
stapler__obj__R,mass_log,time/mesh,median,0.4722360670566559,0.26403487971063433,1.0065933041190607
stapler__obj__R,mass_log,mesh/take,mean,1.2361512184143066,0.8822778453994682,1.8084967017724336
stapler__obj__R,mass_log,mesh/take,median,1.0957064628601074,0.7838609739156248,2.179892077815252
stapler__obj__R,mass_log,action/take,mean,0.7561823725700378,0.6367681298557932,0.982357588012416
stapler__obj__R,mass_log,action/take,median,0.7524902820587158,0.6034084391336839,1.11724303153248
stapler__obj__R,mass_log,subject/take,mean,1.0260968208312988,0.9187815503266612,1.1134163071409824
stapler__obj__R,mass_log,subject/take,median,1.057362675666809,0.887710140010185,1.2263378965750467
stapler__obj__R,mass_log,time/floor,mean,4.389777183532715,2.8390737993125525,6.649919922952636
stapler__obj__R,mass_log,time/floor,median,6.270585536956787,2.8143998488682693,14.562335878104708
stapler__obj__R,pattern_L2,time/take,mean,0.8433476090431213,0.6758789501298867,0.9958858145851734
stapler__obj__R,pattern_L2,time/take,median,0.8836292028427124,0.592796029642081,1.161846647217463
stapler__obj__R,pattern_L2,time/mesh,mean,0.4645062983036041,0.3685302107750294,0.5712148219888277
stapler__obj__R,pattern_L2,time/mesh,median,0.46031901240348816,0.3134320317597402,0.6195239586432962
stapler__obj__R,pattern_L2,mesh/take,mean,1.8155783414840698,1.6062733730749141,2.098942273390741
stapler__obj__R,pattern_L2,mesh/take,median,1.9196017980575562,1.6260262940984294,2.2477511106491876
stapler__obj__R,pattern_L2,action/take,mean,0.9910359978675842,0.8645763964455202,1.1257427674095797
stapler__obj__R,pattern_L2,action/take,median,1.016745686531067,0.8461010741782745,1.172789443753867
stapler__obj__R,pattern_L2,subject/take,mean,1.015393853187561,0.9778395596593572,1.0465407080755171
stapler__obj__R,pattern_L2,subject/take,median,1.005750298500061,0.9539577946131681,1.055843670233496
stapler__obj__R,pattern_L2,time/floor,mean,4.333395481109619,3.3644701117102285,5.916816085032172
stapler__obj__R,pattern_L2,time/floor,median,6.261092185974121,3.6419487123788072,9.472952992050224
stapler__obj__R,pattern_L1,time/take,mean,0.8252695202827454,0.6379212113573818,0.9954889424385711
stapler__obj__R,pattern_L1,time/take,median,0.8231151103973389,0.5668933409984085,1.1696997440689112
stapler__obj__R,pattern_L1,time/mesh,mean,0.4210197627544403,0.33351002775108013,0.5220364462409953
stapler__obj__R,pattern_L1,time/mesh,median,0.4019199013710022,0.2845145411939124,0.5808601510498715
stapler__obj__R,pattern_L1,mesh/take,mean,1.9601681232452393,1.7092565015633696,2.302280704786571
stapler__obj__R,pattern_L1,mesh/take,median,2.0479581356048584,1.7483589720905757,2.549240024386504
stapler__obj__R,pattern_L1,action/take,mean,1.030834436416626,0.8953187734090682,1.1971245193891358
stapler__obj__R,pattern_L1,action/take,median,1.0300878286361694,0.8577010589766497,1.218789896823789
stapler__obj__R,pattern_L1,subject/take,mean,1.01708984375,0.9783486945862272,1.0510983181770286
stapler__obj__R,pattern_L1,subject/take,median,1.0132042169570923,0.9693329215825576,1.0639378767041652
stapler__obj__R,pattern_L1,time/floor,mean,4.541103363037109,3.5042585629413256,6.241083583618095
stapler__obj__R,pattern_L1,time/floor,median,6.143137454986572,3.713985387969737,9.804800115570655
stapler__obj__R,pattern_cos,time/take,mean,0.7597301006317139,0.5001998983896969,1.0129151909425902
stapler__obj__R,pattern_cos,time/take,median,0.7122278213500977,0.3520670041524106,1.3364819832474644
stapler__obj__R,pattern_cos,time/mesh,mean,0.2605978846549988,0.1746709499130928,0.36109877840437327
stapler__obj__R,pattern_cos,time/mesh,median,0.21422570943832397,0.10933567270841321,0.40989275835354677
stapler__obj__R,pattern_cos,mesh/take,mean,2.915334701538086,2.3413259303228013,3.766082745576163
stapler__obj__R,pattern_cos,mesh/take,median,3.3246607780456543,2.569422525581899,4.695483327464422
stapler__obj__R,pattern_cos,action/take,mean,1.0317137241363525,0.7983400861879839,1.3207012588858544
stapler__obj__R,pattern_cos,action/take,median,1.0713638067245483,0.7588065504425046,1.4639639821237702
stapler__obj__R,pattern_cos,subject/take,mean,1.029508352279663,0.9677885222609973,1.083881162319551
stapler__obj__R,pattern_cos,subject/take,median,1.011067271232605,0.9293264681809803,1.1018714517673251
stapler__obj__R,pattern_cos,time/floor,mean,12.257743835449219,7.780865146557444,20.423571338578256
stapler__obj__R,pattern_cos,time/floor,median,38.25142288208008,13.355875122348225,90.0873556038789
stapler__obj__R,centroid,time/take,mean,0.6703023910490085,0.4766995987264422,0.9011339859784221
stapler__obj__R,centroid,time/take,median,0.61011207204875,0.3746579132990114,0.977072271594889
stapler__obj__R,centroid,time/mesh,mean,0.508117748556781,0.3424728049823761,0.7223864746957087
stapler__obj__R,centroid,time/mesh,median,0.4360413197859674,0.2741374859030127,0.7275347996069764
stapler__obj__R,centroid,mesh/take,mean,1.3191871233643861,1.0655226652007181,1.799560002476769
stapler__obj__R,centroid,mesh/take,median,1.3992070117305073,1.0621009856854933,2.1430349658178653
stapler__obj__R,centroid,action/take,mean,0.9177450965026078,0.7299943411199871,1.287869375989337
stapler__obj__R,centroid,action/take,median,0.8503830028521435,0.656035481449241,1.2897710056942713
stapler__obj__R,centroid,subject/take,mean,1.038614165618419,0.9754761776504876,1.1033319725085557
stapler__obj__R,centroid,subject/take,median,1.0418607690570585,0.9511677066839552,1.133389734783445
stapler__obj__R,centroid,time/floor,mean,5.049904956203579,3.5734344496787736,8.181596528211164
stapler__obj__R,centroid,time/floor,median,5.915917027531185,3.7813270199573443,11.617034418854374
test tube holder__obj__R,raw,time/take,mean,0.5584913492202759,0.4545170207362358,0.6965368792631971
test tube holder__obj__R,raw,time/take,median,0.42961469292640686,0.30826686696487954,0.5551067178141631
test tube holder__obj__R,raw,time/mesh,mean,0.2685199975967407,0.21610459285590594,0.3284013618384136
test tube holder__obj__R,raw,time/mesh,median,0.18639229238033295,0.1369005750635901,0.23601052238689427
test tube holder__obj__R,raw,mesh/take,mean,2.0798873901367188,1.8857863997008943,2.3177141382251927
test tube holder__obj__R,raw,mesh/take,median,2.3048951625823975,2.0428286785115284,2.5963863019375126
test tube holder__obj__R,raw,action/take,mean,1.0643830299377441,0.9799018158575391,1.1558122938843867
test tube holder__obj__R,raw,action/take,median,1.1048166751861572,0.986700498477432,1.2344784690180435
test tube holder__obj__R,raw,subject/take,mean,1.0728734731674194,1.0069588640610365,1.161678456107087
test tube holder__obj__R,raw,subject/take,median,1.1127490997314453,1.016456769004945,1.2310415128000904
test tube holder__obj__R,raw,time/floor,mean,4.469472885131836,3.681537945909949,5.601998153193139
test tube holder__obj__R,raw,time/floor,median,4.9467244148254395,3.7818853921283146,6.328763772436351
test tube holder__obj__R,raw_L1,time/take,mean,0.5361160635948181,0.43166139720074365,0.6783630212258182
test tube holder__obj__R,raw_L1,time/take,median,0.4040018320083618,0.2875113930352651,0.547278641257443
test tube holder__obj__R,raw_L1,time/mesh,mean,0.2582518458366394,0.20497960910110988,0.3203867035242826
test tube holder__obj__R,raw_L1,time/mesh,median,0.17485864460468292,0.12751235525868135,0.2281698845656281
test tube holder__obj__R,raw_L1,mesh/take,mean,2.0759427547454834,1.8656682143690821,2.3285839094555207
test tube holder__obj__R,raw_L1,mesh/take,median,2.310448169708252,2.0107951728834363,2.6484763097520903
test tube holder__obj__R,raw_L1,action/take,mean,1.0697005987167358,0.9810964923142537,1.165628083808168
test tube holder__obj__R,raw_L1,action/take,median,1.1119617223739624,0.9852180271591933,1.2463589651103018
test tube holder__obj__R,raw_L1,subject/take,mean,1.0809115171432495,1.0077323558101225,1.1738397159818494
test tube holder__obj__R,raw_L1,subject/take,median,1.1233512163162231,1.0221149957084321,1.247230202000876
test tube holder__obj__R,raw_L1,time/floor,mean,4.637078285217285,3.7836855240164238,5.844487135499299
test tube holder__obj__R,raw_L1,time/floor,median,5.056094169616699,3.8160923588973037,6.706232733779903
test tube holder__obj__R,mass_abs,time/take,mean,0.6226775050163269,0.4561134165950671,0.8546326779989006
test tube holder__obj__R,mass_abs,time/take,median,0.4216627776622772,0.3051622586473739,0.6501782433463944
test tube holder__obj__R,mass_abs,time/mesh,mean,0.32118064165115356,0.22790180376233712,0.44571303490496905
test tube holder__obj__R,mass_abs,time/mesh,median,0.1771680861711502,0.12133236374380997,0.2689626883284934
test tube holder__obj__R,mass_abs,mesh/take,mean,1.9387142658233643,1.555647906747793,2.4694578628181008
test tube holder__obj__R,mass_abs,mesh/take,median,2.3800153732299805,1.8629562241577564,3.1588596647261733
test tube holder__obj__R,mass_abs,action/take,mean,1.0376973152160645,0.9092856558522477,1.2114448546764394
test tube holder__obj__R,mass_abs,action/take,median,1.0745282173156738,0.9258421881604608,1.3044826337573978
test tube holder__obj__R,mass_abs,subject/take,mean,1.1080831289291382,1.0057702641851374,1.2324037635307057
test tube holder__obj__R,mass_abs,subject/take,median,1.1469477415084839,1.0105995529630432,1.3688401664193017
test tube holder__obj__R,mass_abs,time/floor,mean,6.25963830947876,4.788956735706703,8.391204637564197
test tube holder__obj__R,mass_abs,time/floor,median,6.05877161026001,4.595200817886401,9.042444214217403
test tube holder__obj__R,mass_log,time/take,mean,0.6324135661125183,0.43839894967865817,0.964643946623195
test tube holder__obj__R,mass_log,time/take,median,0.4323539435863495,0.3178220539600077,0.7103361882111399
test tube holder__obj__R,mass_log,time/mesh,mean,0.33665937185287476,0.22700147210905405,0.505562962884417
test tube holder__obj__R,mass_log,time/mesh,median,0.1804402470588684,0.12907294419463683,0.29993615998590994
test tube holder__obj__R,mass_log,mesh/take,mean,1.8784968852996826,1.4831071130984705,2.5440964188525426
test tube holder__obj__R,mass_log,mesh/take,median,2.3961057662963867,1.844014843992048,3.312333440495306
test tube holder__obj__R,mass_log,action/take,mean,1.0214297771453857,0.8655816118676436,1.2404538365657891
test tube holder__obj__R,mass_log,action/take,median,1.0617369413375854,0.9038715264826389,1.3179979730985694
test tube holder__obj__R,mass_log,subject/take,mean,1.107099175453186,0.9852899115680191,1.2550411080602737
test tube holder__obj__R,mass_log,subject/take,median,1.154369592666626,1.0110374488589593,1.3961634330088557
test tube holder__obj__R,mass_log,time/floor,mean,6.523279190063477,4.885011707862925,9.16037224204135
test tube holder__obj__R,mass_log,time/floor,median,5.997288703918457,4.432379421757104,9.356010139483185
test tube holder__obj__R,pattern_L2,time/take,mean,0.5085119009017944,0.4062828887400791,0.6394274932981593
test tube holder__obj__R,pattern_L2,time/take,median,0.41724693775177,0.3083598609650052,0.5355944001742263
test tube holder__obj__R,pattern_L2,time/mesh,mean,0.22232554852962494,0.17842043456463053,0.2716123362411975
test tube holder__obj__R,pattern_L2,time/mesh,median,0.1640351414680481,0.12170300657631289,0.2050009884262791
test tube holder__obj__R,pattern_L2,mesh/take,mean,2.2872397899627686,2.058134862280594,2.5726945534317904
test tube holder__obj__R,pattern_L2,mesh/take,median,2.5436434745788574,2.22422687385891,2.919403336618563
test tube holder__obj__R,pattern_L2,action/take,mean,1.062203288078308,0.9693022992041485,1.173443000284995
test tube holder__obj__R,pattern_L2,action/take,median,1.1139495372772217,0.9798116617013577,1.2427541398985984
test tube holder__obj__R,pattern_L2,subject/take,mean,1.0711132287979126,0.9926118780127187,1.1625530158787245
test tube holder__obj__R,pattern_L2,subject/take,median,1.1118083000183105,1.003137050334363,1.2307567185803456
test tube holder__obj__R,pattern_L2,time/floor,mean,4.186318874359131,3.4278209932847723,5.1747285920792665
test tube holder__obj__R,pattern_L2,time/floor,median,4.860008239746094,3.856690387929524,6.134647902431105
test tube holder__obj__R,pattern_L1,time/take,mean,0.49917539954185486,0.39749283952627645,0.6248599129550754
test tube holder__obj__R,pattern_L1,time/take,median,0.39278444647789,0.2836471568928745,0.5162978533924334
test tube holder__obj__R,pattern_L1,time/mesh,mean,0.2085632085800171,0.1663398824158908,0.25313587377887464
test tube holder__obj__R,pattern_L1,time/mesh,median,0.14640679955482483,0.10641052967387672,0.1842611094808013
test tube holder__obj__R,pattern_L1,mesh/take,mean,2.3934011459350586,2.1287741248179786,2.719040325753371
test tube holder__obj__R,pattern_L1,mesh/take,median,2.6828293800354004,2.3417908282838025,3.122850353155131
test tube holder__obj__R,pattern_L1,action/take,mean,1.0712575912475586,0.9799983704509808,1.1843610010831043
test tube holder__obj__R,pattern_L1,action/take,median,1.11009681224823,0.9813595255405808,1.2648190294428185
test tube holder__obj__R,pattern_L1,subject/take,mean,1.0758912563323975,0.9974374287970031,1.174725766060441
test tube holder__obj__R,pattern_L1,subject/take,median,1.1091437339782715,1.0052834713125258,1.258168846522399
test tube holder__obj__R,pattern_L1,time/floor,mean,4.286823272705078,3.480480747517325,5.391374405037309
test tube holder__obj__R,pattern_L1,time/floor,median,5.021540641784668,3.8488642782219116,6.362895515988358
test tube holder__obj__R,pattern_cos,time/take,mean,0.3737384080886841,0.2513804266929821,0.5552248203929975
test tube holder__obj__R,pattern_cos,time/take,median,0.16301512718200684,0.08950993275576474,0.28591323974349037
test tube holder__obj__R,pattern_cos,time/mesh,mean,0.08542193472385406,0.05847485755086762,0.12024673990132487
test tube holder__obj__R,pattern_cos,time/mesh,median,0.025937460362911224,0.01474690364250566,0.042278287718114
test tube holder__obj__R,pattern_cos,mesh/take,mean,4.375204086303711,3.614612590711093,5.410733294109438
test tube holder__obj__R,pattern_cos,mesh/take,median,6.284930229187012,4.84312236566878,8.232254091806155
test tube holder__obj__R,pattern_cos,action/take,mean,1.1236449480056763,0.9504724720874014,1.3355676626992572
test tube holder__obj__R,pattern_cos,action/take,median,1.2444634437561035,0.9741965941900085,1.532552137224367
test tube holder__obj__R,pattern_cos,subject/take,mean,1.1036428213119507,0.9570581088379789,1.2778710095018488
test tube holder__obj__R,pattern_cos,subject/take,median,1.2450127601623535,1.0234878277480177,1.5068219490515162
test tube holder__obj__R,pattern_cos,time/floor,mean,12.020041465759277,7.319095282086094,20.61814882174379
test tube holder__obj__R,pattern_cos,time/floor,median,23.13772201538086,14.678171253882695,38.574822798841154
test tube holder__obj__R,centroid,time/take,mean,0.4135771580562633,0.3070937247077838,0.5480036544046424
test tube holder__obj__R,centroid,time/take,median,0.2666830622433303,0.17189227611834554,0.3923613142377329
test tube holder__obj__R,centroid,time/mesh,mean,0.15878246569146595,0.11750540656546919,0.20411987129890674
test tube holder__obj__R,centroid,time/mesh,median,0.08475697654420215,0.05603707723462012,0.11675235901335554
test tube holder__obj__R,centroid,mesh/take,mean,2.604677766245897,2.1952394179121755,3.1333630571999556
test tube holder__obj__R,centroid,mesh/take,median,3.1464437868928794,2.606121592799772,3.9097929614043494
test tube holder__obj__R,centroid,action/take,mean,1.0974332854958817,0.9784141219450093,1.2611079675641956
test tube holder__obj__R,centroid,action/take,median,1.1480023636932288,0.9663095900966888,1.379582006435974
test tube holder__obj__R,centroid,subject/take,mean,1.1404348622862153,1.027298360410208,1.280540668547289
test tube holder__obj__R,centroid,subject/take,median,1.2136054616302525,1.0615052242779128,1.442541413517949
test tube holder__obj__R,centroid,time/floor,mean,4.778321395178057,3.5355800102408232,6.637617609205676
test tube holder__obj__R,centroid,time/floor,median,5.273108508335824,3.7580968398224184,7.411513427493464
test tube__obj__L,raw,time/take,mean,0.30610713362693787,0.23388873863124277,0.3908539453317002
test tube__obj__L,raw,time/take,median,0.24932388961315155,0.18508878619369776,0.3445973668994449
test tube__obj__L,raw,time/mesh,mean,0.24919509887695312,0.18866799415512622,0.34892344340045395
test tube__obj__L,raw,time/mesh,median,0.1883091926574707,0.13369939560254104,0.31015551208540265
test tube__obj__L,raw,mesh/take,mean,1.2283834218978882,0.9725248106070356,1.5552086465174855
test tube__obj__L,raw,mesh/take,median,1.324013352394104,0.9454198488353643,1.8442629782454598
test tube__obj__L,raw,action/take,mean,0.9871967434883118,0.9102019960942734,1.0764280923651843
test tube__obj__L,raw,action/take,median,0.9401624202728271,0.8495938324844118,1.0657937889354612
test tube__obj__L,raw,subject/take,mean,1.0781244039535522,1.0263028212207974,1.1303210938836041
test tube__obj__L,raw,subject/take,median,1.0926618576049805,1.0188643638402128,1.1838881081048256
test tube__obj__L,raw,time/floor,mean,6.604842662811279,5.358104186519392,8.302875247866055
test tube__obj__L,raw,time/floor,median,7.466923236846924,5.95529077349624,9.514272677939418
test tube__obj__L,raw_L1,time/take,mean,0.2778312563896179,0.21019048414272054,0.3634440324772844
test tube__obj__L,raw_L1,time/take,median,0.23601454496383667,0.16402017219180112,0.3225874098769604
test tube__obj__L,raw_L1,time/mesh,mean,0.2189331352710724,0.1604127343325891,0.32032276913278634
test tube__obj__L,raw_L1,time/mesh,median,0.16765527427196503,0.11382389442619986,0.29345587573661563
test tube__obj__L,raw_L1,mesh/take,mean,1.2690232992172241,0.9708053234867307,1.658721835166386
test tube__obj__L,raw_L1,mesh/take,median,1.4077370166778564,0.942291408268317,2.048168267513898
test tube__obj__L,raw_L1,action/take,mean,0.9881072640419006,0.8977913389066643,1.0887506344957671
test tube__obj__L,raw_L1,action/take,median,0.9411243200302124,0.8274200114543411,1.0896829426343408
test tube__obj__L,raw_L1,subject/take,mean,1.0741020441055298,1.0187215373406155,1.1347378540212876
test tube__obj__L,raw_L1,subject/take,median,1.093759536743164,0.9972826844990315,1.188866603795505
test tube__obj__L,raw_L1,time/floor,mean,6.899580001831055,5.564370285615597,8.747710503063567
test tube__obj__L,raw_L1,time/floor,median,7.609550476074219,5.881564246870393,9.513303146685809
test tube__obj__L,mass_abs,time/take,mean,0.3841720521450043,0.2670156270400517,0.553724477979601
test tube__obj__L,mass_abs,time/take,median,0.2579801678657532,0.1639531651368175,0.3900324325983266
test tube__obj__L,mass_abs,time/mesh,mean,0.42703139781951904,0.3061505267571976,0.6032591175407152
test tube__obj__L,mass_abs,time/mesh,median,0.3072059452533722,0.18415741135353408,0.467739441120388
test tube__obj__L,mass_abs,mesh/take,mean,0.8996341824531555,0.7504446726003635,1.1455238543773931
test tube__obj__L,mass_abs,mesh/take,median,0.8397629261016846,0.6667055696121775,1.1716054138210676
test tube__obj__L,mass_abs,action/take,mean,0.9349392652511597,0.8224362853270831,1.0843400775103567
test tube__obj__L,mass_abs,action/take,median,0.9511337876319885,0.8135002089299678,1.107700487369654
test tube__obj__L,mass_abs,subject/take,mean,1.2558146715164185,1.1625199248961187,1.3421742018535927
test tube__obj__L,mass_abs,subject/take,median,1.3457163572311401,1.191932738093001,1.5082376636592372
test tube__obj__L,mass_abs,time/floor,mean,6.8846540451049805,4.953141554090003,9.93579691477322
test tube__obj__L,mass_abs,time/floor,median,7.0648322105407715,5.013494036993609,10.00708128521322
test tube__obj__L,mass_log,time/take,mean,0.5100423097610474,0.28447171814322336,0.9854468840770835
test tube__obj__L,mass_log,time/take,median,0.2711632251739502,0.18098458794111474,0.3982247140822924
test tube__obj__L,mass_log,time/mesh,mean,0.49704107642173767,0.30810785939850927,0.8282630181906907
test tube__obj__L,mass_log,time/mesh,median,0.3079378008842468,0.1912641782438537,0.470264122937276
test tube__obj__L,mass_log,mesh/take,mean,1.026157259941101,0.7472444571656466,1.6239489114386974
test tube__obj__L,mass_log,mesh/take,median,0.8805779218673706,0.698537290270484,1.2734847857453193
test tube__obj__L,mass_log,action/take,mean,0.9923394322395325,0.8287053229654932,1.2337879917662171
test tube__obj__L,mass_log,action/take,median,0.9684341549873352,0.8198470745279376,1.1086355755045236
test tube__obj__L,mass_log,subject/take,mean,1.233819842338562,1.1357555756907067,1.321328793617361
test tube__obj__L,mass_log,subject/take,median,1.3277815580368042,1.1931298992974462,1.4763812544205979
test tube__obj__L,mass_log,time/floor,mean,8.949986457824707,5.179210318378095,17.11786844806189
test tube__obj__L,mass_log,time/floor,median,7.2365641593933105,4.832963296653794,10.398368418711945
test tube__obj__L,pattern_L2,time/take,mean,0.2888357639312744,0.22081804467860683,0.3710537908391472
test tube__obj__L,pattern_L2,time/take,median,0.2563580274581909,0.18887112004299794,0.34502694673582984
test tube__obj__L,pattern_L2,time/mesh,mean,0.22443503141403198,0.1653525479743341,0.3291439588572989
test tube__obj__L,pattern_L2,time/mesh,median,0.1814451366662979,0.12175181026092839,0.3015363743013399
test tube__obj__L,pattern_L2,mesh/take,mean,1.2869460582733154,0.963863623285451,1.65296310246466
test tube__obj__L,pattern_L2,mesh/take,median,1.4128680229187012,0.9719908714337749,2.0652840952021956
test tube__obj__L,pattern_L2,action/take,mean,0.9940280914306641,0.8902228723548413,1.106649765219236
test tube__obj__L,pattern_L2,action/take,median,0.9681060910224915,0.8396145362071996,1.1093538326898498
test tube__obj__L,pattern_L2,subject/take,mean,1.053849697113037,0.9949408168646694,1.1239388183089631
test tube__obj__L,pattern_L2,subject/take,median,1.0532822608947754,0.9735667055560613,1.1786303043448316
test tube__obj__L,pattern_L2,time/floor,mean,6.526388645172119,5.400583172982087,8.042779327827311
test tube__obj__L,pattern_L2,time/floor,median,7.550914764404297,5.926635067291725,9.485727256659041
test tube__obj__L,pattern_L1,time/take,mean,0.26543641090393066,0.2004740482797468,0.35052733955538395
test tube__obj__L,pattern_L1,time/take,median,0.24203574657440186,0.16484822698180934,0.33199370743937484
test tube__obj__L,pattern_L1,time/mesh,mean,0.19965152442455292,0.14376094409899096,0.30783055328592307
test tube__obj__L,pattern_L1,time/mesh,median,0.1627519577741623,0.10276297109149946,0.2991873611786118
test tube__obj__L,pattern_L1,mesh/take,mean,1.329498529434204,0.9504330550976932,1.7519963010027324
test tube__obj__L,pattern_L1,mesh/take,median,1.487144947052002,0.9406234294905523,2.2646273603390616
test tube__obj__L,pattern_L1,action/take,mean,0.9958556890487671,0.8827732067027754,1.11779105751343
test tube__obj__L,pattern_L1,action/take,median,0.9619125127792358,0.8168910798879816,1.1240103022530052
test tube__obj__L,pattern_L1,subject/take,mean,1.0590864419937134,0.9954682428856245,1.1381822482263073
test tube__obj__L,pattern_L1,subject/take,median,1.0638090372085571,0.9708214646500011,1.2191639927975428
test tube__obj__L,pattern_L1,time/floor,mean,6.745896339416504,5.542134428046864,8.297545261304185
test tube__obj__L,pattern_L1,time/floor,median,7.984773635864258,6.066701723513737,10.315261497047317
test tube__obj__L,pattern_cos,time/take,mean,0.10401398688554764,0.06257726767763731,0.16635052817752902
test tube__obj__L,pattern_cos,time/take,median,0.06336172670125961,0.032620950274277215,0.11565918119733275
test tube__obj__L,pattern_cos,time/mesh,mean,0.06567690521478653,0.03842471690842055,0.13082425949977755
test tube__obj__L,pattern_cos,time/mesh,median,0.03278205916285515,0.014854425135615038,0.08937194008234485
test tube__obj__L,pattern_cos,mesh/take,mean,1.583722472190857,0.9314031620477689,2.418604730630793
test tube__obj__L,pattern_cos,mesh/take,median,1.9328172206878662,0.9307129898190617,4.068194231526007
test tube__obj__L,pattern_cos,action/take,mean,0.9924452304840088,0.8073298426846951,1.2248633498438755
test tube__obj__L,pattern_cos,action/take,median,0.9158220291137695,0.7037009857457621,1.222721511883858
test tube__obj__L,pattern_cos,subject/take,mean,1.0881301164627075,0.9759211670220495,1.226817968861124
test tube__obj__L,pattern_cos,subject/take,median,1.1054588556289673,0.9606723884590866,1.3943911466283825
test tube__obj__L,pattern_cos,time/floor,mean,28.42761993408203,16.96566340708061,48.0356242252142
test tube__obj__L,pattern_cos,time/floor,median,57.929412841796875,34.843158708921145,89.40129910746168
test tube__obj__L,centroid,time/take,mean,0.22733559281639418,0.16081961922982885,0.3212049004514613
test tube__obj__L,centroid,time/take,median,0.18265529723800392,0.1101443805334453,0.27225600377801723
test tube__obj__L,centroid,time/mesh,mean,0.16498841012418225,0.10895008093739984,0.27790762345746295
test tube__obj__L,centroid,time/mesh,median,0.11925486955589153,0.06589401481510557,0.247140187565296
test tube__obj__L,centroid,mesh/take,mean,1.3778882567889763,0.9147841281281107,1.9196664051731194
test tube__obj__L,centroid,mesh/take,median,1.531638061558554,0.883876129102286,2.474346710797908
test tube__obj__L,centroid,action/take,mean,0.9917496365054196,0.8525510015321297,1.1447709929132814
test tube__obj__L,centroid,action/take,median,0.9441912807508444,0.7736212351175826,1.1492885786984364
test tube__obj__L,centroid,subject/take,mean,1.0679680753879912,0.9846077424248151,1.1623504173948265
test tube__obj__L,centroid,subject/take,median,1.0805677048132478,0.9611274491932602,1.2561845491547645
test tube__obj__L,centroid,time/floor,mean,8.023945336882498,6.206487994334719,10.692538005925986
test tube__obj__L,centroid,time/floor,median,10.189337520663576,6.761886722341081,14.335121182178186
test tube__obj__R,raw,time/take,mean,0.3601115643978119,0.25867592234559605,0.5030072991583794
test tube__obj__R,raw,time/take,median,0.28636452555656433,0.18915349262981082,0.43496906469464497
test tube__obj__R,raw,time/mesh,mean,0.3487076163291931,0.2435917994273721,0.508328554143476
test tube__obj__R,raw,time/mesh,median,0.28231316804885864,0.17949921368357002,0.45986573235045963
test tube__obj__R,raw,mesh/take,mean,1.0327033996582031,0.8720779896035524,1.3040977631970991
test tube__obj__R,raw,mesh/take,median,1.0143505334854126,0.7754806592909813,1.503121444562281
test tube__obj__R,raw,action/take,mean,1.0798912048339844,0.9440930256061628,1.2441057568032914
test tube__obj__R,raw,action/take,median,1.1037921905517578,0.8633421816834742,1.3792255692974342
test tube__obj__R,raw,subject/take,mean,1.014872431755066,0.8756902720486535,1.2354063057628362
test tube__obj__R,raw,subject/take,median,0.9405611753463745,0.7290784619454066,1.3982275297113664
test tube__obj__R,raw,time/floor,mean,6.305596828460693,4.635124509790258,8.09177600224737
test tube__obj__R,raw,time/floor,median,6.971706390380859,5.116454153999539,9.369179004325598
test tube__obj__R,raw_L1,time/take,mean,0.3367006778717041,0.23719654534880208,0.47745830452609994
test tube__obj__R,raw_L1,time/take,median,0.27010586857795715,0.16803435366608738,0.41745080216238273
test tube__obj__R,raw_L1,time/mesh,mean,0.31921425461769104,0.2131559767381638,0.4759334684620219
test tube__obj__R,raw_L1,time/mesh,median,0.2600893974304199,0.15768958092436497,0.43438653626184787
test tube__obj__R,raw_L1,mesh/take,mean,1.0547796487808228,0.8686778310697567,1.3609757346213593
test tube__obj__R,raw_L1,mesh/take,median,1.0385116338729858,0.762731080686266,1.5642220491796615
test tube__obj__R,raw_L1,action/take,mean,1.091300368309021,0.9339607228998268,1.2819855720045812
test tube__obj__R,raw_L1,action/take,median,1.1194244623184204,0.8431015222008531,1.4211134562154706
test tube__obj__R,raw_L1,subject/take,mean,1.0053725242614746,0.8527853106761709,1.248919658462854
test tube__obj__R,raw_L1,subject/take,median,0.9348408579826355,0.6960778503110062,1.4828170438116894
test tube__obj__R,raw_L1,time/floor,mean,6.56266450881958,4.769693078379893,8.47736513531228
test tube__obj__R,raw_L1,time/floor,median,7.397832870483398,5.102475020404271,9.869797465047759
test tube__obj__R,mass_abs,time/take,mean,0.6097440719604492,0.36495721335488834,1.061217607192882
test tube__obj__R,mass_abs,time/take,median,0.3759649991989136,0.21605398836618525,0.6985008506054101
test tube__obj__R,mass_abs,time/mesh,mean,0.6809435486793518,0.39750426347263434,1.2005801569091212
test tube__obj__R,mass_abs,time/mesh,median,0.4292440414428711,0.22551485001553823,0.8364063805441763
test tube__obj__R,mass_abs,mesh/take,mean,0.8954399824142456,0.6819403717583177,1.2727898709400212
test tube__obj__R,mass_abs,mesh/take,median,0.8758769631385803,0.5188109528563696,1.7458662714696414
test tube__obj__R,mass_abs,action/take,mean,1.094069480895996,0.910976717695131,1.42076502054183
test tube__obj__R,mass_abs,action/take,median,1.129291296005249,0.8235382040709249,1.710615841387057
test tube__obj__R,mass_abs,subject/take,mean,1.1380434036254883,0.881405125826302,1.4777994129427503
test tube__obj__R,mass_abs,subject/take,median,1.3270970582962036,0.7988775095101182,2.1723111190546085
test tube__obj__R,mass_abs,time/floor,mean,9.002446174621582,5.711766946459746,12.485415629842336
test tube__obj__R,mass_abs,time/floor,median,7.614667892456055,4.692759902052162,11.246045544275972
test tube__obj__R,mass_log,time/take,mean,0.7419632077217102,0.36791013830837777,1.5370921401313915
test tube__obj__R,mass_log,time/take,median,0.37453585863113403,0.20930424895102726,0.7288295495576586
test tube__obj__R,mass_log,time/mesh,mean,0.8849921822547913,0.41020454894406805,1.9263444392591684
test tube__obj__R,mass_log,time/mesh,median,0.44753366708755493,0.22313465649679717,0.8533545372002506
test tube__obj__R,mass_log,mesh/take,mean,0.8383839130401611,0.6128033634802563,1.3176800388982752
test tube__obj__R,mass_log,mesh/take,median,0.8368886709213257,0.48377033502342226,1.6695275557482165
test tube__obj__R,mass_log,action/take,mean,1.037185549736023,0.7764051489770764,1.5034737145977404
test tube__obj__R,mass_log,action/take,median,1.112048625946045,0.7901786134280877,1.7461270240870346
test tube__obj__R,mass_log,subject/take,mean,1.0164635181427002,0.7232937244696306,1.4345591536567146
test tube__obj__R,mass_log,subject/take,median,1.246956467628479,0.7213841885699789,2.1361393395337007
test tube__obj__R,mass_log,time/floor,mean,11.588501930236816,5.803195524622087,21.844931005229466
test tube__obj__R,mass_log,time/floor,median,8.146188735961914,4.765015025480383,11.4315515530378
test tube__obj__R,pattern_L2,time/take,mean,0.28911831974983215,0.2181032814893348,0.3894721932796008
test tube__obj__R,pattern_L2,time/take,median,0.29187190532684326,0.18054922848226146,0.4283743320684038
test tube__obj__R,pattern_L2,time/mesh,mean,0.28203821182250977,0.2117259553608258,0.38911717647055005
test tube__obj__R,pattern_L2,time/mesh,median,0.2914121747016907,0.17497813718361274,0.4542575975770737
test tube__obj__R,pattern_L2,mesh/take,mean,1.0251034498214722,0.8455580729786805,1.3298988824842197
test tube__obj__R,pattern_L2,mesh/take,median,1.001577615737915,0.7482202943637397,1.6308088855697254
test tube__obj__R,pattern_L2,action/take,mean,1.0690076351165771,0.9214804394244474,1.268977315215474
test tube__obj__R,pattern_L2,action/take,median,1.068778395652771,0.7927198629111197,1.4294915033062914
test tube__obj__R,pattern_L2,subject/take,mean,0.9643701910972595,0.8172273901277245,1.2095127598188635
test tube__obj__R,pattern_L2,subject/take,median,0.8965536952018738,0.6537992210450541,1.4086911579763557
test tube__obj__R,pattern_L2,time/floor,mean,5.433566093444824,4.1544539498813595,7.1051396503282245
test tube__obj__R,pattern_L2,time/floor,median,7.353559970855713,4.9904201986916,9.618302178622892
test tube__obj__R,pattern_L1,time/take,mean,0.27412405610084534,0.2030424999124094,0.37621334706697107
test tube__obj__R,pattern_L1,time/take,median,0.2702072858810425,0.16341823315287538,0.41900199530518734
test tube__obj__R,pattern_L1,time/mesh,mean,0.2632907032966614,0.1895676601900476,0.37295274178775334
test tube__obj__R,pattern_L1,time/mesh,median,0.2648865282535553,0.1529658141825494,0.42694372690212007
test tube__obj__R,pattern_L1,mesh/take,mean,1.0411460399627686,0.8454602732832636,1.378608498768181
test tube__obj__R,pattern_L1,mesh/take,median,1.0200870037078857,0.741554929060481,1.6693610274824666
test tube__obj__R,pattern_L1,action/take,mean,1.0745713710784912,0.9100365776742284,1.2891826017073196
test tube__obj__R,pattern_L1,action/take,median,1.093530297279358,0.7907969310075835,1.4541350782411833
test tube__obj__R,pattern_L1,subject/take,mean,0.9567387104034424,0.7986721789274055,1.2191660600194243
test tube__obj__R,pattern_L1,subject/take,median,0.8880590796470642,0.6271286475650039,1.4883364904250707
test tube__obj__R,pattern_L1,time/floor,mean,5.630273818969727,4.174411184902363,7.59291192879047
test tube__obj__R,pattern_L1,time/floor,median,8.022326469421387,5.162605647078324,10.551244885430032
test tube__obj__R,pattern_cos,time/take,mean,0.10640224814414978,0.06271913656230496,0.1868992970806787
test tube__obj__R,pattern_cos,time/take,median,0.07818073779344559,0.030638002816967904,0.17069778941895686
test tube__obj__R,pattern_cos,time/mesh,mean,0.10154492408037186,0.05829800660053124,0.18552571064880174
test tube__obj__R,pattern_cos,time/mesh,median,0.07487276941537857,0.02769295687858774,0.18739371233802943
test tube__obj__R,pattern_cos,mesh/take,mean,1.0478342771530151,0.7459066801863821,1.6151568590140355
test tube__obj__R,pattern_cos,mesh/take,median,1.0441811084747314,0.5989805642179673,2.388540916884345
test tube__obj__R,pattern_cos,action/take,mean,1.1386390924453735,0.8698556000639692,1.553173527909455
test tube__obj__R,pattern_cos,action/take,median,1.1508055925369263,0.683018364539507,1.9528054538895128
test tube__obj__R,pattern_cos,subject/take,mean,0.9061886668205261,0.6563648971195347,1.3249132137896247
test tube__obj__R,pattern_cos,subject/take,median,0.8263580799102783,0.4609095989555134,1.8976672333695788
test tube__obj__R,pattern_cos,time/floor,mean,21.025001525878906,11.169037942884282,40.81134662807265
test tube__obj__R,pattern_cos,time/floor,median,55.22697448730469,25.094406654675108,90.95482416879794
test tube__obj__R,centroid,time/take,mean,0.25928487339757067,0.17817831813870966,0.38353609409240125
test tube__obj__R,centroid,time/take,median,0.20564349623836972,0.11011654117767966,0.36988062900931273
test tube__obj__R,centroid,time/mesh,mean,0.23985542454964304,0.1582665782118956,0.3730807984174888
test tube__obj__R,centroid,time/mesh,median,0.19223766637307513,0.09525176463785974,0.36944725401404466
test tube__obj__R,centroid,mesh/take,mean,1.0810048339928466,0.8374038866608023,1.4901419225835066
test tube__obj__R,centroid,mesh/take,median,1.069735708501985,0.7661936832728335,1.8159065284486429
test tube__obj__R,centroid,action/take,mean,1.0926549269013681,0.8996224759480871,1.3578733443277362
test tube__obj__R,centroid,action/take,median,1.0862798441596189,0.7854868113165279,1.5522982547739415
test tube__obj__R,centroid,subject/take,mean,0.9265980865274411,0.7286125545201146,1.2575385289004528
test tube__obj__R,centroid,subject/take,median,0.8811987217669284,0.5753935550709579,1.5331750976859733
test tube__obj__R,centroid,time/floor,mean,6.595162816590713,4.16500140049856,9.851982168243836
test tube__obj__R,centroid,time/floor,median,9.619520177035364,5.6337792614425535,14.339235120104304
tongs__obj__R,raw,time/take,mean,0.27632516622543335,0.20565062826762062,0.3602082010420754
tongs__obj__R,raw,time/take,median,0.21621549129486084,0.1396562381534335,0.34323479239077365
tongs__obj__R,raw,time/mesh,mean,0.2404492050409317,0.18067747955943972,0.3130627111773029
tongs__obj__R,raw,time/mesh,median,0.20335403084754944,0.13082466110324767,0.31297195184052534
tongs__obj__R,raw,mesh/take,mean,1.149203896522522,0.9739303528417529,1.4139509551432354
tongs__obj__R,raw,mesh/take,median,1.0632466077804565,0.8810593314438129,1.497676518572034
tongs__obj__R,raw,action/take,mean,0.7949713468551636,0.5654710677502925,1.3366535878477641
tongs__obj__R,raw,action/take,median,0.5810616612434387,0.40015405668344034,1.5330559222375537
tongs__obj__R,raw,subject/take,mean,1.1284979581832886,1.015088431668326,1.3239314992080988
tongs__obj__R,raw,subject/take,median,1.0860002040863037,1.000044187337161,1.4978004240079865
tongs__obj__R,raw,time/floor,mean,4.070634841918945,2.8911031951887067,5.672457314894315
tongs__obj__R,raw,time/floor,median,4.822381973266602,3.1765476793648024,7.510914404804934
tongs__obj__R,raw_L1,time/take,mean,0.24424314498901367,0.17869938579746641,0.3277027100447157
tongs__obj__R,raw_L1,time/take,median,0.19172236323356628,0.11878995528222737,0.32128648836955226
tongs__obj__R,raw_L1,time/mesh,mean,0.22412905097007751,0.16146308152600705,0.2964346124788318
tongs__obj__R,raw_L1,time/mesh,median,0.18588945269584656,0.11553984777195161,0.28752480467721486
tongs__obj__R,raw_L1,mesh/take,mean,1.0897433757781982,0.9063652756037792,1.4198900252625037
tongs__obj__R,raw_L1,mesh/take,median,1.0313783884048462,0.8381339863632562,1.6072434717549364
tongs__obj__R,raw_L1,action/take,mean,0.7787945866584778,0.4971706069415553,1.481214702135683
tongs__obj__R,raw_L1,action/take,median,0.4918224513530731,0.31896229954660005,1.7811567761933371
tongs__obj__R,raw_L1,subject/take,mean,1.1396117210388184,1.0165689383372623,1.3517342234287835
tongs__obj__R,raw_L1,subject/take,median,1.1085535287857056,1.003782488805316,1.6673944655980748
tongs__obj__R,raw_L1,time/floor,mean,4.1225056648254395,2.929665763280337,5.811187939667288
tongs__obj__R,raw_L1,time/floor,median,5.307832717895508,3.2131051568467437,7.40159149757211
tongs__obj__R,mass_abs,time/take,mean,0.6075397729873657,0.3610567002031195,0.916931207601454
tongs__obj__R,mass_abs,time/take,median,0.46304064989089966,0.22835760244489475,0.756100109415306
tongs__obj__R,mass_abs,time/mesh,mean,0.4305810332298279,0.2535578336665379,0.7570183860040811
tongs__obj__R,mass_abs,time/mesh,median,0.3035071790218353,0.15933614391804282,0.5870564406346995
tongs__obj__R,mass_abs,mesh/take,mean,1.4109766483306885,0.9516736183461548,2.0418106490773424
tongs__obj__R,mass_abs,mesh/take,median,1.5256333351135254,0.839132361321125,2.4839519292868912
tongs__obj__R,mass_abs,action/take,mean,0.7495604157447815,0.5153006220285804,0.9827771528837322
tongs__obj__R,mass_abs,action/take,median,0.7294727563858032,0.4518413798952275,1.0559068266950913
tongs__obj__R,mass_abs,subject/take,mean,1.062490463256836,0.9615610094816816,1.1712754270785914
tongs__obj__R,mass_abs,subject/take,median,1.0931416749954224,0.9463672355871869,1.282883566425807
tongs__obj__R,mass_abs,time/floor,mean,4.84721565246582,3.5127919581067295,6.596522570836851
tongs__obj__R,mass_abs,time/floor,median,5.2283525466918945,3.0699008213545795,7.978170891520488
tongs__obj__R,mass_log,time/take,mean,0.6265281438827515,0.3577816974452748,0.9975507973331357
tongs__obj__R,mass_log,time/take,median,0.41946110129356384,0.20389830875703382,0.8022299152920405
tongs__obj__R,mass_log,time/mesh,mean,0.4413455128669739,0.2650913325305424,0.7613696646730255
tongs__obj__R,mass_log,time/mesh,median,0.2679334878921509,0.14573427155185645,0.6002315107476937
tongs__obj__R,mass_log,mesh/take,mean,1.4195865392684937,0.9589598367697454,2.1343837228298783
tongs__obj__R,mass_log,mesh/take,median,1.5655418634414673,0.8426194978318592,2.6049602753609156
tongs__obj__R,mass_log,action/take,mean,0.7486193180084229,0.43552578391493807,1.0980577003967271
tongs__obj__R,mass_log,action/take,median,0.705099880695343,0.3846525060324582,1.229857615372267
tongs__obj__R,mass_log,subject/take,mean,1.0533822774887085,0.9615032058772616,1.1543883974332938
tongs__obj__R,mass_log,subject/take,median,1.074143409729004,0.9405656668516975,1.2861885614828545
tongs__obj__R,mass_log,time/floor,mean,5.240322589874268,3.660967417629733,7.439462505754113
tongs__obj__R,mass_log,time/floor,median,4.915346145629883,3.167733112190748,8.520122968482333
tongs__obj__R,pattern_L2,time/take,mean,0.23286472260951996,0.1682520381650336,0.3193198149431911
tongs__obj__R,pattern_L2,time/take,median,0.1876991093158722,0.10847889982102216,0.31691329378690497
tongs__obj__R,pattern_L2,time/mesh,mean,0.19892984628677368,0.14689928813516298,0.27883065108131694
tongs__obj__R,pattern_L2,time/mesh,median,0.1584332436323166,0.0930576537937402,0.2781840556599037
tongs__obj__R,pattern_L2,mesh/take,mean,1.170587182044983,0.9616285094105383,1.47024953429355
tongs__obj__R,pattern_L2,mesh/take,median,1.184720516204834,0.8766602950183066,1.5277918139103486
tongs__obj__R,pattern_L2,action/take,mean,0.7667346596717834,0.5510768317147431,1.2775986274273825
tongs__obj__R,pattern_L2,action/take,median,0.6350125670433044,0.37140378562190735,1.454693038208513
tongs__obj__R,pattern_L2,subject/take,mean,1.1367768049240112,1.014538706524693,1.3334956092583534
tongs__obj__R,pattern_L2,subject/take,median,1.0759214162826538,1.0042229279364234,1.4513865257900276
tongs__obj__R,pattern_L2,time/floor,mean,4.358763217926025,3.059965948351787,5.99976094547855
tongs__obj__R,pattern_L2,time/floor,median,5.530561447143555,3.4042256068366346,8.494213458460452
tongs__obj__R,pattern_L1,time/take,mean,0.21080368757247925,0.1501014061558195,0.2937507183144516
tongs__obj__R,pattern_L1,time/take,median,0.16693814098834991,0.09696089883663203,0.2811173279937853
tongs__obj__R,pattern_L1,time/mesh,mean,0.18658539652824402,0.1347542795579109,0.26032910443441876
tongs__obj__R,pattern_L1,time/mesh,median,0.1515003889799118,0.08746272519257274,0.2606714568786949
tongs__obj__R,pattern_L1,mesh/take,mean,1.129797339439392,0.9500565463492336,1.4723042014879482
tongs__obj__R,pattern_L1,mesh/take,median,1.1018990278244019,0.8296856229513786,1.505283269705356
tongs__obj__R,pattern_L1,action/take,mean,0.7529988884925842,0.5167695225894856,1.2806745559504285
tongs__obj__R,pattern_L1,action/take,median,0.5713009834289551,0.3085094391236615,1.6263546252019094
tongs__obj__R,pattern_L1,subject/take,mean,1.1454188823699951,1.0159797400803021,1.3605383350306823
tongs__obj__R,pattern_L1,subject/take,median,1.0998220443725586,1.0073413867041494,1.5441174894893173
tongs__obj__R,pattern_L1,time/floor,mean,4.479336738586426,3.1387113887267586,6.344089856695468
tongs__obj__R,pattern_L1,time/floor,median,5.734394073486328,3.493603889061999,8.960519846621235
tongs__obj__R,pattern_cos,time/take,mean,0.06596346199512482,0.037875755686058984,0.10852116240751135
tongs__obj__R,pattern_cos,time/take,median,0.035708531737327576,0.013251744131035031,0.09031049600702379
tongs__obj__R,pattern_cos,time/mesh,mean,0.05709412693977356,0.032127329224119594,0.09912080910233524
tongs__obj__R,pattern_cos,time/mesh,median,0.028611527755856514,0.011095080153823232,0.07649026495748705
tongs__obj__R,pattern_cos,mesh/take,mean,1.1553459167480469,0.8851199125586506,1.7224044863878192
tongs__obj__R,pattern_cos,mesh/take,median,1.248047113418579,0.686268940567292,2.2745382921583674
tongs__obj__R,pattern_cos,action/take,mean,0.6681817770004272,0.3570061010869043,1.5296402405484273
tongs__obj__R,pattern_cos,action/take,median,0.3271059989929199,0.11763692300801291,2.3689026627399747
tongs__obj__R,pattern_cos,subject/take,mean,1.176214337348938,1.0182451346607997,1.4334969954009962
tongs__obj__R,pattern_cos,subject/take,median,1.2060930728912354,1.010513645888273,2.235413001668691
tongs__obj__R,pattern_cos,time/floor,mean,13.186182975769043,6.241230164868216,27.02206094528268
tongs__obj__R,pattern_cos,time/floor,median,26.01511001586914,11.234685924257455,66.45592716758901
tongs__obj__R,centroid,time/take,mean,0.13763770105125056,0.08487313814102194,0.21463302767616488
tongs__obj__R,centroid,time/take,median,0.07737551427875765,0.05004171707692501,0.1721646683489052
tongs__obj__R,centroid,time/mesh,mean,0.141540300376918,0.08074347035214663,0.23723467733633558
tongs__obj__R,centroid,time/mesh,median,0.09733202415520573,0.04914307550917658,0.2032908626633954
tongs__obj__R,centroid,mesh/take,mean,0.9724276455873349,0.7815367013016344,1.4223239268841605
tongs__obj__R,centroid,mesh/take,median,0.7949646064626642,0.5538202569274603,1.6626328616972261
tongs__obj__R,centroid,action/take,mean,0.7278108480433205,0.4230365958174927,1.5545261910604165
tongs__obj__R,centroid,action/take,median,0.39835817879249164,0.23197147984515756,1.8063962710795123
tongs__obj__R,centroid,subject/take,mean,1.1611036651690503,1.0194065978427735,1.3979689666096828
tongs__obj__R,centroid,subject/take,median,1.0990943127345305,1.0026338091336267,1.8320989439011586
tongs__obj__R,centroid,time/floor,mean,4.493806450293058,2.848198243663738,7.238571803532756
tongs__obj__R,centroid,time/floor,median,5.433064506935412,3.207465715727006,9.535075681104487
toothpaste tube__obj__L,raw,time/take,mean,0.5355228781700134,0.3408404886480523,0.743071029348905
toothpaste tube__obj__L,raw,time/take,median,0.5060971975326538,0.2019767432451927,0.7577336242868138
toothpaste tube__obj__L,raw,action/take,mean,0.9488058090209961,0.8800333961290094,1.0430211511065015
toothpaste tube__obj__L,raw,action/take,median,0.9552358388900757,0.8737892959481648,1.074007354732821
toothpaste tube__obj__L,raw,subject/take,mean,1.0329089164733887,0.9815875246143375,1.1051942011225737
toothpaste tube__obj__L,raw,subject/take,median,1.02669358253479,0.9732036652687254,1.104502834081684
toothpaste tube__obj__L,raw,time/floor,mean,7.957423210144043,5.705215881380533,10.371025932068466
toothpaste tube__obj__L,raw,time/floor,median,11.397790908813477,5.279017206338424,16.21212051526134
toothpaste tube__obj__L,raw_L1,time/take,mean,0.5026092529296875,0.3010964666953949,0.7279586459059169
toothpaste tube__obj__L,raw_L1,time/take,median,0.4284101724624634,0.1750819146807413,0.7181036707503262
toothpaste tube__obj__L,raw_L1,action/take,mean,0.9434117674827576,0.8695992871158721,1.0457620395049503
toothpaste tube__obj__L,raw_L1,action/take,median,0.9508230090141296,0.8531885138514135,1.0901320938594616
toothpaste tube__obj__L,raw_L1,subject/take,mean,1.0358244180679321,0.9772492313251696,1.1162032966476185
toothpaste tube__obj__L,raw_L1,subject/take,median,1.0321671962738037,0.9650299795984206,1.1294448418561125
toothpaste tube__obj__L,raw_L1,time/floor,mean,8.912052154541016,6.370493278623496,11.735771232362321
toothpaste tube__obj__L,raw_L1,time/floor,median,11.048532485961914,5.363469035914659,17.005701548905293
toothpaste tube__obj__L,mass_abs,time/take,mean,0.6758207678794861,0.3576760393563765,1.094140311132687
toothpaste tube__obj__L,mass_abs,time/take,median,0.4448661506175995,0.12980908994761883,1.072910071406817
toothpaste tube__obj__L,mass_abs,action/take,mean,0.9720681309700012,0.8335912342340228,1.2310260829607478
toothpaste tube__obj__L,mass_abs,action/take,median,1.0036876201629639,0.7953903516863228,1.4449085295594224
toothpaste tube__obj__L,mass_abs,subject/take,mean,1.00197172164917,0.936304670456401,1.0846988043573267
toothpaste tube__obj__L,mass_abs,subject/take,median,0.9842305183410645,0.8852362958347757,1.121870330861114
toothpaste tube__obj__L,mass_abs,time/floor,mean,14.363578796386719,9.318561847310873,19.64887098430314
toothpaste tube__obj__L,mass_abs,time/floor,median,18.642072677612305,6.861754222285332,43.50725382855941
toothpaste tube__obj__L,mass_log,time/take,mean,0.6690759658813477,0.3595366540327406,1.0738699761396546
toothpaste tube__obj__L,mass_log,time/take,median,0.4682498276233673,0.13903703204705994,1.0522268338669856
toothpaste tube__obj__L,mass_log,action/take,mean,0.97502601146698,0.8285199942195444,1.2392851313102613
toothpaste tube__obj__L,mass_log,action/take,median,0.9858817458152771,0.7976276344737099,1.4139162497030642
toothpaste tube__obj__L,mass_log,subject/take,mean,1.0037251710891724,0.9319240218670373,1.0914625427144071
toothpaste tube__obj__L,mass_log,subject/take,median,0.9879211783409119,0.880384868800045,1.1194896993234633
toothpaste tube__obj__L,mass_log,time/floor,mean,14.190413475036621,8.703392620924216,20.15918904010414
toothpaste tube__obj__L,mass_log,time/floor,median,19.428646087646484,7.332300781629375,41.45025410833897
toothpaste tube__obj__L,pattern_L2,time/take,mean,0.5165868401527405,0.32813861238953795,0.7199029955599903
toothpaste tube__obj__L,pattern_L2,time/take,median,0.4666003882884979,0.22599243227417207,0.699239713317947
toothpaste tube__obj__L,pattern_L2,action/take,mean,0.9422821998596191,0.8591954955259341,1.0584293481003824
toothpaste tube__obj__L,pattern_L2,action/take,median,0.9667800068855286,0.8512039899328914,1.1103138334389118
toothpaste tube__obj__L,pattern_L2,subject/take,mean,1.0327221155166626,0.971192980869179,1.1144978649727355
toothpaste tube__obj__L,pattern_L2,subject/take,median,1.0322182178497314,0.9606039580884832,1.0929049394793386
toothpaste tube__obj__L,pattern_L2,time/floor,mean,7.541161060333252,5.162352364096615,10.209947758966136
toothpaste tube__obj__L,pattern_L2,time/floor,median,9.50265121459961,5.224825184675964,14.575370454132681
toothpaste tube__obj__L,pattern_L1,time/take,mean,0.4834049642086029,0.29492525252797663,0.6965425495923233
toothpaste tube__obj__L,pattern_L1,time/take,median,0.43398648500442505,0.18505463938766245,0.6471520504668118
toothpaste tube__obj__L,pattern_L1,action/take,mean,0.9369794726371765,0.8478650945581091,1.0663372372500324
toothpaste tube__obj__L,pattern_L1,action/take,median,0.9578955173492432,0.8351640959230697,1.1245296281314983
toothpaste tube__obj__L,pattern_L1,subject/take,mean,1.035638451576233,0.965586535261726,1.125328242312199
toothpaste tube__obj__L,pattern_L1,subject/take,median,1.0461779832839966,0.9581041300882508,1.1264709511836684
toothpaste tube__obj__L,pattern_L1,time/floor,mean,8.37260913848877,5.785786528690071,11.42396818788527
toothpaste tube__obj__L,pattern_L1,time/floor,median,9.761442184448242,5.138304749444004,15.680523765522734
toothpaste tube__obj__L,pattern_cos,time/take,mean,0.3500622808933258,0.16353319468222294,0.5919112680792465
toothpaste tube__obj__L,pattern_cos,time/take,median,0.22631174325942993,0.05073142371658483,0.4743664940789858
toothpaste tube__obj__L,pattern_cos,action/take,mean,0.9030202031135559,0.7705232002790673,1.0870577960623877
toothpaste tube__obj__L,pattern_cos,action/take,median,0.9382790923118591,0.720597695915585,1.2293689558698746
toothpaste tube__obj__L,pattern_cos,subject/take,mean,1.0538153648376465,0.9436845073159891,1.2041178664130865
toothpaste tube__obj__L,pattern_cos,subject/take,median,1.085477352142334,0.9467014656467974,1.2046691193491463
toothpaste tube__obj__L,pattern_cos,time/floor,mean,43.20432662963867,21.266247597914788,74.9128571499691
toothpaste tube__obj__L,pattern_cos,time/floor,median,95.75152587890625,29.152605695613776,221.20851594168536
toothpaste tube__obj__L,centroid,time/take,mean,0.39260401801929895,0.19903666816134716,0.6407287197450365
toothpaste tube__obj__L,centroid,time/take,median,0.28675794603578264,0.09549781571272478,0.5467033462949381
toothpaste tube__obj__L,centroid,action/take,mean,0.9139685519957004,0.7909789890468271,1.0814134298672156
toothpaste tube__obj__L,centroid,action/take,median,0.8965574088957665,0.7320161963360179,1.172778520600174
toothpaste tube__obj__L,centroid,subject/take,mean,1.0425830126043996,0.929882834479543,1.1787214399674322
toothpaste tube__obj__L,centroid,subject/take,median,1.0253004327824167,0.9010256994961383,1.2061058357117436
toothpaste tube__obj__L,centroid,time/floor,mean,11.372566701537624,6.636249511526064,16.643173653135594
toothpaste tube__obj__L,centroid,time/floor,median,13.205011493070948,5.022697527665229,24.48009701456996
usb__obj__L,raw,time/take,mean,0.6132993698120117,0.4175415116197683,0.827455969356925
usb__obj__L,raw,time/take,median,0.5803588032722473,0.2812800414331641,0.9447974087233265
usb__obj__L,raw,time/mesh,mean,0.21103321015834808,0.14365633878025935,0.29871236046962396
usb__obj__L,raw,time/mesh,median,0.18157343566417694,0.09187211081962084,0.33002551807739416
usb__obj__L,raw,mesh/take,mean,2.906174898147583,2.247599019875089,3.749854926354907
usb__obj__L,raw,mesh/take,median,3.1962761878967285,2.1993927761201792,4.258508053164612
usb__obj__L,raw,action/take,mean,1.0992552042007446,0.8699808270941044,1.5511071516934776
usb__obj__L,raw,action/take,median,1.1424721479415894,0.8078765781059823,1.6949607777723188
usb__obj__L,raw,subject/take,mean,1.0390655994415283,0.9806015808721197,1.1332918419333102
usb__obj__L,raw,subject/take,median,1.0383002758026123,0.9654026153467143,1.1923059541069638
usb__obj__L,raw,time/floor,mean,4.061509609222412,3.1195054103428266,5.697265757379872
usb__obj__L,raw,time/floor,median,5.8541178703308105,3.5579285125022797,10.78691074349216
usb__obj__L,raw_L1,time/take,mean,0.6569467186927795,0.43170381637368915,0.8830544390363173
usb__obj__L,raw_L1,time/take,median,0.5927330851554871,0.21567105390749353,0.9541963974702796
usb__obj__L,raw_L1,time/mesh,mean,0.17492443323135376,0.11331869752529213,0.2655661410035071
usb__obj__L,raw_L1,time/mesh,median,0.148860901594162,0.052338445369043224,0.2655210319707887
usb__obj__L,raw_L1,mesh/take,mean,3.755603075027466,2.7278351428732286,5.051913294825969
usb__obj__L,raw_L1,mesh/take,median,3.9817914962768555,2.7579191296123526,6.291118396069419
usb__obj__L,raw_L1,action/take,mean,1.2600923776626587,0.9921060054577548,1.8715888440073485
usb__obj__L,raw_L1,action/take,median,1.2816526889801025,0.9455785379960585,2.3534855399847605
usb__obj__L,raw_L1,subject/take,mean,1.0374115705490112,0.9724681596773177,1.1489219708409943
usb__obj__L,raw_L1,subject/take,median,1.0502690076828003,0.9520021667481303,1.224507493265223
usb__obj__L,raw_L1,time/floor,mean,4.33642578125,3.234407754857011,6.2687028099567295
usb__obj__L,raw_L1,time/floor,median,6.293210029602051,3.4708436598634136,13.4618929031678
usb__obj__L,mass_abs,time/take,mean,0.7768648862838745,0.45498684302113623,1.2179934868725675
usb__obj__L,mass_abs,time/take,median,0.6853695511817932,0.1883826384388653,1.1789413910697286
usb__obj__L,mass_abs,time/mesh,mean,0.08928190916776657,0.05373248777090017,0.15227036841676556
usb__obj__L,mass_abs,time/mesh,median,0.06509973853826523,0.018471276525942347,0.11644213073503662
usb__obj__L,mass_abs,mesh/take,mean,8.701257705688477,5.9733640227042155,11.54196703413375
usb__obj__L,mass_abs,mesh/take,median,10.527992248535156,6.684407234648836,14.478621186375896
usb__obj__L,mass_abs,action/take,mean,0.9301848411560059,0.7183325273072592,1.2794641421833628
usb__obj__L,mass_abs,action/take,median,0.9196426272392273,0.685663668038985,1.3481733220594472
usb__obj__L,mass_abs,subject/take,mean,1.0411714315414429,0.9312278564677168,1.1539507107552656
usb__obj__L,mass_abs,subject/take,median,1.0387401580810547,0.8985229607649154,1.188521974683803
usb__obj__L,mass_abs,time/floor,mean,4.313138961791992,2.656633713094165,7.880496705952191
usb__obj__L,mass_abs,time/floor,median,9.165358543395996,4.3020383023025115,17.20259104034675
usb__obj__L,mass_log,time/take,mean,0.5022488832473755,0.2523695604243412,1.1061811976212352
usb__obj__L,mass_log,time/take,median,0.4644641578197479,0.15423324459086607,1.2286303750825807
usb__obj__L,mass_log,time/mesh,mean,0.08076998591423035,0.046273781532054255,0.15425140603772478
usb__obj__L,mass_log,time/mesh,median,0.049851227551698685,0.028665395415420448,0.10584268414401936
usb__obj__L,mass_log,mesh/take,mean,6.21826171875,3.2913493776202265,12.268929400177658
usb__obj__L,mass_log,mesh/take,median,9.317005157470703,3.6203627493241823,19.93942209357396
usb__obj__L,mass_log,action/take,mean,0.5267574787139893,0.29588004835474985,0.9452956120774462
usb__obj__L,mass_log,action/take,median,0.5272293090820312,0.25887902073469193,1.054204762067505
usb__obj__L,mass_log,subject/take,mean,1.0622602701187134,0.9052026489032948,1.1841356999851502
usb__obj__L,mass_log,subject/take,median,1.1301496028900146,0.8997853027765943,1.3879450126127857
usb__obj__L,mass_log,time/floor,mean,4.531349182128906,2.8912554318773886,7.076347822017303
usb__obj__L,mass_log,time/floor,median,6.4917311668396,4.200310621162584,11.222497945401985
usb__obj__L,pattern_L2,time/take,mean,0.4106137156486511,0.2620955190388252,0.7510759430933179
usb__obj__L,pattern_L2,time/take,median,0.4498445689678192,0.19330708224931809,0.9969457354224053
usb__obj__L,pattern_L2,time/mesh,mean,0.1952551156282425,0.13368367877979143,0.34719568825321473
usb__obj__L,pattern_L2,time/mesh,median,0.14517727494239807,0.10341227925917734,0.2701729101611002
usb__obj__L,pattern_L2,mesh/take,mean,2.1029601097106934,1.1887565627823822,3.8872594843423136
usb__obj__L,pattern_L2,mesh/take,median,3.098587989807129,1.1706969940048833,5.723129470458363
usb__obj__L,pattern_L2,action/take,mean,0.6982138752937317,0.3344467547201228,1.3564066027943005
usb__obj__L,pattern_L2,action/take,median,0.6054299473762512,0.2795225901586531,1.213033308679874
usb__obj__L,pattern_L2,subject/take,mean,1.0455996990203857,0.9442629228547358,1.1508030563872573
usb__obj__L,pattern_L2,subject/take,median,1.1316938400268555,0.910149340347332,1.4585534160468308
usb__obj__L,pattern_L2,time/floor,mean,4.02239465713501,3.03820794322766,5.912324759867009
usb__obj__L,pattern_L2,time/floor,median,5.999197006225586,3.4291739770871725,9.887907777335561
usb__obj__L,pattern_L1,time/take,mean,0.4270878732204437,0.27294277884196283,0.7529430779032341
usb__obj__L,pattern_L1,time/take,median,0.5013150572776794,0.20748995691700628,0.9082166074124723
usb__obj__L,pattern_L1,time/mesh,mean,0.15893255174160004,0.10711763045086503,0.2530436708737514
usb__obj__L,pattern_L1,time/mesh,median,0.1214640662074089,0.08100906627098113,0.22131847752945852
usb__obj__L,pattern_L1,mesh/take,mean,2.6872270107269287,1.6285836639295723,4.702684481254264
usb__obj__L,pattern_L1,mesh/take,median,4.127270221710205,1.6345650694761402,5.927129260286323
usb__obj__L,pattern_L1,action/take,mean,0.8375847935676575,0.4445635734342085,1.59148573426115
usb__obj__L,pattern_L1,action/take,median,0.8327315449714661,0.3811002808251245,1.2567172612224087
usb__obj__L,pattern_L1,subject/take,mean,1.0485222339630127,0.950515718056065,1.1531128763620835
usb__obj__L,pattern_L1,subject/take,median,1.097747564315796,0.9277003220234278,1.3664329980494
usb__obj__L,pattern_L1,time/floor,mean,4.184324264526367,3.2853468659940472,5.803206513888594
usb__obj__L,pattern_L1,time/floor,median,5.987010478973389,3.4708226516678526,10.08322567394386
usb__obj__L,pattern_cos,time/take,mean,0.255932092666626,0.12039023050340233,0.6056481823797001
usb__obj__L,pattern_cos,time/take,median,0.2806735038757324,0.05731917149827975,0.8143902779496289
usb__obj__L,pattern_cos,time/mesh,mean,0.0739760771393776,0.03308075978400241,0.16883172754788336
usb__obj__L,pattern_cos,time/mesh,median,0.03322402015328407,0.01522675153724028,0.09401012886921718
usb__obj__L,pattern_cos,mesh/take,mean,3.459660530090332,1.6926100554672567,9.222698118891996
usb__obj__L,pattern_cos,mesh/take,median,8.447908401489258,1.8638124869301416,15.578733835736319
usb__obj__L,pattern_cos,action/take,mean,0.8162758946418762,0.23906202855071304,2.449675607118904
usb__obj__L,pattern_cos,action/take,median,0.7801761627197266,0.19632768626491184,1.5916041631958986
usb__obj__L,pattern_cos,subject/take,mean,1.058297038078308,0.9127007119517142,1.2353710905503255
usb__obj__L,pattern_cos,subject/take,median,1.1960161924362183,0.8847145352517675,1.7470922395583657
usb__obj__L,pattern_cos,time/floor,mean,10.22892951965332,6.454799406473324,18.449628765334033
usb__obj__L,pattern_cos,time/floor,median,35.523681640625,12.757532776862996,99.76597073286567
usb__obj__L,centroid,time/take,mean,0.3450309772659727,0.19379201121878797,0.7429690790134941
usb__obj__L,centroid,time/take,median,0.41833449695445707,0.16912918826845494,0.9985460515639994
usb__obj__L,centroid,time/mesh,mean,0.17857947468217128,0.09309312462050956,0.6784977481504703
usb__obj__L,centroid,time/mesh,median,0.09719743079864838,0.059493070091109115,0.4903136517044615
usb__obj__L,centroid,mesh/take,mean,1.932086416314334,0.4528080064732911,5.19736647477673
usb__obj__L,centroid,mesh/take,median,4.303966612256117,0.7596174126408727,6.982442472302798
usb__obj__L,centroid,action/take,mean,0.8115649779181403,0.3306118181004614,2.121820223160333
usb__obj__L,centroid,action/take,median,0.7560322943192731,0.35632329609364727,1.5432702469229496
usb__obj__L,centroid,subject/take,mean,1.0527237292294918,0.9207256373764755,1.1891072442932127
usb__obj__L,centroid,subject/take,median,1.0975518654953902,0.8770830246790554,1.415812476166542
usb__obj__L,centroid,time/floor,mean,4.782201936408812,3.4157225406246257,6.970831994934661
usb__obj__L,centroid,time/floor,median,5.6208665581603805,3.4769128968475376,11.077159287432922
usb__obj__R,raw,time/take,mean,0.72752445936203,0.5944804893031687,0.868778719839371
usb__obj__R,raw,time/take,median,0.7279855012893677,0.5194279621282833,0.8696124002330147
usb__obj__R,raw,action/take,mean,1.0533888339996338,0.9211846860947375,1.2123535621511285
usb__obj__R,raw,action/take,median,1.03260338306427,0.9152270351352164,1.2314587016588636
usb__obj__R,raw,subject/take,mean,1.0242302417755127,0.9802206392255753,1.0774725769233633
usb__obj__R,raw,subject/take,median,1.0150386095046997,0.9687861523371298,1.0696002493959478
usb__obj__R,raw,time/floor,mean,4.784160614013672,3.6024555289380116,6.662178141050387
usb__obj__R,raw,time/floor,median,6.097409725189209,4.313872207132713,9.595222737758464
usb__obj__R,raw_L1,time/take,mean,0.7074883580207825,0.5479842475723521,0.8629629173742029
usb__obj__R,raw_L1,time/take,median,0.719355583190918,0.48367135559932484,0.860986798047537
usb__obj__R,raw_L1,action/take,mean,1.0383732318878174,0.9018966631492692,1.1922706882975813
usb__obj__R,raw_L1,action/take,median,1.0167964696884155,0.9025735822974047,1.2246011440338778
usb__obj__R,raw_L1,subject/take,mean,1.0297104120254517,0.9807523278814103,1.0847558121448329
usb__obj__R,raw_L1,subject/take,median,1.0205022096633911,0.9700318937519404,1.081285404634558
usb__obj__R,raw_L1,time/floor,mean,4.959181308746338,3.654384287528635,6.986221262365196
usb__obj__R,raw_L1,time/floor,median,6.461860656738281,4.2562600391449195,10.04613404034909
usb__obj__R,mass_abs,time/take,mean,0.7838705778121948,0.4648964584708792,1.1547012762592024
usb__obj__R,mass_abs,time/take,median,0.7241388559341431,0.2957820531613939,1.1704101221844017
usb__obj__R,mass_abs,action/take,mean,1.186061143875122,0.8179899650923583,1.6973216117969299
usb__obj__R,mass_abs,action/take,median,1.1945229768753052,0.7789772660271834,2.0263622504100263
usb__obj__R,mass_abs,subject/take,mean,1.0146266222000122,0.9190683991636455,1.1170009484124324
usb__obj__R,mass_abs,subject/take,median,0.9948631525039673,0.8957654707072582,1.130916461018015
usb__obj__R,mass_abs,time/floor,mean,6.426802635192871,3.603410888164488,10.953132618206086
usb__obj__R,mass_abs,time/floor,median,8.805038452148438,4.577949984241937,17.36322336980968
usb__obj__R,mass_log,time/take,mean,0.8250365257263184,0.5347901194453941,1.244170945426892
usb__obj__R,mass_log,time/take,median,0.7682779431343079,0.464008102850319,1.1839054128052102
usb__obj__R,mass_log,action/take,mean,1.133906364440918,0.8152191496544404,1.6169327892706138
usb__obj__R,mass_log,action/take,median,1.1932207345962524,0.812654123960802,1.969956547058004
usb__obj__R,mass_log,subject/take,mean,1.0194222927093506,0.907516073443401,1.1443338705973758
usb__obj__R,mass_log,subject/take,median,0.9973771572113037,0.8935986166511437,1.1305230600768232
usb__obj__R,mass_log,time/floor,mean,6.590166091918945,3.7277261959681436,11.200183194565772
usb__obj__R,mass_log,time/floor,median,8.197244644165039,4.667408566361717,15.902864752036665
usb__obj__R,pattern_L2,time/take,mean,0.8066390752792358,0.64809782506928,1.036910635239021
usb__obj__R,pattern_L2,time/take,median,0.7780116200447083,0.6152937644442683,0.9946366102357344
usb__obj__R,pattern_L2,action/take,mean,1.0211682319641113,0.911096856106503,1.1716366972779737
usb__obj__R,pattern_L2,action/take,median,1.0144433975219727,0.915742804272068,1.1861839728686094
usb__obj__R,pattern_L2,subject/take,mean,1.0221961736679077,0.976599614984551,1.0775200432351415
usb__obj__R,pattern_L2,subject/take,median,1.006508469581604,0.9589932768947088,1.0683447379836228
usb__obj__R,pattern_L2,time/floor,mean,4.872684001922607,3.553293598680233,7.436963050380342
usb__obj__R,pattern_L2,time/floor,median,6.051783561706543,4.169528418507549,10.841258841123047
usb__obj__R,pattern_L1,time/take,mean,0.7480447292327881,0.6120416649976714,0.912641482130031
usb__obj__R,pattern_L1,time/take,median,0.7614583969116211,0.5945313078060422,0.9080108243198706
usb__obj__R,pattern_L1,action/take,mean,1.0089895725250244,0.8852657519685956,1.1529246266394542
usb__obj__R,pattern_L1,action/take,median,1.0078141689300537,0.9030830737921578,1.1779295451649965
usb__obj__R,pattern_L1,subject/take,mean,1.0255718231201172,0.9780981240641033,1.0803964824584273
usb__obj__R,pattern_L1,subject/take,median,1.0137825012207031,0.959553922979746,1.0752676589759071
usb__obj__R,pattern_L1,time/floor,mean,4.9057936668396,3.5329661231905476,7.23129895926977
usb__obj__R,pattern_L1,time/floor,median,6.247392177581787,4.216529749428697,11.35704312573174
usb__obj__R,pattern_cos,time/take,mean,0.6104537844657898,0.4196050914370588,0.8821141207999745
usb__obj__R,pattern_cos,time/take,median,0.5644559264183044,0.36209776092290624,0.8320210580930759
usb__obj__R,pattern_cos,action/take,mean,1.0214484930038452,0.8010917500332675,1.3152445469342782
usb__obj__R,pattern_cos,action/take,median,1.0260452032089233,0.838518058174684,1.4037033428942196
usb__obj__R,pattern_cos,subject/take,mean,1.0388062000274658,0.9521805229234979,1.1383767695862204
usb__obj__R,pattern_cos,subject/take,median,1.011078119277954,0.921190148457329,1.138725822232961
usb__obj__R,pattern_cos,time/floor,mean,15.737659454345703,8.868870920885069,30.796932317588766
usb__obj__R,pattern_cos,time/floor,median,34.84929275512695,18.12380674392726,127.67372241648556
usb__obj__R,centroid,time/take,mean,0.6615547071755197,0.47665450378443136,0.8796431492848368
usb__obj__R,centroid,time/take,median,0.7344431385086687,0.42844897281156136,0.977133575717
usb__obj__R,centroid,action/take,mean,0.9292000475529275,0.7394436113515265,1.2061547920795541
usb__obj__R,centroid,action/take,median,0.9135027557005853,0.7384348627966506,1.2284873416141162
usb__obj__R,centroid,subject/take,mean,1.036819161932908,0.954675457889758,1.1217864262248634
usb__obj__R,centroid,subject/take,median,1.0500095211352287,0.9304463531114304,1.1768667025313533
usb__obj__R,centroid,time/floor,mean,5.5339949007654985,3.4741803709466805,8.393885041532972
usb__obj__R,centroid,time/floor,median,8.03983798234429,4.031157775680998,15.532149395237685
whiteboard eraser__obj__R,raw,time/take,mean,0.605593740940094,0.4789880502613504,0.7870952452890723
whiteboard eraser__obj__R,raw,time/take,median,0.5481905341148376,0.41600643183225605,0.7640831891809653
whiteboard eraser__obj__R,raw,time/mesh,mean,0.46382322907447815,0.3925217704484197,0.5422220392754274
whiteboard eraser__obj__R,raw,time/mesh,median,0.4214882254600525,0.35905661299428954,0.5244123841018093
whiteboard eraser__obj__R,raw,mesh/take,mean,1.3056563138961792,1.1322459884132097,1.5322611386908265
whiteboard eraser__obj__R,raw,mesh/take,median,1.3006070852279663,1.08157253260887,1.6130339231303137
whiteboard eraser__obj__R,raw,action/take,mean,1.147426962852478,0.9412223979136022,1.3993072495327095
whiteboard eraser__obj__R,raw,action/take,median,1.0982987880706787,0.8857612866416604,1.4627519822669341
whiteboard eraser__obj__R,raw,subject/take,mean,1.0674347877502441,0.9920350777682975,1.1871347686162266
whiteboard eraser__obj__R,raw,subject/take,median,1.0757911205291748,0.9846005638489542,1.1975619637170858
whiteboard eraser__obj__R,raw,time/floor,mean,3.451725482940674,2.776287026222789,4.654157541417227
whiteboard eraser__obj__R,raw,time/floor,median,3.889277219772339,3.059609987701835,5.60949485947078
whiteboard eraser__obj__R,raw_L1,time/take,mean,0.591964066028595,0.4660334687102116,0.7740844342854282
whiteboard eraser__obj__R,raw_L1,time/take,median,0.5703741908073425,0.4127773615725948,0.7567775718183561
whiteboard eraser__obj__R,raw_L1,time/mesh,mean,0.40415436029434204,0.344490383099072,0.4674342012447782
whiteboard eraser__obj__R,raw_L1,time/mesh,median,0.37904471158981323,0.30912017214268955,0.4481997900112318
whiteboard eraser__obj__R,raw_L1,mesh/take,mean,1.464698076248169,1.2378434927470032,1.7605610109537326
whiteboard eraser__obj__R,raw_L1,mesh/take,median,1.5047675371170044,1.1825138561720885,1.8584446608335343
whiteboard eraser__obj__R,raw_L1,action/take,mean,1.2026585340499878,0.9465569210529716,1.517658731853811
whiteboard eraser__obj__R,raw_L1,action/take,median,1.186801552772522,0.8684938190797796,1.6087725952363072
whiteboard eraser__obj__R,raw_L1,subject/take,mean,1.0620423555374146,0.9847421503217488,1.185950168822246
whiteboard eraser__obj__R,raw_L1,subject/take,median,1.0671288967132568,0.9812081362703078,1.2161548310134227
whiteboard eraser__obj__R,raw_L1,time/floor,mean,3.5248024463653564,2.8705761996969015,4.6197609670678075
whiteboard eraser__obj__R,raw_L1,time/floor,median,4.218530654907227,3.080716060791488,5.754316130660128
whiteboard eraser__obj__R,mass_abs,time/take,mean,0.6157938241958618,0.35696365079219916,1.082705138063452
whiteboard eraser__obj__R,mass_abs,time/take,median,0.6381809115409851,0.29677952570871885,1.1508219701739368
whiteboard eraser__obj__R,mass_abs,time/mesh,mean,0.38127371668815613,0.23877730698410898,0.5443964323737613
whiteboard eraser__obj__R,mass_abs,time/mesh,median,0.3159586489200592,0.15766478847100382,0.5074032232608038
whiteboard eraser__obj__R,mass_abs,mesh/take,mean,1.6150964498519897,0.9873656703167877,2.796162932275665
whiteboard eraser__obj__R,mass_abs,mesh/take,median,2.019824266433716,1.071008956247245,3.373222680982128
whiteboard eraser__obj__R,mass_abs,action/take,mean,1.471287727355957,0.7957403208202819,2.5106436812905786
whiteboard eraser__obj__R,mass_abs,action/take,median,1.5725467205047607,0.7922063442236473,3.1321696969620794
whiteboard eraser__obj__R,mass_abs,subject/take,mean,1.1114389896392822,0.9289512456046565,1.2973832042229958
whiteboard eraser__obj__R,mass_abs,subject/take,median,1.1394431591033936,0.8873856828097019,1.5740064303661374
whiteboard eraser__obj__R,mass_abs,time/floor,mean,2.4457032680511475,1.7827131398134703,3.749079730876791
whiteboard eraser__obj__R,mass_abs,time/floor,median,2.963472604751587,1.583586651110448,5.4735917884008565
whiteboard eraser__obj__R,mass_log,time/take,mean,0.636639416217804,0.36879976670069603,1.1101776113468171
whiteboard eraser__obj__R,mass_log,time/take,median,0.6359502077102661,0.3000192325737749,1.1753272766301504
whiteboard eraser__obj__R,mass_log,time/mesh,mean,0.4002644419670105,0.2521426400366367,0.5805314142186251
whiteboard eraser__obj__R,mass_log,time/mesh,median,0.3293588161468506,0.17386264751744177,0.530128238338389
whiteboard eraser__obj__R,mass_log,mesh/take,mean,1.5905470848083496,0.9767703458316445,2.740259531813317
whiteboard eraser__obj__R,mass_log,mesh/take,median,1.9308736324310303,1.0359238063142062,3.4687581721837657
whiteboard eraser__obj__R,mass_log,action/take,mean,1.640297293663025,0.8140703499014591,2.907352294261236
whiteboard eraser__obj__R,mass_log,action/take,median,1.7927780151367188,0.8156957012155155,3.769286306971405
whiteboard eraser__obj__R,mass_log,subject/take,mean,1.0975441932678223,0.9205865679104933,1.2777562223470524
whiteboard eraser__obj__R,mass_log,subject/take,median,1.129754900932312,0.8769477974901678,1.5426634160441153
whiteboard eraser__obj__R,mass_log,time/floor,mean,2.434148073196411,1.7870790278933444,3.8878327025684483
whiteboard eraser__obj__R,mass_log,time/floor,median,3.096360921859741,1.6389085009661508,5.602036976881826
whiteboard eraser__obj__R,pattern_L2,time/take,mean,0.6147980690002441,0.4811198282397473,0.7974858811127169
whiteboard eraser__obj__R,pattern_L2,time/take,median,0.563797116279602,0.41027089268177586,0.8045666649917053
whiteboard eraser__obj__R,pattern_L2,time/mesh,mean,0.5064077973365784,0.41706573118978824,0.5972651256915239
whiteboard eraser__obj__R,pattern_L2,time/mesh,median,0.4703444242477417,0.37089330351151356,0.5839254594758025
whiteboard eraser__obj__R,pattern_L2,mesh/take,mean,1.214037537574768,1.045536736597963,1.450849222357287
whiteboard eraser__obj__R,pattern_L2,mesh/take,median,1.1986899375915527,0.9989550940472927,1.6173879035192862
whiteboard eraser__obj__R,pattern_L2,action/take,mean,1.2665252685546875,1.0089269753244705,1.6004324849645015
whiteboard eraser__obj__R,pattern_L2,action/take,median,1.2086230516433716,0.9388755856643004,1.6961908668254917
whiteboard eraser__obj__R,pattern_L2,subject/take,mean,1.052596092224121,0.9842446550184419,1.1653306706230389
whiteboard eraser__obj__R,pattern_L2,subject/take,median,1.0543009042739868,0.9723287281925359,1.1976476383045664
whiteboard eraser__obj__R,pattern_L2,time/floor,mean,3.5896077156066895,2.9291903399288994,4.732265327279965
whiteboard eraser__obj__R,pattern_L2,time/floor,median,4.143375396728516,3.1174879801221294,6.119265827945708
whiteboard eraser__obj__R,pattern_L1,time/take,mean,0.6025391817092896,0.4663231697375672,0.7894184212611335
whiteboard eraser__obj__R,pattern_L1,time/take,median,0.5696499347686768,0.4004582735030716,0.8079400489689009
whiteboard eraser__obj__R,pattern_L1,time/mesh,mean,0.44895416498184204,0.37464124856867664,0.5292849229830973
whiteboard eraser__obj__R,pattern_L1,time/mesh,median,0.417501300573349,0.326036823022186,0.5253954776885185
whiteboard eraser__obj__R,pattern_L1,mesh/take,mean,1.3420950174331665,1.1279400862238607,1.6706755947669014
whiteboard eraser__obj__R,pattern_L1,mesh/take,median,1.3644267320632935,1.0808866133709747,1.8462172924533493
whiteboard eraser__obj__R,pattern_L1,action/take,mean,1.3119664192199707,1.0066603199303468,1.7340432854369756
whiteboard eraser__obj__R,pattern_L1,action/take,median,1.281365156173706,0.9136842612064155,1.8846857398236891
whiteboard eraser__obj__R,pattern_L1,subject/take,mean,1.049737572669983,0.9758130774391582,1.1711469438790523
whiteboard eraser__obj__R,pattern_L1,subject/take,median,1.044154405593872,0.9584835737733957,1.1976228077036775
whiteboard eraser__obj__R,pattern_L1,time/floor,mean,3.6729683876037598,2.993498393586624,4.761386782618897
whiteboard eraser__obj__R,pattern_L1,time/floor,median,4.288628101348877,3.2127604508439167,6.156520988278586
whiteboard eraser__obj__R,pattern_cos,time/take,mean,0.39940422773361206,0.24970638815774515,0.6759441968305646
whiteboard eraser__obj__R,pattern_cos,time/take,median,0.3190697431564331,0.16899944898575026,0.6538698231079956
whiteboard eraser__obj__R,pattern_cos,time/mesh,mean,0.30053114891052246,0.21410967454707172,0.4041848716758919
whiteboard eraser__obj__R,pattern_cos,time/mesh,median,0.22445911169052124,0.1433015483886529,0.3425784480134278
whiteboard eraser__obj__R,pattern_cos,mesh/take,mean,1.3289945125579834,0.9953160721569898,1.9925945499374755
whiteboard eraser__obj__R,pattern_cos,mesh/take,median,1.4215049743652344,0.9455994697589496,2.676164440417654
whiteboard eraser__obj__R,pattern_cos,action/take,mean,1.4949333667755127,0.9596312228016761,2.444990410625628
whiteboard eraser__obj__R,pattern_cos,action/take,median,1.4027122259140015,0.8415152989715938,2.8750406757403875
whiteboard eraser__obj__R,pattern_cos,subject/take,mean,1.0828461647033691,0.9547684257972311,1.3016606804139528
whiteboard eraser__obj__R,pattern_cos,subject/take,median,1.118682861328125,0.9408658058984173,1.4506636844425593
whiteboard eraser__obj__R,pattern_cos,time/floor,mean,8.99113655090332,6.100136759052078,15.968528664487948
whiteboard eraser__obj__R,pattern_cos,time/floor,median,17.595876693725586,10.110260714829755,39.3687936594135
whiteboard eraser__obj__R,centroid,time/take,mean,0.4306206108907223,0.28094202758151643,0.7340259587570455
whiteboard eraser__obj__R,centroid,time/take,median,0.3695156653306892,0.24198288202581114,0.6922335143865586
whiteboard eraser__obj__R,centroid,time/mesh,mean,0.4392334432804059,0.3252045040911091,0.6084528755502259
whiteboard eraser__obj__R,centroid,time/mesh,median,0.36556219528826966,0.2769421736665955,0.6018225220901559
whiteboard eraser__obj__R,centroid,mesh/take,mean,0.9803912190170246,0.7657137141902184,1.4149679053102113
whiteboard eraser__obj__R,centroid,mesh/take,median,1.0108147672089065,0.7147237693564922,1.6256989289564794
whiteboard eraser__obj__R,centroid,action/take,mean,1.4521726373263248,0.8543490552736743,2.3240615231976536
whiteboard eraser__obj__R,centroid,action/take,median,1.4646456446800455,0.7424222586568276,2.6711516812335985
whiteboard eraser__obj__R,centroid,subject/take,mean,1.0587001752784264,0.9421355838424464,1.2634196903117954
whiteboard eraser__obj__R,centroid,subject/take,median,1.0527951954325434,0.910372898679183,1.320745168628162
whiteboard eraser__obj__R,centroid,time/floor,mean,3.4663474635193126,2.5094244154506775,5.06957887477662
whiteboard eraser__obj__R,centroid,time/floor,median,3.539272854698274,2.6969169626571023,5.889660275936717
whiteboard pen body__obj__R,raw,time/take,mean,0.6242765188217163,0.48993702913528214,0.7650630565231142
whiteboard pen body__obj__R,raw,time/take,median,0.5283933877944946,0.3852467055300365,0.7164779805848983
whiteboard pen body__obj__R,raw,time/mesh,mean,0.6653404235839844,0.43600403476650973,0.8726828197512926
whiteboard pen body__obj__R,raw,time/mesh,median,0.5587422847747803,0.33301395403518375,0.7742244347670536
whiteboard pen body__obj__R,raw,mesh/take,mean,0.9382813572883606,0.8197921528899603,1.2723189995161088
whiteboard pen body__obj__R,raw,mesh/take,median,0.9456836581230164,0.8201394042933556,1.3507829580992807
whiteboard pen body__obj__R,raw,action/take,mean,1.1332459449768066,1.0045524145847597,1.321479247470856
whiteboard pen body__obj__R,raw,action/take,median,1.1222314834594727,0.976255684217676,1.3239996337381077
whiteboard pen body__obj__R,raw,subject/take,mean,1.0174959897994995,0.960565913203507,1.0731608234401169
whiteboard pen body__obj__R,raw,subject/take,median,1.0220752954483032,0.9392884312071206,1.1151783296081754
whiteboard pen body__obj__R,raw,time/floor,mean,4.571659088134766,3.4023886678192676,6.039501083764383
whiteboard pen body__obj__R,raw,time/floor,median,6.4904937744140625,4.487897098070681,8.947943005750801
whiteboard pen body__obj__R,raw_L1,time/take,mean,0.6152060627937317,0.4784865866718497,0.7619813012032647
whiteboard pen body__obj__R,raw_L1,time/take,median,0.5067323446273804,0.36526833117037477,0.6812655646777334
whiteboard pen body__obj__R,raw_L1,time/mesh,mean,0.6593450307846069,0.41448677830039893,0.8797530252941504
whiteboard pen body__obj__R,raw_L1,time/mesh,median,0.5341851115226746,0.3203745966872485,0.739015507439084
whiteboard pen body__obj__R,raw_L1,mesh/take,mean,0.9330563545227051,0.8077096386612055,1.2876306701997777
whiteboard pen body__obj__R,raw_L1,mesh/take,median,0.9486081600189209,0.8166989502900431,1.369793887017934
whiteboard pen body__obj__R,raw_L1,action/take,mean,1.1459414958953857,1.0068378786981123,1.357655716166879
whiteboard pen body__obj__R,raw_L1,action/take,median,1.1316568851470947,0.9695561043733659,1.3416316018082175
whiteboard pen body__obj__R,raw_L1,subject/take,mean,1.0195505619049072,0.9566362266494423,1.077676177268774
whiteboard pen body__obj__R,raw_L1,subject/take,median,1.031099796295166,0.9420532693443358,1.1080032693279003
whiteboard pen body__obj__R,raw_L1,time/floor,mean,4.735423564910889,3.4921248356117975,6.405220395739392
whiteboard pen body__obj__R,raw_L1,time/floor,median,6.359101295471191,4.208616329504945,8.917608345311335
whiteboard pen body__obj__R,mass_abs,time/take,mean,0.5802303552627563,0.3830731682477176,0.9035606428297087
whiteboard pen body__obj__R,mass_abs,time/take,median,0.4188196063041687,0.25602511131340006,0.8350598326948214
whiteboard pen body__obj__R,mass_abs,time/mesh,mean,0.6848359704017639,0.4060351326409078,1.0941493084124823
whiteboard pen body__obj__R,mass_abs,time/mesh,median,0.5864923000335693,0.28199412912952265,1.2026138373589979
whiteboard pen body__obj__R,mass_abs,mesh/take,mean,0.8472544550895691,0.7007977430059763,1.2438358176937223
whiteboard pen body__obj__R,mass_abs,mesh/take,median,0.7141093015670776,0.48020275496784265,1.268566953281365
whiteboard pen body__obj__R,mass_abs,action/take,mean,1.2675976753234863,1.0002826148289097,1.957456682871747
whiteboard pen body__obj__R,mass_abs,action/take,median,1.2168958187103271,0.9302556756124966,2.4071811556393805
whiteboard pen body__obj__R,mass_abs,subject/take,mean,1.0243878364562988,0.9077340295943669,1.1806110653685804
whiteboard pen body__obj__R,mass_abs,subject/take,median,0.9913749694824219,0.8096137048354876,1.25706279358699
whiteboard pen body__obj__R,mass_abs,time/floor,mean,4.146692276000977,2.6564996806996173,6.624466609340549
whiteboard pen body__obj__R,mass_abs,time/floor,median,5.7803144454956055,3.7251745422480678,10.192455812619789
whiteboard pen body__obj__R,mass_log,time/take,mean,0.6178920269012451,0.41012851503439746,0.9450099535412582
whiteboard pen body__obj__R,mass_log,time/take,median,0.43797680735588074,0.2663147163987125,0.8844571734538427
whiteboard pen body__obj__R,mass_log,time/mesh,mean,0.7242596745491028,0.4162430697967685,1.1810431046613286
whiteboard pen body__obj__R,mass_log,time/mesh,median,0.603886604309082,0.2809086051718063,1.353086548552258
whiteboard pen body__obj__R,mass_log,mesh/take,mean,0.8531360030174255,0.689964493289628,1.3317548935407988
whiteboard pen body__obj__R,mass_log,mesh/take,median,0.7252633571624756,0.45503983700771533,1.399964689267311
whiteboard pen body__obj__R,mass_log,action/take,mean,1.3161418437957764,1.021582124614154,2.041978525907573
whiteboard pen body__obj__R,mass_log,action/take,median,1.2163927555084229,0.9231788364547305,2.5686572174466105
whiteboard pen body__obj__R,mass_log,subject/take,mean,1.0171438455581665,0.8970803482503059,1.1804995742156452
whiteboard pen body__obj__R,mass_log,subject/take,median,0.9827101230621338,0.7979704915274836,1.2295631191494987
whiteboard pen body__obj__R,mass_log,time/floor,mean,3.8708810806274414,2.0990601924103522,6.533632260909224
whiteboard pen body__obj__R,mass_log,time/floor,median,6.32739782333374,3.956019614955151,10.73432521513227
whiteboard pen body__obj__R,pattern_L2,time/take,mean,0.6757633686065674,0.525712111980551,0.8255133792199723
whiteboard pen body__obj__R,pattern_L2,time/take,median,0.5523689985275269,0.39595232103833117,0.8120499049082761
whiteboard pen body__obj__R,pattern_L2,time/mesh,mean,0.7134672403335571,0.4429098155211119,0.9499959560254296
whiteboard pen body__obj__R,pattern_L2,time/mesh,median,0.5981924533843994,0.3245990512984988,0.902841916452835
whiteboard pen body__obj__R,pattern_L2,mesh/take,mean,0.9471541047096252,0.789247091705758,1.3699016288670693
whiteboard pen body__obj__R,pattern_L2,mesh/take,median,0.9233968257904053,0.7962719411992045,1.4552456694852451
whiteboard pen body__obj__R,pattern_L2,action/take,mean,1.176096796989441,0.9920735150672144,1.4422638173269628
whiteboard pen body__obj__R,pattern_L2,action/take,median,1.1280183792114258,0.9730769575512532,1.36828670554093
whiteboard pen body__obj__R,pattern_L2,subject/take,mean,1.0069549083709717,0.9527856564563807,1.066056950760525
whiteboard pen body__obj__R,pattern_L2,subject/take,median,0.9839449524879456,0.9241228542353203,1.0849729492581281
whiteboard pen body__obj__R,pattern_L2,time/floor,mean,4.766589164733887,3.711876208471673,6.248328364455496
whiteboard pen body__obj__R,pattern_L2,time/floor,median,6.423852443695068,4.507726154297962,9.886952618857643
whiteboard pen body__obj__R,pattern_L1,time/take,mean,0.6731888055801392,0.5167276394056879,0.8340842968479231
whiteboard pen body__obj__R,pattern_L1,time/take,median,0.542705774307251,0.3812780395216635,0.7752680460221605
whiteboard pen body__obj__R,pattern_L1,time/mesh,mean,0.7096726894378662,0.42687342777908943,0.9670054093317659
whiteboard pen body__obj__R,pattern_L1,time/mesh,median,0.5803433060646057,0.31470597501213576,0.8709465718374767
whiteboard pen body__obj__R,pattern_L1,mesh/take,mean,0.9485905766487122,0.7839612489527892,1.3832047519079111
whiteboard pen body__obj__R,pattern_L1,mesh/take,median,0.9351460337638855,0.7926732236940605,1.5016051202181702
whiteboard pen body__obj__R,pattern_L1,action/take,mean,1.1953554153442383,0.9972011418479669,1.484272470384285
whiteboard pen body__obj__R,pattern_L1,action/take,median,1.153963327407837,0.975632198499461,1.3864263933878929
whiteboard pen body__obj__R,pattern_L1,subject/take,mean,1.0113369226455688,0.9497906960265236,1.0782441033588257
whiteboard pen body__obj__R,pattern_L1,subject/take,median,0.9888166785240173,0.9334094522935267,1.1024725320022262
whiteboard pen body__obj__R,pattern_L1,time/floor,mean,4.973658084869385,3.830238208429695,6.627291934453635
whiteboard pen body__obj__R,pattern_L1,time/floor,median,6.521355152130127,4.582747627265899,9.78000748207646
whiteboard pen body__obj__R,pattern_cos,time/take,mean,0.5783594250679016,0.36497514407117304,0.8313894945049844
whiteboard pen body__obj__R,pattern_cos,time/take,median,0.3016066551208496,0.1510646328108409,0.5862461540600666
whiteboard pen body__obj__R,pattern_cos,time/mesh,mean,0.6492486596107483,0.2645679120561377,1.0759327541210066
whiteboard pen body__obj__R,pattern_cos,time/mesh,median,0.3405137360095978,0.10423131427073483,0.7047096950691444
whiteboard pen body__obj__R,pattern_cos,mesh/take,mean,0.8908134698867798,0.6190047699887771,1.7411300868619741
whiteboard pen body__obj__R,pattern_cos,mesh/take,median,0.8857400417327881,0.6752377585780452,2.0576639163458825
whiteboard pen body__obj__R,pattern_cos,action/take,mean,1.402151346206665,0.9806040702375656,2.1371533993405802
whiteboard pen body__obj__R,pattern_cos,action/take,median,1.2480807304382324,0.946419278608439,1.8256958520901778
whiteboard pen body__obj__R,pattern_cos,subject/take,mean,1.0180518627166748,0.9025469117816417,1.1402532741694367
whiteboard pen body__obj__R,pattern_cos,subject/take,median,0.9704799056053162,0.8625123006136597,1.1701411894108378
whiteboard pen body__obj__R,pattern_cos,time/floor,mean,13.813875198364258,7.9303376420664184,24.88515443920847
whiteboard pen body__obj__R,pattern_cos,time/floor,median,45.225799560546875,21.447188699916353,89.14324931045013
whiteboard pen body__obj__R,centroid,time/take,mean,0.7540267815608391,0.5223776658317225,1.0309527802804002
whiteboard pen body__obj__R,centroid,time/take,median,0.5235308104699503,0.3590292317616882,0.8869692066695506
whiteboard pen body__obj__R,centroid,time/mesh,mean,0.79785991495033,0.4123186674352233,1.200876209508109
whiteboard pen body__obj__R,centroid,time/mesh,median,0.5037499614243258,0.26251971178941735,1.0011904995035479
whiteboard pen body__obj__R,centroid,mesh/take,mean,0.9450616172486624,0.7215562755878708,1.596605404644416
whiteboard pen body__obj__R,centroid,mesh/take,median,1.0392671971421996,0.7302835746150543,1.973698692731436
whiteboard pen body__obj__R,centroid,action/take,mean,1.2380177324080406,0.9439570671098764,1.7123395185392858
whiteboard pen body__obj__R,centroid,action/take,median,1.0669476393988795,0.8517183239284031,1.504302607636791
whiteboard pen body__obj__R,centroid,subject/take,mean,1.028270415481334,0.9195593484778984,1.1814634649287095
whiteboard pen body__obj__R,centroid,subject/take,median,1.0424879440452155,0.9045546929768298,1.2777076565397276
whiteboard pen body__obj__R,centroid,time/floor,mean,5.81232368891717,4.126532788969707,8.371584550605785
whiteboard pen body__obj__R,centroid,time/floor,median,6.602164039511825,4.111163035786223,12.883060294469153
whiteboard pen cap__obj__L,raw,time/take,mean,0.7493888139724731,0.5521699999365834,0.9452199500873699
whiteboard pen cap__obj__L,raw,time/take,median,0.7539176940917969,0.46976514332262964,0.9669608408585156
whiteboard pen cap__obj__L,raw,time/mesh,mean,0.6167803406715393,0.44170869640297467,0.842293763214309
whiteboard pen cap__obj__L,raw,time/mesh,median,0.5840032696723938,0.36802785963774814,0.84659232867993
whiteboard pen cap__obj__L,raw,mesh/take,mean,1.215001106262207,0.9945390979069634,1.5254049913003278
whiteboard pen cap__obj__L,raw,mesh/take,median,1.2909477949142456,0.9312990975553825,1.619280121506075
whiteboard pen cap__obj__L,raw,action/take,mean,1.0322381258010864,0.89409809072664,1.2121338157522166
whiteboard pen cap__obj__L,raw,action/take,median,1.0469448566436768,0.8865663877911418,1.2460523731579225
whiteboard pen cap__obj__L,raw,subject/take,mean,0.9951252937316895,0.9343826022957428,1.0485488503316798
whiteboard pen cap__obj__L,raw,subject/take,median,0.9846905469894409,0.9201216217094875,1.036050359400425
whiteboard pen cap__obj__L,raw,time/floor,mean,3.303114175796509,2.5631932562152375,4.7499845392843225
whiteboard pen cap__obj__L,raw,time/floor,median,4.305595874786377,3.018987486546923,5.724262870437486
whiteboard pen cap__obj__L,raw_L1,time/take,mean,0.746109664440155,0.5403034965295077,0.9674300000633369
whiteboard pen cap__obj__L,raw_L1,time/take,median,0.7451303601264954,0.4494886780847228,0.9707827767273997
whiteboard pen cap__obj__L,raw_L1,time/mesh,mean,0.6085171103477478,0.4243116642359475,0.8655479234872687
whiteboard pen cap__obj__L,raw_L1,time/mesh,median,0.5777884125709534,0.34807508617507127,0.8530578601542756
whiteboard pen cap__obj__L,raw_L1,mesh/take,mean,1.2261112928390503,0.9812501882322282,1.5853188204046598
whiteboard pen cap__obj__L,raw_L1,mesh/take,median,1.2896249294281006,0.9180580031442002,1.7199274211939402
whiteboard pen cap__obj__L,raw_L1,action/take,mean,1.0315806865692139,0.8837450136503692,1.2253885742190527
whiteboard pen cap__obj__L,raw_L1,action/take,median,1.0468618869781494,0.8752255064052005,1.2710843011588695
whiteboard pen cap__obj__L,raw_L1,subject/take,mean,0.9954416155815125,0.9281094923862374,1.0574219517390657
whiteboard pen cap__obj__L,raw_L1,subject/take,median,0.9810563921928406,0.9224585760487152,1.0437827692538357
whiteboard pen cap__obj__L,raw_L1,time/floor,mean,3.504107713699341,2.6905364416521023,5.110252805514217
whiteboard pen cap__obj__L,raw_L1,time/floor,median,4.6068115234375,2.998644514372688,6.012370270599829
whiteboard pen cap__obj__L,mass_abs,time/take,mean,0.959631621837616,0.5918309303699849,1.3852570396658297
whiteboard pen cap__obj__L,mass_abs,time/take,median,0.7983466982841492,0.4503210303113877,1.4069636568106623
whiteboard pen cap__obj__L,mass_abs,time/mesh,mean,0.6802668571472168,0.3052354123499218,1.3700424449023383
whiteboard pen cap__obj__L,mass_abs,time/mesh,median,0.6021199226379395,0.18577908983861596,1.2383926635568239
whiteboard pen cap__obj__L,mass_abs,mesh/take,mean,1.4106693267822266,0.7880992241922562,3.033004496785202
whiteboard pen cap__obj__L,mass_abs,mesh/take,median,1.3258930444717407,0.7256146363809634,4.260157064762564
whiteboard pen cap__obj__L,mass_abs,action/take,mean,0.9948107600212097,0.7777947886415838,1.378537644769869
whiteboard pen cap__obj__L,mass_abs,action/take,median,1.0641310214996338,0.761793964833023,1.5381620937793175
whiteboard pen cap__obj__L,mass_abs,subject/take,mean,0.9843916296958923,0.8098492345719569,1.1278871007528053
whiteboard pen cap__obj__L,mass_abs,subject/take,median,0.9597764015197754,0.7667733652614378,1.1680520434523796
whiteboard pen cap__obj__L,mass_abs,time/floor,mean,4.898657321929932,3.180733984638768,9.429997363375534
whiteboard pen cap__obj__L,mass_abs,time/floor,median,5.5657172203063965,3.741312696910456,11.213416175463665
whiteboard pen cap__obj__L,mass_log,time/take,mean,0.9768404364585876,0.5788787159154712,1.4572825992703018
whiteboard pen cap__obj__L,mass_log,time/take,median,0.8016278743743896,0.44688932194091463,1.4542391614338195
whiteboard pen cap__obj__L,mass_log,time/mesh,mean,0.6739324331283569,0.27784712484129404,1.4883712159685478
whiteboard pen cap__obj__L,mass_log,time/mesh,median,0.6049540638923645,0.15280367271590486,1.3084069115197425
whiteboard pen cap__obj__L,mass_log,mesh/take,mean,1.4494634866714478,0.7495467532096329,3.415426466375949
whiteboard pen cap__obj__L,mass_log,mesh/take,median,1.3251054286956787,0.712997606422334,5.216354280435379
whiteboard pen cap__obj__L,mass_log,action/take,mean,0.9847227334976196,0.7498394852100322,1.4037262640192996
whiteboard pen cap__obj__L,mass_log,action/take,median,1.072748064994812,0.7636794378509073,1.5851823627973662
whiteboard pen cap__obj__L,mass_log,subject/take,mean,0.9808619022369385,0.7904792379025654,1.1347857012747715
whiteboard pen cap__obj__L,mass_log,subject/take,median,0.9600411057472229,0.7620261498822187,1.1634235287390244
whiteboard pen cap__obj__L,mass_log,time/floor,mean,5.167922019958496,3.2518146814875335,10.664730131038233
whiteboard pen cap__obj__L,mass_log,time/floor,median,5.53823709487915,3.616182822698416,11.639513619504998
whiteboard pen cap__obj__L,pattern_L2,time/take,mean,0.6979242563247681,0.5200024994201784,0.8585069851191932
whiteboard pen cap__obj__L,pattern_L2,time/take,median,0.717077374458313,0.4577219666731126,0.9124716429560338
whiteboard pen cap__obj__L,pattern_L2,time/mesh,mean,0.5913957357406616,0.44004026961927556,0.7689008523954036
whiteboard pen cap__obj__L,pattern_L2,time/mesh,median,0.6054136157035828,0.397996726332378,0.8277531637785619
whiteboard pen cap__obj__L,pattern_L2,mesh/take,mean,1.1801307201385498,0.9464541684627042,1.467290495989457
whiteboard pen cap__obj__L,pattern_L2,mesh/take,median,1.184442162513733,0.8876334266052499,1.5556290965035582
whiteboard pen cap__obj__L,pattern_L2,action/take,mean,1.0520141124725342,0.8987901463106304,1.2423895592862741
whiteboard pen cap__obj__L,pattern_L2,action/take,median,1.0661921501159668,0.8828604816367293,1.2800731237182967
whiteboard pen cap__obj__L,pattern_L2,subject/take,mean,0.9878883957862854,0.9185773902961365,1.0440258720296953
whiteboard pen cap__obj__L,pattern_L2,subject/take,median,0.9788104891777039,0.9177448256959708,1.0376765248313586
whiteboard pen cap__obj__L,pattern_L2,time/floor,mean,3.0122549533843994,2.427605479870817,3.8269027537183575
whiteboard pen cap__obj__L,pattern_L2,time/floor,median,4.080944061279297,2.768074303183792,5.281228769804427
whiteboard pen cap__obj__L,pattern_L1,time/take,mean,0.6792047619819641,0.5039822772240476,0.8400149543546672
whiteboard pen cap__obj__L,pattern_L1,time/take,median,0.6985164284706116,0.439926261335232,0.8838361421423647
whiteboard pen cap__obj__L,pattern_L1,time/mesh,mean,0.57138592004776,0.4166398527468681,0.75089133786765
whiteboard pen cap__obj__L,pattern_L1,time/mesh,median,0.5910614728927612,0.3874425757480058,0.8157501109250702
whiteboard pen cap__obj__L,pattern_L1,mesh/take,mean,1.188697099685669,0.9419803478142894,1.5055641505529802
whiteboard pen cap__obj__L,pattern_L1,mesh/take,median,1.1818000078201294,0.8839727404325313,1.60773584040066
whiteboard pen cap__obj__L,pattern_L1,action/take,mean,1.0584728717803955,0.8904289054400415,1.2702619629743885
whiteboard pen cap__obj__L,pattern_L1,action/take,median,1.069409966468811,0.8707417426744513,1.3008555250682776
whiteboard pen cap__obj__L,pattern_L1,subject/take,mean,0.9846635460853577,0.9110969098634928,1.0421010917338147
whiteboard pen cap__obj__L,pattern_L1,subject/take,median,0.976606547832489,0.8977996868453894,1.0314122924278022
whiteboard pen cap__obj__L,pattern_L1,time/floor,mean,3.0401804447174072,2.4474162771006087,3.897372201643214
whiteboard pen cap__obj__L,pattern_L1,time/floor,median,4.173428535461426,2.8702333610259814,5.3652855607713175
whiteboard pen cap__obj__L,pattern_cos,time/take,mean,0.5405154824256897,0.31552297426314313,0.785345873390246
whiteboard pen cap__obj__L,pattern_cos,time/take,median,0.5081720948219299,0.20738293651035225,0.8293659524674247
whiteboard pen cap__obj__L,pattern_cos,time/mesh,mean,0.39158281683921814,0.23555843275094657,0.6332786807388026
whiteboard pen cap__obj__L,pattern_cos,time/mesh,median,0.36645081639289856,0.1539932293999885,0.6739216724856978
whiteboard pen cap__obj__L,pattern_cos,mesh/take,mean,1.3803349733352661,0.9202773974793673,2.085377795579771
whiteboard pen cap__obj__L,pattern_cos,mesh/take,median,1.3867403268814087,0.7952716719507772,2.4035001408086996
whiteboard pen cap__obj__L,pattern_cos,action/take,mean,1.1117254495620728,0.832579848309171,1.5332132464066321
whiteboard pen cap__obj__L,pattern_cos,action/take,median,1.1294435262680054,0.7794673981897965,1.6150123098181222
whiteboard pen cap__obj__L,pattern_cos,subject/take,mean,0.9764257669448853,0.8495984815631963,1.0862177107529063
whiteboard pen cap__obj__L,pattern_cos,subject/take,median,0.9595040082931519,0.8409231797075918,1.0741539487029936
whiteboard pen cap__obj__L,pattern_cos,time/floor,mean,6.56558084487915,4.308503357684812,11.264513790013362
whiteboard pen cap__obj__L,pattern_cos,time/floor,median,16.367101669311523,7.701823303054778,27.815685901050347
whiteboard pen cap__obj__L,centroid,time/take,mean,0.5787011783069428,0.36007607394740987,0.8175113668936035
whiteboard pen cap__obj__L,centroid,time/take,median,0.5602686358871857,0.3159046993790228,0.8178106366301755
whiteboard pen cap__obj__L,centroid,time/mesh,mean,0.43590193535664257,0.29196436675129617,0.6483274038583249
whiteboard pen cap__obj__L,centroid,time/mesh,median,0.42508023954761187,0.22934476411711932,0.6584952245791204
whiteboard pen cap__obj__L,centroid,mesh/take,mean,1.327594881709956,0.9480388400630049,1.9393986555424845
whiteboard pen cap__obj__L,centroid,mesh/take,median,1.3180303005461909,0.9217802275701334,2.200048292776924
whiteboard pen cap__obj__L,centroid,action/take,mean,1.1010780440896317,0.8419039349015316,1.5116048339912624
whiteboard pen cap__obj__L,centroid,action/take,median,1.0958768468626574,0.8299537069459672,1.6571542117076736
whiteboard pen cap__obj__L,centroid,subject/take,mean,0.962763235904563,0.8369191817834198,1.0806632434771735
whiteboard pen cap__obj__L,centroid,subject/take,median,0.9694574153310229,0.8138569228110317,1.0820450505669186
whiteboard pen cap__obj__L,centroid,time/floor,mean,3.5169298415533237,2.651147702696196,4.829576554688553
whiteboard pen cap__obj__L,centroid,time/floor,median,4.312534528510791,2.972431658050725,6.906552496562656
