dataset,h,frame_class,pair,cond_a,cond_b,n_frames,diff,diff_lo,diff_hi,rel_to_F0_pct,E_a,E_b,significant,diff_sq,diff_sq_lo,diff_sq_hi,rel_sq_to_F0_pct,significant_sq
arctic,1,all,F1-F0,F1,F0,11718,-0.0012524309161974822,-0.0028756910524579023,0.0003296826087709498,-0.679875623456957,0.18296225368976593,0.18421471118927002,False,-0.00010208315718280633,-0.0009931067722281318,0.0008054225136020298,-0.1304061328551791,False
arctic,1,all,F2k8-F1,F2k8,F1,11718,-0.0034648548102095013,-0.0062683371270314155,-0.000696907326665067,-1.8808784531054972,0.17949740588665009,0.18296225368976593,True,-0.0061519358600867465,-0.009061271573902066,-0.0033104979838411443,-7.858790688167845,True
arctic,1,all,F2k8-F0,F2k8,F0,11718,-0.004717285726406984,-0.007697288551644547,-0.0020797649635269414,-2.5607540765624544,0.17949740588665009,0.18421471118927002,True,-0.0062540190172695525,-0.009395768920144331,-0.0033841825739634036,-7.989196821023023,True
arctic,1,all,F2k4-F1,F2k4,F1,11718,0.0011246540308835402,-0.001175259205249322,0.0036198907742138113,0.6105126043533097,0.1840869039297104,0.18296225368976593,False,-0.00284744659646055,-0.0051585907782394315,-0.0006144537018040421,-3.637470758188928,True
arctic,1,all,F2k1-F1,F2k1,F1,11718,0.0022071502157150783,0.0008266285500833113,0.0036836967027405122,1.198140040752423,0.18516941368579865,0.18296225368976593,True,0.0006899525450261932,-0.00024240989536749373,0.0015693550396691427,0.8813799037321393,False
arctic,1,all,F2rel-F1,F2rel,F1,11718,-0.009430045215405027,-0.013143974090258253,-0.005580825715856387,-5.119051108636052,0.17353221774101257,0.18296225368976593,True,-0.012425017703797395,-0.017056462030528127,-0.007799686675360545,-15.87233931752122,True
arctic,1,all,F2rel-F0,F2rel,F0,11718,-0.010682476131602508,-0.014286977596255305,-0.0070293622678132585,-5.798926732093007,0.17353221774101257,0.18421471118927002,True,-0.012527100860980201,-0.017519127013434083,-0.007890549420814503,-16.0027454503764,True
arctic,1,all,F2rel-F2k8,F2rel,F2k8,11718,-0.005965190405195525,-0.00787788484858743,-0.0038944403262195205,-3.238172655530554,0.17353221774101257,0.17949740588665009,True,-0.006273081843710649,-0.008527568579153913,-0.003969078678210334,-8.013548629353375,True
arctic,1,all,F2shuf-F0,F2shuf,F0,11718,-0.003660408522549684,-0.006365954410613294,-0.0004349439699532456,-1.9870337710373331,0.18055428564548492,0.18421471118927002,True,-0.0008078859651915639,-0.002656440933887813,0.0013406057978587503,-1.0320339556107512,False
arctic,1,all,F2k8-F2shuf,F2k8,F2shuf,11718,-0.0010568772038572994,-0.0037513278183068854,0.0019609905173643156,-0.5737203055251211,0.17949740588665009,0.18055428564548492,False,-0.005446133052077989,-0.008390677520682985,-0.002542382059135224,-6.957162865412273,True
arctic,1,all,F2rel-F2shuf,F2rel,F2shuf,11718,-0.0070220676090528246,-0.011074244190653086,-0.0030146926821182202,-3.811892961055675,0.17353221774101257,0.18055428564548492,True,-0.011719214895788638,-0.016662844138366165,-0.006825935626433279,-14.970711494765649,True
arctic,1,all,Ffut-F2k8,Ffut,F2k8,11718,-0.010570027713467883,-0.017082638804384556,-0.003812053425515704,-5.737884691851666,0.1689273864030838,0.17949740588665009,True,-0.01063680503105516,-0.016312375516063984,-0.004352474616557223,-13.587986973702689,True
arctic,1,all,Ffut-F2rel,Ffut,F2rel,11718,-0.004604837308272358,-0.01035269710294519,0.0015663362262768909,-2.4997120363211125,0.1689273864030838,0.17353221774101257,False,-0.0043637231873445105,-0.008458335365770831,0.00020058402974771936,-5.574438344349315,False
arctic,1,all,Ffut-F0,Ffut,F0,11718,-0.015287313439874868,-0.021876415873576027,-0.008702043565262718,-8.29863876841412,0.1689273864030838,0.18421471118927002,True,-0.01689082404832471,-0.024022365629673758,-0.009385118434473334,-21.577183794725713,True
arctic,1,all,Ffut1-F2rel,Ffut1,F2rel,11718,0.004567448216369482,0.0025298290010450962,0.006614241378390371,2.4794155618096605,0.1780996471643448,0.17353221774101257,True,0.005440738733156398,0.003372677922958974,0.007462896316411867,6.950271892509735,True
arctic,1,all,Ffut-Ffut1,Ffut,Ffut1,11718,-0.009172285524641841,-0.015965143102054193,-0.002351008146686954,-4.979127598130773,0.1689273864030838,0.1780996471643448,True,-0.009804461920500909,-0.015452775948028286,-0.0036932589927306412,-12.52471023685905,True
arctic,1,non_spike,F1-F0,F1,F0,11055,-0.001804326812823883,-0.003383974642605001,-0.00032958603347566,-1.2349379722205625,0.1443023532629013,0.14610667526721954,True,-0.0007418073163913186,-0.0014443943595398082,-9.551717913733921e-05,-2.0877121668325445,True
arctic,1,non_spike,F2k8-F1,F2k8,F1,11055,-0.0007872225825385453,-0.0035232240638975432,0.0017812661760765395,-0.5387998742006597,0.14351513981819153,0.1443023532629013,False,-0.0012045821204458192,-0.002849047554960503,-6.942745684682409e-06,-3.3901266450667666,True
arctic,1,non_spike,F2k8-F0,F2k8,F0,11055,-0.0025915493953624284,-0.004958656013152849,-0.0005319743896139543,-1.7737378464212223,0.14351513981819153,0.14610667526721954,True,-0.0019463894368371376,-0.003261946208744651,-0.0009062621429509583,-5.477838811899311,True
arctic,1,non_spike,F2k4-F1,F2k4,F1,11055,0.0035029496074275484,0.001479074174889963,0.00595655835352986,2.3975287925899913,0.14780530333518982,0.1443023532629013,True,0.001219716970306628,0.00014937178133504818,0.002514515929286016,3.432721547407857,True
arctic,1,non_spike,F2k1-F1,F2k1,F1,11055,0.0029150579388374284,0.0016410915380482918,0.0043757143202067415,1.9951572599307854,0.14721740782260895,0.1443023532629013,True,0.001433212843432741,0.0007342343571067069,0.002197089558462322,4.033575599457673,True
arctic,1,non_spike,F2rel-F1,F2rel,F1,11055,-0.0037883948305582147,-0.007413667973049241,-0.0004822192705681545,-2.5928964735043687,0.14051395654678345,0.1443023532629013,True,-0.0024043563677079156,-0.004486000594728402,-0.0007125508020118203,-6.766722208516442,True
arctic,1,non_spike,F2rel-F0,F2rel,F0,11055,-0.005592721643382098,-0.008625371015142264,-0.0028171996756721483,-3.827834445724931,0.14051395654678345,0.14610667526721954,True,-0.0031461636840992343,-0.0048647136286949265,-0.0017176298047254948,-8.854434375348987,True
arctic,1,non_spike,F2rel-F2k8,F2rel,F2k8,11055,-0.0030011722480196698,-0.004718470157894809,-0.0012995532326492117,-2.054096599303709,0.14051395654678345,0.14351513981819153,True,-0.0011997742472620967,-0.0020571534286693218,-0.0003917820493046292,-3.3765955634496767,True
arctic,1,non_spike,F2shuf-F0,F2shuf,F0,11055,-0.004851747142535995,-0.007251749110270025,-0.0023330203361427685,-3.320688211994741,0.14125493168830872,0.14610667526721954,True,-0.0020808144859919176,-0.0034171684087945207,-0.0008637350132280775,-5.856159171440566,True
arctic,1,non_spike,F2k8-F2shuf,F2k8,F2shuf,11055,0.002260197747173567,-0.0002795005551684698,0.004853490231605379,1.546950365573519,0.14351513981819153,0.14125493168830872,False,0.00013442504915477975,-0.0008413418367040258,0.0012723951013024796,0.3783203595412542,False
arctic,1,non_spike,F2rel-F2shuf,F2rel,F2shuf,11055,-0.0007409745008461026,-0.0038172393147694623,0.0024659564470580963,-0.5071462337301897,0.14051395654678345,0.14125493168830872,False,-0.0010653491981073167,-0.0025923604398511786,0.0004974083474499938,-2.9982752039084217,False
arctic,1,non_spike,Ffut-F2k8,Ffut,F2k8,11055,-0.0023205923922831715,-0.007477091809346599,0.0036402840445620577,-1.588286358606792,0.14119452238082886,0.14351513981819153,False,0.0014286968627822724,-0.0019208102489581263,0.005079435060864866,4.0208660082459975,False
arctic,1,non_spike,Ffut-F2rel,Ffut,F2rel,11055,0.0006805798557364984,-0.004354989637454681,0.006460568809544506,0.46581024069691707,0.14119452238082886,0.14051395654678345,False,0.002628471110044369,-0.0005086136828928182,0.006324866167066285,7.397461571695672,False
arctic,1,non_spike,Ffut-F0,Ffut,F0,11055,-0.0049121417876456,-0.009552209590514496,0.0001547310164803568,-3.362024205028014,0.14119452238082886,0.14610667526721954,False,-0.0005176925740548653,-0.0032712435719840977,0.0022972142511672486,-1.456972803653314,False
arctic,1,non_spike,Ffut1-F2rel,Ffut1,F2rel,11055,0.0017420996083279425,0.00010581354943961789,0.0033088167192304807,1.1923477179545399,0.14225606620311737,0.14051395654678345,True,0.0007379646679451365,-2.0541829673579217e-05,0.0015035875501645311,2.0768975742332416,False
arctic,1,non_spike,Ffut-Ffut1,Ffut,Ffut1,11055,-0.001061519752591444,-0.006316661918168772,0.004660925069245029,-0.7265374772576227,0.14119452238082886,0.14225606620311737,False,0.0018905064420992326,-0.001410307888238629,0.005552116686599365,5.320563997462433,False
arctic,1,spike,F1-F0,F1,F0,663,0.00794999613841015,0.0028092946507675964,0.013820784329891443,0.9699425811326875,0.8275858163833618,0.8196357488632202,True,0.010564810628714784,0.0027808143362792917,0.018521244443025775,1.3354842198484662,True
arctic,1,spike,F2k8-F1,F2k8,F1,663,-0.048112251909609834,-0.06156183489230155,-0.033795116142359534,-5.869955279078335,0.7794734239578247,0.8275858163833618,True,-0.08864514188079632,-0.11942480329561335,-0.05564267279370938,-11.20551918141039,True
arctic,1,spike,F2k8-F0,F2k8,F0,663,-0.04016225577119968,-0.0556647206135936,-0.024201926293641672,-4.900012697945646,0.7794734239578247,0.8196357488632202,True,-0.07808033125208154,-0.11173518642428155,-0.042581990081348685,-9.870034961561924,True
arctic,1,spike,F2k4-F1,F2k4,F1,663,-0.038531541442259766,-0.04886107612310196,-0.025071788969060555,-4.701056718877919,0.7890543341636658,0.8275858163833618,True,-0.07066417846766893,-0.0912779876418021,-0.04231516823076661,-8.932568558837282,True
arctic,1,spike,F2k1-F1,F2k1,F1,663,-0.009596650506935868,-0.017318284920533774,-0.0034348869912477335,-1.170843331351247,0.8179892301559448,0.8275858163833618,True,-0.011703324376368056,-0.022859306574301387,-0.0023480793959880482,-1.4794022887572364,True
arctic,1,spike,F2rel-F1,F2rel,F1,663,-0.10350009801251137,-0.12116544909331035,-0.07990597952225693,-12.627572449842392,0.7240856289863586,0.8275858163833618,True,-0.17951161057026677,-0.2231121411526481,-0.12500234106576652,-22.69183344797334,True
arctic,1,spike,F2rel-F0,F2rel,F0,663,-0.09555010187410122,-0.11380525202073077,-0.07329750692096451,-11.657629868709705,0.7240856289863586,0.8196357488632202,True,-0.16894679994155198,-0.21442701125258234,-0.11401064253672108,-21.356349228124873,True
arctic,1,spike,F2rel-F2k8,F2rel,F2k8,663,-0.05538784610290153,-0.06728477860419456,-0.04014631752135464,-6.757617170764057,0.7240856289863586,0.7794734239578247,True,-0.09086646868947044,-0.11219299431050883,-0.06138032917579975,-11.48631426656295,True
arctic,1,spike,F2shuf-F0,F2shuf,F0,663,0.016204219598036546,0.003112533516586751,0.03232818188717952,1.977002542960176,0.835840106010437,0.8196357488632202,True,0.0204171891440813,-0.00045437942743627836,0.04346668881865384,2.5809108060556896,False
arctic,1,spike,F2k8-F2shuf,F2k8,F2shuf,663,-0.05636647536923623,-0.06827310624238599,-0.03984218414976896,-6.8770152409058225,0.7794734239578247,0.835840106010437,True,-0.09849752039616284,-0.12541908796695705,-0.06296655171160126,-12.450945767617613,True
arctic,1,spike,F2rel-F2shuf,F2rel,F2shuf,663,-0.11175432147213776,-0.1337072972591413,-0.07971470235750105,-13.63463241166988,0.7240856289863586,0.835840106010437,True,-0.1893639890856333,-0.23433936183154164,-0.12598547581084524,-23.937260034180564,True
arctic,1,spike,Ffut-F2k8,Ffut,F2k8,663,-0.14812282933593696,-0.1842137037421199,-0.11365633400420547,-18.071787320327765,0.6313506960868835,0.7794734239578247,True,-0.21181949498033542,-0.24537018367026076,-0.16675998118938512,-26.775831857662183,True
arctic,1,spike,Ffut-F2rel,Ffut,F2rel,663,-0.09273498323303542,-0.12003363487178552,-0.0688359106080848,-11.314170149563708,0.6313506960868835,0.7240856289863586,True,-0.12095302629086496,-0.1428006328612712,-0.09587182210617441,-15.289517591099232,True
arctic,1,spike,Ffut-F0,Ffut,F0,663,-0.18828508510713662,-0.21862241868502227,-0.1483836861524245,-22.97180001827341,0.6313506960868835,0.8196357488632202,True,-0.28989982623241695,-0.34091209200554357,-0.2206784238070548,-36.6458668192241,True
arctic,1,spike,Ffut1-F2rel,Ffut1,F2rel,663,0.05167789898846484,0.038652023138444715,0.06220325484019867,6.30498353203098,0.7757635712623596,0.7240856289863586,True,0.0838557723544392,0.05950801524617681,0.10134997098987487,10.600101095818907,True
arctic,1,spike,Ffut-Ffut1,Ffut,Ffut1,663,-0.14441288222150025,-0.17968038236964712,-0.11060767665612095,-17.619153681594685,0.6313506960868835,0.7757635712623596,True,-0.20480879864530416,-0.23500745878523555,-0.16208569786156954,-25.889618686918137,True
arctic,1,persistent_spatial,F1-F0,F1,F0,62,0.005270041285022613,0.00023914226546219364,0.008518945104764692,0.6468357168192634,0.8200119137763977,0.814741849899292,True,0.008470511003848045,0.0008157601564103725,0.012991551153100214,1.1318523769305366,True
arctic,1,persistent_spatial,F2k8-F1,F2k8,F1,62,0.0005736562513536023,-0.009507038892896485,0.01452067405558549,0.07040957223745292,0.8205856084823608,0.8200119137763977,False,-0.00020271083039622153,-0.01723845629412017,0.022468794196844097,-0.02708676431791366,False
arctic,1,persistent_spatial,F2k8-F0,F2k8,F0,62,0.005843697536376214,-0.006745242433888572,0.021387303544225182,0.7172452890567163,0.8205856084823608,0.814741849899292,False,0.008267800173451823,-0.011792237884215476,0.033400219251405315,1.104765612612623,False
arctic,1,persistent_spatial,F2k4-F1,F2k4,F1,62,0.003681579424488929,-0.007814961186493448,0.016599643791184227,0.45187066614339244,0.823693573474884,0.8200119137763977,False,0.005270006916215343,-0.012607380178891027,0.02641365496175629,0.7041924450424467,False
arctic,1,persistent_spatial,F2k1-F1,F2k1,F1,62,-0.003459662679703005,-0.005429877419024705,-0.0003194969552366632,-0.424632990207959,0.8165523409843445,0.8200119137763977,True,-0.005501283032278861,-0.009601740609440539,0.0006446064245410075,-0.7350961793714424,False
arctic,1,persistent_spatial,F2rel-F1,F2rel,F1,62,-0.002611527039158729,-0.043383010588850864,0.05065976258796997,-0.32053429432666714,0.8174004554748535,0.8200119137763977,False,-0.011746970876570671,-0.0829091014313958,0.08554588975968223,-1.5696617243446322,False
arctic,1,persistent_spatial,F2rel-F0,F2rel,F0,62,0.0026585142458638838,-0.038257879903540015,0.057087763333072264,0.32630142249259636,0.8174004554748535,0.814741849899292,False,-0.0032764598727226257,-0.07508169884870404,0.09424196349246547,-0.43780934741409555,False
arctic,1,persistent_spatial,F2rel-F2k8,F2rel,F2k8,62,-0.003185183290512331,-0.03468828676873213,0.03664855334285187,-0.39094386656412,0.8174004554748535,0.8205856084823608,False,-0.011544260046174449,-0.0688967500139983,0.06316678075998458,-1.5425749600267185,False
arctic,1,persistent_spatial,F2shuf-F0,F2shuf,F0,62,0.0063843996294083135,-0.0020217712049759823,0.01171871499547385,0.7836101251209168,0.8211263418197632,0.814741849899292,False,0.010179227638629175,-0.0021698440161033914,0.017236245586113495,1.3601756721484015,False
arctic,1,persistent_spatial,F2k8-F2shuf,F2k8,F2shuf,62,-0.0005407020930320986,-0.01223917166123519,0.013601597501999801,-0.06636483606420038,0.8205856084823608,0.8211263418197632,False,-0.0019114274651773513,-0.020067968520771085,0.020245392619085204,-0.2554100595357785,False
arctic,1,persistent_spatial,F2rel-F2shuf,F2rel,F2shuf,62,-0.0037258853835444297,-0.04612446591375845,0.04909136400868493,-0.45730870262832035,0.8174004554748535,0.8211263418197632,False,-0.0134556875113518,-0.08623582408413108,0.0824539667976939,-1.797985019562497,False
arctic,1,persistent_spatial,Ffut-F2k8,Ffut,F2k8,62,-0.0520748822919784,-0.09790376193106991,0.01695970341356264,-6.391580633597652,0.768510639667511,0.8205856084823608,False,-0.11024002826982929,-0.21531001361530214,0.025845232661278108,-14.730567963775972,False
arctic,1,persistent_spatial,Ffut-F2rel,Ffut,F2rel,62,-0.04888969900146607,-0.08527818776456318,0.01620800257033947,-6.000636767033533,0.768510639667511,0.8174004554748535,False,-0.09869576822365483,-0.18149656185615198,0.0253827807263128,-13.18799300374925,False
arctic,1,persistent_spatial,Ffut-F0,Ffut,F0,62,-0.046231184755602193,-0.1020839804077412,0.026197019569753174,-5.674335344540937,0.768510639667511,0.814741849899292,False,-0.10197222809637746,-0.21996151433678982,0.04173824802965372,-13.625802351163346,False
arctic,1,persistent_spatial,Ffut1-F2rel,Ffut1,F2rel,62,0.0045216126788047055,-0.03204261956251029,0.03175910392211415,0.554974889207374,0.8219220042228699,0.8174004554748535,False,0.015198760215313203,-0.05513456821490031,0.0661119768584005,2.0308990648007583,False
arctic,1,persistent_spatial,Ffut-Ffut1,Ffut,Ffut1,62,-0.05341131168027078,-0.09754750005112951,0.016845929385251757,-6.555611656240908,0.768510639667511,0.8219220042228699,False,-0.11389452843896804,-0.21808798714701316,0.025260050925774637,-15.218892068550009,False
arctic,1,persistent_mixed,F1-F0,F1,F0,283,0.007637742656701024,0.004132571398264729,0.01066884125515916,1.005402275703453,0.7673080563545227,0.7596703171730042,True,0.011888990869791685,0.0063901045861370995,0.016822934842575257,1.8107622158716716,True
arctic,1,persistent_mixed,F2k8-F1,F2k8,F1,283,-0.039368206641699315,-0.05020910302368923,-0.02826642654958732,-5.18227522541647,0.7279399037361145,0.7673080563545227,True,-0.07223207432473927,-0.09998491158619897,-0.04558583738972676,-11.001363563463139,True
arctic,1,persistent_mixed,F2k8-F0,F2k8,F0,283,-0.03173046398499829,-0.04210016300250065,-0.02161335407066985,-4.176872949713017,0.7279399037361145,0.7596703171730042,True,-0.06034308345494759,-0.08580243237843932,-0.03513583395170257,-9.190601347591468,True
arctic,1,persistent_mixed,F2k4-F1,F2k4,F1,283,-0.02689152060886154,-0.03209894211513723,-0.02168331968837513,-3.539893556580463,0.7404165267944336,0.7673080563545227,True,-0.052489893333229495,-0.07081722353257167,-0.0352437803737864,-7.994514976409575,True
arctic,1,persistent_mixed,F2k1-F1,F2k1,F1,283,-0.010340317820491723,-0.012972004134579143,-0.006875696698344135,-1.361158595609161,0.7569677233695984,0.7673080563545227,True,-0.015646275172385225,-0.020683063266474302,-0.00993195969914702,-2.3830183916847947,True
arctic,1,persistent_mixed,F2rel-F1,F2rel,F1,283,-0.08082708042417736,-0.09272966173500531,-0.06760441905424251,-10.639757615509167,0.6864809393882751,0.7673080563545227,True,-0.1364448405670614,-0.1658473248669071,-0.10283522076922684,-20.7813400275408,True
arctic,1,persistent_mixed,F2rel-F0,F2rel,F0,283,-0.07318933776747633,-0.08324170980562304,-0.061824113277221614,-9.634355339805714,0.6864809393882751,0.7596703171730042,True,-0.12455584969726974,-0.15098074582716037,-0.09497290260750096,-18.970577811669134,True
arctic,1,persistent_mixed,F2rel-F2k8,F2rel,F2k8,283,-0.041458873782478034,-0.049283311867606656,-0.0324036837792317,-5.457482390092696,0.6864809393882751,0.7279399037361145,True,-0.06421276624232215,-0.07889451969920074,-0.048038058292780565,-9.779976464077665,True
arctic,1,persistent_mixed,F2shuf-F0,F2shuf,F0,283,0.01596283354523325,0.007955597871853636,0.022294553960505586,2.101284357750935,0.7756331562995911,0.7596703171730042,True,0.024965769831788834,0.012884544285771222,0.035278248062134775,3.8024314423873538,True
arctic,1,persistent_mixed,F2k8-F2shuf,F2k8,F2shuf,283,-0.04769329753023154,-0.05933676375093263,-0.03617783265923802,-6.278157307463951,0.7279399037361145,0.7756331562995911,True,-0.08530885328673643,-0.1116543423424556,-0.057092531426018805,-12.993032789978821,True
arctic,1,persistent_mixed,F2rel-F2shuf,F2rel,F2shuf,283,-0.08915217131270958,-0.10283754839626205,-0.07412100255196019,-11.73563969755665,0.6864809393882751,0.7756331562995911,True,-0.14952161952905857,-0.1789601908070208,-0.11420138283757775,-22.773009254056486,True
arctic,1,persistent_mixed,Ffut-F2k8,Ffut,F2k8,283,-0.088049230642959,-0.11590541751208272,-0.06607945749703276,-11.590452944195663,0.6398906111717224,0.7279399037361145,True,-0.11707635878753114,-0.14920829384918569,-0.08585679630292876,-17.831407996363556,True
arctic,1,persistent_mixed,Ffut-F2rel,Ffut,F2rel,283,-0.046590356860480964,-0.06860736773682974,-0.030833664800946882,-6.132970554102967,0.6398906111717224,0.6864809393882751,True,-0.052863592545209,-0.07709533079958367,-0.0323396206172805,-8.05143153228589,True
arctic,1,persistent_mixed,Ffut-F0,Ffut,F0,283,-0.11977969462795729,-0.14597402077686406,-0.0996404080713542,-15.76732589390868,0.6398906111717224,0.7596703171730042,True,-0.17741944224247874,-0.20985315140913596,-0.145399139472485,-27.022009343955023,True
arctic,1,persistent_mixed,Ffut1-F2rel,Ffut1,F2rel,283,0.039099554185732514,0.029932357111731422,0.04723978867418131,5.146910877238888,0.7255805730819702,0.6864809393882751,True,0.059171771229155914,0.04262452840011362,0.07399633334446594,9.012203706893365,True
arctic,1,persistent_mixed,Ffut-Ffut1,Ffut,Ffut1,283,-0.08568991104621348,-0.1129294114398041,-0.06372192446126274,-11.279881431341856,0.6398906111717224,0.7255805730819702,True,-0.11203536377436492,-0.14355152495079776,-0.08043284993063302,-17.063635239179256,True
arctic,1,onset,F1-F0,F1,F0,45,0.01386832594871521,0.004667236490239357,0.02853158379322474,1.5807290276058377,0.8912056088447571,0.8773373365402222,True,0.024105743567148844,0.007904798895762299,0.045903309883066894,2.190356358795755,True
arctic,1,onset,F2k8-F1,F2k8,F1,45,-0.05139336784680684,-0.07409209891222418,-0.03322123669555799,-5.857879940397439,0.8398122787475586,0.8912056088447571,True,-0.06234143955840005,-0.1028338631906081,-0.035576074000667125,-5.664623792784065,True
arctic,1,onset,F2k8-F0,F2k8,F0,45,-0.03752504189809163,-0.058839935112384056,-0.02067829678555947,-4.277150912791601,0.8398122787475586,0.8773373365402222,True,-0.038235695991251206,-0.0711930882320222,-0.017248030855535317,-3.4742674339883104,True
arctic,1,onset,F2k4-F1,F2k4,F1,45,-0.046804240345954894,-0.07192098890401183,-0.02902150004194798,-5.334805484345088,0.8444013595581055,0.8912056088447571,True,-0.07871100198891427,-0.11050552058776798,-0.0458722405011665,-7.152035913488946,True
arctic,1,onset,F2k1-F1,F2k1,F1,45,-0.015470576286315919,-0.030304750792780204,-0.005674508795995102,-1.7633555124103233,0.8757351636886597,0.8912056088447571,True,-0.015293128457334307,-0.044092492476711716,0.006914423527928318,-1.3896024849468886,False
arctic,1,onset,F2rel-F1,F2rel,F1,45,-0.110785687300894,-0.1412412757538639,-0.07035412486553069,-12.627490326329562,0.7804200053215027,0.8912056088447571,True,-0.2215100947353575,-0.32427696395719396,-0.08949054826050998,-20.127404209271056,True
arctic,1,onset,F2rel-F0,F2rel,F0,45,-0.09691736135217878,-0.12383918980991498,-0.058052632455143055,-11.046761298723725,0.7804200053215027,0.8773373365402222,True,-0.19740435116820865,-0.3033223313014164,-0.07564657061464258,-17.937047850475302,True
arctic,1,onset,F2rel-F2k8,F2rel,F2k8,45,-0.05939231945408715,-0.08167859152564572,-0.026432602806469727,-6.769610385932124,0.7804200053215027,0.8398122787475586,True,-0.15916865517695744,-0.27281409332588796,-0.033715485514051506,-14.462780416486991,True
arctic,1,onset,F2shuf-F0,F2shuf,F0,45,0.0498863246705797,0.03720056336418338,0.06925404355639503,5.6861052861726264,0.9272235631942749,0.8773373365402222,True,0.08550285481744342,0.0659009891633804,0.10288189765420698,7.769174231148954,True
arctic,1,onset,F2k8-F2shuf,F2k8,F2shuf,45,-0.08741136656867134,-0.11684374969511752,-0.06845016129638838,-9.963256198964228,0.8398122787475586,0.9272235631942749,True,-0.12373855080869463,-0.1574114841620244,-0.09608516777339189,-11.243441665137263,True
arctic,1,onset,F2rel-F2shuf,F2rel,F2shuf,45,-0.14680368602275848,-0.17793568391217918,-0.10750505878693527,-16.732866584896353,0.7804200053215027,0.9272235631942749,True,-0.28290720598565205,-0.3869308454495284,-0.14797816947616382,-25.706222081624254,True
arctic,1,onset,Ffut-F2k8,Ffut,F2k8,45,-0.09357621404859755,-0.1366632226928088,-0.06766657665241183,-10.665933176583495,0.7462359666824341,0.8398122787475586,True,-0.16295014632244906,-0.2270529259087356,-0.07189270325696036,-14.806383722196475,True
arctic,1,onset,Ffut-F2rel,Ffut,F2rel,45,-0.0341838945945104,-0.08434905600141396,-0.006004011198397606,-3.8963227906513715,0.7462359666824341,0.7804200053215027,True,-0.0037814911454916,-0.09266882611542836,0.05704001178315826,-0.3436033057094798,False
arctic,1,onset,Ffut-F0,Ffut,F0,45,-0.13110125594668917,-0.18603541586932767,-0.09575216441712146,-14.943084089375095,0.7462359666824341,0.8773373365402222,True,-0.20118584231370026,-0.26626695684326557,-0.10823794632359707,-18.28065115618478,True
arctic,1,onset,Ffut1-F2rel,Ffut1,F2rel,45,0.04788660274611579,0.013051351393867087,0.07007990550186674,5.458174495907868,0.8283064961433411,0.7804200053215027,True,0.14051276900702053,0.01842897582469353,0.24579164307083815,12.76762263023314,True
arctic,1,onset,Ffut-Ffut1,Ffut,Ffut1,45,-0.08207049734062619,-0.1245301198891618,-0.05640703241102993,-9.354497286559239,0.7462359666824341,0.8283064961433411,True,-0.14429426015251212,-0.20452929390532903,-0.05571488615435859,-13.111225935942619,True
arctic,1,release,F1-F0,F1,F0,187,0.008321212893501323,-0.00576139377994974,0.02335229317633732,0.8686173484582586,0.9663048982620239,0.9579837322235107,False,0.009867486389563045,-0.014508570695145618,0.03497863700278618,0.9396230367104015,False
arctic,1,release,F2k8-F1,F2k8,F1,187,-0.08892219939971352,-0.1294048637766561,-0.051987048211352284,-9.282224364428638,0.8773828148841858,0.9663048982620239,True,-0.17840527428343972,-0.2728193049145819,-0.09345183737437569,-16.988491189069777,True
arctic,1,release,F2k8-F0,F2k8,F0,187,-0.08060098650621221,-0.13107980405419395,-0.03283104126697074,-8.413607015970381,0.8773828148841858,0.9579837322235107,True,-0.16853778789387666,-0.28034535692003937,-0.06456545650624738,-16.048868152359372,True
arctic,1,release,F2k4-F1,F2k4,F1,187,-0.07277560664370736,-0.10126979357170302,-0.03719042670884796,-7.596747647769848,0.8935294151306152,0.9663048982620239,True,-0.13825695607113966,-0.20676873213281335,-0.06658850054671342,-13.165401580620118,True
arctic,1,release,F2k1-F1,F2k1,F1,187,-0.008300610882713196,-0.02704632121059939,0.008729953497910331,-0.8664667888928775,0.9580042958259583,0.9663048982620239,False,-0.008141787692824786,-0.03743962343120499,0.02227443225750261,-0.775294839451222,False
arctic,1,release,F2rel-F1,F2rel,F1,187,-0.18712471927551025,-0.24931725257944753,-0.1264866701988236,-19.533183391453612,0.7791802883148193,0.9663048982620239,True,-0.3351422516419926,-0.47578242139120314,-0.21358916890127708,-31.9136371498715,True
arctic,1,release,F2rel-F0,F2rel,F0,187,-0.17880350638200893,-0.24946078609481648,-0.11528350543394163,-18.664566042995354,0.7791802883148193,0.9579837322235107,True,-0.32527476525242954,-0.4777359896730437,-0.18855537334093636,-30.9740141131611,True
arctic,1,release,F2rel-F2k8,F2rel,F2k8,187,-0.09820251987579671,-0.12416143656581168,-0.06310889305465182,-10.250959027024972,0.7791802883148193,0.8773828148841858,True,-0.15673697735855285,-0.20683847291579593,-0.10377330794972346,-14.925145960801723,True
arctic,1,release,F2shuf-F0,F2shuf,F0,187,0.008811054063990792,-0.031042136494116513,0.04708229568492218,0.9197498629272185,0.9667949080467224,0.9579837322235107,False,0.004041437477988993,-0.06912546168545793,0.06813337114888711,0.38484246198300587,False
arctic,1,release,F2k8-F2shuf,F2k8,F2shuf,187,-0.089412040570203,-0.11862942629846257,-0.04869593500082384,-9.333356878897598,0.8773828148841858,0.9667949080467224,True,-0.17257922537186565,-0.24364746315060254,-0.08985779749792676,-16.43371061434238,True
arctic,1,release,F2rel-F2shuf,F2rel,F2shuf,187,-0.18761456044599972,-0.2438100430871616,-0.11132740972480792,-19.584315905922573,0.7791802883148193,0.9667949080467224,True,-0.3293162027304185,-0.4466533650835914,-0.19687440592050556,-31.358856575144102,True
arctic,1,release,Ffut-F2k8,Ffut,F2k8,187,-0.2841080644710816,-0.3291997016419301,-0.22912528324036074,-29.656877764683724,0.593274712562561,0.8773828148841858,True,-0.419274163532026,-0.49664990189366215,-0.34447911860544117,-39.92502722566422,True
arctic,1,release,Ffut-F2rel,Ffut,F2rel,187,-0.18590554459528488,-0.2215743074638531,-0.14648865136996694,-19.405918737658748,0.593274712562561,0.7791802883148193,True,-0.26253718617347316,-0.322776794852851,-0.21522007066102913,-24.999881264862502,True
arctic,1,release,Ffut-F0,Ffut,F0,187,-0.36470905097729384,-0.43417627838617917,-0.2972306281346014,-38.070484780654105,0.593274712562561,0.9579837322235107,True,-0.5878119514259027,-0.7631433204172132,-0.4304386378457662,-55.9738953780236,True
arctic,1,release,Ffut1-F2rel,Ffut1,F2rel,187,0.09209882639308664,0.06092643295171369,0.11656679185653172,9.613819451748133,0.8712791204452515,0.7791802883148193,True,0.14494959667404705,0.1014054788653551,0.19272670891532653,13.802702615417255,True
arctic,1,release,Ffut-Ffut1,Ffut,Ffut1,187,-0.27800437098837155,-0.32351295272280317,-0.22531152870389315,-29.019738189406887,0.593274712562561,0.8712791204452515,True,-0.40748678284752016,-0.483528501550286,-0.33894423443091254,-38.80258388027975,True
arctic,1,transient,F1-F0,F1,F0,35,0.006696688277380807,-0.0017088194499197211,0.011366312952229268,0.8685617921008109,0.7777054905891418,0.7710088491439819,False,-0.0045174526316779,-0.010848053981711094,0.008590994237852185,-0.6511922950412526,False
arctic,1,transient,F2k8-F1,F2k8,F1,35,0.025096583366394042,-0.003926238871139029,0.0913893343771205,3.255031818928888,0.8028020858764648,0.7777054905891418,False,0.03128868341445923,-0.016432838951886602,0.16189821275684357,4.510274090890267,False
arctic,1,transient,F2k8-F0,F2k8,F0,35,0.03179327164377485,-0.004456998994978873,0.09698212513556848,4.123593611029699,0.8028020858764648,0.7710088491439819,False,0.02677123078278133,-0.025201363929293372,0.16920069888979197,3.859081795849014,False
arctic,1,transient,F2k4-F1,F2k4,F1,35,-0.02089611973081316,-0.03946017630650361,0.002780883997155907,-2.710230855847274,0.756809413433075,0.7777054905891418,False,-0.032099296365465435,-0.06541223397191362,0.010434037652508965,-4.627124216612521,False
arctic,1,transient,F2k1-F1,F2k1,F1,35,-0.009569745404379708,-0.014332640542879372,-0.0018561629002744524,-1.2411978688707122,0.7681357264518738,0.7777054905891418,True,-0.0037371477910450525,-0.010794462630458078,0.0004911058043178756,-0.5387110934808125,False
arctic,1,transient,F2rel-F1,F2rel,F1,35,-0.01433123094694955,-0.08036329887415233,0.10963804705275426,-1.8587634840846383,0.7633742690086365,0.7777054905891418,False,-0.029246525253568377,-0.16681416550742054,0.200774819384837,-4.215896314728881,False
arctic,1,transient,F2rel-F0,F2rel,F0,35,-0.007634542669568743,-0.07023585652581471,0.11591613296833303,-0.9902016919838271,0.7633742690086365,0.7710088491439819,False,-0.03376397788524628,-0.17621829751928825,0.20496059994178772,-4.867088609770135,False
arctic,1,transient,F2rel-F2k8,F2rel,F2k8,35,-0.03942781431334359,-0.08832934647798538,0.026156496884910736,-5.113795303013527,0.7633742690086365,0.8028020858764648,False,-0.060535208668027606,-0.15549154654145242,0.07299006555670051,-8.726170405619149,False
arctic,1,transient,F2shuf-F0,F2shuf,F0,35,0.017219579219818114,-0.0038514726835748424,0.03110354128209027,2.2333828254936727,0.7882283329963684,0.7710088491439819,False,-0.0036352957998003277,-0.017998566550098242,0.012404138627259628,-0.5240290951643102,False
arctic,1,transient,F2k8-F2shuf,F2k8,F2shuf,35,0.014573692423956735,-0.014008231405894477,0.09059683958161201,1.890210785536026,0.8028020858764648,0.7882283329963684,False,0.030406526582581656,-0.023095372581708077,0.1623766754968808,4.383110891013324,False
arctic,1,transient,F2rel-F2shuf,F2rel,F2shuf,35,-0.02485412188938686,-0.09959264322188482,0.10764139369130132,-3.2235845174775,0.7633742690086365,0.7882283329963684,False,-0.03012868208544595,-0.17395677533986814,0.20037593940893808,-4.343059514605824,False
arctic,1,transient,Ffut-F2k8,Ffut,F2k8,35,-0.1634338725890432,-0.2732690871461477,0.006080059209322763,-21.197405551245858,0.6393681764602661,0.8028020858764648,False,-0.21138448669974294,-0.3503124355387531,0.023773660820319453,-30.471143862109567,False
arctic,1,transient,Ffut-F2rel,Ffut,F2rel,35,-0.12400605827569962,-0.19666996273387854,0.00021536827392283232,-16.08361024823233,0.6393681764602661,0.7633742690086365,False,-0.15084927803171533,-0.24864985114927113,-0.014626583805226833,-21.74497345649042,True
arctic,1,transient,Ffut-F0,Ffut,F0,35,-0.13164060094526836,-0.24925130324612496,0.022543458028240235,-17.073811940216157,0.6393681764602661,0.7710088491439819,False,-0.1846132559169616,-0.3567944273663064,0.04744627132070258,-26.61206206626055,False
arctic,1,transient,Ffut1-F2rel,Ffut1,F2rel,35,0.04276637434959411,-0.01530302804091881,0.08693917835461305,5.546807199045223,0.806140661239624,0.7633742690086365,False,0.05911567211151123,-0.0440636795979959,0.13191312131458433,8.5215437402169,False
arctic,1,transient,Ffut-Ffut1,Ffut,Ffut1,35,-0.16677243262529373,-0.27369841521507815,-0.0009834154144577392,-21.63041744727755,0.6393681764602661,0.806140661239624,True,-0.20996495014322655,-0.3331206072696659,0.0037315804673277767,-30.266517196707316,False
arctic,1,amount,F1-F0,F1,F0,50,0.00737634539604187,-0.00357503954321146,0.015757503598928448,1.163006674050744,0.6416242122650146,0.634247899055481,False,0.006874078065156937,-0.005860200057634049,0.015988863936735917,1.580988482001242,False
arctic,1,amount,F2k8-F1,F2k8,F1,50,-0.054549269676208496,-0.07854452778933439,-0.035247328663066436,-8.600622841233376,0.5870749354362488,0.6416242122650146,True,-0.06484801635146141,-0.10318035014046757,-0.03854375188027992,-14.914577047351012,True
arctic,1,amount,F2k8-F0,F2k8,F0,50,-0.047172924280166624,-0.07462577209397471,-0.026612180795142045,-7.4376161671826315,0.5870749354362488,0.634247899055481,True,-0.057973938286304476,-0.09927338191549295,-0.029860336207556612,-13.33358856534977,True
arctic,1,amount,F2k4-F1,F2k4,F1,50,-0.03431801080703736,-0.05350360424514625,-0.0028430831727680925,-5.410819784841792,0.6073062419891357,0.6416242122650146,True,-0.036013930886983875,-0.06488667959620749,0.005523938560426906,-8.282944910462023,False
arctic,1,amount,F2k1-F1,F2k1,F1,50,-0.012763903141021729,-0.019577741941902784,-0.002685627360877238,-2.0124470510709886,0.628860354423523,0.6416242122650146,True,-0.012970653325319291,-0.020204492211674804,-0.00159189490601421,-2.983156914569131,True
arctic,1,amount,F2rel-F1,F2rel,F1,50,-0.10198475122451782,-0.12218236775705649,-0.0763701715179392,-16.079635640321875,0.5396395325660706,0.6416242122650146,True,-0.12007202833890915,-0.16286366446409375,-0.08691106665233418,-27.61570235528132,True
arctic,1,amount,F2rel-F0,F2rel,F0,50,-0.09460840582847595,-0.11791519108124905,-0.07097184734752661,-14.91662896627113,0.5396395325660706,0.634247899055481,True,-0.11319795027375221,-0.15877799291182496,-0.0796426488106901,-26.03471387328008,True
arctic,1,amount,F2rel-F2k8,F2rel,F2k8,50,-0.04743548154830932,-0.06119092383389843,-0.027967196215046515,-7.479012799088499,0.5396395325660706,0.5870749354362488,True,-0.05522401198744774,-0.07406677198492818,-0.03447884533808726,-12.70112530793031,True
arctic,1,amount,F2shuf-F0,F2shuf,F0,50,0.026711724400520324,0.005276738167492952,0.04367196881848342,4.211558988259843,0.6609596014022827,0.634247899055481,True,0.027298256903886795,0.001479763872632685,0.04600082836819417,6.278402621366011,True
arctic,1,amount,F2k8-F2shuf,F2k8,F2shuf,50,-0.07388464868068695,-0.09884219878288202,-0.04858679717773407,-11.649175155442475,0.5870749354362488,0.6609596014022827,True,-0.08527219519019127,-0.12065325522964357,-0.0530506345578088,-19.61199118671578,True
arctic,1,amount,F2rel-F2shuf,F2rel,F2shuf,50,-0.12132013022899628,-0.1399328415783797,-0.09112265197157458,-19.128187954530972,0.5396395325660706,0.6609596014022827,True,-0.140496207177639,-0.17587669290090252,-0.10662651165596623,-32.31311649464609,True
arctic,1,amount,Ffut-F2k8,Ffut,F2k8,50,-0.13880844116210939,-0.17377973553484583,-0.08899214540629886,-21.88551848083727,0.44826656579971313,0.5870749354362488,True,-0.14533301495015621,-0.1952421102954873,-0.10147242036122735,-33.42554747164711,True
arctic,1,amount,Ffut-F2rel,Ffut,F2rel,50,-0.09137295961380004,-0.12252706224509122,-0.052787734970222364,-14.406505681748767,0.44826656579971313,0.5396395325660706,True,-0.09010900296270848,-0.12458295587897976,-0.058129527913771725,-20.724422163716795,True
arctic,1,amount,Ffut-F0,Ffut,F0,50,-0.185981365442276,-0.21758802051828624,-0.1413909889723767,-29.3231346480199,0.44826656579971313,0.634247899055481,True,-0.2033069532364607,-0.26476603302466883,-0.15608396221786508,-46.75913603699688,True
arctic,1,amount,Ffut1-F2rel,Ffut1,F2rel,50,0.040806154608726504,0.021477755607254262,0.05434319029251734,6.433786327001609,0.5804456472396851,0.5396395325660706,True,0.04815754070878029,0.027300450820410157,0.06621819306541273,11.075887771482465,True
arctic,1,amount,Ffut-Ffut1,Ffut,Ffut1,50,-0.13217911422252654,-0.16745216673160257,-0.08396062296391889,-20.840292008750374,0.44826656579971313,0.5804456472396851,True,-0.13826654367148877,-0.1861807755785329,-0.09442959681046974,-31.800309935199266,True
arctic,4,all,F1-F0,F1,F0,11160,-0.0018751827786312736,-0.011183879165679665,0.007832637171870032,-0.30960437618482706,0.6037954688072205,0.6056706309318542,False,0.00044233401924664633,-0.014887976539178319,0.016701889735403357,0.06037825335832554,False
arctic,4,all,F2k8-F1,F2k8,F1,11160,-0.010624467586016944,-0.02255356176163978,0.00010231580261667989,-1.7541658854533981,0.5931710004806519,0.6037954688072205,False,-0.04713914229771987,-0.07805868904942619,-0.019527091313750952,-6.434456661491494,True
arctic,4,all,F2k8-F0,F2k8,F0,11160,-0.012499650364648217,-0.02403486989383401,-0.0027792496679193,-2.063770261638225,0.5931710004806519,0.6056706309318542,True,-0.04669680827847322,-0.0780295137239463,-0.01853807665490533,-6.374078408133169,True
arctic,4,all,F2k4-F1,F2k4,F1,11160,0.0036190015654410084,-0.007376011471057452,0.01517040607179081,0.5975197377282427,0.6074144244194031,0.6037954688072205,False,-0.017115205638073085,-0.03906883638704717,0.00888347926748813,-2.3362124035935845,False
arctic,4,all,F2k1-F1,F2k1,F1,11160,0.007186773699945286,-0.000814609312444767,0.014587921761305312,1.186581176783837,0.6109822392463684,0.6037954688072205,False,0.010606135552467179,-0.005375671907870958,0.025460024947577816,1.447729344060535,False
arctic,4,all,F2rel-F1,F2rel,F1,11160,-0.023683921165604103,-0.038676440099221054,-0.010451631163392266,-3.910363150540289,0.5801115036010742,0.6037954688072205,True,-0.08909981689584028,-0.126419116866941,-0.05134207702857738,-12.162056465563712,True
arctic,4,all,F2rel-F0,F2rel,F0,11160,-0.025559103944235377,-0.038052360269700596,-0.014725375545384726,-4.219967526725116,0.5801115036010742,0.6056706309318542,True,-0.08865748287659363,-0.1309470539429666,-0.050485803706646716,-12.101678212205387,True
arctic,4,all,F2rel-F2k8,F2rel,F2k8,11160,-0.013059453579587162,-0.01905777088016848,-0.007406771193047703,-2.1561972650868912,0.5801115036010742,0.5931710004806519,True,-0.041960674598120404,-0.05891803606095414,-0.02655931036019281,-5.727599804072218,True
arctic,4,all,F2shuf-F0,F2shuf,F0,11160,-0.011943668339361427,-0.02643827247594758,0.004815566639777563,-1.9719741604418728,0.5937269926071167,0.6056706309318542,False,-0.011924589462883939,-0.040797970594900944,0.02197106542603784,-1.6276972886016257,False
arctic,4,all,F2k8-F2shuf,F2k8,F2shuf,11160,-0.0005559820252867902,-0.013614076293395835,0.012839880004655139,-0.09179610119635227,0.5931710004806519,0.5937269926071167,False,-0.034772218815589284,-0.05980353532841955,-0.006645313614905973,-4.746381119531542,True
arctic,4,all,F2rel-F2shuf,F2rel,F2shuf,11160,-0.013615435604873952,-0.02870337718195562,0.0009556843791284954,-2.247993366283244,0.5801115036010742,0.5937269926071167,False,-0.07673289341370969,-0.11103601766610308,-0.038023019603006025,-10.47398092360376,True
arctic,4,all,Ffut-F2k8,Ffut,F2k8,11160,-0.08209006569972495,-0.11513249546995855,-0.04903055976997645,-13.553582014274873,0.5110809206962585,0.5931710004806519,True,-0.1952272363835954,-0.28200675276227,-0.10195044576212728,-26.64836758630973,True
arctic,4,all,Ffut-F2rel,Ffut,F2rel,11160,-0.0690306121201378,-0.10227779275284052,-0.03487507748908242,-11.397384749187983,0.5110809206962585,0.5801115036010742,True,-0.15326656178547501,-0.22843250821204303,-0.06962616346038422,-20.92076778223751,True
arctic,4,all,Ffut-F0,Ffut,F0,11160,-0.09458971606437318,-0.12486734741472272,-0.06281808435070244,-15.617352275913102,0.5110809206962585,0.6056706309318542,True,-0.24192404466206863,-0.3411434118548223,-0.14324928570560075,-33.0224459944429,True
arctic,4,all,Ffut1-F2rel,Ffut1,F2rel,11160,0.011207703201227078,0.004213038607704621,0.018258236383752353,1.8504617243836754,0.59131920337677,0.5801115036010742,True,0.03847589842347373,0.023047387778574003,0.05335774214586066,5.251930536923784,True
arctic,4,all,Ffut-Ffut1,Ffut,Ffut1,11160,-0.08023831532136487,-0.11642499366761827,-0.045906322821214124,-13.24784647357166,0.5110809206962585,0.59131920337677,True,-0.19174246020894872,-0.27973888543717357,-0.09864628124351245,-26.172698319161295,True
arctic,4,non_spike,F1-F0,F1,F0,9951,-0.005284721744760127,-0.014148035638267886,0.0029965403617581757,-1.1554128805105428,0.45210349559783936,0.45738816261291504,False,-0.009945682641740443,-0.02285630608565025,0.0006883933371559736,-3.0848814223276153,False
arctic,4,non_spike,F2k8-F1,F2k8,F1,9951,-0.0014957955857504313,-0.014212091125606527,0.009728042440795661,-0.3270297983239051,0.45060768723487854,0.45210349559783936,False,-0.005340483910316638,-0.029102367360252412,0.013958972410047645,-1.6564734864988953,False
arctic,4,non_spike,F2k8-F0,F2k8,F0,9951,-0.006780517330510558,-0.016887020353950604,0.001943787903899928,-1.4824426788344478,0.45060768723487854,0.45738816261291504,False,-0.015286166552057081,-0.034240917930397685,-0.0007322206555467796,-4.74135490882651,True
arctic,4,non_spike,F2k4-F1,F2k4,F1,9951,0.01339060629675609,0.003756608846627356,0.025252778141817714,2.927624147564239,0.4654940962791443,0.45210349559783936,True,0.021403426514781616,0.004421219636291166,0.04444049475973447,6.638763291370186,True
arctic,4,non_spike,F2k1-F1,F2k1,F1,9951,0.011321050938435589,0.004965439086569539,0.018661271115029694,2.4751517122266518,0.46342453360557556,0.45210349559783936,True,0.021278920309305196,0.009650822472186503,0.03407053025212117,6.600144838110199,True
arctic,4,non_spike,F2rel-F1,F2rel,F1,9951,-0.006215463280408254,-0.0236094581974731,0.010743569362092894,-1.358903397259182,0.4458880126476288,0.45210349559783936,False,-0.007354136574707357,-0.040059247313066614,0.02110574843012906,-2.281054012457884,False
arctic,4,non_spike,F2rel-F0,F2rel,F0,9951,-0.01150018502516838,-0.025646173291492262,0.0014033821318123743,-2.5143162777697246,0.4458880126476288,0.45738816261291504,False,-0.017299819216447798,-0.04476985614101872,0.005671426784706956,-5.365935434785499,False
arctic,4,non_spike,F2rel-F2k8,F2rel,F2k8,9951,-0.004719667694657822,-0.012136875683345389,0.0033475928090815456,-1.0318735989352767,0.4458880126476288,0.45060768723487854,False,-0.002013652664390719,-0.014515607711254784,0.010858875320371596,-0.624580525958989,False
arctic,4,non_spike,F2shuf-F0,F2shuf,F0,9951,-0.01946755762873385,-0.031582154595148376,-0.0071464212052772015,-4.256244306263153,0.4379206597805023,0.45738816261291504,True,-0.03230128797287814,-0.05263121967383632,-0.013413975606768304,-10.018984797140956,True
arctic,4,non_spike,F2k8-F2shuf,F2k8,F2shuf,9951,0.012687040298223292,0.0008067222729539039,0.02585970247305463,2.7738016274287056,0.45060768723487854,0.4379206597805023,True,0.017015121420821056,-0.0002271508832046279,0.03784676206140355,5.277629888314445,False
arctic,4,non_spike,F2rel-F2shuf,F2rel,F2shuf,9951,0.007967372603565469,-0.008129397255718058,0.024573108340670315,1.7419280284934289,0.4458880126476288,0.4379206597805023,False,0.015001468756430337,-0.011669128323063256,0.04207189327226274,4.653049362355456,False
arctic,4,non_spike,Ffut-F2k8,Ffut,F2k8,9951,-0.03755905666074948,-0.05913917805736261,-0.014835762149315868,-8.211637233064009,0.413048654794693,0.45060768723487854,True,-0.02008913751318059,-0.05966332085737922,0.02245340681178701,-6.231106434555477,False
arctic,4,non_spike,Ffut-F2rel,Ffut,F2rel,9951,-0.03283938896609166,-0.05750880936302791,-0.006532558375343875,-7.179763634128731,0.413048654794693,0.4458880126476288,True,-0.018075484848789868,-0.06045325489788513,0.029188509862881653,-5.6065259085964865,False
arctic,4,non_spike,Ffut-F0,Ffut,F0,9951,-0.04433957399126004,-0.06368858554767688,-0.02405112611012423,-9.694079911898456,0.413048654794693,0.45738816261291504,True,-0.035375304065237666,-0.06605571678695947,-0.004642212263233496,-10.972461343381985,True
arctic,4,non_spike,Ffut1-F2rel,Ffut1,F2rel,9951,0.0027580864337410425,-0.005532613041394474,0.010432613895463391,0.6030078299326682,0.44864606857299805,0.4458880126476288,False,-0.00023583688232212894,-0.013786800835398768,0.011801405885141643,-0.07315021433741281,False
arctic,4,non_spike,Ffut-Ffut1,Ffut,Ffut1,9951,-0.035597475399832705,-0.058126609839197985,-0.012277574069004366,-7.782771464061399,0.413048654794693,0.44864606857299805,True,-0.01783964796646774,-0.056344123312305504,0.025101819389719796,-5.533375694259075,False
arctic,4,spike,F1-F0,F1,F0,1209,0.026187945634890825,0.007073659402860437,0.0468147217797417,1.4340528842335438,1.852337121963501,1.8261492252349854,True,0.0859437019212173,0.018607678866714827,0.1451124757110247,2.091647896044913,True
arctic,4,spike,F2k8-F1,F2k8,F1,1209,-0.08576046020359515,-0.11394552833462486,-0.06167566014064849,-4.696246014208376,1.7665765285491943,1.852337121963501,True,-0.3911742536401926,-0.5741492774494258,-0.2377202312620545,-9.520171767367815,True
arctic,4,spike,F2k8-F0,F2k8,F0,1209,-0.059572514568704334,-0.09858723556030462,-0.023756965198700315,-3.262193129974833,1.7665765285491943,1.8261492252349854,True,-0.30523055171897534,-0.5212062693892598,-0.12496803042341051,-7.428523871322904,True
arctic,4,spike,F2k4-F1,F2k4,F1,1209,-0.0768088219923062,-0.10251864954931239,-0.0465783287207757,-4.206053970338737,1.7755283117294312,1.852337121963501,True,-0.3341531779731079,-0.4502590269683948,-0.2085242382132129,-8.132425949080794,True
arctic,4,spike,F2k1-F1,F2k1,F1,1209,-0.02684150818609028,-0.04921312533841318,-0.007663117486596553,-1.4698419940263296,1.8254956007003784,1.852337121963501,True,-0.07723909283073803,-0.14983711932953392,-0.008789682974504496,-1.8798001761656327,True
arctic,4,spike,F2rel-F1,F2rel,F1,1209,-0.16746276683606226,-0.20425844562659481,-0.12423946983051487,-9.170267386802054,1.684874176979065,1.852337121963501,True,-0.761929647231319,-1.0503570660220396,-0.47440732771714417,-18.543401179373564,True
arctic,4,spike,F2rel-F0,F2rel,F0,1209,-0.14127482120117144,-0.18824320344150425,-0.09810299441835729,-7.736214502568511,1.684874176979065,1.8261492252349854,True,-0.6759859453101016,-0.9964497344610849,-0.3788615647473567,-16.451753283328653,True
arctic,4,spike,F2rel-F2k8,F2rel,F2k8,1209,-0.0817023066324671,-0.10576455391942687,-0.053347831118892346,-4.474021372593677,1.684874176979065,1.7665765285491943,True,-0.3707553935911263,-0.5395287144919658,-0.21818936678332318,-9.02322941200575,True
arctic,4,spike,F2shuf-F0,F2shuf,F0,1209,0.04998372811931929,0.00600802316896514,0.09988570805882846,2.7371108247129956,1.876132845878601,1.8261492252349854,True,0.15579131365783752,-0.010829192051112983,0.3134611660992463,3.791558498762343,False
arctic,4,spike,F2k8-F2shuf,F2k8,F2shuf,1209,-0.10955624268802362,-0.135440562056497,-0.07405926714267105,-5.999303954687829,1.7665765285491943,1.876132845878601,True,-0.46102186537681283,-0.591685802915369,-0.3017953214401439,-11.220082370085246,True
arctic,4,spike,F2rel-F2shuf,F2rel,F2shuf,1209,-0.19125854932049072,-0.2312011626477225,-0.13427098252388298,-10.473325327281506,1.684874176979065,1.876132845878601,True,-0.8317772589679392,-1.1006636060706185,-0.5289994673853101,-20.243311782090995,True
arctic,4,spike,Ffut-F2k8,Ffut,F2k8,1209,-0.44861452471283075,-0.5241749088733029,-0.33781491713501105,-24.566148182939642,1.3179621696472168,1.7665765285491943,True,-1.6367485117016252,-2.0364218946632646,-1.161229164776868,-39.83423455500667,True
arctic,4,spike,Ffut-F2rel,Ffut,F2rel,1209,-0.3669122180803637,-0.43445369357716934,-0.2745259395642479,-20.092126810345967,1.3179621696472168,1.684874176979065,True,-1.2659931181104989,-1.5406643237827518,-0.9380800507229413,-30.811005143000916,True
arctic,4,spike,Ffut-F0,Ffut,F0,1209,-0.5081870392815351,-0.586337675344313,-0.400720284093639,-27.82834131291448,1.3179621696472168,1.8261492252349854,True,-1.9419790634206004,-2.5118334813821552,-1.392940170016754,-47.26275842632956,True
arctic,4,spike,Ffut1-F2rel,Ffut1,F2rel,1209,0.0807545489028429,0.052264922103527754,0.1010812427163714,4.422122123806807,1.7656290531158447,1.684874176979065,True,0.3571032582481012,0.2083943863822954,0.499319280780002,8.690971672015273,True
arctic,4,spike,Ffut-Ffut1,Ffut,Ffut1,1209,-0.44766676698320657,-0.5271864026568931,-0.3352682994726583,-24.514248934152775,1.3179621696472168,1.7656290531158447,True,-1.6230963763586,-2.0061580510296104,-1.1634155003692639,-39.501976815016185,True
arctic,4,persistent_spatial,F1-F0,F1,F0,131,0.014255221108443865,-0.0022505485638976085,0.02557256342389989,0.7719365929561297,1.8609384298324585,1.8466829061508179,False,0.071162499999272,-0.0032130005353176293,0.11315892950744376,1.7669077801094453,False
arctic,4,persistent_spatial,F2k8-F1,F2k8,F1,131,0.01585992010495135,-0.02373452167746357,0.06915795816974779,0.8588328863675567,1.876798152923584,1.8609384298324585,False,0.08966511396961357,-0.11402781226519329,0.3711797591799657,2.226312840034162,False
arctic,4,persistent_spatial,F2k8-F0,F2k8,F0,131,0.030115141213395213,-0.01683365756580606,0.09221520146801448,1.6307694793236862,1.876798152923584,1.8466829061508179,False,0.1608276139688856,-0.0606528570194657,0.47290112352345093,3.993220620143608,False
arctic,4,persistent_spatial,F2k4-F1,F2k4,F1,131,0.022442491909929814,-0.020089460338508166,0.08661365406708786,1.2152867086807237,1.883380651473999,1.8609384298324585,False,0.09795140082599553,-0.12255379804119967,0.42789934065113094,2.432054694450599,False
arctic,4,persistent_spatial,F2k1-F1,F2k1,F1,131,-0.0011324149961689956,-0.012472172421617932,0.011337479095643995,-0.06132157244739837,1.859805941581726,1.8609384298324585,False,-0.013536445512116411,-0.07650348049640032,0.05453278870530995,-0.33609908154759527,False
arctic,4,persistent_spatial,F2rel-F1,F2rel,F1,131,0.04176990357974104,-0.04892018994093216,0.17977287752287727,2.261888245167398,1.9027082920074463,1.8609384298324585,False,0.2388646730029856,-0.29592836589291793,1.0593225466793343,5.930818185513318,False
arctic,4,persistent_spatial,F2rel-F0,F2rel,F0,131,0.0560251246881849,-0.036980131622255635,0.19847130004319108,3.033824838123527,1.9027082920074463,1.8466829061508179,False,0.3100271730022576,-0.22102176953585118,1.138975681840701,7.697725965622762,False
arctic,4,persistent_spatial,F2rel-F2k8,F2rel,F2k8,131,0.025909983474789684,-0.04199697182513774,0.12117797955042785,1.403055358799841,1.9027082920074463,1.876798152923584,False,0.149199559033372,-0.22969723337049283,0.7233687143615865,3.7045053454791543,False
arctic,4,persistent_spatial,F2shuf-F0,F2shuf,F0,131,0.014356922557335774,-0.006287224409934296,0.027822069093100425,0.7774438432021339,1.8610399961471558,1.8466829061508179,False,0.07464292941202644,-0.016083102246407854,0.14254407446643783,1.853324050020992,False
arctic,4,persistent_spatial,F2k8-F2shuf,F2k8,F2shuf,131,0.01575821865605944,-0.032508287530380875,0.0778903936651168,0.8533256361215525,1.876798152923584,1.8610399961471558,False,0.08618468455685914,-0.16293447717588547,0.4216114128565274,2.139896570122615,False
arctic,4,persistent_spatial,F2rel-F2shuf,F2rel,F2shuf,131,0.041668202130849125,-0.059001716735034154,0.19199999395546075,2.2563809949213933,1.9027082920074463,1.8610399961471558,False,0.23538424359023116,-0.3569423325543397,1.1133401050301863,5.84440191560177,False
arctic,4,persistent_spatial,Ffut-F2k8,Ffut,F2k8,131,-0.1840074417245297,-0.2816649026531991,-0.013218997042069499,-9.964214273693065,1.6927907466888428,1.876798152923584,True,-0.9854090523173791,-1.5581105780361353,-0.04918552294199708,-24.466916158758675,True
arctic,4,persistent_spatial,Ffut-F2rel,Ffut,F2rel,131,-0.20991742519931939,-0.2995156836497579,-0.04683997020388358,-11.367269632492906,1.6927907466888428,1.9027082920074463,True,-1.1346086113507512,-1.6925451861516656,-0.2367958748585078,-28.17142150423783,True
arctic,4,persistent_spatial,Ffut-F0,Ffut,F0,131,-0.15389230051113448,-0.2752859178697072,0.03430240373160757,-8.333444794369377,1.6927907466888428,1.8466829061508179,False,-0.8245814383484935,-1.5161048804517507,0.14346554876482184,-20.47369553861507,False
arctic,4,persistent_spatial,Ffut1-F2rel,Ffut1,F2rel,131,-0.025070680006769777,-0.10842648903777624,0.031191345553765275,-1.357606112195326,1.877637505531311,1.9027082920074463,False,-0.1370855597139315,-0.6585637631662136,0.2138090906277644,-3.40372446164316,False
arctic,4,persistent_spatial,Ffut-Ffut1,Ffut,Ffut1,131,-0.18484674519254962,-0.2768913984354351,-0.011689513437234312,-10.00966352029758,1.6927907466888428,1.877637505531311,True,-0.9975230516368196,-1.56871349574613,-0.0882590419587951,-24.76769704259467,True
arctic,4,persistent_mixed,F1-F0,F1,F0,494,0.01714331454593643,0.008835994334647256,0.02430026231832879,1.0095117703380576,1.7153221368789673,1.698178768157959,True,0.06310982142503445,0.035515893201050426,0.08765913688450029,1.9348369732972193,True
arctic,4,persistent_mixed,F2k8-F1,F2k8,F1,494,-0.06097366090728204,-0.07679294159651699,-0.04454317422068392,-3.5905325193425375,1.6543482542037964,1.7153221368789673,True,-0.24875098944977228,-0.32297679026640463,-0.18108070885422106,-7.626271167688116,True
arctic,4,persistent_mixed,F2k8-F0,F2k8,F0,494,-0.043830346361345605,-0.0589773771189693,-0.028377942328895407,-2.58102074900448,1.6543482542037964,1.698178768157959,True,-0.18564116802473782,-0.24880610592261151,-0.12062219619012828,-5.6914341943908955,True
arctic,4,persistent_mixed,F2k4-F1,F2k4,F1,494,-0.046889617435845285,-0.06288460405771179,-0.027725215589894724,-2.7611708681711513,1.6684324741363525,1.7153221368789673,True,-0.19335421538244374,-0.23930835895991856,-0.13577132311455026,-5.927902764060497,True
arctic,4,persistent_mixed,F2k1-F1,F2k1,F1,494,-0.02591307974054746,-0.033858402634099685,-0.016686699103837365,-1.5259335604964477,1.6894088983535767,1.7153221368789673,True,-0.09738556389142627,-0.12676047364344017,-0.06222441742796889,-2.9856714125922963,True
arctic,4,persistent_mixed,F2rel-F1,F2rel,F1,494,-0.11293758283018583,-0.13730039174120584,-0.08723960681930107,-6.650512004262719,1.602384328842163,1.7153221368789673,True,-0.4583757364828336,-0.5854606823170193,-0.3425135645636456,-14.05300003364485,True
arctic,4,persistent_mixed,F2rel-F0,F2rel,F0,494,-0.0957942682842494,-0.11858416843092372,-0.07190524024087892,-5.641000233924662,1.602384328842163,1.698178768157959,True,-0.3952659150577991,-0.5055829070557557,-0.2895769391106718,-12.118163060347628,True
arctic,4,persistent_mixed,F2rel-F2k8,F2rel,F2k8,494,-0.05196392192290379,-0.07136631227769387,-0.03329595752217192,-3.0599794849201816,1.602384328842163,1.6543482542037964,True,-0.20962474703306128,-0.2866302255309294,-0.12905365974320965,-6.426728865956732,True
arctic,4,persistent_mixed,F2shuf-F0,F2shuf,F0,494,0.04133563286621078,0.022879662619921005,0.0583284303924564,2.434115514884701,1.7395144701004028,1.698178768157959,True,0.16453107556531787,0.09166620524201378,0.22886535027430976,5.044235605044131,True
arctic,4,persistent_mixed,F2k8-F2shuf,F2k8,F2shuf,494,-0.0851659792275564,-0.10399027590951919,-0.06294363020714193,-5.015136263889182,1.6543482542037964,1.7395144701004028,True,-0.35017224359005567,-0.4439253519519141,-0.2548005590431463,-10.735669799435026,True
arctic,4,persistent_mixed,F2rel-F2shuf,F2rel,F2shuf,494,-0.1371299011504602,-0.16500567092757554,-0.10568622388964055,-8.075115748809363,1.602384328842163,1.7395144701004028,True,-0.5597969906231169,-0.7087507467101775,-0.4181695695424467,-17.16239866539176,True
arctic,4,persistent_mixed,Ffut-F2k8,Ffut,F2k8,494,-0.2678588760586885,-0.35905332330824336,-0.1729630264526031,-15.773302615792282,1.3864895105361938,1.6543482542037964,True,-0.8134509349837598,-1.114634807570091,-0.46470689846832147,-24.938985873052033,True
arctic,4,persistent_mixed,Ffut-F2rel,Ffut,F2rel,494,-0.21589495413578474,-0.29985921694315926,-0.12856781360062156,-12.713323130872103,1.3864895105361938,1.602384328842163,True,-0.6038261879506984,-0.8523961239460329,-0.31418132692564166,-18.512257007095304,True
arctic,4,persistent_mixed,Ffut-F0,Ffut,F0,494,-0.31168922242003416,-0.39775064368757107,-0.224099132697732,-18.354323364796766,1.3864895105361938,1.698178768157959,True,-0.9990921030084976,-1.3260992909890095,-0.6482268806760825,-30.630420067442934,True
arctic,4,persistent_mixed,Ffut1-F2rel,Ffut1,F2rel,494,0.049764785629052385,0.03126401002225531,0.06958551284619637,2.9304797917732195,1.6521493196487427,1.602384328842163,True,0.1968937123925821,0.12322556387451787,0.26731538642396735,6.036417564569409,True
arctic,4,persistent_mixed,Ffut-Ffut1,Ffut,Ffut1,494,-0.26565973976483714,-0.3571575290424579,-0.17104129158831935,-15.643802922645325,1.3864895105361938,1.6521493196487427,True,-0.8007199003432806,-1.1049392923992405,-0.4664999754011815,-24.54867457166471,True
arctic,4,onset,F1-F0,F1,F0,90,0.029718432161543105,-0.0028138164296653686,0.0558266032623619,1.641928334835731,1.83968985080719,1.8099713325500488,False,0.08895837151341968,-0.009884430888536279,0.19586407763693645,2.0175324331482636,False
arctic,4,onset,F2k8-F1,F2k8,F1,90,-0.09259233938323128,-0.1604210111858516,-0.06157487410377745,-5.115679884983534,1.7470974922180176,1.83968985080719,True,-0.21709303889009687,-0.45831460903398025,-0.0560032808619858,-4.923564129154669,True
arctic,4,onset,F2k8-F0,F2k8,F0,90,-0.06287390722168816,-0.13886092901229857,-0.031029801246481397,-3.4737515501478025,1.7470974922180176,1.8099713325500488,True,-0.1281346673766772,-0.387468457836331,0.046279799222022064,-2.906031696006406,False
arctic,4,onset,F2k4-F1,F2k4,F1,90,-0.07492283119095697,-0.14282394926270753,-0.0420629971680489,-4.139448500844431,1.7647669315338135,1.83968985080719,True,-0.221058446334468,-0.4257902701944113,-0.10780783213675023,-5.013497633934031,True
arctic,4,onset,F2k1-F1,F2k1,F1,90,-0.02961123651928372,-0.06602435273183904,-0.005074402789358769,-1.636005829858353,1.8100786209106445,1.83968985080719,True,-0.06663534310128953,-0.22156396387111058,0.037108548132788806,-1.5112570476914973,False
arctic,4,onset,F2rel-F1,F2rel,F1,90,-0.2168940309021208,-0.28326555156427263,-0.14648638352808177,-11.983285425661476,1.6227959394454956,1.83968985080719,True,-0.9767636160055796,-1.6037860748703991,-0.500742722888445,-22.152521918784824,True
arctic,4,onset,F2rel-F0,F2rel,F0,90,-0.1871755987405777,-0.2612948047875428,-0.11599565614228961,-10.341357090825746,1.6227959394454956,1.8099713325500488,True,-0.8878052444921599,-1.5078430247074872,-0.42798743683348905,-20.134989485636563,True
arctic,4,onset,F2rel-F2k8,F2rel,F2k8,90,-0.12430169151888953,-0.18776768610061706,-0.04251310507627742,-6.867605540677943,1.6227959394454956,1.7470974922180176,True,-0.7596705771154828,-1.525943674272466,-0.1675429860747294,-17.228957789630158,True
arctic,4,onset,F2shuf-F0,F2shuf,F0,90,0.09153445826636421,0.045682296472248814,0.14389756407077403,5.057232488726897,1.9015058279037476,1.8099713325500488,True,0.3807654614249865,0.15169392720803995,0.609023975264744,8.635574761299308,True
arctic,4,onset,F2k8-F2shuf,F2k8,F2shuf,90,-0.15440836548805237,-0.24148676765875685,-0.11211210165837014,-8.5309840388747,1.7470974922180176,1.9015058279037476,True,-0.5089001288016637,-0.7660743877167503,-0.3441722731814425,-11.541606457305713,True
arctic,4,onset,F2rel-F2shuf,F2rel,F2shuf,90,-0.2787100570069419,-0.36452699174592695,-0.19557917016473683,-15.398589579552642,1.6227959394454956,1.9015058279037476,True,-1.2685707059171465,-2.050734781358308,-0.6404179090705361,-28.77056424693587,True
arctic,4,onset,Ffut-F2k8,Ffut,F2k8,90,-0.2806240820222431,-0.3991823527538641,-0.1665335436384785,-15.504338492857501,1.4664733409881592,1.7470974922180176,True,-1.1772934126357237,-2.050731907051428,-0.49101568814241536,-26.700439800272907,True
arctic,4,onset,Ffut-F2rel,Ffut,F2rel,90,-0.15632239050335353,-0.26736835135206055,-0.07472146302461624,-8.636732952179559,1.4664733409881592,1.6227959394454956,True,-0.417622835520241,-0.7079246734184298,-0.17863790209631228,-9.471482010642749,True
arctic,4,onset,Ffut-F0,Ffut,F0,90,-0.34349798924393127,-0.5108237417772588,-0.21573710429319104,-18.978090043005306,1.4664733409881592,1.8099713325500488,True,-1.305428080012401,-2.0794694256898345,-0.6761651551000336,-29.606471496279315,True
arctic,4,onset,Ffut1-F2rel,Ffut1,F2rel,90,0.11929768357012006,0.044061392351533425,0.16885767715350664,6.591136634304747,1.7420934438705444,1.6227959394454956,True,0.6804334610700608,0.17665126625644534,1.3382791233396976,15.431898684218638,True
arctic,4,onset,Ffut-Ffut1,Ffut,Ffut1,90,-0.2756200740734736,-0.37951572852386606,-0.17143348092952418,-15.227869586484307,1.4664733409881592,1.7420934438705444,True,-1.0980562965903018,-1.8678008738436869,-0.46401463757756867,-24.903380694861387,True
arctic,4,release,F1-F0,F1,F0,325,0.044762350962712215,-0.005506452562816948,0.08846490997269316,1.9572729676323506,2.331737518310547,2.286975383758545,False,0.14394056923114337,-0.0687982707238402,0.319675653178571,2.2213158623978946,False
arctic,4,release,F2k8-F1,F2k8,F1,325,-0.19627111352407015,-0.3044850990740773,-0.10995620972850557,-8.582126196807028,2.1354665756225586,2.331737518310547,True,-1.0497970002431136,-1.7582641123936598,-0.4778210264983699,-16.200649625006566,True
arctic,4,release,F2k8-F0,F2k8,F0,325,-0.15150876256135795,-0.28701256221304516,-0.03965756690216559,-6.624853229174678,2.1354665756225586,2.286975383758545,True,-0.9058564310119702,-1.7247356877775117,-0.22771900439485804,-13.979333762608672,True
arctic,4,release,F2k4-F1,F2k4,F1,325,-0.1748263499369988,-0.24192892598629281,-0.08741727654734555,-7.644435142527825,2.1569111347198486,2.331737518310547,True,-0.8650024242584522,-1.365759595319635,-0.41071259027993096,-13.348867635311564,True
arctic,4,release,F2k1-F1,F2k1,F1,325,-0.03224651304575113,-0.08533073651038044,0.021637862278261644,-1.4100070020323254,2.2994911670684814,2.331737518310547,False,-0.06772375553846359,-0.2611372275442334,0.16137418331782177,-1.0451247569903157,False
arctic,4,release,F2rel-F1,F2rel,F1,325,-0.39753277090879585,-0.5782465868627351,-0.2482002248074143,-17.38246829117452,1.9342048168182373,2.331737518310547,True,-1.9769336104163757,-3.1603458959178785,-0.9963426361932181,-30.508382808140937,True
arctic,4,release,F2rel-F0,F2rel,F0,325,-0.35277041994608366,-0.5560458390559986,-0.1818788511735642,-15.425195323542171,1.9342048168182373,2.286975383758545,True,-1.8329930411852322,-3.121613460619953,-0.7466785076880357,-28.287066945743042,True
arctic,4,release,F2rel-F2k8,F2rel,F2k8,325,-0.2012616573847257,-0.27878269234595654,-0.12832657386201887,-8.800342094367492,1.9342048168182373,2.1354665756225586,True,-0.9271366101732621,-1.4385713233383357,-0.48479260703936816,-14.307733183134372,True
arctic,4,release,F2shuf-F0,F2shuf,F0,325,0.04899300281818096,-0.07883132824628097,0.15958206100805783,2.1422619222802077,2.335968017578125,2.286975383758545,False,0.08566647962881968,-0.4945237128044525,0.52155439402621,1.3220199912486597,False
arctic,4,release,F2k8-F2shuf,F2k8,F2shuf,325,-0.2005017653795389,-0.27185163432346227,-0.09662024948757075,-8.767115151454885,2.1354665756225586,2.335968017578125,True,-0.9915229106407899,-1.4731717951541892,-0.4586095454491606,-15.301353753857333,True
arctic,4,release,F2rel-F2shuf,F2rel,F2shuf,325,-0.40176342276426463,-0.5415902695630783,-0.23900975740664912,-17.567457245822375,1.9342048168182373,2.335968017578125,True,-1.918659520814052,-2.904655310176704,-0.9886649182792793,-29.6090869369917,True
arctic,4,release,Ffut-F2k8,Ffut,F2k8,325,-0.9415724216057704,-1.1043337488457798,-0.7744945816576045,-41.171078110090406,1.1938940286636353,2.1354665756225586,True,-3.7276236258332545,-4.999301879398621,-2.6120964276351955,-57.5253351667379,True
arctic,4,release,Ffut-F2rel,Ffut,F2rel,325,-0.7403107642210447,-0.8507272265264894,-0.6111082328203058,-32.37073601572291,1.1938940286636353,1.9342048168182373,True,-2.8004870156599924,-3.7343776299542015,-2.0430804862815526,-43.21760198360352,True
arctic,4,release,Ffut-F0,Ffut,F0,325,-1.0930811841671284,-1.3698713847093882,-0.860406014182343,-47.79593133926509,1.1938940286636353,2.286975383758545,True,-4.633480056845225,-6.6046106304760475,-2.9066199258469583,-71.50466892934656,True
arctic,4,release,Ffut1-F2rel,Ffut1,F2rel,325,0.1961667600961832,0.13033227685422522,0.2705396310815931,8.577563251852393,2.130371570587158,1.9342048168182373,True,0.8900450669572904,0.4979437159793693,1.372610115495807,13.735330046572171,True
arctic,4,release,Ffut-Ffut1,Ffut,Ffut1,325,-0.9364775243172279,-1.096341214004126,-0.770731328975927,-40.94829926757531,1.1938940286636353,2.130371570587158,True,-3.690532082617283,-4.9366137882734975,-2.6019762640191355,-56.952932030175695,True
arctic,4,transient,F1-F0,F1,F0,76,0.015844098047206278,-0.008658908289490322,0.032374015711879325,1.156501490431809,1.385846734046936,1.3700023889541626,False,0.03152555384133991,-0.034265803599556825,0.08114252805308798,1.4316759324831196,False
arctic,4,transient,F2k8-F1,F2k8,F1,76,0.06028822417321958,-0.0032114135591047124,0.18347179876679431,4.400592631027646,1.4461349248886108,1.385846734046936,False,0.2661162410911761,-0.004540326321763651,0.8856521014011267,12.085187132018334,False
arctic,4,transient,F2k8-F0,F2k8,F0,76,0.07613232222042586,-0.008783505779223811,0.20808805366131394,5.557094121459454,1.4461349248886108,1.3700023889541626,False,0.297641794932516,-0.027212452984625293,0.9472656223825542,13.516863064501454,False
arctic,4,transient,F2k4-F1,F2k4,F1,76,-0.009522793324370133,-0.0445551590787391,0.03886265905239121,-0.6950931911614897,1.3763238191604614,1.385846734046936,False,-0.013662934499351602,-0.11591758955938644,0.13393938626566676,-0.6204774256547559,False
arctic,4,transient,F2k1-F1,F2k1,F1,76,-0.024909029273610366,-0.0399539991022349,-0.0033908678276063,-1.8181741487783472,1.3609375953674316,1.385846734046936,True,-0.0687283769642052,-0.10914558589123223,-0.009446453652411231,-3.12117476741204,True
arctic,4,transient,F2rel-F1,F2rel,F1,76,0.11326400543514051,0.029027030512044676,0.23340957132669596,8.267431235766267,1.4991108179092407,1.385846734046936,True,0.45420877851153674,0.09904143576087975,1.0485172829837153,20.627069068801003,True
arctic,4,transient,F2rel-F0,F2rel,F0,76,0.12910810348234678,0.036585836385593824,0.24470148961991064,9.423932726198077,1.4991108179092407,1.3700023889541626,True,0.48573433235287666,0.12919930798766793,1.0717886695405467,22.058745001284123,True
arctic,4,transient,F2rel-F2k8,F2rel,F2k8,76,0.05297578126192093,-0.004072944197187225,0.11254175233246072,3.866838604738622,1.4991108179092407,1.4461349248886108,False,0.18809253742036067,-0.021524450502015256,0.4162989837548141,8.541881936782671,False
arctic,4,transient,F2shuf-F0,F2shuf,F0,76,0.04836796224117279,-0.027070265015502033,0.10492132952884105,3.5305020364304696,1.4183707237243652,1.3700023889541626,False,0.12706935807670416,-0.09271572473509744,0.2857245954932545,5.770624764597783,False
arctic,4,transient,F2k8-F2shuf,F2k8,F2shuf,76,0.027764359979253066,-0.03471854347426072,0.1746463245930427,2.0265920850289847,1.4461349248886108,1.4183707237243652,False,0.17057243685581183,-0.08515859805864327,0.8580591325296248,7.74623829990367,False
arctic,4,transient,F2rel-F2shuf,F2rel,F2shuf,76,0.080740141241174,-0.01327242462218719,0.23528740907970228,5.893430689767606,1.4991108179092407,1.4183707237243652,False,0.3586649742761725,-0.029750832073066547,1.0375451956350694,16.28812023668634,False
arctic,4,transient,Ffut-F2k8,Ffut,F2k8,76,-0.311859824939778,-0.5841694634603826,0.04557157416417904,-22.76345117747179,1.1342750787734985,1.4461349248886108,False,-0.9217043072965584,-1.7862555652519339,0.19656090732183168,-41.85753183793781,False
arctic,4,transient,Ffut-F2rel,Ffut,F2rel,76,-0.3648356062016989,-0.6200061781052141,-0.029993720818310976,-26.63028978221041,1.1342750787734985,1.4991108179092407,True,-1.109796844716919,-1.9019732681894677,-0.11404115644446956,-50.399413774720486,True
arctic,4,transient,Ffut-F0,Ffut,F0,76,-0.2357275027193521,-0.4939142276315365,0.06382685665888949,-17.206357056012333,1.1342750787734985,1.3700023889541626,False,-0.6240625123640424,-1.3609786454831523,0.2777366262853336,-28.340668773436366,False
arctic,4,transient,Ffut1-F2rel,Ffut1,F2rel,76,-0.024290259339307483,-0.09353528033804011,0.02024716477308954,-1.7730085389011818,1.4748202562332153,1.4991108179092407,False,-0.08236991829778019,-0.3228478506207466,0.08978143776004963,-3.7406806611877323,False
arctic,4,transient,Ffut-Ffut1,Ffut,Ffut1,76,-0.3405453468623914,-0.6267361635701698,0.03333301358864453,-24.85728124330923,1.1342750787734985,1.4748202562332153,False,-1.027426926419139,-1.9366954560591796,0.1465809267855459,-46.658733113532755,False
arctic,4,amount,F1-F0,F1,F0,89,0.032614099175742504,-0.013782395997591186,0.05866484339144558,2.579158489042501,1.2971389293670654,1.2645248174667358,False,0.07003535732124629,-0.06047810919863998,0.13955600297167187,4.043785822541389,False
arctic,4,amount,F2k8-F1,F2k8,F1,89,-0.0907279701715105,-0.12553434380596237,-0.059822826915611964,-7.1748667102689865,1.2064110040664673,1.2971389293670654,True,-0.23865129924222325,-0.34805912009742923,-0.16462397844276647,-13.779536184561183,True
arctic,4,amount,F2k8-F0,F2k8,F0,89,-0.058113870995768,-0.12936226043488214,-0.018121911505483417,-4.595708221226486,1.2064110040664673,1.2645248174667358,True,-0.16861594192097695,-0.37865898503005047,-0.05837342452436867,-9.735750362019791,True
arctic,4,amount,F2k4-F1,F2k4,F1,89,-0.09355063351352563,-0.1266384967811242,-0.0048261673591217975,-7.398086002055593,1.2035883665084839,1.2971389293670654,True,-0.21562842555930106,-0.31143238139388285,0.03674932037407319,-12.450213771510269,False
arctic,4,amount,F2k1-F1,F2k1,F1,89,-0.050041646769877234,-0.06528356577263666,-0.008113451266572596,-3.957347936446776,1.247097373008728,1.2971389293670654,True,-0.11515235080477897,-0.15513123886618096,-0.0058505851005322,-6.64880513825001,True
arctic,4,amount,F2rel-F1,F2rel,F1,89,-0.1341541221972262,-0.17831988783681352,-0.08890181425449097,-10.609054116152624,1.162984848022461,1.2971389293670654,True,-0.33639958517605,-0.4906033183038234,-0.1945814411578776,-19.423444461117064,True
arctic,4,amount,F2rel-F0,F2rel,F0,89,-0.10154002302148368,-0.1717607803792474,-0.07166119904839764,-8.029895627110124,1.162984848022461,1.2645248174667358,True,-0.2663642278548037,-0.4917017900452695,-0.1687511174013769,-15.379658638575672,True
arctic,4,amount,F2rel-F2k8,F2rel,F2k8,89,-0.04342615202571569,-0.07900480041667739,0.0011676489831744577,-3.4341874058836366,1.162984848022461,1.2064110040664673,False,-0.09774828593382674,-0.19799544630910862,0.012449914263561356,-5.643908276555882,False
arctic,4,amount,F2shuf-F0,F2shuf,F0,89,0.1155073947451088,0.027994674552221932,0.1502181294105467,9.134450597538176,1.3800321817398071,1.2645248174667358,True,0.2865274350964621,0.04280376730653674,0.3837870455529878,16.54386618601182,True
arctic,4,amount,F2k8-F2shuf,F2k8,F2shuf,89,-0.17362126574087677,-0.2203147197726168,-0.10723755752168056,-13.730158818764663,1.2064110040664673,1.3800321817398071,True,-0.45514337701743907,-0.5563447584036518,-0.2926117847966297,-26.27961654803161,True
arctic,4,amount,F2rel-F2shuf,F2rel,F2shuf,89,-0.21704741776659248,-0.24257573407240776,-0.1536676273502485,-17.1643462246483,1.162984848022461,1.3800321817398071,True,-0.5528916629512658,-0.6359542103353178,-0.3892663215300335,-31.92352482458749,True
arctic,4,amount,Ffut-F2k8,Ffut,F2k8,89,-0.3368788127149089,-0.44205141022927835,-0.12421124391176602,-26.640743468348,0.8695322275161743,1.2064110040664673,True,-0.6580560181415482,-0.9161341585724296,-0.22903266993947105,-37.99563104094518,True
arctic,4,amount,Ffut-F2rel,Ffut,F2rel,89,-0.29345266068919323,-0.3931238497410594,-0.08438459120215254,-23.206556062464365,0.8695322275161743,1.162984848022461,True,-0.5603077322077216,-0.8253636454165607,-0.1518999197071568,-32.351722764389294,True
arctic,4,amount,Ffut-F0,Ffut,F0,89,-0.3949926837106769,-0.4887918130070457,-0.20935039137840758,-31.23645168957449,0.8695322275161743,1.2645248174667358,True,-0.8266719600625252,-1.1297474957882043,-0.46170337791511723,-47.73138140296497,True
arctic,4,amount,Ffut1-F2rel,Ffut1,F2rel,89,0.04079704639616977,-0.012651876742972794,0.07326855137001109,3.226274868839651,1.2037818431854248,1.162984848022461,False,0.09063466479269307,-0.04255462218866204,0.1795894245878488,5.233173450352312,False
arctic,4,amount,Ffut-Ffut1,Ffut,Ffut1,89,-0.334249707085363,-0.44145659395975095,-0.11536077245388156,-26.432830931304014,0.8695322275161743,1.2037818431854248,True,-0.6509423970004146,-0.899432835255945,-0.20392759501495786,-37.584896214741605,True
arctic,8,all,F1-F0,F1,F0,10416,0.003687571663375137,-0.012635100026417925,0.02080274160188073,0.3716602748760523,0.9958763122558594,0.9921888113021851,False,0.0114708592738649,-0.029740839402595205,0.05495982264247565,0.6580820165357857,False
arctic,8,all,F2k8-F1,F2k8,F1,10416,-0.014378121556905878,-0.03586449774511308,0.0042673398012469275,-1.4491315960351845,0.9814981818199158,0.9958763122558594,False,-0.06880079933781318,-0.13949146095270995,-0.008263156799256632,-3.94709478048081,True
arctic,8,all,F2k8-F0,F2k8,F0,10416,-0.010690549893530741,-0.030938473166215494,0.006717798386017677,-1.077471321159132,0.9814981818199158,0.9921888113021851,False,-0.05732994006394828,-0.12612682565956349,0.002661807742760075,-3.289012763945025,False
arctic,8,all,F2k4-F1,F2k4,F1,10416,0.0028425104670747312,-0.017445756787665648,0.025355272099887183,0.28648886529410833,0.998718798160553,0.9958763122558594,False,-0.015261906128476508,-0.06810652828628283,0.047903459800274,-0.8755739846003429,False
arctic,8,all,F2k1-F1,F2k1,F1,10416,0.006763709499822578,-0.007006889123269102,0.020326616701183357,0.6816958045460759,1.0026400089263916,0.9958763122558594,False,0.024145540279155123,-0.014664898856992797,0.06290873399926052,1.385227161966453,False
arctic,8,all,F2rel-F1,F2rel,F1,10416,-0.025872859477241467,-0.05448247106331126,0.00037194332985119075,-2.6076548316731145,0.9700035452842712,0.9958763122558594,False,-0.11386418935289169,-0.19954374577939538,-0.04002853551491336,-6.53237682998063,True
arctic,8,all,F2rel-F0,F2rel,F0,10416,-0.02218528781386633,-0.04830075428514117,0.0012552377043191308,-2.2359945567970616,0.9700035452842712,0.9921888113021851,False,-0.10239333007902679,-0.18622562856163444,-0.027815529090659392,-5.874294813444844,True
arctic,8,all,F2rel-F2k8,F2rel,F2k8,10416,-0.01149473792033559,-0.024582722656910572,0.0006372208070990995,-1.1585232356379302,0.9700035452842712,0.9814981818199158,False,-0.04506339001507851,-0.07598723933683629,-0.02049921315020908,-2.585282049499819,True
arctic,8,all,F2shuf-F0,F2shuf,F0,10416,-0.015120843114952246,-0.04047985876858334,0.013569748271215251,-1.5239884730313673,0.9770678281784058,0.9921888113021851,False,-0.03171173335340846,-0.09874041388851426,0.043349778202445,-1.8192988803030417,False
arctic,8,all,F2k8-F2shuf,F2k8,F2shuf,10416,0.004430293221421505,-0.019859357125199293,0.029534801738922176,0.44651715187223545,0.9814981818199158,0.9770678281784058,False,-0.025618206710539815,-0.07958881766118038,0.038399472131117426,-1.469713883641983,False
arctic,8,all,F2rel-F2shuf,F2rel,F2shuf,10416,-0.007064444698914084,-0.035045635858564184,0.023053106242218672,-0.7120060837656945,0.9700035452842712,0.9770678281784058,False,-0.07068159672561833,-0.1369902468442802,0.0002922043572138837,-4.054995933141802,False
arctic,8,all,Ffut-F2k8,Ffut,F2k8,10416,-0.1603240969193135,-0.22103808975067304,-0.10206287775347345,-16.158627782639304,0.821174144744873,0.9814981818199158,True,-0.5112048868219138,-0.7204656568197682,-0.29007360736892857,-29.327771769391102,True
arctic,8,all,Ffut-F2rel,Ffut,F2rel,10416,-0.14882935899897792,-0.21082148630640518,-0.08450288534169774,-15.00010454700137,0.821174144744873,0.9700035452842712,True,-0.4661414968068353,-0.6827942591082742,-0.2404366503808354,-26.742489719891285,True
arctic,8,all,Ffut-F0,Ffut,F0,10416,-0.17101464681284426,-0.21815813936200412,-0.12005551996031351,-17.236099103798434,0.821174144744873,0.9921888113021851,True,-0.5685348268858621,-0.7849238753137681,-0.3470339732813955,-32.61678453333613,True
arctic,8,all,Ffut1-F2rel,Ffut1,F2rel,10416,0.011487865056227406,-0.0028184298873215087,0.0253538607520564,1.157830538438577,0.9814913272857666,0.9700035452842712,False,0.04820026330234173,0.021861833909159138,0.07822109530397885,2.7652441473003515,True
arctic,8,all,Ffut-Ffut1,Ffut,Ffut1,10416,-0.16031722405520532,-0.22414059989518573,-0.09947200349870135,-16.15793508543995,0.821174144744873,0.9814913272857666,True,-0.514341760109177,-0.7319536228688731,-0.287775065094348,-29.507733867191632,True
arctic,8,non_spike,F1-F0,F1,F0,8706,-0.002785716508787965,-0.017861870039979393,0.011436877230506163,-0.378547156497911,0.7331110835075378,0.7358968257904053,False,-0.015578908570509385,-0.050240798272706055,0.01394134805710233,-1.9951876097309131,False
arctic,8,non_spike,F2k8-F1,F2k8,F1,8706,-0.002642576099845587,-0.024291775253981625,0.019239790347683697,-0.359096004661696,0.7304685115814209,0.7331110835075378,False,0.004053090395181883,-0.05754768931669716,0.0623821090340648,0.5190784515478964,False
arctic,8,non_spike,F2k8-F0,F2k8,F0,8706,-0.005428292608633552,-0.023601892586641526,0.010979144362147062,-0.737643161159607,0.7304685115814209,0.7358968257904053,False,-0.011525818175327503,-0.0626811545958133,0.03171266751955503,-1.4761091581830168,False
arctic,8,non_spike,F2k4-F1,F2k4,F1,8706,0.017107370862163487,-0.0019337303241322406,0.039833043434230817,2.324696922532443,0.7502185106277466,0.7331110835075378,False,0.05642173834413148,0.006072056661326586,0.1238883629621245,7.225920400918684,True
arctic,8,non_spike,F2k1-F1,F2k1,F1,8706,0.013901377896943668,0.002462617681186556,0.027080067495552765,1.8890389807039327,0.7470124363899231,0.7331110835075378,True,0.04921594317233848,0.017025896778808284,0.08562905310033747,6.303075698419082,True
arctic,8,non_spike,F2rel-F1,F2rel,F1,8706,-0.005002328993779556,-0.038238003540116645,0.030996053380250924,-0.6797595557511342,0.7281087636947632,0.7331110835075378,False,0.01859303681762252,-0.07879320114041037,0.1158613309565335,2.3812063931111567,False
arctic,8,non_spike,F2rel-F0,F2rel,F0,8706,-0.007788045502567521,-0.03508863546698662,0.0218140156542502,-1.058306712249045,0.7281087636947632,0.7358968257904053,False,0.003014128247113133,-0.08033951875968452,0.0878187401022903,0.38601878338024337,False
arctic,8,non_spike,F2rel-F2k8,F2rel,F2k8,8706,-0.0023597528939339695,-0.01867697825430175,0.01647214787320633,-0.3206635510894381,0.7281087636947632,0.7304685115814209,False,0.014539946422440636,-0.027423408708803824,0.06332483568912377,1.8621279415632601,False
arctic,8,non_spike,F2shuf-F0,F2shuf,F0,8706,-0.028648798262185676,-0.05093483240036541,-0.007109991367014048,-3.8930455001507633,0.7072480320930481,0.7358968257904053,True,-0.07841358810321225,-0.1335453575180526,-0.02838314629351964,-10.042412066929344,True
arctic,8,non_spike,F2k8-F2shuf,F2k8,F2shuf,8706,0.023220505653552125,-0.002788258503662674,0.05028659320912062,3.1554023389911565,0.7304685115814209,0.7072480320930481,False,0.06688776992788474,0.005616436346869967,0.13627370623207727,8.566302908746326,True
arctic,8,non_spike,F2rel-F2shuf,F2rel,F2shuf,8706,0.020860752759618153,-0.013288173322397848,0.06059326385645626,2.8347387879017183,0.7281087636947632,0.7072480320930481,False,0.08142771635032538,-0.009114248140909921,0.1855968211107056,10.428430850309587,False
arctic,8,non_spike,Ffut-F2k8,Ffut,F2k8,8706,-0.08851835186330718,-0.12832623914043134,-0.04995430787163963,-12.028636183915077,0.6419501304626465,0.7304685115814209,True,-0.1060412926098875,-0.2044124623278424,-0.0045391746959450915,-13.580686488885402,True
arctic,8,non_spike,Ffut-F2rel,Ffut,F2rel,8706,-0.08615859896937321,-0.13458371589351495,-0.03972206309226896,-11.707972632825639,0.6419501304626465,0.7281087636947632,True,-0.12058123903232813,-0.25021508713445867,0.00498358337294884,-15.442814430448662,False
arctic,8,non_spike,Ffut-F0,Ffut,F0,8706,-0.09394664447194073,-0.12849810144224783,-0.05880388216061803,-12.766279345074683,0.6419501304626465,0.7358968257904053,True,-0.117567110785215,-0.1965163095207888,-0.036142309710233245,-15.056795647068421,True
arctic,8,non_spike,Ffut1-F2rel,Ffut1,F2rel,8706,0.0005711054550507357,-0.0190481116092148,0.01741727767727558,0.0776067289646654,0.728679895401001,0.7281087636947632,False,-0.016155677609892966,-0.06481758301119309,0.023381464402044645,-2.0690543017296643,False
arctic,8,non_spike,Ffut-Ffut1,Ffut,Ffut1,8706,-0.08672970442442395,-0.13057246095917166,-0.04683395887036012,-11.785579361790305,0.6419501304626465,0.728679895401001,True,-0.10442556142243517,-0.20758221999971974,0.0013879307469660607,-13.373760128718997,False
arctic,8,spike,F1-F0,F1,F0,1710,0.036644558111826576,0.006002788919071717,0.06568089764004324,1.5953018620038948,2.333674192428589,2.297029733657837,True,0.14918739661487224,0.02565893277113888,0.252843794871025,2.2460844447672224,True
arctic,8,spike,F2k8-F1,F2k8,F1,1710,-0.07412646000671108,-0.10743458910247018,-0.04720751558998568,-3.227057052007359,2.259547710418701,2.333674192428589,True,-0.4397165677679038,-0.6695663752211234,-0.24476390925941127,-6.6201339079568395,True
arctic,8,spike,F2k8-F0,F2k8,F0,1710,-0.0374819018948845,-0.08947686329664566,0.009095989248879525,-1.631755190003464,2.259547710418701,2.297029733657837,False,-0.2905291711530316,-0.5753460624868009,-0.04253684717411589,-4.374049463189618,True
arctic,8,spike,F2k4-F1,F2k4,F1,1710,-0.06978314719353503,-0.09810772055083387,-0.03734613548079009,-3.037973177752946,2.2638909816741943,2.333674192428589,True,-0.3802196890398947,-0.4861684598012591,-0.2486403217483921,-5.7243812046091005,True
arctic,8,spike,F2k1-F1,F2k1,F1,1710,-0.02957578819920445,-0.05629354557309221,-0.0048046859006749985,-1.2875666242294288,2.30409836769104,2.333674192428589,True,-0.10349359866122754,-0.1977053904810703,-0.009011899613805361,-1.5581434314190046,True
arctic,8,spike,F2rel-F1,F2rel,F1,1710,-0.13212949011409492,-0.1812409903770998,-0.08961756598327264,-5.752188932430109,2.2015445232391357,2.333674192428589,True,-0.7882341373297903,-1.1573893381498237,-0.4427450616122816,-11.8672252138118,True
arctic,8,spike,F2rel-F0,F2rel,F0,1710,-0.09548493200226833,-0.16364508177939177,-0.036408750183146196,-4.156887070426214,2.2015445232391357,2.297029733657837,True,-0.6390467407149181,-1.0742148491157235,-0.2526388888562275,-9.621140769044576,True
arctic,8,spike,F2rel-F2k8,F2rel,F2k8,1710,-0.05800303010738384,-0.09337329994909198,-0.0283030700727335,-2.5251318804227507,2.2015445232391357,2.259547710418701,True,-0.3485175695618865,-0.5928594534527063,-0.13779921053645708,-5.247091305854959,True
arctic,8,spike,F2shuf-F0,F2shuf,F0,1710,0.053753061862716896,-0.008885706642384222,0.11286489335892899,2.340111713622419,2.350782871246338,2.297029733657837,False,0.20605806047804873,-0.05429547944528056,0.41962598959419883,3.102298282967093,False
arctic,8,spike,F2k8-F2shuf,F2k8,F2shuf,1710,-0.0912349637576014,-0.11258350352638732,-0.059678414344106305,-3.9718669036258833,2.259547710418701,2.350782871246338,True,-0.4965872316310803,-0.612923816006515,-0.3532450663413781,-7.476347746156709,True
arctic,8,spike,F2rel-F2shuf,F2rel,F2shuf,1710,-0.14923799386498524,-0.1848283855487095,-0.10332216500219767,-6.496998784048634,2.2015445232391357,2.350782871246338,True,-0.8451048011929668,-1.1549386148158496,-0.5275688583868633,-12.72343905201167,True
arctic,8,spike,Ffut-F2k8,Ffut,F2k8,1710,-0.5259035217483141,-0.6092163486243743,-0.39750837469260114,-22.89493749438126,1.7336441278457642,2.259547710418701,True,-2.573985150687353,-3.36689044722102,-1.8215171772080372,-38.75252292889962,True
arctic,8,spike,Ffut-F2rel,Ffut,F2rel,1710,-0.4679004916409303,-0.5490704181969058,-0.3488439051124194,-20.36980561395851,1.7336441278457642,2.2015445232391357,True,-2.2254675811254665,-2.852259521383108,-1.6052061620533757,-33.50543162304467,True
arctic,8,spike,Ffut-F0,Ffut,F0,1710,-0.5633854236431987,-0.6499811325188409,-0.45370985780483064,-24.526692684384727,1.7336441278457642,2.297029733657837,True,-2.8645143218403843,-3.8939112254033548,-1.994947477097294,-43.12657239208924,True
arctic,8,spike,Ffut1-F2rel,Ffut1,F2rel,1710,0.0670675779730953,0.03659428917550694,0.09495807825309774,2.919752277925263,2.2686121463775635,2.2015445232391357,True,0.37585103615726295,0.17649693522026458,0.5785781450335055,5.6586091386912445,True
arctic,8,spike,Ffut-Ffut1,Ffut,Ffut1,1710,-0.5349680696140255,-0.6233192142217937,-0.39777274486407876,-23.28955789188377,1.7336441278457642,2.2686121463775635,True,-2.6013186172827294,-3.38810790446262,-1.8334617429565316,-39.16404076173591,True
arctic,8,persistent_spatial,F1-F0,F1,F0,187,0.014359401827827495,0.0016373703139486602,0.023052535807991423,0.5840844291184465,2.4728057384490967,2.4584462642669678,True,0.11029914643037765,0.009149331983644515,0.18861945711680134,1.560708511360628,True
arctic,8,persistent_spatial,F2k8-F1,F2k8,F1,187,0.021595044888277105,-0.050060878100962825,0.10332475122799634,0.8784021518858,2.4944007396698,2.4728057384490967,False,0.24266380932241838,-0.30510363838145205,0.9480216269092708,3.4336391972692994,False
arctic,8,persistent_spatial,F2k8-F0,F2k8,F0,187,0.0359544467161046,-0.03296209186973697,0.11721695935190547,1.4624865810042467,2.4944007396698,2.4584462642669678,False,0.352962955752796,-0.1562126440449657,1.0136188077587522,4.9943477086299275,False
arctic,8,persistent_spatial,F2k4-F1,F2k4,F1,187,0.044388393986033885,-0.03209002114662354,0.14560705975180432,1.8055466426584321,2.5171940326690674,2.4728057384490967,False,0.3016043012154931,-0.2733811314639981,1.0880894903160474,4.267634113262312,False
arctic,8,persistent_spatial,F2k1-F1,F2k1,F1,187,0.009482754743035464,-0.023953053561830834,0.04572811616016911,0.3857214567129425,2.482288360595703,2.4728057384490967,False,0.027467330509328588,-0.19110144689012312,0.27592939069425604,0.3886566478311214,False
arctic,8,persistent_spatial,F2rel-F1,F2rel,F1,187,0.07179108851733693,-0.06054892981503296,0.253938279726721,2.920181317802478,2.5445966720581055,2.4728057384490967,False,0.6736300437845648,-0.4550025489340056,2.32895080724723,9.531716036501,False
arctic,8,persistent_spatial,F2rel-F0,F2rel,F0,187,0.08615049034516442,-0.04332572486180783,0.27149479908830565,3.5042657469209244,2.5445966720581055,2.4584462642669678,False,0.7839291902149425,-0.29737434645952787,2.385014959671023,11.09242454786163,False
arctic,8,persistent_spatial,F2rel-F2k8,F2rel,F2k8,187,0.050196043629059814,-0.029587335792987005,0.1627171708847759,2.0417791659166773,2.5445966720581055,2.4944007396698,False,0.43096623446214644,-0.25260288404154985,1.4328474119476295,6.098076839231701,False
arctic,8,persistent_spatial,F2shuf-F0,F2shuf,F0,187,-0.012029842578153559,-0.04929997769023937,0.024392747191131787,-0.48932704989346115,2.4464166164398193,2.4584462642669678,False,-0.025418065129754377,-0.29696812181711363,0.23564522063828874,-0.35965999623910794,False
arctic,8,persistent_spatial,F2k8-F2shuf,F2k8,F2shuf,187,0.04798428929425816,-0.05173996832628235,0.16381017424853256,1.9518136308977077,2.4944007396698,2.4464166164398193,False,0.37838102088255043,-0.3596458109812663,1.3000904331478729,5.354007704869036,False
arctic,8,persistent_spatial,F2rel-F2shuf,F2rel,F2shuf,187,0.09818033292331797,-0.06302947148162885,0.3122871240553446,3.9935927968143856,2.5445966720581055,2.4464166164398193,False,0.8093472553446969,-0.516579302456177,2.627920943503339,11.452084544100739,False
arctic,8,persistent_spatial,Ffut-F2k8,Ffut,F2k8,187,-0.23355587790994084,-0.3825281611474531,-0.013100030767917638,-9.500141666898704,2.2608449459075928,2.4944007396698,True,-1.5477248299568094,-2.4741403738809056,-0.1374411608811431,-21.89996381234464,True
arctic,8,persistent_spatial,Ffut-F2rel,Ffut,F2rel,187,-0.28375192153900064,-0.39684918921365553,-0.08329438886759989,-11.54192083281538,2.2608449459075928,2.5445966720581055,True,-1.978691064418956,-2.7751679546605685,-0.6452280711394162,-27.998040651576343,True
arctic,8,persistent_spatial,Ffut-F0,Ffut,F0,187,-0.19760143119383622,-0.36684667758009626,0.0374088026722644,-8.037655085894457,2.2608449459075928,2.4584462642669678,False,-1.1947618742040134,-2.3917051598169867,0.37904418246262483,-16.905616103714713,False
arctic,8,persistent_spatial,Ffut1-F2rel,Ffut1,F2rel,187,-0.042979237548807725,-0.1460745344456287,0.02908451795891052,-1.7482276579928744,2.501617670059204,2.5445966720581055,False,-0.3938817844033879,-1.3523902086915613,0.2708880098397387,-5.573340078169221,False
arctic,8,persistent_spatial,Ffut-Ffut1,Ffut,Ffut1,187,-0.24077268399019292,-0.38070278807779556,-0.03084096465482372,-9.793693174822508,2.2608449459075928,2.501617670059204,True,-1.584809280015568,-2.506903556627357,-0.20886084451231854,-22.424700573407122,True
arctic,8,persistent_mixed,F1-F0,F1,F0,678,0.018816158285359014,0.005720123417496573,0.031757931551551336,0.8934624181410058,2.12479829788208,2.1059820652008057,True,0.09198156878308208,0.04266861450651255,0.13378943546964447,1.8046157622608179,True
arctic,8,persistent_mixed,F2k8-F1,F2k8,F1,678,-0.05351362460921999,-0.07635304746738122,-0.030355064161249865,-2.541029455733635,2.071284770965576,2.12479829788208,True,-0.26859694836897485,-0.38649783499367013,-0.15700120322660202,-5.269689277260503,True
arctic,8,persistent_mixed,F2k8-F0,F2k8,F0,678,-0.034697466323860976,-0.061760496547342086,-0.00919948630431701,-1.6475670375926286,2.071284770965576,2.1059820652008057,True,-0.17661537958589274,-0.30173057287751665,-0.05758273457037286,-3.4650735149996845,True
arctic,8,persistent_mixed,F2k4-F1,F2k4,F1,678,-0.041531193924512835,-0.0720386801459483,-0.006573580880292613,-1.9720582910354856,2.0832669734954834,2.12479829788208,True,-0.2011849356754779,-0.33079538518376783,-0.052134703278287765,-3.9471114795355944,True
arctic,8,persistent_mixed,F2k1-F1,F2k1,F1,678,-0.026473005832472384,-0.03716517879235353,-0.01470998026430607,-1.257038522308032,2.098325252532959,2.12479829788208,True,-0.13205148288458146,-0.1806521934159065,-0.07677181407951042,-2.5907601989852185,True
arctic,8,persistent_mixed,F2rel-F1,F2rel,F1,678,-0.07883408648074552,-0.12019075550401602,-0.041369610357611934,-3.7433408281769336,2.045964241027832,2.12479829788208,True,-0.4164432139083699,-0.6012312848650392,-0.2319644629385158,-8.17033235949573,True
arctic,8,persistent_mixed,F2rel-F0,F2rel,F0,678,-0.06001792819538651,-0.09866571728627645,-0.024925721875868386,-2.8498784100359273,2.045964241027832,2.1059820652008057,True,-0.3244616451252878,-0.5018386368200383,-0.150336583846427,-6.365716597234911,True
arctic,8,persistent_mixed,F2rel-F2k8,F2rel,F2k8,678,-0.02532046187152553,-0.06497975130258814,0.013463120638334564,-1.2023113724432988,2.045964241027832,2.071284770965576,False,-0.14784626553939506,-0.31099193892809307,0.0217905809855733,-2.9006430822352263,False
arctic,8,persistent_mixed,F2shuf-F0,F2shuf,F0,678,0.04160351728179813,0.016251663081117276,0.06581097518623692,1.9754924777971097,2.14758563041687,2.1059820652008057,True,0.23174737819132551,0.11473626521955861,0.33923214967140985,4.546725796044544,True
arctic,8,persistent_mixed,F2k8-F2shuf,F2k8,F2shuf,678,-0.07630098360565911,-0.10287914032511868,-0.046910818553578766,-3.623059515389738,2.071284770965576,2.14758563041687,True,-0.40836275777721825,-0.5614966139634965,-0.24939100501801134,-8.011799311044228,True
arctic,8,persistent_mixed,F2rel-F2shuf,F2rel,F2shuf,678,-0.10162144547718464,-0.1485903077885453,-0.05742710086297323,-4.825370887833037,2.045964241027832,2.14758563041687,True,-0.5562090233166134,-0.7685247980371703,-0.3371546135617026,-10.912442393279456,True
arctic,8,persistent_mixed,Ffut-F2k8,Ffut,F2k8,678,-0.3029837112730935,-0.3938338278742108,-0.1961064020248339,-14.386813462450068,1.768301010131836,2.071284770965576,True,-1.2609289618412303,-1.8248425442578835,-0.7027811513965113,-24.738567842826118,True
arctic,8,persistent_mixed,Ffut-F2rel,Ffut,F2rel,678,-0.27766324940156795,-0.36234383726006153,-0.17682993892857146,-13.18450209000677,1.768301010131836,2.045964241027832,True,-1.1130826963018352,-1.6240420950649483,-0.600787798926919,-21.837924760590894,True
arctic,8,persistent_mixed,Ffut-F0,Ffut,F0,678,-0.3376811775969545,-0.4250209178404978,-0.24115983678740108,-16.034380500042698,1.768301010131836,2.1059820652008057,True,-1.437544341427123,-1.9955597032983674,-0.8750258024768125,-28.203641357825802,True
arctic,8,persistent_mixed,Ffut1-F2rel,Ffut1,F2rel,678,0.030281383313436425,-0.011979702566212518,0.07434674361124655,1.437874700540201,2.0762455463409424,2.045964241027832,False,0.16028334693241436,-0.013351207536536819,0.32230320369257526,3.1446501525135435,False
arctic,8,persistent_mixed,Ffut-Ffut1,Ffut,Ffut1,678,-0.3079446327150044,-0.3988389847512495,-0.20353126695495694,-14.622376790546971,1.768301010131836,2.0762455463409424,True,-1.2733660432342495,-1.8182935639091957,-0.7418188055972432,-24.982574913104436,True
arctic,8,onset,F1-F0,F1,F0,142,0.015955412052047084,-0.051386156827020094,0.05014100724397378,0.6471106619709824,2.4815940856933594,2.4656388759613037,False,0.032724922811481316,-0.2356648628889421,0.1878749638152637,0.4341454626607351,False
arctic,8,onset,F2k8-F1,F2k8,F1,142,-0.02925691176468218,-0.14527433165316622,0.030288814921029566,-1.1865854343035327,2.4523370265960693,2.4815940856933594,False,-0.06837992810867202,-0.5484388703162768,0.18784668183451547,-0.9071628891675123,False
arctic,8,onset,F2k8-F0,F2k8,F0,142,-0.013301499712635095,-0.18914460122997456,0.07149679555209099,-0.5394747723325503,2.4523370265960693,2.4656388759613037,False,-0.035655005297190706,-0.7225064744568612,0.2724593912459417,-0.4730174265067772,False
arctic,8,onset,F2k4-F1,F2k4,F1,142,-0.012599621860074326,-0.11255977684131233,0.04626818911471617,-0.5110084036601663,2.468994617462158,2.4815940856933594,False,-0.05861260857380612,-0.4566459305196561,0.18744775079763853,-0.7775846627237858,False
arctic,8,onset,F2k1-F1,F2k1,F1,142,0.003958071201619968,-0.06877120525886615,0.05732957071829902,0.16052923403378747,2.4855523109436035,2.4815940856933594,False,0.007925560356865466,-0.3305424169047075,0.23458673111304523,0.10514451287780399,False
arctic,8,onset,F2rel-F1,F2rel,F1,142,-0.14021638623425658,-0.283268199930465,-0.07003694208468492,-5.686817627726972,2.3413774967193604,2.4815940856933594,True,-0.6397781766636271,-1.0845455443303886,-0.3437915925837852,-8.487622541020107,True
arctic,8,onset,F2rel-F0,F2rel,F0,142,-0.1242609741822095,-0.3299946695566177,-0.032193734109401705,-5.03970696575599,2.3413774967193604,2.4656388759613037,True,-0.6070532538521458,-1.280253555481894,-0.27974617164755544,-8.053477078359371,True
arctic,8,onset,F2rel-F2k8,F2rel,F2k8,142,-0.11095947446957441,-0.17012642596357613,-0.06307655021697782,-4.5002321934234395,2.3413774967193604,2.4523370265960693,True,-0.571398248554955,-0.8455925573188234,-0.2734690076384298,-7.5804596518525935,True
arctic,8,onset,F2shuf-F0,F2shuf,F0,142,0.04040389959241303,-0.07720092343126458,0.14495732548023132,1.63867872081066,2.506042718887329,2.4656388759613037,False,0.3587423735101458,-0.278549131979846,0.9683844634992185,4.759258703856437,False
arctic,8,onset,F2k8-F2shuf,F2k8,F2shuf,142,-0.05370539930504813,-0.23130455819365364,0.06446387370099896,-2.1781534931432103,2.4523370265960693,2.506042718887329,False,-0.3943973788073365,-1.1019502899570566,0.1808475123878704,-5.232276130363213,False
arctic,8,onset,F2rel-F2shuf,F2rel,F2shuf,142,-0.16466487377462252,-0.3375421476840016,-0.0443553767888832,-6.678385686566648,2.3413774967193604,2.506042718887329,True,-0.9657956273622916,-1.6257488799184314,-0.2807361800142173,-12.812735782215809,True
arctic,8,onset,Ffut-F2k8,Ffut,F2k8,142,-0.5652388550446067,-0.6986992393366315,-0.4178216699302712,-22.92464077182557,1.8870983123779297,2.4523370265960693,True,-2.5258366649209614,-3.4958674960172713,-1.6364607355987737,-33.50903327762262,True
arctic,8,onset,Ffut-F2rel,Ffut,F2rel,142,-0.4542793805750323,-0.6004663371050876,-0.3074974791686571,-18.424408578402133,1.8870983123779297,2.3413774967193604,True,-1.9544384163660062,-2.836954628769503,-1.1442224919930497,-25.92857362577002,True
arctic,8,onset,Ffut-F0,Ffut,F0,142,-0.5785403547572417,-0.8216508354627412,-0.4186083893606982,-23.464115544158116,1.8870983123779297,2.4656388759613037,True,-2.5614916702181523,-3.626478393631908,-1.6972306056447544,-33.9820507041294,True
arctic,8,onset,Ffut1-F2rel,Ffut1,F2rel,142,0.12750394369514895,0.060326882525898365,0.18951613759846664,5.171233506181545,2.468881607055664,2.3413774967193604,True,0.5495042519670137,0.3094354446627026,0.7354110506864694,7.290002762682192,True
arctic,8,onset,Ffut-Ffut1,Ffut,Ffut1,142,-0.5817833242701812,-0.7160358550866464,-0.4159250827347215,-23.595642084583673,1.8870983123779297,2.468881607055664,True,-2.50394266833302,-3.338448619854753,-1.7136675929004013,-33.21857638845221,True
arctic,8,release,F1-F0,F1,F0,456,0.07742390265328843,0.005861086187936234,0.13391532682807716,2.685636782974998,2.9603121280670166,2.882888078689575,True,0.3231877281020085,-0.0349282912571717,0.605085250568837,3.042770811528136,False
arctic,8,release,F2k8-F1,F2k8,F1,456,-0.19869636077629893,-0.31454882117747685,-0.1114659806020995,-6.892267592525371,2.761615753173828,2.9603121280670166,True,-1.3452396307369334,-2.272406239133078,-0.6255362538518827,-12.665257765063608,True
arctic,8,release,F2k8-F0,F2k8,F0,456,-0.1212724581230105,-0.25689720240465214,-0.0037203246748924754,-4.206630809550374,2.761615753173828,2.882888078689575,True,-1.022051902634925,-2.0681042882750056,-0.16569699781459335,-9.622486953535471,True
arctic,8,release,F2k4-F1,F2k4,F1,456,-0.1939425957307481,-0.26254674089840563,-0.09637281365256312,-6.727371664699007,2.766369104385376,2.9603121280670166,True,-1.1680023976062472,-1.7617213993655139,-0.6142388206826945,-10.996592055343832,True
arctic,8,release,F2k1-F1,F2k1,F1,456,-0.048194166795726405,-0.1177066930603966,0.020804276809406774,-1.6717321477715221,2.9121177196502686,2.9603121280670166,False,-0.1245750113831539,-0.40928664770962697,0.19637358741173028,-1.1728576784413192,False
arctic,8,release,F2rel-F1,F2rel,F1,456,-0.38584156452040924,-0.5805429155051774,-0.22069627560486627,-13.383855147640507,2.574470281600952,2.9603121280670166,True,-2.541301208139773,-4.177815011919608,-1.1625766618619306,-23.926023382262308,True
arctic,8,release,F2rel-F0,F2rel,F0,456,-0.30841766186712083,-0.5281902000639647,-0.10790699345987292,-10.698218364665511,2.574470281600952,2.882888078689575,True,-2.2181134800377644,-3.971507384786125,-0.7124668197928319,-20.88325257073417,True
arctic,8,release,F2rel-F2k8,F2rel,F2k8,456,-0.1871452037441103,-0.29865819513498953,-0.09359230424424536,-6.491587555115136,2.574470281600952,2.761615753173828,True,-1.1960615774028396,-2.0461931080062947,-0.47506275183050084,-11.260765617198704,True
arctic,8,release,F2shuf-F0,F2shuf,F0,456,0.07906461304478478,-0.07890413022939632,0.21314321395973024,2.7425488221077186,2.9619526863098145,2.882888078689575,False,0.17357274845830703,-0.6551990873624137,0.7717804192985042,1.634165058764091,False
arctic,8,release,F2k8-F2shuf,F2k8,F2shuf,456,-0.20033707116779528,-0.27206306212301967,-0.0866288655477286,-6.949179631658092,2.761615753173828,2.9619526863098145,True,-1.195624651093232,-1.812293020701572,-0.5302483979813545,-11.256652012299561,True
arctic,8,release,F2rel-F2shuf,F2rel,F2shuf,456,-0.38748227491190557,-0.5410857390757072,-0.21839269560699984,-13.440767186773227,2.574470281600952,2.9619526863098145,True,-2.3916862284960714,-3.8403659606841565,-1.102923615416074,-22.517417629498265,True
arctic,8,release,Ffut-F2k8,Ffut,F2k8,456,-1.0873389276430796,-1.2933563099895882,-0.8280673428960159,-37.71700107544004,1.6742764711380005,2.761615753173828,True,-5.882267571765145,-8.2453585157502,-3.8372799448974573,-55.38079115218186,True
arctic,8,release,Ffut-F2rel,Ffut,F2rel,456,-0.9001937238989692,-1.0450231312187972,-0.6712186171167946,-31.2254135203249,1.6742764711380005,2.574470281600952,True,-4.686205994362306,-6.371601449287794,-3.21731047156814,-44.12002553498316,True
arctic,8,release,Ffut-F0,Ffut,F0,456,-1.20861138576609,-1.4948722397362353,-0.9312395357959472,-41.92363188499041,1.6742764711380005,2.882888078689575,True,-6.90431947440007,-10.081218094592458,-4.171570713797681,-65.00327810571733,True
arctic,8,release,Ffut1-F2rel,Ffut1,F2rel,456,0.19500147381372618,0.10601947025875326,0.29705018435371255,6.764101432004416,2.7694718837738037,2.574470281600952,True,1.227783514284774,0.5406386946371893,2.0255375488852905,11.559423564999932,True
arctic,8,release,Ffut-Ffut1,Ffut,Ffut1,456,-1.0951951977126955,-1.2894251215499613,-0.8385051565532263,-37.989514952329316,1.6742764711380005,2.7694718837738037,True,-5.91398950864708,-8.237022462053455,-3.9264271305602856,-55.67944909998309,True
arctic,8,transient,F1-F0,F1,F0,108,0.03630652085498527,-0.003947950312319924,0.0646776773374865,2.568534871347278,1.4498177766799927,1.4135109186172485,False,0.06841671508219507,-0.011979486041478981,0.12242579832377415,2.960210549828141,False
arctic,8,transient,F2k8-F1,F2k8,F1,108,0.06897442870669895,-0.005951646844935573,0.21797948032258502,4.879653053842161,1.5187921524047852,1.4498177766799927,False,0.36768838321721115,-0.015385551171928222,1.2561331107039526,15.90890515192387,False
arctic,8,transient,F2k8-F0,F2k8,F0,108,0.10528094956168423,0.004813241590010492,0.2423269634236053,7.448187925189439,1.5187921524047852,1.4135109186172485,True,0.4361050982994062,-0.0019432619415027468,1.3406185649151119,18.869115701752012,False
arctic,8,transient,F2k4-F1,F2k4,F1,108,5.414033377612078e-05,-0.0313861559787845,0.0696860710692096,0.003830202728754509,1.4498718976974487,1.4498177766799927,False,0.045519845077285064,-0.04815032245760614,0.2816623637239848,1.9695234631250083,False
arctic,8,transient,F2k1-F1,F2k1,F1,108,-0.05489430548968138,-0.08516776689946964,0.0036517264413051917,-3.8835430817457803,1.394923448562622,1.4498177766799927,False,-0.141023568533085,-0.20999383744392686,0.007001606519216981,-6.101717319291331,False
arctic,8,transient,F2rel-F1,F2rel,F1,108,0.17868036418049424,0.01002196584917503,0.2925616246435726,12.640890270256019,1.6284979581832886,1.4498177766799927,True,0.8341855900707068,0.11773734896079353,1.5468191816864243,36.093007114931666,True
arctic,8,transient,F2rel-F0,F2rel,F0,108,0.2149868850354795,0.023774267329889187,0.3457681083634332,15.209425141603296,1.6284979581832886,1.4135109186172485,True,0.9026023051529019,0.15235857535963473,1.634450076515541,39.053217664759806,True
arctic,8,transient,F2rel-F2k8,F2rel,F2k8,108,0.10970593547379529,-0.07343815215954594,0.1932797520550749,7.761237216413858,1.6284979581832886,1.5187921524047852,False,0.4664972068534957,-0.23897717057087803,0.7661719295398268,20.184101963007794,False
arctic,8,transient,F2shuf-F0,F2shuf,F0,108,0.08533324466811286,-0.02814177214430693,0.1693253063680202,6.036971030375143,1.4988443851470947,1.4135109186172485,False,0.20267058081097072,-0.06450637144794087,0.39445910029774484,8.769020709861064,False
arctic,8,transient,F2k8-F2shuf,F2k8,F2shuf,108,0.01994770489357136,-0.0627563904288551,0.1999877426511311,1.4112168948142956,1.5187921524047852,1.4988443851470947,False,0.23343451748843547,-0.13698224940387285,1.2482611592971804,10.100094991890948,False
arctic,8,transient,F2rel-F2shuf,F2rel,F2shuf,108,0.12965364036736665,0.0015492537953758114,0.24921865683789338,9.172454111228152,1.6284979581832886,1.4988443851470947,True,0.6999317243419312,0.109279043992812,1.4466642175633027,30.28419695489874,True
arctic,8,transient,Ffut-F2k8,Ffut,F2k8,108,-0.1765302116120303,-0.35217413115241225,0.06063035823526261,-12.488775946967502,1.3422620296478271,1.5187921524047852,False,-0.5376636431448989,-1.5055034210882992,0.3343628416936139,-23.263285686610867,False
arctic,8,transient,Ffut-F2rel,Ffut,F2rel,108,-0.2862361470858256,-0.4798057964806883,-0.022565638546307575,-20.25001316338136,1.3422620296478271,1.6284979581832886,True,-1.0041608499983947,-1.764547604023321,-0.10203596625663028,-43.44738764961867,True
arctic,8,transient,Ffut-F0,Ffut,F0,108,-0.0712492620503461,-0.17487130404353654,0.10655886084765381,-5.040588021778063,1.3422620296478271,1.4135109186172485,False,-0.10155854484549275,-0.4497130962079039,0.5478298861692281,-4.394169984858859,False
arctic,8,transient,Ffut1-F2rel,Ffut1,F2rel,108,-0.07284129935282248,-0.1290069129863567,0.05853960379796799,-5.153218018583025,1.555656909942627,1.6284979581832886,False,-0.29931567912852325,-0.5356984681808031,0.22604818918979155,-12.950598841536806,False
arctic,8,transient,Ffut-Ffut1,Ffut,Ffut1,108,-0.21339484773300313,-0.3928719667533461,0.04910475193874043,-15.096795144798335,1.3422620296478271,1.555656909942627,False,-0.7048451708698714,-1.6575555067313346,0.27903082369502213,-30.49678880808186,False
arctic,8,amount,F1-F0,F1,F0,131,0.04342428543640457,-0.001596369852444955,0.06201673270139409,2.6795866645390998,1.6639833450317383,1.6205590963363647,False,0.09617726698176551,-0.0768826154485128,0.168068748610968,3.129951997523073,False
arctic,8,amount,F2k8-F1,F2k8,F1,131,-0.05409956319641521,-0.1179305161454817,-0.021382923028907014,-3.3383270822223845,1.6098837852478027,1.6639833450317383,True,-0.24020211930379612,-0.5293797565201172,-0.10103407535063903,-7.817035425499583,True
arctic,8,amount,F2k8-F0,F2k8,F0,131,-0.01067527776001064,-0.11391574430997937,0.028522434281037422,-0.6587404176832851,1.6098837852478027,1.6205590963363647,False,-0.1440248523220306,-0.5676889145898361,0.015733804645819395,-4.687083427976509,False
arctic,8,amount,F2k4-F1,F2k4,F1,131,-0.06972480752995906,-0.10621553337763226,0.014883096941520227,-4.302515575494133,1.5942585468292236,1.6639833450317383,False,-0.2585261265057644,-0.47089196628299024,0.08780913933272683,-8.413364108402389,False
arctic,8,amount,F2k1-F1,F2k1,F1,131,-0.053284444768010204,-0.06722627066337226,-0.00572268961532019,-3.2880284889623326,1.610698938369751,1.6639833450317383,True,-0.16390839076906671,-0.2121474258815505,0.0017779353113860092,-5.334164831235001,False
arctic,8,amount,F2rel-F1,F2rel,F1,131,-0.06931723915893613,-0.19143939055720266,-0.031151238339454112,-4.2773657138232855,1.5946662425994873,1.6639833450317383,True,-0.23802782856781063,-0.8022012146231128,-0.03567716992975896,-7.746276234207695,True
arctic,8,amount,F2rel-F0,F2rel,F0,131,-0.02589295372253156,-0.1755279262881663,0.0258760390728433,-1.5977790492841855,1.5946662425994873,1.6205590963363647,False,-0.14185056158604512,-0.7787437521128108,0.056702259006209274,-4.616324236684621,False
arctic,8,amount,F2rel-F2k8,F2rel,F2k8,131,-0.015217675962520919,-0.10425682326360623,0.012989733483871052,-0.9390386316009005,1.5946662425994873,1.6098837852478027,False,0.0021742907359854867,-0.3608188926741215,0.14203798651782004,0.07075919129188757,False
arctic,8,amount,F2shuf-F0,F2shuf,F0,131,0.11322367339188816,0.04492570337848832,0.13792942198160202,6.986704381707247,1.7337827682495117,1.6205590963363647,True,0.3640978932380676,0.10206167356483906,0.449341746770785,11.849046703006167,True
arctic,8,amount,F2k8-F2shuf,F2k8,F2shuf,131,-0.12389895115189879,-0.199667851527013,-0.0752281166096123,-7.645444799390532,1.6098837852478027,1.7337827682495117,True,-0.5081227455600983,-0.8479137297708597,-0.3171431436813337,-16.536130130982677,True
arctic,8,amount,F2rel-F2shuf,F2rel,F2shuf,131,-0.13911662711441972,-0.25412364550646155,-0.09158656983785791,-8.584483430991433,1.5946662425994873,1.7337827682495117,True,-0.5059484548241128,-1.0915278206787389,-0.3123618558759199,-16.46537093969079,True
arctic,8,amount,Ffut-F2k8,Ffut,F2k8,131,-0.4011664301839494,-0.539188737475894,-0.13913983194869273,-24.75481647604679,1.2087173461914062,1.6098837852478027,True,-1.1604992513267594,-1.7340018779388269,-0.2335016342126453,-37.766793170603194,True
arctic,8,amount,Ffut-F2rel,Ffut,F2rel,131,-0.38594875422142844,-0.5156439808140288,-0.0760479730302366,-23.815777844445886,1.2087173461914062,1.5946662425994873,True,-1.1626735420627448,-1.6487972966316622,-0.1275172004278973,-37.83755236189508,True
arctic,8,amount,Ffut-F0,Ffut,F0,131,-0.41184170794396,-0.5967558282363927,-0.17557340493066273,-25.413556893730075,1.2087173461914062,1.6205590963363647,True,-1.30452410364879,-2.1510107906330016,-0.5224967979724463,-42.453876598579704,True
arctic,8,amount,Ffut1-F2rel,Ffut1,F2rel,131,0.022012263763951892,-0.010090869107698911,0.10686065069375891,1.3583129312417872,1.6166784763336182,1.5946662425994873,False,0.013042131566819343,-0.14812280661357277,0.3560818259653292,0.42443757272978383,False
arctic,8,amount,Ffut-Ffut1,Ffut,Ffut1,131,-0.4079610179853803,-0.5366769673926117,-0.136897882504278,-25.174090775687674,1.2087173461914062,1.6166784763336182,True,-1.1757156736295642,-1.6636315334928728,-0.21307078490188644,-38.261989934624864,True
