split,model,K,metric,t,value,n
fixed,gtinit_vf,0,derr,0,0.5096472229968797,186.0
fixed,gtinit_vf,0,derr,1,0.4080628405515385,186.0
fixed,gtinit_vf,0,derr,2,0.32487293510066884,186.0
fixed,gtinit_vf,0,derr,3,0.2837089452772371,186.0
fixed,gtinit_vf,0,derr,4,0.25927200601986977,186.0
fixed,gtinit_vf,0,derr,5,0.24469558586196233,186.0
fixed,gtinit_vf,0,derr,6,0.21584576072912381,186.0
fixed,gtinit_vf,0,derr,7,0.18498979553940795,186.0
fixed,gtinit_vf,0,derr,8,0.1862877203572181,186.0
fixed,gtinit_vf,0,derr,9,0.17727520249743936,186.0
fixed,gtinit_vf,0,derr,10,0.1735850391228513,186.0
fixed,gtinit_vf,0,derr,11,0.16448055590773303,186.0
fixed,gtinit_vf,0,derr,12,0.15723439186350793,186.0
fixed,gtinit_vf,0,derr,13,0.1517889334229372,186.0
fixed,gtinit_vf,0,derr,14,0.15204365417281146,186.0
fixed,gtinit_vf,0,derr,15,0.16244065424086906,186.0
fixed,gtinit_vf,0,derr,16,0.173841813729415,186.0
fixed,gtinit_vf,0,derr,17,0.1793967908328419,186.0
fixed,gtinit_vf,0,derr,18,0.19059793174427042,186.0
fixed,gtinit_vf,0,derr,19,0.18501617044951485,186.0
fixed,gtinit_vf,0,derr,20,0.1915732185626703,186.0
fixed,gtinit_vf,0,derr,21,0.19766541972496016,186.0
fixed,gtinit_vf,0,derr,22,0.19735111464916538,186.0
fixed,gtinit_vf,0,derr,23,0.19593652119980223,186.0
fixed,gtinit_vf,0,derr,24,0.19543376263050782,186.0
fixed,gtinit_vf,0,derr,25,0.19048195763400966,186.0
fixed,gtinit_vf,0,derr,26,0.17010475391702307,186.0
fixed,gtinit_vf,0,derr,27,0.1679724112543608,186.0
fixed,gtinit_vf,0,derr,28,0.17823192802688448,186.0
fixed,gtinit_vf,0,derr,29,0.18957667147880922,186.0
fixed,gtinit_vf,0,derr,30,0.19662587954512528,186.0
fixed,gtinit_vf,0,derr,31,0.19683577996047755,186.0
fixed,gtinit_vf,0,derr,32,0.18546774025045096,186.0
fixed,gtinit_vf,0,derr,33,0.1645161893409026,186.0
fixed,gtinit_vf,0,derr,34,0.16029017232358456,186.0
fixed,gtinit_vf,0,derr,35,0.15085413807161874,186.0
fixed,gtinit_vf,0,derr,36,0.14897039357412567,186.0
fixed,gtinit_vf,0,derr,37,0.16540097480299332,186.0
fixed,gtinit_vf,0,derr,38,0.1669262011825878,186.0
fixed,gtinit_vf,0,derr,39,0.15598545030700744,186.0
fixed,gtinit_vf,0,derr,40,0.15878882027301255,186.0
fixed,gtinit_vf,0,derr,41,0.16631173096617224,186.0
fixed,gtinit_vf,0,derr,42,0.155927216348749,186.0
fixed,gtinit_vf,0,derr,43,0.16174849251445422,186.0
fixed,gtinit_vf,0,derr,44,0.17592956604916724,186.0
fixed,gtinit_vf,0,derr,45,0.18807479836327093,186.0
fixed,gtinit_vf,0,derr,46,0.18264470893328869,186.0
fixed,gtinit_vf,0,derr,47,0.18209268072099294,186.0
fixed,gtinit_vf,0,derr,48,0.18387449976377268,186.0
fixed,gtinit_vf,0,derr,49,0.18198846167414098,186.0
fixed,gtinit_vf,0,derr,50,0.18487290151777766,186.0
fixed,gtinit_vf,0,derr,51,0.19425747173047195,186.0
fixed,gtinit_vf,0,derr,52,0.21156692828842869,186.0
fixed,gtinit_vf,0,derr,53,0.2152008891295922,186.0
fixed,gtinit_vf,0,derr,54,0.20490239332780563,186.0
fixed,gtinit_vf,0,derr,55,0.1959039678206287,186.0
fixed,gtinit_vf,0,derr,56,0.1835248052713371,186.0
fixed,gtinit_vf,0,derr,57,0.18277403607123321,186.0
fixed,gtinit_vf,0,derr,58,0.17408343157180214,186.0
fixed,gtinit_vf,0,derr,59,0.1729684660952258,186.0
fixed,gtinit_vf,0,derr,60,0.1687236220115215,186.0
fixed,gtinit_vf,0,derr,61,0.17055701945097215,186.0
fixed,gtinit_vf,0,derr,62,0.17416236148045589,186.0
fixed,gtinit_vf,0,dmag,0,0.2894754093240506,186.0
fixed,gtinit_vf,0,dmag,1,0.2558878112874765,186.0
fixed,gtinit_vf,0,dmag,2,0.23100386430779773,186.0
fixed,gtinit_vf,0,dmag,3,0.20387419214552288,186.0
fixed,gtinit_vf,0,dmag,4,0.18417286808272043,186.0
fixed,gtinit_vf,0,dmag,5,0.1647456571489813,186.0
fixed,gtinit_vf,0,dmag,6,0.14932428742007864,186.0
fixed,gtinit_vf,0,dmag,7,0.1412955969071356,186.0
fixed,gtinit_vf,0,dmag,8,0.1318488402682687,186.0
fixed,gtinit_vf,0,dmag,9,0.12221822918202448,186.0
fixed,gtinit_vf,0,dmag,10,0.1189803632166517,186.0
fixed,gtinit_vf,0,dmag,11,0.11271858971405735,186.0
fixed,gtinit_vf,0,dmag,12,0.10381521172420953,186.0
fixed,gtinit_vf,0,dmag,13,0.10143321714494177,186.0
fixed,gtinit_vf,0,dmag,14,0.09868968853486641,186.0
fixed,gtinit_vf,0,dmag,15,0.09578438193326996,186.0
fixed,gtinit_vf,0,dmag,16,0.09521990227863512,186.0
fixed,gtinit_vf,0,dmag,17,0.09700842965294117,186.0
fixed,gtinit_vf,0,dmag,18,0.10121598870303201,186.0
fixed,gtinit_vf,0,dmag,19,0.09485869394535179,186.0
fixed,gtinit_vf,0,dmag,20,0.0925266987103368,186.0
fixed,gtinit_vf,0,dmag,21,0.09570132803812784,186.0
fixed,gtinit_vf,0,dmag,22,0.09571047728100131,186.0
fixed,gtinit_vf,0,dmag,23,0.09653043829064856,186.0
fixed,gtinit_vf,0,dmag,24,0.09899537216231066,186.0
fixed,gtinit_vf,0,dmag,25,0.09837571319733415,186.0
fixed,gtinit_vf,0,dmag,26,0.09332523189024419,186.0
fixed,gtinit_vf,0,dmag,27,0.090219170045388,186.0
fixed,gtinit_vf,0,dmag,28,0.1016168267195744,186.0
fixed,gtinit_vf,0,dmag,29,0.10547639387008804,186.0
fixed,gtinit_vf,0,dmag,30,0.10858166452637442,186.0
fixed,gtinit_vf,0,dmag,31,0.10168512929130787,186.0
fixed,gtinit_vf,0,dmag,32,0.09952721175968006,186.0
fixed,gtinit_vf,0,dmag,33,0.09594855075501786,186.0
fixed,gtinit_vf,0,dmag,34,0.09486927232274445,186.0
fixed,gtinit_vf,0,dmag,35,0.09209378820753866,186.0
fixed,gtinit_vf,0,dmag,36,0.0883933169246521,186.0
fixed,gtinit_vf,0,dmag,37,0.09693493339563569,186.0
fixed,gtinit_vf,0,dmag,38,0.1021234946856175,186.0
fixed,gtinit_vf,0,dmag,39,0.09941755709869246,186.0
fixed,gtinit_vf,0,dmag,40,0.09570274228650716,186.0
fixed,gtinit_vf,0,dmag,41,0.09562282089484475,186.0
fixed,gtinit_vf,0,dmag,42,0.0938577011467949,186.0
fixed,gtinit_vf,0,dmag,43,0.10134563859431975,186.0
fixed,gtinit_vf,0,dmag,44,0.10918068027584463,186.0
fixed,gtinit_vf,0,dmag,45,0.11444392866925687,186.0
fixed,gtinit_vf,0,dmag,46,0.10972573312740493,186.0
fixed,gtinit_vf,0,dmag,47,0.10339175463123347,186.0
fixed,gtinit_vf,0,dmag,48,0.10102220744855943,186.0
fixed,gtinit_vf,0,dmag,49,0.10360585346377345,186.0
fixed,gtinit_vf,0,dmag,50,0.1055886928562916,186.0
fixed,gtinit_vf,0,dmag,51,0.1085908536208413,186.0
fixed,gtinit_vf,0,dmag,52,0.1139267070008622,186.0
fixed,gtinit_vf,0,dmag,53,0.11416350994058834,186.0
fixed,gtinit_vf,0,dmag,54,0.11090374440555612,186.0
fixed,gtinit_vf,0,dmag,55,0.10768587030069803,186.0
fixed,gtinit_vf,0,dmag,56,0.09378951979720945,186.0
fixed,gtinit_vf,0,dmag,57,0.08659556095478355,186.0
fixed,gtinit_vf,0,dmag,58,0.08485290442182812,186.0
fixed,gtinit_vf,0,dmag,59,0.08748720811119162,186.0
fixed,gtinit_vf,0,dmag,60,0.08849754573536976,186.0
fixed,gtinit_vf,0,dmag,61,0.09174538335152051,186.0
fixed,gtinit_vf,0,dmag,62,0.09010473074471598,186.0
fixed,gtinit_vf,0,err,0,7.978171230470546e-08,186.0
fixed,gtinit_vf,0,err,1,0.5096472225963108,186.0
fixed,gtinit_vf,0,err,2,0.8570011481642723,186.0
fixed,gtinit_vf,0,err,3,1.0805827357996536,186.0
fixed,gtinit_vf,0,err,4,1.2337414556613533,186.0
fixed,gtinit_vf,0,err,5,1.3589160652250372,186.0
fixed,gtinit_vf,0,err,6,1.4535618418006486,186.0
fixed,gtinit_vf,0,err,7,1.5402079872706884,186.0
fixed,gtinit_vf,0,err,8,1.607147773427348,186.0
fixed,gtinit_vf,0,err,9,1.6647461880278844,186.0
fixed,gtinit_vf,0,err,10,1.7128513261515608,186.0
fixed,gtinit_vf,0,err,11,1.747705458713475,186.0
fixed,gtinit_vf,0,err,12,1.7800016738874938,186.0
fixed,gtinit_vf,0,err,13,1.8116466067330812,186.0
fixed,gtinit_vf,0,err,14,1.8424833143750827,186.0
fixed,gtinit_vf,0,err,15,1.8612716250842618,186.0
fixed,gtinit_vf,0,err,16,1.8820433828138536,186.0
fixed,gtinit_vf,0,err,17,1.9124717540157739,186.0
fixed,gtinit_vf,0,err,18,1.9441848204981895,186.0
fixed,gtinit_vf,0,err,19,1.9722349715008531,186.0
fixed,gtinit_vf,0,err,20,1.9994182231765922,186.0
fixed,gtinit_vf,0,err,21,2.0246801253768707,186.0
fixed,gtinit_vf,0,err,22,2.0394609673849997,186.0
fixed,gtinit_vf,0,err,23,2.060259183568339,186.0
fixed,gtinit_vf,0,err,24,2.0901018799312654,186.0
fixed,gtinit_vf,0,err,25,2.121736205393268,186.0
fixed,gtinit_vf,0,err,26,2.1520065812654394,186.0
fixed,gtinit_vf,0,err,27,2.1728066843684,186.0
fixed,gtinit_vf,0,err,28,2.1851977409534555,186.0
fixed,gtinit_vf,0,err,29,2.197093833758626,186.0
fixed,gtinit_vf,0,err,30,2.218034226727742,186.0
fixed,gtinit_vf,0,err,31,2.24518561507425,186.0
fixed,gtinit_vf,0,err,32,2.281702807673844,186.0
fixed,gtinit_vf,0,err,33,2.313376579714078,186.0
fixed,gtinit_vf,0,err,34,2.3416880886721354,186.0
fixed,gtinit_vf,0,err,35,2.36634759204362,186.0
fixed,gtinit_vf,0,err,36,2.3898124553823985,186.0
fixed,gtinit_vf,0,err,37,2.4049494965102083,186.0
fixed,gtinit_vf,0,err,38,2.408804911118682,186.0
fixed,gtinit_vf,0,err,39,2.4131151484225386,186.0
fixed,gtinit_vf,0,err,40,2.415884086521723,186.0
fixed,gtinit_vf,0,err,41,2.4304617545617524,186.0
fixed,gtinit_vf,0,err,42,2.4454167163179767,186.0
fixed,gtinit_vf,0,err,43,2.4536147740899876,186.0
fixed,gtinit_vf,0,err,44,2.4589836510919754,186.0
fixed,gtinit_vf,0,err,45,2.4616851454140036,186.0
fixed,gtinit_vf,0,err,46,2.460455727673346,186.0
fixed,gtinit_vf,0,err,47,2.4707896706237586,186.0
fixed,gtinit_vf,0,err,48,2.4930176749344795,186.0
fixed,gtinit_vf,0,err,49,2.5182272642850876,186.0
fixed,gtinit_vf,0,err,50,2.5415339729478283,186.0
fixed,gtinit_vf,0,err,51,2.5736442557586137,186.0
fixed,gtinit_vf,0,err,52,2.6030729211145833,186.0
fixed,gtinit_vf,0,err,53,2.622963688546611,186.0
fixed,gtinit_vf,0,err,54,2.6471205129418323,186.0
fixed,gtinit_vf,0,err,55,2.668433734165725,186.0
fixed,gtinit_vf,0,err,56,2.6888497406116096,186.0
fixed,gtinit_vf,0,err,57,2.7105371189373795,186.0
fixed,gtinit_vf,0,err,58,2.735274623318385,186.0
fixed,gtinit_vf,0,err,59,2.762906815576297,186.0
fixed,gtinit_vf,0,err,60,2.7976342827402134,186.0
fixed,gtinit_vf,0,err,61,2.8347731490609465,186.0
fixed,gtinit_vf,0,err,62,2.866992482575037,186.0
fixed,gtinit_vf,0,err,63,2.8973645734530624,186.0
fixed,samplerGT_static,-1,derr,0,0.5366440554179491,186.0
fixed,samplerGT_static,-1,derr,1,0.4339403351568567,186.0
fixed,samplerGT_static,-1,derr,2,0.3245080325512155,186.0
fixed,samplerGT_static,-1,derr,3,0.2706064760825166,186.0
fixed,samplerGT_static,-1,derr,4,0.2434110160346233,186.0
fixed,samplerGT_static,-1,derr,5,0.22799175576136638,186.0
fixed,samplerGT_static,-1,derr,6,0.2047251710888519,186.0
fixed,samplerGT_static,-1,derr,7,0.17033337715572566,186.0
fixed,samplerGT_static,-1,derr,8,0.16186941217791329,186.0
fixed,samplerGT_static,-1,derr,9,0.1542717634089371,186.0
fixed,samplerGT_static,-1,derr,10,0.14498001046138265,186.0
fixed,samplerGT_static,-1,derr,11,0.1327522087752098,186.0
fixed,samplerGT_static,-1,derr,12,0.1243171102657754,186.0
fixed,samplerGT_static,-1,derr,13,0.12467458293152352,186.0
fixed,samplerGT_static,-1,derr,14,0.12736732783096452,186.0
fixed,samplerGT_static,-1,derr,15,0.14216659945105353,186.0
fixed,samplerGT_static,-1,derr,16,0.1530409282453919,186.0
fixed,samplerGT_static,-1,derr,17,0.16370774169392402,186.0
fixed,samplerGT_static,-1,derr,18,0.17047698077775778,186.0
fixed,samplerGT_static,-1,derr,19,0.16472535765346802,186.0
fixed,samplerGT_static,-1,derr,20,0.16980147476918916,186.0
fixed,samplerGT_static,-1,derr,21,0.1689694851989888,186.0
fixed,samplerGT_static,-1,derr,22,0.17629008657225126,186.0
fixed,samplerGT_static,-1,derr,23,0.18139767705419688,186.0
fixed,samplerGT_static,-1,derr,24,0.1769847290685697,186.0
fixed,samplerGT_static,-1,derr,25,0.1650865592754628,186.0
fixed,samplerGT_static,-1,derr,26,0.14384569396992525,186.0
fixed,samplerGT_static,-1,derr,27,0.13891984182239583,186.0
fixed,samplerGT_static,-1,derr,28,0.14201434252828998,186.0
fixed,samplerGT_static,-1,derr,29,0.15359450330214455,186.0
fixed,samplerGT_static,-1,derr,30,0.1593038547839621,186.0
fixed,samplerGT_static,-1,derr,31,0.16181900580576544,186.0
fixed,samplerGT_static,-1,derr,32,0.1546022567762545,186.0
fixed,samplerGT_static,-1,derr,33,0.1308009162282063,186.0
fixed,samplerGT_static,-1,derr,34,0.124954814903826,186.0
fixed,samplerGT_static,-1,derr,35,0.11379883235496001,186.0
fixed,samplerGT_static,-1,derr,36,0.11689514413508058,186.0
fixed,samplerGT_static,-1,derr,37,0.1291273807822167,186.0
fixed,samplerGT_static,-1,derr,38,0.13331612285601688,186.0
fixed,samplerGT_static,-1,derr,39,0.1235541926250716,186.0
fixed,samplerGT_static,-1,derr,40,0.12838793134797408,186.0
fixed,samplerGT_static,-1,derr,41,0.13275063724374564,186.0
fixed,samplerGT_static,-1,derr,42,0.12685597560329204,186.0
fixed,samplerGT_static,-1,derr,43,0.12934417882503424,186.0
fixed,samplerGT_static,-1,derr,44,0.14316444804470388,186.0
fixed,samplerGT_static,-1,derr,45,0.15740286473189777,186.0
fixed,samplerGT_static,-1,derr,46,0.1495010269600622,186.0
fixed,samplerGT_static,-1,derr,47,0.14326226105554002,186.0
fixed,samplerGT_static,-1,derr,48,0.14468489344266644,186.0
fixed,samplerGT_static,-1,derr,49,0.1384098293782267,186.0
fixed,samplerGT_static,-1,derr,50,0.146492224662535,186.0
fixed,samplerGT_static,-1,derr,51,0.16200440897338808,186.0
fixed,samplerGT_static,-1,derr,52,0.1797040759200868,186.0
fixed,samplerGT_static,-1,derr,53,0.1815460107550926,186.0
fixed,samplerGT_static,-1,derr,54,0.17525177266030204,186.0
fixed,samplerGT_static,-1,derr,55,0.15871418071818214,186.0
fixed,samplerGT_static,-1,derr,56,0.14941409466953906,186.0
fixed,samplerGT_static,-1,derr,57,0.14713146844938593,186.0
fixed,samplerGT_static,-1,derr,58,0.1427318145884509,186.0
fixed,samplerGT_static,-1,derr,59,0.1384582957939333,186.0
fixed,samplerGT_static,-1,derr,60,0.13681785909103084,186.0
fixed,samplerGT_static,-1,derr,61,0.1370399210769167,186.0
fixed,samplerGT_static,-1,derr,62,0.14331447982410542,186.0
fixed,samplerGT_static,-1,dmag,0,0.0,186.0
fixed,samplerGT_static,-1,dmag,1,0.0,186.0
fixed,samplerGT_static,-1,dmag,2,0.0,186.0
fixed,samplerGT_static,-1,dmag,3,0.0,186.0
fixed,samplerGT_static,-1,dmag,4,0.0,186.0
fixed,samplerGT_static,-1,dmag,5,0.0,186.0
fixed,samplerGT_static,-1,dmag,6,0.0,186.0
fixed,samplerGT_static,-1,dmag,7,0.0,186.0
fixed,samplerGT_static,-1,dmag,8,0.0,186.0
fixed,samplerGT_static,-1,dmag,9,0.0,186.0
fixed,samplerGT_static,-1,dmag,10,0.0,186.0
fixed,samplerGT_static,-1,dmag,11,0.0,186.0
fixed,samplerGT_static,-1,dmag,12,0.0,186.0
fixed,samplerGT_static,-1,dmag,13,0.0,186.0
fixed,samplerGT_static,-1,dmag,14,0.0,186.0
fixed,samplerGT_static,-1,dmag,15,0.0,186.0
fixed,samplerGT_static,-1,dmag,16,0.0,186.0
fixed,samplerGT_static,-1,dmag,17,0.0,186.0
fixed,samplerGT_static,-1,dmag,18,0.0,186.0
fixed,samplerGT_static,-1,dmag,19,0.0,186.0
fixed,samplerGT_static,-1,dmag,20,0.0,186.0
fixed,samplerGT_static,-1,dmag,21,0.0,186.0
fixed,samplerGT_static,-1,dmag,22,0.0,186.0
fixed,samplerGT_static,-1,dmag,23,0.0,186.0
fixed,samplerGT_static,-1,dmag,24,0.0,186.0
fixed,samplerGT_static,-1,dmag,25,0.0,186.0
fixed,samplerGT_static,-1,dmag,26,0.0,186.0
fixed,samplerGT_static,-1,dmag,27,0.0,186.0
fixed,samplerGT_static,-1,dmag,28,0.0,186.0
fixed,samplerGT_static,-1,dmag,29,0.0,186.0
fixed,samplerGT_static,-1,dmag,30,0.0,186.0
fixed,samplerGT_static,-1,dmag,31,0.0,186.0
fixed,samplerGT_static,-1,dmag,32,0.0,186.0
fixed,samplerGT_static,-1,dmag,33,0.0,186.0
fixed,samplerGT_static,-1,dmag,34,0.0,186.0
fixed,samplerGT_static,-1,dmag,35,0.0,186.0
fixed,samplerGT_static,-1,dmag,36,0.0,186.0
fixed,samplerGT_static,-1,dmag,37,0.0,186.0
fixed,samplerGT_static,-1,dmag,38,0.0,186.0
fixed,samplerGT_static,-1,dmag,39,0.0,186.0
fixed,samplerGT_static,-1,dmag,40,0.0,186.0
fixed,samplerGT_static,-1,dmag,41,0.0,186.0
fixed,samplerGT_static,-1,dmag,42,0.0,186.0
fixed,samplerGT_static,-1,dmag,43,0.0,186.0
fixed,samplerGT_static,-1,dmag,44,0.0,186.0
fixed,samplerGT_static,-1,dmag,45,0.0,186.0
fixed,samplerGT_static,-1,dmag,46,0.0,186.0
fixed,samplerGT_static,-1,dmag,47,0.0,186.0
fixed,samplerGT_static,-1,dmag,48,0.0,186.0
fixed,samplerGT_static,-1,dmag,49,0.0,186.0
fixed,samplerGT_static,-1,dmag,50,0.0,186.0
fixed,samplerGT_static,-1,dmag,51,0.0,186.0
fixed,samplerGT_static,-1,dmag,52,0.0,186.0
fixed,samplerGT_static,-1,dmag,53,0.0,186.0
fixed,samplerGT_static,-1,dmag,54,0.0,186.0
fixed,samplerGT_static,-1,dmag,55,0.0,186.0
fixed,samplerGT_static,-1,dmag,56,0.0,186.0
fixed,samplerGT_static,-1,dmag,57,0.0,186.0
fixed,samplerGT_static,-1,dmag,58,0.0,186.0
fixed,samplerGT_static,-1,dmag,59,0.0,186.0
fixed,samplerGT_static,-1,dmag,60,0.0,186.0
fixed,samplerGT_static,-1,dmag,61,0.0,186.0
fixed,samplerGT_static,-1,dmag,62,0.0,186.0
fixed,samplerGT_static,-1,err,0,1.9790838436734295,186.0
fixed,samplerGT_static,-1,err,1,2.3032697543822307,186.0
fixed,samplerGT_static,-1,err,2,2.5558083172126485,186.0
fixed,samplerGT_static,-1,err,3,2.72101023219606,186.0
fixed,samplerGT_static,-1,err,4,2.833617984191063,186.0
fixed,samplerGT_static,-1,err,5,2.9327569510186855,186.0
fixed,samplerGT_static,-1,err,6,3.0141566469624466,186.0
fixed,samplerGT_static,-1,err,7,3.087822157304775,186.0
fixed,samplerGT_static,-1,err,8,3.1439717101794438,186.0
fixed,samplerGT_static,-1,err,9,3.1893376283748163,186.0
fixed,samplerGT_static,-1,err,10,3.223170751012781,186.0
fixed,samplerGT_static,-1,err,11,3.242664086434148,186.0
fixed,samplerGT_static,-1,err,12,3.252480471310437,186.0
fixed,samplerGT_static,-1,err,13,3.256008564736892,186.0
fixed,samplerGT_static,-1,err,14,3.2610918804202034,186.0
fixed,samplerGT_static,-1,err,15,3.2517690051787635,186.0
fixed,samplerGT_static,-1,err,16,3.2404136619740895,186.0
fixed,samplerGT_static,-1,err,17,3.2334349078036118,186.0
fixed,samplerGT_static,-1,err,18,3.2282745076924244,186.0
fixed,samplerGT_static,-1,err,19,3.2276399488410643,186.0
fixed,samplerGT_static,-1,err,20,3.2408584045947237,186.0
fixed,samplerGT_static,-1,err,21,3.252237491886461,186.0
fixed,samplerGT_static,-1,err,22,3.241830967302605,186.0
fixed,samplerGT_static,-1,err,23,3.2329961574686483,186.0
fixed,samplerGT_static,-1,err,24,3.2363058787039543,186.0
fixed,samplerGT_static,-1,err,25,3.24405258552682,186.0
fixed,samplerGT_static,-1,err,26,3.2595968672344773,186.0
fixed,samplerGT_static,-1,err,27,3.2722205596745666,186.0
fixed,samplerGT_static,-1,err,28,3.285138011956086,186.0
fixed,samplerGT_static,-1,err,29,3.3047585685406964,186.0
fixed,samplerGT_static,-1,err,30,3.3251786860567285,186.0
fixed,samplerGT_static,-1,err,31,3.327025661257007,186.0
fixed,samplerGT_static,-1,err,32,3.330636204458693,186.0
fixed,samplerGT_static,-1,err,33,3.33684044231971,186.0
fixed,samplerGT_static,-1,err,34,3.3443131459336146,186.0
fixed,samplerGT_static,-1,err,35,3.3466573158579487,186.0
fixed,samplerGT_static,-1,err,36,3.341267785221656,186.0
fixed,samplerGT_static,-1,err,37,3.332318610497699,186.0
fixed,samplerGT_static,-1,err,38,3.317340839822446,186.0
fixed,samplerGT_static,-1,err,39,3.311709580225969,186.0
fixed,samplerGT_static,-1,err,40,3.303298616329188,186.0
fixed,samplerGT_static,-1,err,41,3.2963578263598103,186.0
fixed,samplerGT_static,-1,err,42,3.294190982785275,186.0
fixed,samplerGT_static,-1,err,43,3.2922657156984023,186.0
fixed,samplerGT_static,-1,err,44,3.286772000260891,186.0
fixed,samplerGT_static,-1,err,45,3.2760219189108075,186.0
fixed,samplerGT_static,-1,err,46,3.2697232335325204,186.0
fixed,samplerGT_static,-1,err,47,3.27038167798391,186.0
fixed,samplerGT_static,-1,err,48,3.269409853396238,186.0
fixed,samplerGT_static,-1,err,49,3.2616864806221395,186.0
fixed,samplerGT_static,-1,err,50,3.2483607160308026,186.0
fixed,samplerGT_static,-1,err,51,3.2343146232347344,186.0
fixed,samplerGT_static,-1,err,52,3.218354347941055,186.0
fixed,samplerGT_static,-1,err,53,3.2160763908618226,186.0
fixed,samplerGT_static,-1,err,54,3.235368776225274,186.0
fixed,samplerGT_static,-1,err,55,3.247349502498743,186.0
fixed,samplerGT_static,-1,err,56,3.2396461235579626,186.0
fixed,samplerGT_static,-1,err,57,3.223598790409103,186.0
fixed,samplerGT_static,-1,err,58,3.204771217495524,186.0
fixed,samplerGT_static,-1,err,59,3.1981513903185887,186.0
fixed,samplerGT_static,-1,err,60,3.191725366089934,186.0
fixed,samplerGT_static,-1,err,61,3.17734406755496,186.0
fixed,samplerGT_static,-1,err,62,3.15943337339227,186.0
fixed,samplerGT_static,-1,err,63,3.1499361066408063,186.0
fixed,samplerGT_static,1,derr,0,0.5366440554179491,186.0
fixed,samplerGT_static,1,derr,1,0.4339403351568567,186.0
fixed,samplerGT_static,1,derr,2,0.3245080325512155,186.0
fixed,samplerGT_static,1,derr,3,0.2706064760825166,186.0
fixed,samplerGT_static,1,derr,4,0.2434110160346233,186.0
fixed,samplerGT_static,1,derr,5,0.22799175576136638,186.0
fixed,samplerGT_static,1,derr,6,0.2047251710888519,186.0
fixed,samplerGT_static,1,derr,7,0.17033337715572566,186.0
fixed,samplerGT_static,1,derr,8,0.16186941217791329,186.0
fixed,samplerGT_static,1,derr,9,0.1542717634089371,186.0
fixed,samplerGT_static,1,derr,10,0.14498001046138265,186.0
fixed,samplerGT_static,1,derr,11,0.1327522087752098,186.0
fixed,samplerGT_static,1,derr,12,0.1243171102657754,186.0
fixed,samplerGT_static,1,derr,13,0.12467458293152352,186.0
fixed,samplerGT_static,1,derr,14,0.12736732783096452,186.0
fixed,samplerGT_static,1,derr,15,0.14216659945105353,186.0
fixed,samplerGT_static,1,derr,16,0.1530409282453919,186.0
fixed,samplerGT_static,1,derr,17,0.16370774169392402,186.0
fixed,samplerGT_static,1,derr,18,0.17047698077775778,186.0
fixed,samplerGT_static,1,derr,19,0.16472535765346802,186.0
fixed,samplerGT_static,1,derr,20,0.16980147476918916,186.0
fixed,samplerGT_static,1,derr,21,0.1689694851989888,186.0
fixed,samplerGT_static,1,derr,22,0.17629008657225126,186.0
fixed,samplerGT_static,1,derr,23,0.18139767705419688,186.0
fixed,samplerGT_static,1,derr,24,0.1769847290685697,186.0
fixed,samplerGT_static,1,derr,25,0.1650865592754628,186.0
fixed,samplerGT_static,1,derr,26,0.14384569396992525,186.0
fixed,samplerGT_static,1,derr,27,0.13891984182239583,186.0
fixed,samplerGT_static,1,derr,28,0.14201434252828998,186.0
fixed,samplerGT_static,1,derr,29,0.15359450330214455,186.0
fixed,samplerGT_static,1,derr,30,0.1593038547839621,186.0
fixed,samplerGT_static,1,derr,31,0.16181900580576544,186.0
fixed,samplerGT_static,1,derr,32,0.1546022567762545,186.0
fixed,samplerGT_static,1,derr,33,0.1308009162282063,186.0
fixed,samplerGT_static,1,derr,34,0.124954814903826,186.0
fixed,samplerGT_static,1,derr,35,0.11379883235496001,186.0
fixed,samplerGT_static,1,derr,36,0.11689514413508058,186.0
fixed,samplerGT_static,1,derr,37,0.1291273807822167,186.0
fixed,samplerGT_static,1,derr,38,0.13331612285601688,186.0
fixed,samplerGT_static,1,derr,39,0.1235541926250716,186.0
fixed,samplerGT_static,1,derr,40,0.12838793134797408,186.0
fixed,samplerGT_static,1,derr,41,0.13275063724374564,186.0
fixed,samplerGT_static,1,derr,42,0.12685597560329204,186.0
fixed,samplerGT_static,1,derr,43,0.12934417882503424,186.0
fixed,samplerGT_static,1,derr,44,0.14316444804470388,186.0
fixed,samplerGT_static,1,derr,45,0.15740286473189777,186.0
fixed,samplerGT_static,1,derr,46,0.1495010269600622,186.0
fixed,samplerGT_static,1,derr,47,0.14326226105554002,186.0
fixed,samplerGT_static,1,derr,48,0.14468489344266644,186.0
fixed,samplerGT_static,1,derr,49,0.1384098293782267,186.0
fixed,samplerGT_static,1,derr,50,0.146492224662535,186.0
fixed,samplerGT_static,1,derr,51,0.16200440897338808,186.0
fixed,samplerGT_static,1,derr,52,0.1797040759200868,186.0
fixed,samplerGT_static,1,derr,53,0.1815460107550926,186.0
fixed,samplerGT_static,1,derr,54,0.17525177266030204,186.0
fixed,samplerGT_static,1,derr,55,0.15871418071818214,186.0
fixed,samplerGT_static,1,derr,56,0.14941409466953906,186.0
fixed,samplerGT_static,1,derr,57,0.14713146844938593,186.0
fixed,samplerGT_static,1,derr,58,0.1427318145884509,186.0
fixed,samplerGT_static,1,derr,59,0.1384582957939333,186.0
fixed,samplerGT_static,1,derr,60,0.13681785909103084,186.0
fixed,samplerGT_static,1,derr,61,0.1370399210769167,186.0
fixed,samplerGT_static,1,derr,62,0.14331447982410542,186.0
fixed,samplerGT_static,1,dmag,0,0.0,186.0
fixed,samplerGT_static,1,dmag,1,0.0,186.0
fixed,samplerGT_static,1,dmag,2,0.0,186.0
fixed,samplerGT_static,1,dmag,3,0.0,186.0
fixed,samplerGT_static,1,dmag,4,0.0,186.0
fixed,samplerGT_static,1,dmag,5,0.0,186.0
fixed,samplerGT_static,1,dmag,6,0.0,186.0
fixed,samplerGT_static,1,dmag,7,0.0,186.0
fixed,samplerGT_static,1,dmag,8,0.0,186.0
fixed,samplerGT_static,1,dmag,9,0.0,186.0
fixed,samplerGT_static,1,dmag,10,0.0,186.0
fixed,samplerGT_static,1,dmag,11,0.0,186.0
fixed,samplerGT_static,1,dmag,12,0.0,186.0
fixed,samplerGT_static,1,dmag,13,0.0,186.0
fixed,samplerGT_static,1,dmag,14,0.0,186.0
fixed,samplerGT_static,1,dmag,15,0.0,186.0
fixed,samplerGT_static,1,dmag,16,0.0,186.0
fixed,samplerGT_static,1,dmag,17,0.0,186.0
fixed,samplerGT_static,1,dmag,18,0.0,186.0
fixed,samplerGT_static,1,dmag,19,0.0,186.0
fixed,samplerGT_static,1,dmag,20,0.0,186.0
fixed,samplerGT_static,1,dmag,21,0.0,186.0
fixed,samplerGT_static,1,dmag,22,0.0,186.0
fixed,samplerGT_static,1,dmag,23,0.0,186.0
fixed,samplerGT_static,1,dmag,24,0.0,186.0
fixed,samplerGT_static,1,dmag,25,0.0,186.0
fixed,samplerGT_static,1,dmag,26,0.0,186.0
fixed,samplerGT_static,1,dmag,27,0.0,186.0
fixed,samplerGT_static,1,dmag,28,0.0,186.0
fixed,samplerGT_static,1,dmag,29,0.0,186.0
fixed,samplerGT_static,1,dmag,30,0.0,186.0
fixed,samplerGT_static,1,dmag,31,0.0,186.0
fixed,samplerGT_static,1,dmag,32,0.0,186.0
fixed,samplerGT_static,1,dmag,33,0.0,186.0
fixed,samplerGT_static,1,dmag,34,0.0,186.0
fixed,samplerGT_static,1,dmag,35,0.0,186.0
fixed,samplerGT_static,1,dmag,36,0.0,186.0
fixed,samplerGT_static,1,dmag,37,0.0,186.0
fixed,samplerGT_static,1,dmag,38,0.0,186.0
fixed,samplerGT_static,1,dmag,39,0.0,186.0
fixed,samplerGT_static,1,dmag,40,0.0,186.0
fixed,samplerGT_static,1,dmag,41,0.0,186.0
fixed,samplerGT_static,1,dmag,42,0.0,186.0
fixed,samplerGT_static,1,dmag,43,0.0,186.0
fixed,samplerGT_static,1,dmag,44,0.0,186.0
fixed,samplerGT_static,1,dmag,45,0.0,186.0
fixed,samplerGT_static,1,dmag,46,0.0,186.0
fixed,samplerGT_static,1,dmag,47,0.0,186.0
fixed,samplerGT_static,1,dmag,48,0.0,186.0
fixed,samplerGT_static,1,dmag,49,0.0,186.0
fixed,samplerGT_static,1,dmag,50,0.0,186.0
fixed,samplerGT_static,1,dmag,51,0.0,186.0
fixed,samplerGT_static,1,dmag,52,0.0,186.0
fixed,samplerGT_static,1,dmag,53,0.0,186.0
fixed,samplerGT_static,1,dmag,54,0.0,186.0
fixed,samplerGT_static,1,dmag,55,0.0,186.0
fixed,samplerGT_static,1,dmag,56,0.0,186.0
fixed,samplerGT_static,1,dmag,57,0.0,186.0
fixed,samplerGT_static,1,dmag,58,0.0,186.0
fixed,samplerGT_static,1,dmag,59,0.0,186.0
fixed,samplerGT_static,1,dmag,60,0.0,186.0
fixed,samplerGT_static,1,dmag,61,0.0,186.0
fixed,samplerGT_static,1,dmag,62,0.0,186.0
fixed,samplerGT_static,1,err,0,1.9596941913327863,186.0
fixed,samplerGT_static,1,err,1,2.28099032819912,186.0
fixed,samplerGT_static,1,err,2,2.5347041164034154,186.0
fixed,samplerGT_static,1,err,3,2.6988880538171336,186.0
fixed,samplerGT_static,1,err,4,2.8083522997556196,186.0
fixed,samplerGT_static,1,err,5,2.9075361124930845,186.0
fixed,samplerGT_static,1,err,6,2.9887848308970852,186.0
fixed,samplerGT_static,1,err,7,3.059397614290637,186.0
fixed,samplerGT_static,1,err,8,3.1111115832482614,186.0
fixed,samplerGT_static,1,err,9,3.1530710635005788,186.0
fixed,samplerGT_static,1,err,10,3.1840586131939324,186.0
fixed,samplerGT_static,1,err,11,3.2003463009993234,186.0
fixed,samplerGT_static,1,err,12,3.20858451948371,186.0
fixed,samplerGT_static,1,err,13,3.2125468532885275,186.0
fixed,samplerGT_static,1,err,14,3.21724130581784,186.0
fixed,samplerGT_static,1,err,15,3.2049566814976354,186.0
fixed,samplerGT_static,1,err,16,3.1900495670495497,186.0
fixed,samplerGT_static,1,err,17,3.180225139824293,186.0
fixed,samplerGT_static,1,err,18,3.1746807027888555,186.0
fixed,samplerGT_static,1,err,19,3.17509411980388,186.0
fixed,samplerGT_static,1,err,20,3.1878905285109758,186.0
fixed,samplerGT_static,1,err,21,3.1984295107985057,186.0
fixed,samplerGT_static,1,err,22,3.1890840963009865,186.0
fixed,samplerGT_static,1,err,23,3.182070829374816,186.0
fixed,samplerGT_static,1,err,24,3.1880893857889276,186.0
fixed,samplerGT_static,1,err,25,3.1993112511211828,186.0
fixed,samplerGT_static,1,err,26,3.2175383261775456,186.0
fixed,samplerGT_static,1,err,27,3.2325229639968565,186.0
fixed,samplerGT_static,1,err,28,3.246556559557556,186.0
fixed,samplerGT_static,1,err,29,3.2666465577579316,186.0
fixed,samplerGT_static,1,err,30,3.2887886414925256,186.0
fixed,samplerGT_static,1,err,31,3.292444222716875,186.0
fixed,samplerGT_static,1,err,32,3.2981959433965784,186.0
fixed,samplerGT_static,1,err,33,3.3056564879032875,186.0
fixed,samplerGT_static,1,err,34,3.313690181701414,186.0
fixed,samplerGT_static,1,err,35,3.3150366664894166,186.0
fixed,samplerGT_static,1,err,36,3.3086957503711023,186.0
fixed,samplerGT_static,1,err,37,3.2992582830690567,186.0
fixed,samplerGT_static,1,err,38,3.2834755752676275,186.0
fixed,samplerGT_static,1,err,39,3.275302470531515,186.0
fixed,samplerGT_static,1,err,40,3.265387776237662,186.0
fixed,samplerGT_static,1,err,41,3.256457959451983,186.0
fixed,samplerGT_static,1,err,42,3.253076498226453,186.0
fixed,samplerGT_static,1,err,43,3.249965485706124,186.0
fixed,samplerGT_static,1,err,44,3.245685309492132,186.0
fixed,samplerGT_static,1,err,45,3.239509802672171,186.0
fixed,samplerGT_static,1,err,46,3.23710996489371,186.0
fixed,samplerGT_static,1,err,47,3.24054291844368,186.0
fixed,samplerGT_static,1,err,48,3.244269965797342,186.0
fixed,samplerGT_static,1,err,49,3.23850487797491,186.0
fixed,samplerGT_static,1,err,50,3.2243097264279603,186.0
fixed,samplerGT_static,1,err,51,3.208457399760523,186.0
fixed,samplerGT_static,1,err,52,3.187270535256273,186.0
fixed,samplerGT_static,1,err,53,3.1789874921562853,186.0
fixed,samplerGT_static,1,err,54,3.1915140427568907,186.0
fixed,samplerGT_static,1,err,55,3.197929612731421,186.0
fixed,samplerGT_static,1,err,56,3.187728355648697,186.0
fixed,samplerGT_static,1,err,57,3.169382471230722,186.0
fixed,samplerGT_static,1,err,58,3.1500749623262756,186.0
fixed,samplerGT_static,1,err,59,3.1444127511593605,186.0
fixed,samplerGT_static,1,err,60,3.1400184163483242,186.0
fixed,samplerGT_static,1,err,61,3.1263271810547,186.0
fixed,samplerGT_static,1,err,62,3.1081498688267124,186.0
fixed,samplerGT_static,1,err,63,3.0960313805969815,186.0
fixed,samplerGT_static,5,derr,0,0.5366440554179491,186.0
fixed,samplerGT_static,5,derr,1,0.4339403351568567,186.0
fixed,samplerGT_static,5,derr,2,0.3245080325512155,186.0
fixed,samplerGT_static,5,derr,3,0.2706064760825166,186.0
fixed,samplerGT_static,5,derr,4,0.2434110160346233,186.0
fixed,samplerGT_static,5,derr,5,0.22799175576136638,186.0
fixed,samplerGT_static,5,derr,6,0.2047251710888519,186.0
fixed,samplerGT_static,5,derr,7,0.17033337715572566,186.0
fixed,samplerGT_static,5,derr,8,0.16186941217791329,186.0
fixed,samplerGT_static,5,derr,9,0.1542717634089371,186.0
fixed,samplerGT_static,5,derr,10,0.14498001046138265,186.0
fixed,samplerGT_static,5,derr,11,0.1327522087752098,186.0
fixed,samplerGT_static,5,derr,12,0.1243171102657754,186.0
fixed,samplerGT_static,5,derr,13,0.12467458293152352,186.0
fixed,samplerGT_static,5,derr,14,0.12736732783096452,186.0
fixed,samplerGT_static,5,derr,15,0.14216659945105353,186.0
fixed,samplerGT_static,5,derr,16,0.1530409282453919,186.0
fixed,samplerGT_static,5,derr,17,0.16370774169392402,186.0
fixed,samplerGT_static,5,derr,18,0.17047698077775778,186.0
fixed,samplerGT_static,5,derr,19,0.16472535765346802,186.0
fixed,samplerGT_static,5,derr,20,0.16980147476918916,186.0
fixed,samplerGT_static,5,derr,21,0.1689694851989888,186.0
fixed,samplerGT_static,5,derr,22,0.17629008657225126,186.0
fixed,samplerGT_static,5,derr,23,0.18139767705419688,186.0
fixed,samplerGT_static,5,derr,24,0.1769847290685697,186.0
fixed,samplerGT_static,5,derr,25,0.1650865592754628,186.0
fixed,samplerGT_static,5,derr,26,0.14384569396992525,186.0
fixed,samplerGT_static,5,derr,27,0.13891984182239583,186.0
fixed,samplerGT_static,5,derr,28,0.14201434252828998,186.0
fixed,samplerGT_static,5,derr,29,0.15359450330214455,186.0
fixed,samplerGT_static,5,derr,30,0.1593038547839621,186.0
fixed,samplerGT_static,5,derr,31,0.16181900580576544,186.0
fixed,samplerGT_static,5,derr,32,0.1546022567762545,186.0
fixed,samplerGT_static,5,derr,33,0.1308009162282063,186.0
fixed,samplerGT_static,5,derr,34,0.124954814903826,186.0
fixed,samplerGT_static,5,derr,35,0.11379883235496001,186.0
fixed,samplerGT_static,5,derr,36,0.11689514413508058,186.0
fixed,samplerGT_static,5,derr,37,0.1291273807822167,186.0
fixed,samplerGT_static,5,derr,38,0.13331612285601688,186.0
fixed,samplerGT_static,5,derr,39,0.1235541926250716,186.0
fixed,samplerGT_static,5,derr,40,0.12838793134797408,186.0
fixed,samplerGT_static,5,derr,41,0.13275063724374564,186.0
fixed,samplerGT_static,5,derr,42,0.12685597560329204,186.0
fixed,samplerGT_static,5,derr,43,0.12934417882503424,186.0
fixed,samplerGT_static,5,derr,44,0.14316444804470388,186.0
fixed,samplerGT_static,5,derr,45,0.15740286473189777,186.0
fixed,samplerGT_static,5,derr,46,0.1495010269600622,186.0
fixed,samplerGT_static,5,derr,47,0.14326226105554002,186.0
fixed,samplerGT_static,5,derr,48,0.14468489344266644,186.0
fixed,samplerGT_static,5,derr,49,0.1384098293782267,186.0
fixed,samplerGT_static,5,derr,50,0.146492224662535,186.0
fixed,samplerGT_static,5,derr,51,0.16200440897338808,186.0
fixed,samplerGT_static,5,derr,52,0.1797040759200868,186.0
fixed,samplerGT_static,5,derr,53,0.1815460107550926,186.0
fixed,samplerGT_static,5,derr,54,0.17525177266030204,186.0
fixed,samplerGT_static,5,derr,55,0.15871418071818214,186.0
fixed,samplerGT_static,5,derr,56,0.14941409466953906,186.0
fixed,samplerGT_static,5,derr,57,0.14713146844938593,186.0
fixed,samplerGT_static,5,derr,58,0.1427318145884509,186.0
fixed,samplerGT_static,5,derr,59,0.1384582957939333,186.0
fixed,samplerGT_static,5,derr,60,0.13681785909103084,186.0
fixed,samplerGT_static,5,derr,61,0.1370399210769167,186.0
fixed,samplerGT_static,5,derr,62,0.14331447982410542,186.0
fixed,samplerGT_static,5,dmag,0,0.0,186.0
fixed,samplerGT_static,5,dmag,1,0.0,186.0
fixed,samplerGT_static,5,dmag,2,0.0,186.0
fixed,samplerGT_static,5,dmag,3,0.0,186.0
fixed,samplerGT_static,5,dmag,4,0.0,186.0
fixed,samplerGT_static,5,dmag,5,0.0,186.0
fixed,samplerGT_static,5,dmag,6,0.0,186.0
fixed,samplerGT_static,5,dmag,7,0.0,186.0
fixed,samplerGT_static,5,dmag,8,0.0,186.0
fixed,samplerGT_static,5,dmag,9,0.0,186.0
fixed,samplerGT_static,5,dmag,10,0.0,186.0
fixed,samplerGT_static,5,dmag,11,0.0,186.0
fixed,samplerGT_static,5,dmag,12,0.0,186.0
fixed,samplerGT_static,5,dmag,13,0.0,186.0
fixed,samplerGT_static,5,dmag,14,0.0,186.0
fixed,samplerGT_static,5,dmag,15,0.0,186.0
fixed,samplerGT_static,5,dmag,16,0.0,186.0
fixed,samplerGT_static,5,dmag,17,0.0,186.0
fixed,samplerGT_static,5,dmag,18,0.0,186.0
fixed,samplerGT_static,5,dmag,19,0.0,186.0
fixed,samplerGT_static,5,dmag,20,0.0,186.0
fixed,samplerGT_static,5,dmag,21,0.0,186.0
fixed,samplerGT_static,5,dmag,22,0.0,186.0
fixed,samplerGT_static,5,dmag,23,0.0,186.0
fixed,samplerGT_static,5,dmag,24,0.0,186.0
fixed,samplerGT_static,5,dmag,25,0.0,186.0
fixed,samplerGT_static,5,dmag,26,0.0,186.0
fixed,samplerGT_static,5,dmag,27,0.0,186.0
fixed,samplerGT_static,5,dmag,28,0.0,186.0
fixed,samplerGT_static,5,dmag,29,0.0,186.0
fixed,samplerGT_static,5,dmag,30,0.0,186.0
fixed,samplerGT_static,5,dmag,31,0.0,186.0
fixed,samplerGT_static,5,dmag,32,0.0,186.0
fixed,samplerGT_static,5,dmag,33,0.0,186.0
fixed,samplerGT_static,5,dmag,34,0.0,186.0
fixed,samplerGT_static,5,dmag,35,0.0,186.0
fixed,samplerGT_static,5,dmag,36,0.0,186.0
fixed,samplerGT_static,5,dmag,37,0.0,186.0
fixed,samplerGT_static,5,dmag,38,0.0,186.0
fixed,samplerGT_static,5,dmag,39,0.0,186.0
fixed,samplerGT_static,5,dmag,40,0.0,186.0
fixed,samplerGT_static,5,dmag,41,0.0,186.0
fixed,samplerGT_static,5,dmag,42,0.0,186.0
fixed,samplerGT_static,5,dmag,43,0.0,186.0
fixed,samplerGT_static,5,dmag,44,0.0,186.0
fixed,samplerGT_static,5,dmag,45,0.0,186.0
fixed,samplerGT_static,5,dmag,46,0.0,186.0
fixed,samplerGT_static,5,dmag,47,0.0,186.0
fixed,samplerGT_static,5,dmag,48,0.0,186.0
fixed,samplerGT_static,5,dmag,49,0.0,186.0
fixed,samplerGT_static,5,dmag,50,0.0,186.0
fixed,samplerGT_static,5,dmag,51,0.0,186.0
fixed,samplerGT_static,5,dmag,52,0.0,186.0
fixed,samplerGT_static,5,dmag,53,0.0,186.0
fixed,samplerGT_static,5,dmag,54,0.0,186.0
fixed,samplerGT_static,5,dmag,55,0.0,186.0
fixed,samplerGT_static,5,dmag,56,0.0,186.0
fixed,samplerGT_static,5,dmag,57,0.0,186.0
fixed,samplerGT_static,5,dmag,58,0.0,186.0
fixed,samplerGT_static,5,dmag,59,0.0,186.0
fixed,samplerGT_static,5,dmag,60,0.0,186.0
fixed,samplerGT_static,5,dmag,61,0.0,186.0
fixed,samplerGT_static,5,dmag,62,0.0,186.0
fixed,samplerGT_static,5,err,0,1.6953466986456225,186.0
fixed,samplerGT_static,5,err,1,1.9867557110965892,186.0
fixed,samplerGT_static,5,err,2,2.224285460928435,186.0
fixed,samplerGT_static,5,err,3,2.3802726502700517,186.0
fixed,samplerGT_static,5,err,4,2.482711676628359,186.0
fixed,samplerGT_static,5,err,5,2.5764841176168893,186.0
fixed,samplerGT_static,5,err,6,2.6546228225192716,186.0
fixed,samplerGT_static,5,err,7,2.7251658787329993,186.0
fixed,samplerGT_static,5,err,8,2.7775214293631176,186.0
fixed,samplerGT_static,5,err,9,2.8209738683316017,186.0
fixed,samplerGT_static,5,err,10,2.8547469871018523,186.0
fixed,samplerGT_static,5,err,11,2.8737409041132977,186.0
fixed,samplerGT_static,5,err,12,2.8820293590586674,186.0
fixed,samplerGT_static,5,err,13,2.8849971997801975,186.0
fixed,samplerGT_static,5,err,14,2.8887302176926726,186.0
fixed,samplerGT_static,5,err,15,2.877270285801221,186.0
fixed,samplerGT_static,5,err,16,2.8615241392004873,186.0
fixed,samplerGT_static,5,err,17,2.8500562132366243,186.0
fixed,samplerGT_static,5,err,18,2.844735092853987,186.0
fixed,samplerGT_static,5,err,19,2.846117778651176,186.0
fixed,samplerGT_static,5,err,20,2.858874310569097,186.0
fixed,samplerGT_static,5,err,21,2.871209694332974,186.0
fixed,samplerGT_static,5,err,22,2.8608028619520125,186.0
fixed,samplerGT_static,5,err,23,2.850662274386293,186.0
fixed,samplerGT_static,5,err,24,2.8553371246783965,186.0
fixed,samplerGT_static,5,err,25,2.862579704933269,186.0
fixed,samplerGT_static,5,err,26,2.877733270487478,186.0
fixed,samplerGT_static,5,err,27,2.888687728233235,186.0
fixed,samplerGT_static,5,err,28,2.8993428474472416,186.0
fixed,samplerGT_static,5,err,29,2.918775299063293,186.0
fixed,samplerGT_static,5,err,30,2.940155647614951,186.0
fixed,samplerGT_static,5,err,31,2.939636934348332,186.0
fixed,samplerGT_static,5,err,32,2.9415822000272813,186.0
fixed,samplerGT_static,5,err,33,2.9477616591799642,186.0
fixed,samplerGT_static,5,err,34,2.9567704115824034,186.0
fixed,samplerGT_static,5,err,35,2.9600152118552114,186.0
fixed,samplerGT_static,5,err,36,2.9549747011674348,186.0
fixed,samplerGT_static,5,err,37,2.946562968915509,186.0
fixed,samplerGT_static,5,err,38,2.932590484779368,186.0
fixed,samplerGT_static,5,err,39,2.9285628300520683,186.0
fixed,samplerGT_static,5,err,40,2.9215056492436315,186.0
fixed,samplerGT_static,5,err,41,2.9129495107999412,186.0
fixed,samplerGT_static,5,err,42,2.910308085141643,186.0
fixed,samplerGT_static,5,err,43,2.909404786523952,186.0
fixed,samplerGT_static,5,err,44,2.906297141826281,186.0
fixed,samplerGT_static,5,err,45,2.8983012551581986,186.0
fixed,samplerGT_static,5,err,46,2.895617695905829,186.0
fixed,samplerGT_static,5,err,47,2.899607426056298,186.0
fixed,samplerGT_static,5,err,48,2.9039405432119163,186.0
fixed,samplerGT_static,5,err,49,2.9007962075292424,186.0
fixed,samplerGT_static,5,err,50,2.8893702384284747,186.0
fixed,samplerGT_static,5,err,51,2.8786138134297503,186.0
fixed,samplerGT_static,5,err,52,2.8705256637386096,186.0
fixed,samplerGT_static,5,err,53,2.8794818943546665,186.0
fixed,samplerGT_static,5,err,54,2.9112334137642257,186.0
fixed,samplerGT_static,5,err,55,2.932837772273248,186.0
fixed,samplerGT_static,5,err,56,2.9349580314210666,186.0
fixed,samplerGT_static,5,err,57,2.92899646682124,186.0
fixed,samplerGT_static,5,err,58,2.9198638271260005,186.0
fixed,samplerGT_static,5,err,59,2.9236722553289063,186.0
fixed,samplerGT_static,5,err,60,2.926170232475445,186.0
fixed,samplerGT_static,5,err,61,2.9169180681628566,186.0
fixed,samplerGT_static,5,err,62,2.9017730185421566,186.0
fixed,samplerGT_static,5,err,63,2.896217940635579,186.0
fixed,samplerGT_static,10,derr,0,0.5366440554179491,186.0
fixed,samplerGT_static,10,derr,1,0.4339403351568567,186.0
fixed,samplerGT_static,10,derr,2,0.3245080325512155,186.0
fixed,samplerGT_static,10,derr,3,0.2706064760825166,186.0
fixed,samplerGT_static,10,derr,4,0.2434110160346233,186.0
fixed,samplerGT_static,10,derr,5,0.22799175576136638,186.0
fixed,samplerGT_static,10,derr,6,0.2047251710888519,186.0
fixed,samplerGT_static,10,derr,7,0.17033337715572566,186.0
fixed,samplerGT_static,10,derr,8,0.16186941217791329,186.0
fixed,samplerGT_static,10,derr,9,0.1542717634089371,186.0
fixed,samplerGT_static,10,derr,10,0.14498001046138265,186.0
fixed,samplerGT_static,10,derr,11,0.1327522087752098,186.0
fixed,samplerGT_static,10,derr,12,0.1243171102657754,186.0
fixed,samplerGT_static,10,derr,13,0.12467458293152352,186.0
fixed,samplerGT_static,10,derr,14,0.12736732783096452,186.0
fixed,samplerGT_static,10,derr,15,0.14216659945105353,186.0
fixed,samplerGT_static,10,derr,16,0.1530409282453919,186.0
fixed,samplerGT_static,10,derr,17,0.16370774169392402,186.0
fixed,samplerGT_static,10,derr,18,0.17047698077775778,186.0
fixed,samplerGT_static,10,derr,19,0.16472535765346802,186.0
fixed,samplerGT_static,10,derr,20,0.16980147476918916,186.0
fixed,samplerGT_static,10,derr,21,0.1689694851989888,186.0
fixed,samplerGT_static,10,derr,22,0.17629008657225126,186.0
fixed,samplerGT_static,10,derr,23,0.18139767705419688,186.0
fixed,samplerGT_static,10,derr,24,0.1769847290685697,186.0
fixed,samplerGT_static,10,derr,25,0.1650865592754628,186.0
fixed,samplerGT_static,10,derr,26,0.14384569396992525,186.0
fixed,samplerGT_static,10,derr,27,0.13891984182239583,186.0
fixed,samplerGT_static,10,derr,28,0.14201434252828998,186.0
fixed,samplerGT_static,10,derr,29,0.15359450330214455,186.0
fixed,samplerGT_static,10,derr,30,0.1593038547839621,186.0
fixed,samplerGT_static,10,derr,31,0.16181900580576544,186.0
fixed,samplerGT_static,10,derr,32,0.1546022567762545,186.0
fixed,samplerGT_static,10,derr,33,0.1308009162282063,186.0
fixed,samplerGT_static,10,derr,34,0.124954814903826,186.0
fixed,samplerGT_static,10,derr,35,0.11379883235496001,186.0
fixed,samplerGT_static,10,derr,36,0.11689514413508058,186.0
fixed,samplerGT_static,10,derr,37,0.1291273807822167,186.0
fixed,samplerGT_static,10,derr,38,0.13331612285601688,186.0
fixed,samplerGT_static,10,derr,39,0.1235541926250716,186.0
fixed,samplerGT_static,10,derr,40,0.12838793134797408,186.0
fixed,samplerGT_static,10,derr,41,0.13275063724374564,186.0
fixed,samplerGT_static,10,derr,42,0.12685597560329204,186.0
fixed,samplerGT_static,10,derr,43,0.12934417882503424,186.0
fixed,samplerGT_static,10,derr,44,0.14316444804470388,186.0
fixed,samplerGT_static,10,derr,45,0.15740286473189777,186.0
fixed,samplerGT_static,10,derr,46,0.1495010269600622,186.0
fixed,samplerGT_static,10,derr,47,0.14326226105554002,186.0
fixed,samplerGT_static,10,derr,48,0.14468489344266644,186.0
fixed,samplerGT_static,10,derr,49,0.1384098293782267,186.0
fixed,samplerGT_static,10,derr,50,0.146492224662535,186.0
fixed,samplerGT_static,10,derr,51,0.16200440897338808,186.0
fixed,samplerGT_static,10,derr,52,0.1797040759200868,186.0
fixed,samplerGT_static,10,derr,53,0.1815460107550926,186.0
fixed,samplerGT_static,10,derr,54,0.17525177266030204,186.0
fixed,samplerGT_static,10,derr,55,0.15871418071818214,186.0
fixed,samplerGT_static,10,derr,56,0.14941409466953906,186.0
fixed,samplerGT_static,10,derr,57,0.14713146844938593,186.0
fixed,samplerGT_static,10,derr,58,0.1427318145884509,186.0
fixed,samplerGT_static,10,derr,59,0.1384582957939333,186.0
fixed,samplerGT_static,10,derr,60,0.13681785909103084,186.0
fixed,samplerGT_static,10,derr,61,0.1370399210769167,186.0
fixed,samplerGT_static,10,derr,62,0.14331447982410542,186.0
fixed,samplerGT_static,10,dmag,0,0.0,186.0
fixed,samplerGT_static,10,dmag,1,0.0,186.0
fixed,samplerGT_static,10,dmag,2,0.0,186.0
fixed,samplerGT_static,10,dmag,3,0.0,186.0
fixed,samplerGT_static,10,dmag,4,0.0,186.0
fixed,samplerGT_static,10,dmag,5,0.0,186.0
fixed,samplerGT_static,10,dmag,6,0.0,186.0
fixed,samplerGT_static,10,dmag,7,0.0,186.0
fixed,samplerGT_static,10,dmag,8,0.0,186.0
fixed,samplerGT_static,10,dmag,9,0.0,186.0
fixed,samplerGT_static,10,dmag,10,0.0,186.0
fixed,samplerGT_static,10,dmag,11,0.0,186.0
fixed,samplerGT_static,10,dmag,12,0.0,186.0
fixed,samplerGT_static,10,dmag,13,0.0,186.0
fixed,samplerGT_static,10,dmag,14,0.0,186.0
fixed,samplerGT_static,10,dmag,15,0.0,186.0
fixed,samplerGT_static,10,dmag,16,0.0,186.0
fixed,samplerGT_static,10,dmag,17,0.0,186.0
fixed,samplerGT_static,10,dmag,18,0.0,186.0
fixed,samplerGT_static,10,dmag,19,0.0,186.0
fixed,samplerGT_static,10,dmag,20,0.0,186.0
fixed,samplerGT_static,10,dmag,21,0.0,186.0
fixed,samplerGT_static,10,dmag,22,0.0,186.0
fixed,samplerGT_static,10,dmag,23,0.0,186.0
fixed,samplerGT_static,10,dmag,24,0.0,186.0
fixed,samplerGT_static,10,dmag,25,0.0,186.0
fixed,samplerGT_static,10,dmag,26,0.0,186.0
fixed,samplerGT_static,10,dmag,27,0.0,186.0
fixed,samplerGT_static,10,dmag,28,0.0,186.0
fixed,samplerGT_static,10,dmag,29,0.0,186.0
fixed,samplerGT_static,10,dmag,30,0.0,186.0
fixed,samplerGT_static,10,dmag,31,0.0,186.0
fixed,samplerGT_static,10,dmag,32,0.0,186.0
fixed,samplerGT_static,10,dmag,33,0.0,186.0
fixed,samplerGT_static,10,dmag,34,0.0,186.0
fixed,samplerGT_static,10,dmag,35,0.0,186.0
fixed,samplerGT_static,10,dmag,36,0.0,186.0
fixed,samplerGT_static,10,dmag,37,0.0,186.0
fixed,samplerGT_static,10,dmag,38,0.0,186.0
fixed,samplerGT_static,10,dmag,39,0.0,186.0
fixed,samplerGT_static,10,dmag,40,0.0,186.0
fixed,samplerGT_static,10,dmag,41,0.0,186.0
fixed,samplerGT_static,10,dmag,42,0.0,186.0
fixed,samplerGT_static,10,dmag,43,0.0,186.0
fixed,samplerGT_static,10,dmag,44,0.0,186.0
fixed,samplerGT_static,10,dmag,45,0.0,186.0
fixed,samplerGT_static,10,dmag,46,0.0,186.0
fixed,samplerGT_static,10,dmag,47,0.0,186.0
fixed,samplerGT_static,10,dmag,48,0.0,186.0
fixed,samplerGT_static,10,dmag,49,0.0,186.0
fixed,samplerGT_static,10,dmag,50,0.0,186.0
fixed,samplerGT_static,10,dmag,51,0.0,186.0
fixed,samplerGT_static,10,dmag,52,0.0,186.0
fixed,samplerGT_static,10,dmag,53,0.0,186.0
fixed,samplerGT_static,10,dmag,54,0.0,186.0
fixed,samplerGT_static,10,dmag,55,0.0,186.0
fixed,samplerGT_static,10,dmag,56,0.0,186.0
fixed,samplerGT_static,10,dmag,57,0.0,186.0
fixed,samplerGT_static,10,dmag,58,0.0,186.0
fixed,samplerGT_static,10,dmag,59,0.0,186.0
fixed,samplerGT_static,10,dmag,60,0.0,186.0
fixed,samplerGT_static,10,dmag,61,0.0,186.0
fixed,samplerGT_static,10,dmag,62,0.0,186.0
fixed,samplerGT_static,10,err,0,1.6440231476419715,186.0
fixed,samplerGT_static,10,err,1,1.925871352514913,186.0
fixed,samplerGT_static,10,err,2,2.158598114726364,186.0
fixed,samplerGT_static,10,err,3,2.3141417054719824,186.0
fixed,samplerGT_static,10,err,4,2.4176330048871297,186.0
fixed,samplerGT_static,10,err,5,2.510596253378417,186.0
fixed,samplerGT_static,10,err,6,2.5849536500310384,186.0
fixed,samplerGT_static,10,err,7,2.6544913920343562,186.0
fixed,samplerGT_static,10,err,8,2.705784337815418,186.0
fixed,samplerGT_static,10,err,9,2.7481710143307203,186.0
fixed,samplerGT_static,10,err,10,2.779785314394582,186.0
fixed,samplerGT_static,10,err,11,2.79623467563301,186.0
fixed,samplerGT_static,10,err,12,2.8036077190791406,186.0
fixed,samplerGT_static,10,err,13,2.806524253500405,186.0
fixed,samplerGT_static,10,err,14,2.809925230920956,186.0
fixed,samplerGT_static,10,err,15,2.79792105815103,186.0
fixed,samplerGT_static,10,err,16,2.783604376098161,186.0
fixed,samplerGT_static,10,err,17,2.771334062340439,186.0
fixed,samplerGT_static,10,err,18,2.76264726859267,186.0
fixed,samplerGT_static,10,err,19,2.7611281224476394,186.0
fixed,samplerGT_static,10,err,20,2.772355647977962,186.0
fixed,samplerGT_static,10,err,21,2.7815597358570305,186.0
fixed,samplerGT_static,10,err,22,2.7684358855088553,186.0
fixed,samplerGT_static,10,err,23,2.7582415523388053,186.0
fixed,samplerGT_static,10,err,24,2.7619629928501706,186.0
fixed,samplerGT_static,10,err,25,2.7692062133742916,186.0
fixed,samplerGT_static,10,err,26,2.7854782033671617,186.0
fixed,samplerGT_static,10,err,27,2.7970772915950386,186.0
fixed,samplerGT_static,10,err,28,2.8071654096085537,186.0
fixed,samplerGT_static,10,err,29,2.822095059098736,186.0
fixed,samplerGT_static,10,err,30,2.840386927127838,186.0
fixed,samplerGT_static,10,err,31,2.8385476747187237,186.0
fixed,samplerGT_static,10,err,32,2.83901612348454,186.0
fixed,samplerGT_static,10,err,33,2.8441668305025307,186.0
fixed,samplerGT_static,10,err,34,2.851901308182747,186.0
fixed,samplerGT_static,10,err,35,2.8547107719926426,186.0
fixed,samplerGT_static,10,err,36,2.849389598734917,186.0
fixed,samplerGT_static,10,err,37,2.8415208617525716,186.0
fixed,samplerGT_static,10,err,38,2.8266165027374863,186.0
fixed,samplerGT_static,10,err,39,2.821616404319322,186.0
fixed,samplerGT_static,10,err,40,2.8147045207279984,186.0
fixed,samplerGT_static,10,err,41,2.8060655606690275,186.0
fixed,samplerGT_static,10,err,42,2.8037040047748114,186.0
fixed,samplerGT_static,10,err,43,2.8036277866171253,186.0
fixed,samplerGT_static,10,err,44,2.8028219787664312,186.0
fixed,samplerGT_static,10,err,45,2.797349268870969,186.0
fixed,samplerGT_static,10,err,46,2.797573894903224,186.0
fixed,samplerGT_static,10,err,47,2.803894639335653,186.0
fixed,samplerGT_static,10,err,48,2.8104444051622064,186.0
fixed,samplerGT_static,10,err,49,2.8079162735131478,186.0
fixed,samplerGT_static,10,err,50,2.7971932001972712,186.0
fixed,samplerGT_static,10,err,51,2.789151153417044,186.0
fixed,samplerGT_static,10,err,52,2.7836513530503035,186.0
fixed,samplerGT_static,10,err,53,2.794171433615428,186.0
fixed,samplerGT_static,10,err,54,2.8261797381665117,186.0
fixed,samplerGT_static,10,err,55,2.8491077495198094,186.0
fixed,samplerGT_static,10,err,56,2.8523561371270048,186.0
fixed,samplerGT_static,10,err,57,2.846383974757246,186.0
fixed,samplerGT_static,10,err,58,2.836989891464992,186.0
fixed,samplerGT_static,10,err,59,2.839093892805038,186.0
fixed,samplerGT_static,10,err,60,2.8402242990591193,186.0
fixed,samplerGT_static,10,err,61,2.8305256571820987,186.0
fixed,samplerGT_static,10,err,62,2.8162000100779276,186.0
fixed,samplerGT_static,10,err,63,2.8129339173275936,186.0
fixed,samplerGT_vf,-1,derr,0,0.5056801754440511,186.0
fixed,samplerGT_vf,-1,derr,1,0.43586662357813244,186.0
fixed,samplerGT_vf,-1,derr,2,0.3608239381043341,186.0
fixed,samplerGT_vf,-1,derr,3,0.32835280290674634,186.0
fixed,samplerGT_vf,-1,derr,4,0.30081548265692204,186.0
fixed,samplerGT_vf,-1,derr,5,0.27573046364110476,186.0
fixed,samplerGT_vf,-1,derr,6,0.2422141037040181,186.0
fixed,samplerGT_vf,-1,derr,7,0.2060700533901572,186.0
fixed,samplerGT_vf,-1,derr,8,0.2031227011694225,186.0
fixed,samplerGT_vf,-1,derr,9,0.19283195043543483,186.0
fixed,samplerGT_vf,-1,derr,10,0.18813388559426505,186.0
fixed,samplerGT_vf,-1,derr,11,0.17990742490616862,186.0
fixed,samplerGT_vf,-1,derr,12,0.17416921896479462,186.0
fixed,samplerGT_vf,-1,derr,13,0.17157959655097502,186.0
fixed,samplerGT_vf,-1,derr,14,0.16790830558416264,186.0
fixed,samplerGT_vf,-1,derr,15,0.17434892699783366,186.0
fixed,samplerGT_vf,-1,derr,16,0.1843507047812705,186.0
fixed,samplerGT_vf,-1,derr,17,0.19028054234942296,186.0
fixed,samplerGT_vf,-1,derr,18,0.20006060163310208,186.0
fixed,samplerGT_vf,-1,derr,19,0.19879983473789473,186.0
fixed,samplerGT_vf,-1,derr,20,0.20364359434023102,186.0
fixed,samplerGT_vf,-1,derr,21,0.20376131831848585,186.0
fixed,samplerGT_vf,-1,derr,22,0.20951448675365233,186.0
fixed,samplerGT_vf,-1,derr,23,0.21141172677068232,186.0
fixed,samplerGT_vf,-1,derr,24,0.20988236487672857,186.0
fixed,samplerGT_vf,-1,derr,25,0.20704321287101718,186.0
fixed,samplerGT_vf,-1,derr,26,0.18838607838467494,186.0
fixed,samplerGT_vf,-1,derr,27,0.18301510917153008,186.0
fixed,samplerGT_vf,-1,derr,28,0.18550665680899903,186.0
fixed,samplerGT_vf,-1,derr,29,0.19605948684076144,186.0
fixed,samplerGT_vf,-1,derr,30,0.20144884383045533,186.0
fixed,samplerGT_vf,-1,derr,31,0.2022108967786514,186.0
fixed,samplerGT_vf,-1,derr,32,0.19287861028225514,186.0
fixed,samplerGT_vf,-1,derr,33,0.170960852028101,186.0
fixed,samplerGT_vf,-1,derr,34,0.167578267902937,186.0
fixed,samplerGT_vf,-1,derr,35,0.1568348242415576,186.0
fixed,samplerGT_vf,-1,derr,36,0.15523837506771085,186.0
fixed,samplerGT_vf,-1,derr,37,0.16754744972693184,186.0
fixed,samplerGT_vf,-1,derr,38,0.16637657530135125,186.0
fixed,samplerGT_vf,-1,derr,39,0.15906028109452414,186.0
fixed,samplerGT_vf,-1,derr,40,0.1669704124707008,186.0
fixed,samplerGT_vf,-1,derr,41,0.1746478174142138,186.0
fixed,samplerGT_vf,-1,derr,42,0.16432643654525914,186.0
fixed,samplerGT_vf,-1,derr,43,0.16545418851548221,186.0
fixed,samplerGT_vf,-1,derr,44,0.17343005986273366,186.0
fixed,samplerGT_vf,-1,derr,45,0.18159522553705565,186.0
fixed,samplerGT_vf,-1,derr,46,0.17414443593932896,186.0
fixed,samplerGT_vf,-1,derr,47,0.1766913468328615,186.0
fixed,samplerGT_vf,-1,derr,48,0.18209642834050127,186.0
fixed,samplerGT_vf,-1,derr,49,0.1787432347639634,186.0
fixed,samplerGT_vf,-1,derr,50,0.187302960789392,186.0
fixed,samplerGT_vf,-1,derr,51,0.1961720292691784,186.0
fixed,samplerGT_vf,-1,derr,52,0.21638145894012462,186.0
fixed,samplerGT_vf,-1,derr,53,0.2194080239792746,186.0
fixed,samplerGT_vf,-1,derr,54,0.20419205449251154,186.0
fixed,samplerGT_vf,-1,derr,55,0.1924301158947249,186.0
fixed,samplerGT_vf,-1,derr,56,0.18052425059960572,186.0
fixed,samplerGT_vf,-1,derr,57,0.17933003301331682,186.0
fixed,samplerGT_vf,-1,derr,58,0.17331163645972333,186.0
fixed,samplerGT_vf,-1,derr,59,0.17385453024919145,186.0
fixed,samplerGT_vf,-1,derr,60,0.16949299001235069,186.0
fixed,samplerGT_vf,-1,derr,61,0.17026494467250444,186.0
fixed,samplerGT_vf,-1,derr,62,0.17613039033096875,186.0
fixed,samplerGT_vf,-1,dmag,0,0.24824025012172204,186.0
fixed,samplerGT_vf,-1,dmag,1,0.24200554643607422,186.0
fixed,samplerGT_vf,-1,dmag,2,0.23508889907620534,186.0
fixed,samplerGT_vf,-1,dmag,3,0.22221607104023935,186.0
fixed,samplerGT_vf,-1,dmag,4,0.20269462421926995,186.0
fixed,samplerGT_vf,-1,dmag,5,0.17994130688959797,186.0
fixed,samplerGT_vf,-1,dmag,6,0.16221335792653666,186.0
fixed,samplerGT_vf,-1,dmag,7,0.14895791250521384,186.0
fixed,samplerGT_vf,-1,dmag,8,0.14005983635502794,186.0
fixed,samplerGT_vf,-1,dmag,9,0.12982476938676132,186.0
fixed,samplerGT_vf,-1,dmag,10,0.1264247050869369,186.0
fixed,samplerGT_vf,-1,dmag,11,0.12043843256980581,186.0
fixed,samplerGT_vf,-1,dmag,12,0.11202481572005542,186.0
fixed,samplerGT_vf,-1,dmag,13,0.10679441905700629,186.0
fixed,samplerGT_vf,-1,dmag,14,0.10139028932999378,186.0
fixed,samplerGT_vf,-1,dmag,15,0.09729626255500459,186.0
fixed,samplerGT_vf,-1,dmag,16,0.0962277529470783,186.0
fixed,samplerGT_vf,-1,dmag,17,0.09523503910299513,186.0
fixed,samplerGT_vf,-1,dmag,18,0.09796833911740405,186.0
fixed,samplerGT_vf,-1,dmag,19,0.09884073928158774,186.0
fixed,samplerGT_vf,-1,dmag,20,0.09943940318339776,186.0
fixed,samplerGT_vf,-1,dmag,21,0.09952829951540597,186.0
fixed,samplerGT_vf,-1,dmag,22,0.10500977688208622,186.0
fixed,samplerGT_vf,-1,dmag,23,0.10697839612651977,186.0
fixed,samplerGT_vf,-1,dmag,24,0.10867869240452123,186.0
fixed,samplerGT_vf,-1,dmag,25,0.1075892318420673,186.0
fixed,samplerGT_vf,-1,dmag,26,0.10277945089794852,186.0
fixed,samplerGT_vf,-1,dmag,27,0.10319349153107531,186.0
fixed,samplerGT_vf,-1,dmag,28,0.10687903012900099,186.0
fixed,samplerGT_vf,-1,dmag,29,0.10865797100798971,186.0
fixed,samplerGT_vf,-1,dmag,30,0.10947698044981209,186.0
fixed,samplerGT_vf,-1,dmag,31,0.10815607643365778,186.0
fixed,samplerGT_vf,-1,dmag,32,0.10582703136067877,186.0
fixed,samplerGT_vf,-1,dmag,33,0.09962793804895415,186.0
fixed,samplerGT_vf,-1,dmag,34,0.09782681906625862,186.0
fixed,samplerGT_vf,-1,dmag,35,0.09543425131198624,186.0
fixed,samplerGT_vf,-1,dmag,36,0.09518632515013142,186.0
fixed,samplerGT_vf,-1,dmag,37,0.09747750071698538,186.0
fixed,samplerGT_vf,-1,dmag,38,0.09794385014402292,186.0
fixed,samplerGT_vf,-1,dmag,39,0.09774136085674082,186.0
fixed,samplerGT_vf,-1,dmag,40,0.09741675003722149,186.0
fixed,samplerGT_vf,-1,dmag,41,0.09789302673501267,186.0
fixed,samplerGT_vf,-1,dmag,42,0.0947106665240661,186.0
fixed,samplerGT_vf,-1,dmag,43,0.09670909293877185,186.0
fixed,samplerGT_vf,-1,dmag,44,0.1001260047833565,186.0
fixed,samplerGT_vf,-1,dmag,45,0.10167163557182718,186.0
fixed,samplerGT_vf,-1,dmag,46,0.09885732157716662,186.0
fixed,samplerGT_vf,-1,dmag,47,0.09568091637244629,186.0
fixed,samplerGT_vf,-1,dmag,48,0.09668663826931302,186.0
fixed,samplerGT_vf,-1,dmag,49,0.09852726868483969,186.0
fixed,samplerGT_vf,-1,dmag,50,0.10535932639613747,186.0
fixed,samplerGT_vf,-1,dmag,51,0.10715599865702688,186.0
fixed,samplerGT_vf,-1,dmag,52,0.11392161865237978,186.0
fixed,samplerGT_vf,-1,dmag,53,0.11360585971995783,186.0
fixed,samplerGT_vf,-1,dmag,54,0.10795528730377559,186.0
fixed,samplerGT_vf,-1,dmag,55,0.10578168617581495,186.0
fixed,samplerGT_vf,-1,dmag,56,0.09391440224623492,186.0
fixed,samplerGT_vf,-1,dmag,57,0.08621808310710292,186.0
fixed,samplerGT_vf,-1,dmag,58,0.08571624978175088,186.0
fixed,samplerGT_vf,-1,dmag,59,0.08848177710728301,186.0
fixed,samplerGT_vf,-1,dmag,60,0.08848758824119562,186.0
fixed,samplerGT_vf,-1,dmag,61,0.08962540693270665,186.0
fixed,samplerGT_vf,-1,dmag,62,0.09051919506852747,186.0
fixed,samplerGT_vf,-1,err,0,1.9790838436734295,186.0
fixed,samplerGT_vf,-1,err,1,2.316323054541824,186.0
fixed,samplerGT_vf,-1,err,2,2.5669170677822133,186.0
fixed,samplerGT_vf,-1,err,3,2.7338548756254633,186.0
fixed,samplerGT_vf,-1,err,4,2.8540071675053196,186.0
fixed,samplerGT_vf,-1,err,5,2.956552322112743,186.0
fixed,samplerGT_vf,-1,err,6,3.029080260889504,186.0
fixed,samplerGT_vf,-1,err,7,3.085421333037397,186.0
fixed,samplerGT_vf,-1,err,8,3.124815244091454,186.0
fixed,samplerGT_vf,-1,err,9,3.1540740976731,186.0
fixed,samplerGT_vf,-1,err,10,3.1803773670907947,186.0
fixed,samplerGT_vf,-1,err,11,3.198746761647604,186.0
fixed,samplerGT_vf,-1,err,12,3.2150504643077493,186.0
fixed,samplerGT_vf,-1,err,13,3.231663063152504,186.0
fixed,samplerGT_vf,-1,err,14,3.248992352171609,186.0
fixed,samplerGT_vf,-1,err,15,3.253109737894228,186.0
fixed,samplerGT_vf,-1,err,16,3.254003951818713,186.0
fixed,samplerGT_vf,-1,err,17,3.2580343827765494,186.0
fixed,samplerGT_vf,-1,err,18,3.27061398631783,186.0
fixed,samplerGT_vf,-1,err,19,3.2802285524786146,186.0
fixed,samplerGT_vf,-1,err,20,3.293695971225537,186.0
fixed,samplerGT_vf,-1,err,21,3.312003018010046,186.0
fixed,samplerGT_vf,-1,err,22,3.31422777267233,186.0
fixed,samplerGT_vf,-1,err,23,3.313012242974134,186.0
fixed,samplerGT_vf,-1,err,24,3.3149773387178305,186.0
fixed,samplerGT_vf,-1,err,25,3.324674790408662,186.0
fixed,samplerGT_vf,-1,err,26,3.345284466621695,186.0
fixed,samplerGT_vf,-1,err,27,3.3625575373089447,186.0
fixed,samplerGT_vf,-1,err,28,3.367443430359646,186.0
fixed,samplerGT_vf,-1,err,29,3.365035905793148,186.0
fixed,samplerGT_vf,-1,err,30,3.3691085397075575,186.0
fixed,samplerGT_vf,-1,err,31,3.3762961074870126,186.0
fixed,samplerGT_vf,-1,err,32,3.3964069472685923,186.0
fixed,samplerGT_vf,-1,err,33,3.419241121779848,186.0
fixed,samplerGT_vf,-1,err,34,3.4416097614874146,186.0
fixed,samplerGT_vf,-1,err,35,3.4593129243421297,186.0
fixed,samplerGT_vf,-1,err,36,3.4767422923637956,186.0
fixed,samplerGT_vf,-1,err,37,3.49175997690488,186.0
fixed,samplerGT_vf,-1,err,38,3.495569626201867,186.0
fixed,samplerGT_vf,-1,err,39,3.4991634071193713,186.0
fixed,samplerGT_vf,-1,err,40,3.4972997923371607,186.0
fixed,samplerGT_vf,-1,err,41,3.500424981694068,186.0
fixed,samplerGT_vf,-1,err,42,3.5087646564168304,186.0
fixed,samplerGT_vf,-1,err,43,3.5175485813169063,186.0
fixed,samplerGT_vf,-1,err,44,3.5262270210571187,186.0
fixed,samplerGT_vf,-1,err,45,3.5314718456998953,186.0
fixed,samplerGT_vf,-1,err,46,3.5305605180801876,186.0
fixed,samplerGT_vf,-1,err,47,3.537248363642285,186.0
fixed,samplerGT_vf,-1,err,48,3.549616869771351,186.0
fixed,samplerGT_vf,-1,err,49,3.559255918059299,186.0
fixed,samplerGT_vf,-1,err,50,3.5633549362421055,186.0
fixed,samplerGT_vf,-1,err,51,3.5707461317059805,186.0
fixed,samplerGT_vf,-1,err,52,3.5708255333285166,186.0
fixed,samplerGT_vf,-1,err,53,3.5612441661537333,186.0
fixed,samplerGT_vf,-1,err,54,3.563647137854691,186.0
fixed,samplerGT_vf,-1,err,55,3.564749548159617,186.0
fixed,samplerGT_vf,-1,err,56,3.561375622419257,186.0
fixed,samplerGT_vf,-1,err,57,3.5583882060422676,186.0
fixed,samplerGT_vf,-1,err,58,3.5564986819381357,186.0
fixed,samplerGT_vf,-1,err,59,3.5607083214867523,186.0
fixed,samplerGT_vf,-1,err,60,3.573268571544078,186.0
fixed,samplerGT_vf,-1,err,61,3.5859643754939903,186.0
fixed,samplerGT_vf,-1,err,62,3.59404264980106,186.0
fixed,samplerGT_vf,-1,err,63,3.601780633788597,186.0
fixed,samplerGT_vf,1,derr,0,0.502566081191343,186.0
fixed,samplerGT_vf,1,derr,1,0.43248914402498995,186.0
fixed,samplerGT_vf,1,derr,2,0.3612649465800934,186.0
fixed,samplerGT_vf,1,derr,3,0.33534781880156006,186.0
fixed,samplerGT_vf,1,derr,4,0.31319786908645786,186.0
fixed,samplerGT_vf,1,derr,5,0.2850030260861561,186.0
fixed,samplerGT_vf,1,derr,6,0.2500410271628249,186.0
fixed,samplerGT_vf,1,derr,7,0.21115281062340865,186.0
fixed,samplerGT_vf,1,derr,8,0.20397517515686892,186.0
fixed,samplerGT_vf,1,derr,9,0.19119536979824944,186.0
fixed,samplerGT_vf,1,derr,10,0.1879469012410971,186.0
fixed,samplerGT_vf,1,derr,11,0.18053098900183553,186.0
fixed,samplerGT_vf,1,derr,12,0.1787869864774327,186.0
fixed,samplerGT_vf,1,derr,13,0.17508662561134947,186.0
fixed,samplerGT_vf,1,derr,14,0.17222375626004832,186.0
fixed,samplerGT_vf,1,derr,15,0.17648686405511632,186.0
fixed,samplerGT_vf,1,derr,16,0.18458272585825575,186.0
fixed,samplerGT_vf,1,derr,17,0.19221990895006927,186.0
fixed,samplerGT_vf,1,derr,18,0.20506837671642664,186.0
fixed,samplerGT_vf,1,derr,19,0.20715075372267636,186.0
fixed,samplerGT_vf,1,derr,20,0.20695395477777045,186.0
fixed,samplerGT_vf,1,derr,21,0.20299710950223349,186.0
fixed,samplerGT_vf,1,derr,22,0.20984710364912948,186.0
fixed,samplerGT_vf,1,derr,23,0.20809104709675716,186.0
fixed,samplerGT_vf,1,derr,24,0.20888534356509486,186.0
fixed,samplerGT_vf,1,derr,25,0.20419722048425545,186.0
fixed,samplerGT_vf,1,derr,26,0.18336939012571687,186.0
fixed,samplerGT_vf,1,derr,27,0.18078097339058596,186.0
fixed,samplerGT_vf,1,derr,28,0.18658100447607456,186.0
fixed,samplerGT_vf,1,derr,29,0.19905839679181897,186.0
fixed,samplerGT_vf,1,derr,30,0.20277730614868222,186.0
fixed,samplerGT_vf,1,derr,31,0.2025012721818301,186.0
fixed,samplerGT_vf,1,derr,32,0.1948814776535797,186.0
fixed,samplerGT_vf,1,derr,33,0.17339756881057095,186.0
fixed,samplerGT_vf,1,derr,34,0.17218621044109264,186.0
fixed,samplerGT_vf,1,derr,35,0.15828501351518176,186.0
fixed,samplerGT_vf,1,derr,36,0.15459255049986545,186.0
fixed,samplerGT_vf,1,derr,37,0.1679870006828619,186.0
fixed,samplerGT_vf,1,derr,38,0.16785624609278735,186.0
fixed,samplerGT_vf,1,derr,39,0.15923032430951956,186.0
fixed,samplerGT_vf,1,derr,40,0.1672216457845543,186.0
fixed,samplerGT_vf,1,derr,41,0.17704134916145636,186.0
fixed,samplerGT_vf,1,derr,42,0.1697497950035638,186.0
fixed,samplerGT_vf,1,derr,43,0.165670869736782,186.0
fixed,samplerGT_vf,1,derr,44,0.17119125844610314,186.0
fixed,samplerGT_vf,1,derr,45,0.1798516408119711,186.0
fixed,samplerGT_vf,1,derr,46,0.17215671731779972,186.0
fixed,samplerGT_vf,1,derr,47,0.1745313158138625,186.0
fixed,samplerGT_vf,1,derr,48,0.1783319712736674,186.0
fixed,samplerGT_vf,1,derr,49,0.176726625941854,186.0
fixed,samplerGT_vf,1,derr,50,0.18525029299780726,186.0
fixed,samplerGT_vf,1,derr,51,0.19622102711770323,186.0
fixed,samplerGT_vf,1,derr,52,0.21912004811669228,186.0
fixed,samplerGT_vf,1,derr,53,0.22040239255374638,186.0
fixed,samplerGT_vf,1,derr,54,0.20654159403275898,186.0
fixed,samplerGT_vf,1,derr,55,0.1956933250861062,186.0
fixed,samplerGT_vf,1,derr,56,0.1823490489204164,186.0
fixed,samplerGT_vf,1,derr,57,0.1818389977949361,186.0
fixed,samplerGT_vf,1,derr,58,0.17889720067802456,186.0
fixed,samplerGT_vf,1,derr,59,0.17900435603474096,186.0
fixed,samplerGT_vf,1,derr,60,0.16927137168284545,186.0
fixed,samplerGT_vf,1,derr,61,0.1697918752018082,186.0
fixed,samplerGT_vf,1,derr,62,0.1756116281243502,186.0
fixed,samplerGT_vf,1,dmag,0,0.24286050734020048,186.0
fixed,samplerGT_vf,1,dmag,1,0.24138326702579374,186.0
fixed,samplerGT_vf,1,dmag,2,0.23664735449397917,186.0
fixed,samplerGT_vf,1,dmag,3,0.23123611464735963,186.0
fixed,samplerGT_vf,1,dmag,4,0.22169924397221816,186.0
fixed,samplerGT_vf,1,dmag,5,0.19704242141276437,186.0
fixed,samplerGT_vf,1,dmag,6,0.17661111823894005,186.0
fixed,samplerGT_vf,1,dmag,7,0.15613526594574734,186.0
fixed,samplerGT_vf,1,dmag,8,0.13975951456595012,186.0
fixed,samplerGT_vf,1,dmag,9,0.12647900274724408,186.0
fixed,samplerGT_vf,1,dmag,10,0.12464150118451285,186.0
fixed,samplerGT_vf,1,dmag,11,0.12051375369511304,186.0
fixed,samplerGT_vf,1,dmag,12,0.11707496675612625,186.0
fixed,samplerGT_vf,1,dmag,13,0.1098078676118886,186.0
fixed,samplerGT_vf,1,dmag,14,0.10379963216962673,186.0
fixed,samplerGT_vf,1,dmag,15,0.09744191957357269,186.0
fixed,samplerGT_vf,1,dmag,16,0.09498134119215831,186.0
fixed,samplerGT_vf,1,dmag,17,0.09532504711520448,186.0
fixed,samplerGT_vf,1,dmag,18,0.10158440868260078,186.0
fixed,samplerGT_vf,1,dmag,19,0.10799227785619517,186.0
fixed,samplerGT_vf,1,dmag,20,0.10180517098796303,186.0
fixed,samplerGT_vf,1,dmag,21,0.09870215951495113,186.0
fixed,samplerGT_vf,1,dmag,22,0.10589723324062683,186.0
fixed,samplerGT_vf,1,dmag,23,0.10322672345485258,186.0
fixed,samplerGT_vf,1,dmag,24,0.10757007497432892,186.0
fixed,samplerGT_vf,1,dmag,25,0.10171131996978675,186.0
fixed,samplerGT_vf,1,dmag,26,0.09424962904003839,186.0
fixed,samplerGT_vf,1,dmag,27,0.09948666653625908,186.0
fixed,samplerGT_vf,1,dmag,28,0.10815738137531024,186.0
fixed,samplerGT_vf,1,dmag,29,0.11209716014463895,186.0
fixed,samplerGT_vf,1,dmag,30,0.11081231539688444,186.0
fixed,samplerGT_vf,1,dmag,31,0.11129292813179795,186.0
fixed,samplerGT_vf,1,dmag,32,0.10798609978769735,186.0
fixed,samplerGT_vf,1,dmag,33,0.10026587357103664,186.0
fixed,samplerGT_vf,1,dmag,34,0.09830150266568508,186.0
fixed,samplerGT_vf,1,dmag,35,0.09187380225467746,186.0
fixed,samplerGT_vf,1,dmag,36,0.0914843748123335,186.0
fixed,samplerGT_vf,1,dmag,37,0.0950592167485225,186.0
fixed,samplerGT_vf,1,dmag,38,0.09649505611428971,186.0
fixed,samplerGT_vf,1,dmag,39,0.09595309875865457,186.0
fixed,samplerGT_vf,1,dmag,40,0.09630753718797237,186.0
fixed,samplerGT_vf,1,dmag,41,0.0994055505681743,186.0
fixed,samplerGT_vf,1,dmag,42,0.09930600328070502,186.0
fixed,samplerGT_vf,1,dmag,43,0.09388002365206678,186.0
fixed,samplerGT_vf,1,dmag,44,0.09379349193806129,186.0
fixed,samplerGT_vf,1,dmag,45,0.09680878262846701,186.0
fixed,samplerGT_vf,1,dmag,46,0.09513265484823816,186.0
fixed,samplerGT_vf,1,dmag,47,0.09351596597742329,186.0
fixed,samplerGT_vf,1,dmag,48,0.09391344080789275,186.0
fixed,samplerGT_vf,1,dmag,49,0.09718180412767075,186.0
fixed,samplerGT_vf,1,dmag,50,0.1035449165770764,186.0
fixed,samplerGT_vf,1,dmag,51,0.10691242713120676,186.0
fixed,samplerGT_vf,1,dmag,52,0.11759774450973798,186.0
fixed,samplerGT_vf,1,dmag,53,0.11551374257592265,186.0
fixed,samplerGT_vf,1,dmag,54,0.1118862362658625,186.0
fixed,samplerGT_vf,1,dmag,55,0.11037263239643746,186.0
fixed,samplerGT_vf,1,dmag,56,0.09511357489272311,186.0
fixed,samplerGT_vf,1,dmag,57,0.08976589785688506,186.0
fixed,samplerGT_vf,1,dmag,58,0.09304202086121965,186.0
fixed,samplerGT_vf,1,dmag,59,0.09523217780615693,186.0
fixed,samplerGT_vf,1,dmag,60,0.08926792499879675,186.0
fixed,samplerGT_vf,1,dmag,61,0.09031572306568744,186.0
fixed,samplerGT_vf,1,dmag,62,0.09109203684674476,186.0
fixed,samplerGT_vf,1,err,0,1.9596941913327863,186.0
fixed,samplerGT_vf,1,err,1,2.2964534440668682,186.0
fixed,samplerGT_vf,1,err,2,2.547580183513703,186.0
fixed,samplerGT_vf,1,err,3,2.713039673304045,186.0
fixed,samplerGT_vf,1,err,4,2.8352563712866075,186.0
fixed,samplerGT_vf,1,err,5,2.948172789427542,186.0
fixed,samplerGT_vf,1,err,6,3.0274826892281093,186.0
fixed,samplerGT_vf,1,err,7,3.0823523267622916,186.0
fixed,samplerGT_vf,1,err,8,3.1197659480635838,186.0
fixed,samplerGT_vf,1,err,9,3.1468297102118052,186.0
fixed,samplerGT_vf,1,err,10,3.1733599928438023,186.0
fixed,samplerGT_vf,1,err,11,3.193780699724792,186.0
fixed,samplerGT_vf,1,err,12,3.208699462554788,186.0
fixed,samplerGT_vf,1,err,13,3.227249944242098,186.0
fixed,samplerGT_vf,1,err,14,3.246623921939122,186.0
fixed,samplerGT_vf,1,err,15,3.2521502780978397,186.0
fixed,samplerGT_vf,1,err,16,3.255266014286267,186.0
fixed,samplerGT_vf,1,err,17,3.2601538577707867,186.0
fixed,samplerGT_vf,1,err,18,3.274687211359701,186.0
fixed,samplerGT_vf,1,err,19,3.2850170129088947,186.0
fixed,samplerGT_vf,1,err,20,3.298215366178943,186.0
fixed,samplerGT_vf,1,err,21,3.3188007193547424,186.0
fixed,samplerGT_vf,1,err,22,3.3220238794562635,186.0
fixed,samplerGT_vf,1,err,23,3.3176729506061924,186.0
fixed,samplerGT_vf,1,err,24,3.3157271459217994,186.0
fixed,samplerGT_vf,1,err,25,3.3208984434604645,186.0
fixed,samplerGT_vf,1,err,26,3.3389622152492566,186.0
fixed,samplerGT_vf,1,err,27,3.354325453440348,186.0
fixed,samplerGT_vf,1,err,28,3.357995158241641,186.0
fixed,samplerGT_vf,1,err,29,3.3553613161527984,186.0
fixed,samplerGT_vf,1,err,30,3.361677976225012,186.0
fixed,samplerGT_vf,1,err,31,3.3725433186177285,186.0
fixed,samplerGT_vf,1,err,32,3.40025073434076,186.0
fixed,samplerGT_vf,1,err,33,3.4299398620602903,186.0
fixed,samplerGT_vf,1,err,34,3.4535247680320533,186.0
fixed,samplerGT_vf,1,err,35,3.4720102864247497,186.0
fixed,samplerGT_vf,1,err,36,3.4925226211868305,186.0
fixed,samplerGT_vf,1,err,37,3.5115180217450663,186.0
fixed,samplerGT_vf,1,err,38,3.5167560556563,186.0
fixed,samplerGT_vf,1,err,39,3.522076075756422,186.0
fixed,samplerGT_vf,1,err,40,3.5223221259732402,186.0
fixed,samplerGT_vf,1,err,41,3.522408929563338,186.0
fixed,samplerGT_vf,1,err,42,3.5259456487112146,186.0
fixed,samplerGT_vf,1,err,43,3.53684276470574,186.0
fixed,samplerGT_vf,1,err,44,3.5473386231930024,186.0
fixed,samplerGT_vf,1,err,45,3.5507664356821325,186.0
fixed,samplerGT_vf,1,err,46,3.5466303379945856,186.0
fixed,samplerGT_vf,1,err,47,3.551792927326695,186.0
fixed,samplerGT_vf,1,err,48,3.564579164469114,186.0
fixed,samplerGT_vf,1,err,49,3.5748909583655735,186.0
fixed,samplerGT_vf,1,err,50,3.5793853322023987,186.0
fixed,samplerGT_vf,1,err,51,3.5852643395623853,186.0
fixed,samplerGT_vf,1,err,52,3.5828076014595647,186.0
fixed,samplerGT_vf,1,err,53,3.5696798303434925,186.0
fixed,samplerGT_vf,1,err,54,3.572274528523927,186.0
fixed,samplerGT_vf,1,err,55,3.5746581599276555,186.0
fixed,samplerGT_vf,1,err,56,3.571288258958888,186.0
fixed,samplerGT_vf,1,err,57,3.5691354390113585,186.0
fixed,samplerGT_vf,1,err,58,3.5695558863301433,186.0
fixed,samplerGT_vf,1,err,59,3.573644664659295,186.0
fixed,samplerGT_vf,1,err,60,3.5881149291351275,186.0
fixed,samplerGT_vf,1,err,61,3.602513152104552,186.0
fixed,samplerGT_vf,1,err,62,3.6135596491957225,186.0
fixed,samplerGT_vf,1,err,63,3.6226036920342395,186.0
fixed,samplerGT_vf,5,derr,0,0.46824118545058596,186.0
fixed,samplerGT_vf,5,derr,1,0.3978802092293257,186.0
fixed,samplerGT_vf,5,derr,2,0.32674256825358955,186.0
fixed,samplerGT_vf,5,derr,3,0.30393610145616273,186.0
fixed,samplerGT_vf,5,derr,4,0.288459765734852,186.0
fixed,samplerGT_vf,5,derr,5,0.2794927589455119,186.0
fixed,samplerGT_vf,5,derr,6,0.2510533783664947,186.0
fixed,samplerGT_vf,5,derr,7,0.20900032985755193,186.0
fixed,samplerGT_vf,5,derr,8,0.20010649953638354,186.0
fixed,samplerGT_vf,5,derr,9,0.18954998437034828,186.0
fixed,samplerGT_vf,5,derr,10,0.18335771705374443,186.0
fixed,samplerGT_vf,5,derr,11,0.17682666448195294,186.0
fixed,samplerGT_vf,5,derr,12,0.17198254912090238,186.0
fixed,samplerGT_vf,5,derr,13,0.1673467003500029,186.0
fixed,samplerGT_vf,5,derr,14,0.16360558315070087,186.0
fixed,samplerGT_vf,5,derr,15,0.16789552637486047,186.0
fixed,samplerGT_vf,5,derr,16,0.17717406419055756,186.0
fixed,samplerGT_vf,5,derr,17,0.18366931569612316,186.0
fixed,samplerGT_vf,5,derr,18,0.19534531018886997,186.0
fixed,samplerGT_vf,5,derr,19,0.20110676030538255,186.0
fixed,samplerGT_vf,5,derr,20,0.20101124098304138,186.0
fixed,samplerGT_vf,5,derr,21,0.1998906848721847,186.0
fixed,samplerGT_vf,5,derr,22,0.20557806998871828,186.0
fixed,samplerGT_vf,5,derr,23,0.20896755454821453,186.0
fixed,samplerGT_vf,5,derr,24,0.20564880552050727,186.0
fixed,samplerGT_vf,5,derr,25,0.19843715807843593,186.0
fixed,samplerGT_vf,5,derr,26,0.17765118647366762,186.0
fixed,samplerGT_vf,5,derr,27,0.17004092852835373,186.0
fixed,samplerGT_vf,5,derr,28,0.1768397091867863,186.0
fixed,samplerGT_vf,5,derr,29,0.18911755929190305,186.0
fixed,samplerGT_vf,5,derr,30,0.1958899118396784,186.0
fixed,samplerGT_vf,5,derr,31,0.19187686284403166,186.0
fixed,samplerGT_vf,5,derr,32,0.17766053364762374,186.0
fixed,samplerGT_vf,5,derr,33,0.16186965964434127,186.0
fixed,samplerGT_vf,5,derr,34,0.16071457060815025,186.0
fixed,samplerGT_vf,5,derr,35,0.14506936249052804,186.0
fixed,samplerGT_vf,5,derr,36,0.1430802343873888,186.0
fixed,samplerGT_vf,5,derr,37,0.1597283941653547,186.0
fixed,samplerGT_vf,5,derr,38,0.15853856964617646,186.0
fixed,samplerGT_vf,5,derr,39,0.15353665650091183,186.0
fixed,samplerGT_vf,5,derr,40,0.16190434043966634,186.0
fixed,samplerGT_vf,5,derr,41,0.17088899102502614,186.0
fixed,samplerGT_vf,5,derr,42,0.16101627031301138,186.0
fixed,samplerGT_vf,5,derr,43,0.15576569427565862,186.0
fixed,samplerGT_vf,5,derr,44,0.16437670499366777,186.0
fixed,samplerGT_vf,5,derr,45,0.17872687657513925,186.0
fixed,samplerGT_vf,5,derr,46,0.17852463424005496,186.0
fixed,samplerGT_vf,5,derr,47,0.17853485690229523,186.0
fixed,samplerGT_vf,5,derr,48,0.18010505455576123,186.0
fixed,samplerGT_vf,5,derr,49,0.17951346788134787,186.0
fixed,samplerGT_vf,5,derr,50,0.18473618355910143,186.0
fixed,samplerGT_vf,5,derr,51,0.187659631718591,186.0
fixed,samplerGT_vf,5,derr,52,0.20643270114857343,186.0
fixed,samplerGT_vf,5,derr,53,0.20996691657590769,186.0
fixed,samplerGT_vf,5,derr,54,0.1932325680660064,186.0
fixed,samplerGT_vf,5,derr,55,0.18325029988522812,186.0
fixed,samplerGT_vf,5,derr,56,0.1726950544122887,186.0
fixed,samplerGT_vf,5,derr,57,0.17456212497606713,186.0
fixed,samplerGT_vf,5,derr,58,0.17183730018235022,186.0
fixed,samplerGT_vf,5,derr,59,0.1738579561883804,186.0
fixed,samplerGT_vf,5,derr,60,0.1683600826329121,186.0
fixed,samplerGT_vf,5,derr,61,0.16995704487486873,186.0
fixed,samplerGT_vf,5,derr,62,0.17716392151190227,186.0
fixed,samplerGT_vf,5,dmag,0,0.23031824799154393,186.0
fixed,samplerGT_vf,5,dmag,1,0.2267193813377651,186.0
fixed,samplerGT_vf,5,dmag,2,0.22399101842455166,186.0
fixed,samplerGT_vf,5,dmag,3,0.21492961394069818,186.0
fixed,samplerGT_vf,5,dmag,4,0.20373285222818616,186.0
fixed,samplerGT_vf,5,dmag,5,0.19348144497702358,186.0
fixed,samplerGT_vf,5,dmag,6,0.1771521809891427,186.0
fixed,samplerGT_vf,5,dmag,7,0.15772690945955856,186.0
fixed,samplerGT_vf,5,dmag,8,0.14147384418174624,186.0
fixed,samplerGT_vf,5,dmag,9,0.13075573529086768,186.0
fixed,samplerGT_vf,5,dmag,10,0.12792930591310706,186.0
fixed,samplerGT_vf,5,dmag,11,0.12191359328746956,186.0
fixed,samplerGT_vf,5,dmag,12,0.11303085502317195,186.0
fixed,samplerGT_vf,5,dmag,13,0.1064082850071211,186.0
fixed,samplerGT_vf,5,dmag,14,0.10103784009353609,186.0
fixed,samplerGT_vf,5,dmag,15,0.09479520786353336,186.0
fixed,samplerGT_vf,5,dmag,16,0.09203236194087132,186.0
fixed,samplerGT_vf,5,dmag,17,0.09153645589787474,186.0
fixed,samplerGT_vf,5,dmag,18,0.09664795306381038,186.0
fixed,samplerGT_vf,5,dmag,19,0.10499025787657468,186.0
fixed,samplerGT_vf,5,dmag,20,0.10231859065211749,186.0
fixed,samplerGT_vf,5,dmag,21,0.10010899293426705,186.0
fixed,samplerGT_vf,5,dmag,22,0.10437090749982544,186.0
fixed,samplerGT_vf,5,dmag,23,0.10832600070223693,186.0
fixed,samplerGT_vf,5,dmag,24,0.11025567780879716,186.0
fixed,samplerGT_vf,5,dmag,25,0.10427524213508893,186.0
fixed,samplerGT_vf,5,dmag,26,0.09529536924955825,186.0
fixed,samplerGT_vf,5,dmag,27,0.08956392175988645,186.0
fixed,samplerGT_vf,5,dmag,28,0.09912943997250129,186.0
fixed,samplerGT_vf,5,dmag,29,0.10310745696407012,186.0
fixed,samplerGT_vf,5,dmag,30,0.10451143316584088,186.0
fixed,samplerGT_vf,5,dmag,31,0.09386827107218484,186.0
fixed,samplerGT_vf,5,dmag,32,0.08800494073018912,186.0
fixed,samplerGT_vf,5,dmag,33,0.09015615773136898,186.0
fixed,samplerGT_vf,5,dmag,34,0.09191858765959579,186.0
fixed,samplerGT_vf,5,dmag,35,0.08501936514831838,186.0
fixed,samplerGT_vf,5,dmag,36,0.085900927828725,186.0
fixed,samplerGT_vf,5,dmag,37,0.0932869351499023,186.0
fixed,samplerGT_vf,5,dmag,38,0.09457290048901272,186.0
fixed,samplerGT_vf,5,dmag,39,0.09482584651860018,186.0
fixed,samplerGT_vf,5,dmag,40,0.09510573921024158,186.0
fixed,samplerGT_vf,5,dmag,41,0.09526712334744873,186.0
fixed,samplerGT_vf,5,dmag,42,0.09272315384699933,186.0
fixed,samplerGT_vf,5,dmag,43,0.08943173812542071,186.0
fixed,samplerGT_vf,5,dmag,44,0.09158562163832368,186.0
fixed,samplerGT_vf,5,dmag,45,0.09790846904719709,186.0
fixed,samplerGT_vf,5,dmag,46,0.10352363910085412,186.0
fixed,samplerGT_vf,5,dmag,47,0.09806552866814278,186.0
fixed,samplerGT_vf,5,dmag,48,0.09461510955526303,186.0
fixed,samplerGT_vf,5,dmag,49,0.0984387316500708,186.0
fixed,samplerGT_vf,5,dmag,50,0.10322450121904733,186.0
fixed,samplerGT_vf,5,dmag,51,0.09991588091017098,186.0
fixed,samplerGT_vf,5,dmag,52,0.10713682438357063,186.0
fixed,samplerGT_vf,5,dmag,53,0.10768046896524167,186.0
fixed,samplerGT_vf,5,dmag,54,0.10024431388404581,186.0
fixed,samplerGT_vf,5,dmag,55,0.0978804278157411,186.0
fixed,samplerGT_vf,5,dmag,56,0.08748089000883122,186.0
fixed,samplerGT_vf,5,dmag,57,0.08233383425601548,186.0
fixed,samplerGT_vf,5,dmag,58,0.08547332211427631,186.0
fixed,samplerGT_vf,5,dmag,59,0.08937126977909957,186.0
fixed,samplerGT_vf,5,dmag,60,0.08859667137405404,186.0
fixed,samplerGT_vf,5,dmag,61,0.090046325928822,186.0
fixed,samplerGT_vf,5,dmag,62,0.09197793166924229,186.0
fixed,samplerGT_vf,5,err,0,1.6889646268019112,186.0
fixed,samplerGT_vf,5,err,1,1.9855809527379211,186.0
fixed,samplerGT_vf,5,err,2,2.188354750954977,186.0
fixed,samplerGT_vf,5,err,3,2.310905776998048,186.0
fixed,samplerGT_vf,5,err,4,2.385932425978363,186.0
fixed,samplerGT_vf,5,err,5,2.4533317036205724,186.0
fixed,samplerGT_vf,5,err,6,2.5079760477747968,186.0
fixed,samplerGT_vf,5,err,7,2.555219332697571,186.0
fixed,samplerGT_vf,5,err,8,2.588545037693875,186.0
fixed,samplerGT_vf,5,err,9,2.6120037452508043,186.0
fixed,samplerGT_vf,5,err,10,2.6303386502368475,186.0
fixed,samplerGT_vf,5,err,11,2.643315806824674,186.0
fixed,samplerGT_vf,5,err,12,2.6536924542598825,186.0
fixed,samplerGT_vf,5,err,13,2.664329204668281,186.0
fixed,samplerGT_vf,5,err,14,2.677213189422443,186.0
fixed,samplerGT_vf,5,err,15,2.6789753941758985,186.0
fixed,samplerGT_vf,5,err,16,2.678809344768524,186.0
fixed,samplerGT_vf,5,err,17,2.6809793537662876,186.0
fixed,samplerGT_vf,5,err,18,2.6919274177922996,186.0
fixed,samplerGT_vf,5,err,19,2.6991703148170183,186.0
fixed,samplerGT_vf,5,err,20,2.7075293008037793,186.0
fixed,samplerGT_vf,5,err,21,2.7220072007627896,186.0
fixed,samplerGT_vf,5,err,22,2.7215708441311315,186.0
fixed,samplerGT_vf,5,err,23,2.70763745631582,186.0
fixed,samplerGT_vf,5,err,24,2.6949343996983703,186.0
fixed,samplerGT_vf,5,err,25,2.6917805484225674,186.0
fixed,samplerGT_vf,5,err,26,2.699275234373667,186.0
fixed,samplerGT_vf,5,err,27,2.7065490364067015,186.0
fixed,samplerGT_vf,5,err,28,2.70673180267375,186.0
fixed,samplerGT_vf,5,err,29,2.70048116419905,186.0
fixed,samplerGT_vf,5,err,30,2.699056369963513,186.0
fixed,samplerGT_vf,5,err,31,2.708731061348351,186.0
fixed,samplerGT_vf,5,err,32,2.730262648194067,186.0
fixed,samplerGT_vf,5,err,33,2.7501068991679016,186.0
fixed,samplerGT_vf,5,err,34,2.7694847272929324,186.0
fixed,samplerGT_vf,5,err,35,2.786036980408494,186.0
fixed,samplerGT_vf,5,err,36,2.8026416958660207,186.0
fixed,samplerGT_vf,5,err,37,2.8144591370577454,186.0
fixed,samplerGT_vf,5,err,38,2.817806259278328,186.0
fixed,samplerGT_vf,5,err,39,2.824973868586684,186.0
fixed,samplerGT_vf,5,err,40,2.8255431397307302,186.0
fixed,samplerGT_vf,5,err,41,2.8306943928041766,186.0
fixed,samplerGT_vf,5,err,42,2.8418786923090615,186.0
fixed,samplerGT_vf,5,err,43,2.8563764684943744,186.0
fixed,samplerGT_vf,5,err,44,2.8694392522817016,186.0
fixed,samplerGT_vf,5,err,45,2.878836456165519,186.0
fixed,samplerGT_vf,5,err,46,2.881698929173972,186.0
fixed,samplerGT_vf,5,err,47,2.892386967776924,186.0
fixed,samplerGT_vf,5,err,48,2.91071389663604,186.0
fixed,samplerGT_vf,5,err,49,2.928792683988489,186.0
fixed,samplerGT_vf,5,err,50,2.9427190679375843,186.0
fixed,samplerGT_vf,5,err,51,2.962568639747558,186.0
fixed,samplerGT_vf,5,err,52,2.9782353716511882,186.0
fixed,samplerGT_vf,5,err,53,2.983271852936796,186.0
fixed,samplerGT_vf,5,err,54,2.9976535173513557,186.0
fixed,samplerGT_vf,5,err,55,3.01048870913444,186.0
fixed,samplerGT_vf,5,err,56,3.019040967828484,186.0
fixed,samplerGT_vf,5,err,57,3.0283803380625223,186.0
fixed,samplerGT_vf,5,err,58,3.039215922355652,186.0
fixed,samplerGT_vf,5,err,59,3.055055833311491,186.0
fixed,samplerGT_vf,5,err,60,3.079373616204467,186.0
fixed,samplerGT_vf,5,err,61,3.100538559338098,186.0
fixed,samplerGT_vf,5,err,62,3.1138728616699094,186.0
fixed,samplerGT_vf,5,err,63,3.131255971968815,186.0
fixed,samplerGT_vf,10,derr,0,0.4712105472121508,186.0
fixed,samplerGT_vf,10,derr,1,0.3983332226353307,186.0
fixed,samplerGT_vf,10,derr,2,0.32705997831879124,186.0
fixed,samplerGT_vf,10,derr,3,0.30045208373978255,186.0
fixed,samplerGT_vf,10,derr,4,0.2804603488735294,186.0
fixed,samplerGT_vf,10,derr,5,0.2686309093729623,186.0
fixed,samplerGT_vf,10,derr,6,0.2382382770539612,186.0
fixed,samplerGT_vf,10,derr,7,0.20166607818976845,186.0
fixed,samplerGT_vf,10,derr,8,0.1949736271253837,186.0
fixed,samplerGT_vf,10,derr,9,0.18215964952864314,186.0
fixed,samplerGT_vf,10,derr,10,0.1774887304392553,186.0
fixed,samplerGT_vf,10,derr,11,0.1720620972524968,186.0
fixed,samplerGT_vf,10,derr,12,0.1736654838927651,186.0
fixed,samplerGT_vf,10,derr,13,0.1652266494679435,186.0
fixed,samplerGT_vf,10,derr,14,0.16032749341340155,186.0
fixed,samplerGT_vf,10,derr,15,0.1666560246539052,186.0
fixed,samplerGT_vf,10,derr,16,0.17996287391450938,186.0
fixed,samplerGT_vf,10,derr,17,0.18618662485111787,186.0
fixed,samplerGT_vf,10,derr,18,0.18970852453882495,186.0
fixed,samplerGT_vf,10,derr,19,0.192125614872703,186.0
fixed,samplerGT_vf,10,derr,20,0.1979873475608646,186.0
fixed,samplerGT_vf,10,derr,21,0.19818627981028408,186.0
fixed,samplerGT_vf,10,derr,22,0.20289003228147826,186.0
fixed,samplerGT_vf,10,derr,23,0.20598282488263261,186.0
fixed,samplerGT_vf,10,derr,24,0.20138148990990493,186.0
fixed,samplerGT_vf,10,derr,25,0.19292975264170797,186.0
fixed,samplerGT_vf,10,derr,26,0.17247153813099508,186.0
fixed,samplerGT_vf,10,derr,27,0.16460708008518302,186.0
fixed,samplerGT_vf,10,derr,28,0.17321047722111627,186.0
fixed,samplerGT_vf,10,derr,29,0.184542308521447,186.0
fixed,samplerGT_vf,10,derr,30,0.18987450777723264,186.0
fixed,samplerGT_vf,10,derr,31,0.18786797869289595,186.0
fixed,samplerGT_vf,10,derr,32,0.17640717999549002,186.0
fixed,samplerGT_vf,10,derr,33,0.16064495531721942,186.0
fixed,samplerGT_vf,10,derr,34,0.15853756069836597,186.0
fixed,samplerGT_vf,10,derr,35,0.1448822821971149,186.0
fixed,samplerGT_vf,10,derr,36,0.14191609658100593,186.0
fixed,samplerGT_vf,10,derr,37,0.15904164371351082,186.0
fixed,samplerGT_vf,10,derr,38,0.15775370164223576,186.0
fixed,samplerGT_vf,10,derr,39,0.1519949614440882,186.0
fixed,samplerGT_vf,10,derr,40,0.16023556279238835,186.0
fixed,samplerGT_vf,10,derr,41,0.17025359977857882,186.0
fixed,samplerGT_vf,10,derr,42,0.15931812009864277,186.0
fixed,samplerGT_vf,10,derr,43,0.1532277150119665,186.0
fixed,samplerGT_vf,10,derr,44,0.16160214591711278,186.0
fixed,samplerGT_vf,10,derr,45,0.17056004298470354,186.0
fixed,samplerGT_vf,10,derr,46,0.1654435975817583,186.0
fixed,samplerGT_vf,10,derr,47,0.16955263569690687,186.0
fixed,samplerGT_vf,10,derr,48,0.17539844738559857,186.0
fixed,samplerGT_vf,10,derr,49,0.17623251358607925,186.0
fixed,samplerGT_vf,10,derr,50,0.18451840960751137,186.0
fixed,samplerGT_vf,10,derr,51,0.18779610073874875,186.0
fixed,samplerGT_vf,10,derr,52,0.2042205984634097,186.0
fixed,samplerGT_vf,10,derr,53,0.20625536609941753,186.0
fixed,samplerGT_vf,10,derr,54,0.19128957728264473,186.0
fixed,samplerGT_vf,10,derr,55,0.18163456365225777,186.0
fixed,samplerGT_vf,10,derr,56,0.1693560482874032,186.0
fixed,samplerGT_vf,10,derr,57,0.17230477887055567,186.0
fixed,samplerGT_vf,10,derr,58,0.17048831161872674,186.0
fixed,samplerGT_vf,10,derr,59,0.17010750719195894,186.0
fixed,samplerGT_vf,10,derr,60,0.16299221260092592,186.0
fixed,samplerGT_vf,10,derr,61,0.16508042399761497,186.0
fixed,samplerGT_vf,10,derr,62,0.17296951083386297,186.0
fixed,samplerGT_vf,10,dmag,0,0.22895290644498922,186.0
fixed,samplerGT_vf,10,dmag,1,0.22661115369328888,186.0
fixed,samplerGT_vf,10,dmag,2,0.2224231802167431,186.0
fixed,samplerGT_vf,10,dmag,3,0.21087758294657194,186.0
fixed,samplerGT_vf,10,dmag,4,0.1951309265719066,186.0
fixed,samplerGT_vf,10,dmag,5,0.17938796637619855,186.0
fixed,samplerGT_vf,10,dmag,6,0.16050741366881838,186.0
fixed,samplerGT_vf,10,dmag,7,0.1453618818132948,186.0
fixed,samplerGT_vf,10,dmag,8,0.1320020762041852,186.0
fixed,samplerGT_vf,10,dmag,9,0.11886834512935371,186.0
fixed,samplerGT_vf,10,dmag,10,0.11869714831212355,186.0
fixed,samplerGT_vf,10,dmag,11,0.11655887501234169,186.0
fixed,samplerGT_vf,10,dmag,12,0.1151107424940233,186.0
fixed,samplerGT_vf,10,dmag,13,0.10429123303883019,186.0
fixed,samplerGT_vf,10,dmag,14,0.09784788262820052,186.0
fixed,samplerGT_vf,10,dmag,15,0.09352196878703531,186.0
fixed,samplerGT_vf,10,dmag,16,0.09466561844312055,186.0
fixed,samplerGT_vf,10,dmag,17,0.09293077212648206,186.0
fixed,samplerGT_vf,10,dmag,18,0.09022021109879177,186.0
fixed,samplerGT_vf,10,dmag,19,0.09614555327402007,186.0
fixed,samplerGT_vf,10,dmag,20,0.09846544918674295,186.0
fixed,samplerGT_vf,10,dmag,21,0.09725091114179582,186.0
fixed,samplerGT_vf,10,dmag,22,0.1013597153147222,186.0
fixed,samplerGT_vf,10,dmag,23,0.1051215483476558,186.0
fixed,samplerGT_vf,10,dmag,24,0.10589566747207314,186.0
fixed,samplerGT_vf,10,dmag,25,0.0980170404798882,186.0
fixed,samplerGT_vf,10,dmag,26,0.09000008018507112,186.0
fixed,samplerGT_vf,10,dmag,27,0.08577790641055633,186.0
fixed,samplerGT_vf,10,dmag,28,0.09560292605210537,186.0
fixed,samplerGT_vf,10,dmag,29,0.09588975536446738,186.0
fixed,samplerGT_vf,10,dmag,30,0.0958022301796303,186.0
fixed,samplerGT_vf,10,dmag,31,0.08741866726107815,186.0
fixed,samplerGT_vf,10,dmag,32,0.08442331854534406,186.0
fixed,samplerGT_vf,10,dmag,33,0.08781154022642201,186.0
fixed,samplerGT_vf,10,dmag,34,0.08875223901623519,186.0
fixed,samplerGT_vf,10,dmag,35,0.08348165789458861,186.0
fixed,samplerGT_vf,10,dmag,36,0.08241235539417273,186.0
fixed,samplerGT_vf,10,dmag,37,0.08920135012056718,186.0
fixed,samplerGT_vf,10,dmag,38,0.08940256113607076,186.0
fixed,samplerGT_vf,10,dmag,39,0.09235237029090684,186.0
fixed,samplerGT_vf,10,dmag,40,0.09295178353486042,186.0
fixed,samplerGT_vf,10,dmag,41,0.09373427541946532,186.0
fixed,samplerGT_vf,10,dmag,42,0.09110109463474282,186.0
fixed,samplerGT_vf,10,dmag,43,0.08594365045928987,186.0
fixed,samplerGT_vf,10,dmag,44,0.08729294550815417,186.0
fixed,samplerGT_vf,10,dmag,45,0.08972469326709548,186.0
fixed,samplerGT_vf,10,dmag,46,0.09009197361827377,186.0
fixed,samplerGT_vf,10,dmag,47,0.08886477457339405,186.0
fixed,samplerGT_vf,10,dmag,48,0.09107521856303817,186.0
fixed,samplerGT_vf,10,dmag,49,0.09522593187628894,186.0
fixed,samplerGT_vf,10,dmag,50,0.10180083493531872,186.0
fixed,samplerGT_vf,10,dmag,51,0.09828100585809318,186.0
fixed,samplerGT_vf,10,dmag,52,0.10112165855444087,186.0
fixed,samplerGT_vf,10,dmag,53,0.09964676512785817,186.0
fixed,samplerGT_vf,10,dmag,54,0.09600560955442888,186.0
fixed,samplerGT_vf,10,dmag,55,0.09517342962264534,186.0
fixed,samplerGT_vf,10,dmag,56,0.08358330739742165,186.0
fixed,samplerGT_vf,10,dmag,57,0.07876594973507747,186.0
fixed,samplerGT_vf,10,dmag,58,0.08139433095391879,186.0
fixed,samplerGT_vf,10,dmag,59,0.08348038568291613,186.0
fixed,samplerGT_vf,10,dmag,60,0.08127801907899719,186.0
fixed,samplerGT_vf,10,dmag,61,0.08313427834461133,186.0
fixed,samplerGT_vf,10,dmag,62,0.08641872192502663,186.0
fixed,samplerGT_vf,10,err,0,1.6565125264147276,186.0
fixed,samplerGT_vf,10,err,1,1.9551761897020443,186.0
fixed,samplerGT_vf,10,err,2,2.1576726960559047,186.0
fixed,samplerGT_vf,10,err,3,2.2729125067751896,186.0
fixed,samplerGT_vf,10,err,4,2.3409332267699705,186.0
fixed,samplerGT_vf,10,err,5,2.399446824064819,186.0
fixed,samplerGT_vf,10,err,6,2.439748243939492,186.0
fixed,samplerGT_vf,10,err,7,2.4739549176026414,186.0
fixed,samplerGT_vf,10,err,8,2.4984441119176086,186.0
fixed,samplerGT_vf,10,err,9,2.513640207308595,186.0
fixed,samplerGT_vf,10,err,10,2.5251410962432943,186.0
fixed,samplerGT_vf,10,err,11,2.5309162399461194,186.0
fixed,samplerGT_vf,10,err,12,2.537407357846537,186.0
fixed,samplerGT_vf,10,err,13,2.5495491750458235,186.0
fixed,samplerGT_vf,10,err,14,2.5614418408242603,186.0
fixed,samplerGT_vf,10,err,15,2.5616645891499776,186.0
fixed,samplerGT_vf,10,err,16,2.557686629154349,186.0
fixed,samplerGT_vf,10,err,17,2.553311742922311,186.0
fixed,samplerGT_vf,10,err,18,2.5565086755380837,186.0
fixed,samplerGT_vf,10,err,19,2.559193460210677,186.0
fixed,samplerGT_vf,10,err,20,2.5663485060776434,186.0
fixed,samplerGT_vf,10,err,21,2.5799126469640323,186.0
fixed,samplerGT_vf,10,err,22,2.5813040158120533,186.0
fixed,samplerGT_vf,10,err,23,2.5752670846639143,186.0
fixed,samplerGT_vf,10,err,24,2.574017073999169,186.0
fixed,samplerGT_vf,10,err,25,2.58209487715716,186.0
fixed,samplerGT_vf,10,err,26,2.5982036125916306,186.0
fixed,samplerGT_vf,10,err,27,2.610063549812122,186.0
fixed,samplerGT_vf,10,err,28,2.6077455961576073,186.0
fixed,samplerGT_vf,10,err,29,2.596914575625491,186.0
fixed,samplerGT_vf,10,err,30,2.5920578266984675,186.0
fixed,samplerGT_vf,10,err,31,2.593441479308631,186.0
fixed,samplerGT_vf,10,err,32,2.60549655348383,186.0
fixed,samplerGT_vf,10,err,33,2.619959765704729,186.0
fixed,samplerGT_vf,10,err,34,2.6370394265138977,186.0
fixed,samplerGT_vf,10,err,35,2.6526798884714804,186.0
fixed,samplerGT_vf,10,err,36,2.6681805929189086,186.0
fixed,samplerGT_vf,10,err,37,2.679539378291817,186.0
fixed,samplerGT_vf,10,err,38,2.680085265187807,186.0
fixed,samplerGT_vf,10,err,39,2.683969354597471,186.0
fixed,samplerGT_vf,10,err,40,2.6816425857044037,186.0
fixed,samplerGT_vf,10,err,41,2.683151943388806,186.0
fixed,samplerGT_vf,10,err,42,2.691099706196016,186.0
fixed,samplerGT_vf,10,err,43,2.705597679781657,186.0
fixed,samplerGT_vf,10,err,44,2.7152297653818644,186.0
fixed,samplerGT_vf,10,err,45,2.7200482936315638,186.0
fixed,samplerGT_vf,10,err,46,2.7172599854648753,186.0
fixed,samplerGT_vf,10,err,47,2.720571147498264,186.0
fixed,samplerGT_vf,10,err,48,2.731131379001884,186.0
fixed,samplerGT_vf,10,err,49,2.7434666252905324,186.0
fixed,samplerGT_vf,10,err,50,2.7545134380299556,186.0
fixed,samplerGT_vf,10,err,51,2.7745113084393163,186.0
fixed,samplerGT_vf,10,err,52,2.792456655733047,186.0
fixed,samplerGT_vf,10,err,53,2.8004053930441537,186.0
fixed,samplerGT_vf,10,err,54,2.817534375254826,186.0
fixed,samplerGT_vf,10,err,55,2.8306135336558023,186.0
fixed,samplerGT_vf,10,err,56,2.840029998171714,186.0
fixed,samplerGT_vf,10,err,57,2.847762650539798,186.0
fixed,samplerGT_vf,10,err,58,2.8582001224320424,186.0
fixed,samplerGT_vf,10,err,59,2.874780903580368,186.0
fixed,samplerGT_vf,10,err,60,2.9010147489206766,186.0
fixed,samplerGT_vf,10,err,61,2.925196981718463,186.0
fixed,samplerGT_vf,10,err,62,2.941370621163358,186.0
fixed,samplerGT_vf,10,err,63,2.961673320461345,186.0
fixed,samplerG_static,-1,derr,0,0.5366440554179491,186.0
fixed,samplerG_static,-1,derr,1,0.4339403351568567,186.0
fixed,samplerG_static,-1,derr,2,0.3245080325512155,186.0
fixed,samplerG_static,-1,derr,3,0.2706064760825166,186.0
fixed,samplerG_static,-1,derr,4,0.2434110160346233,186.0
fixed,samplerG_static,-1,derr,5,0.22799175576136638,186.0
fixed,samplerG_static,-1,derr,6,0.2047251710888519,186.0
fixed,samplerG_static,-1,derr,7,0.17033337715572566,186.0
fixed,samplerG_static,-1,derr,8,0.16186941217791329,186.0
fixed,samplerG_static,-1,derr,9,0.1542717634089371,186.0
fixed,samplerG_static,-1,derr,10,0.14498001046138265,186.0
fixed,samplerG_static,-1,derr,11,0.1327522087752098,186.0
fixed,samplerG_static,-1,derr,12,0.1243171102657754,186.0
fixed,samplerG_static,-1,derr,13,0.12467458293152352,186.0
fixed,samplerG_static,-1,derr,14,0.12736732783096452,186.0
fixed,samplerG_static,-1,derr,15,0.14216659945105353,186.0
fixed,samplerG_static,-1,derr,16,0.1530409282453919,186.0
fixed,samplerG_static,-1,derr,17,0.16370774169392402,186.0
fixed,samplerG_static,-1,derr,18,0.17047698077775778,186.0
fixed,samplerG_static,-1,derr,19,0.16472535765346802,186.0
fixed,samplerG_static,-1,derr,20,0.16980147476918916,186.0
fixed,samplerG_static,-1,derr,21,0.1689694851989888,186.0
fixed,samplerG_static,-1,derr,22,0.17629008657225126,186.0
fixed,samplerG_static,-1,derr,23,0.18139767705419688,186.0
fixed,samplerG_static,-1,derr,24,0.1769847290685697,186.0
fixed,samplerG_static,-1,derr,25,0.1650865592754628,186.0
fixed,samplerG_static,-1,derr,26,0.14384569396992525,186.0
fixed,samplerG_static,-1,derr,27,0.13891984182239583,186.0
fixed,samplerG_static,-1,derr,28,0.14201434252828998,186.0
fixed,samplerG_static,-1,derr,29,0.15359450330214455,186.0
fixed,samplerG_static,-1,derr,30,0.1593038547839621,186.0
fixed,samplerG_static,-1,derr,31,0.16181900580576544,186.0
fixed,samplerG_static,-1,derr,32,0.1546022567762545,186.0
fixed,samplerG_static,-1,derr,33,0.1308009162282063,186.0
fixed,samplerG_static,-1,derr,34,0.124954814903826,186.0
fixed,samplerG_static,-1,derr,35,0.11379883235496001,186.0
fixed,samplerG_static,-1,derr,36,0.11689514413508058,186.0
fixed,samplerG_static,-1,derr,37,0.1291273807822167,186.0
fixed,samplerG_static,-1,derr,38,0.13331612285601688,186.0
fixed,samplerG_static,-1,derr,39,0.1235541926250716,186.0
fixed,samplerG_static,-1,derr,40,0.12838793134797408,186.0
fixed,samplerG_static,-1,derr,41,0.13275063724374564,186.0
fixed,samplerG_static,-1,derr,42,0.12685597560329204,186.0
fixed,samplerG_static,-1,derr,43,0.12934417882503424,186.0
fixed,samplerG_static,-1,derr,44,0.14316444804470388,186.0
fixed,samplerG_static,-1,derr,45,0.15740286473189777,186.0
fixed,samplerG_static,-1,derr,46,0.1495010269600622,186.0
fixed,samplerG_static,-1,derr,47,0.14326226105554002,186.0
fixed,samplerG_static,-1,derr,48,0.14468489344266644,186.0
fixed,samplerG_static,-1,derr,49,0.1384098293782267,186.0
fixed,samplerG_static,-1,derr,50,0.146492224662535,186.0
fixed,samplerG_static,-1,derr,51,0.16200440897338808,186.0
fixed,samplerG_static,-1,derr,52,0.1797040759200868,186.0
fixed,samplerG_static,-1,derr,53,0.1815460107550926,186.0
fixed,samplerG_static,-1,derr,54,0.17525177266030204,186.0
fixed,samplerG_static,-1,derr,55,0.15871418071818214,186.0
fixed,samplerG_static,-1,derr,56,0.14941409466953906,186.0
fixed,samplerG_static,-1,derr,57,0.14713146844938593,186.0
fixed,samplerG_static,-1,derr,58,0.1427318145884509,186.0
fixed,samplerG_static,-1,derr,59,0.1384582957939333,186.0
fixed,samplerG_static,-1,derr,60,0.13681785909103084,186.0
fixed,samplerG_static,-1,derr,61,0.1370399210769167,186.0
fixed,samplerG_static,-1,derr,62,0.14331447982410542,186.0
fixed,samplerG_static,-1,dmag,0,0.0,186.0
fixed,samplerG_static,-1,dmag,1,0.0,186.0
fixed,samplerG_static,-1,dmag,2,0.0,186.0
fixed,samplerG_static,-1,dmag,3,0.0,186.0
fixed,samplerG_static,-1,dmag,4,0.0,186.0
fixed,samplerG_static,-1,dmag,5,0.0,186.0
fixed,samplerG_static,-1,dmag,6,0.0,186.0
fixed,samplerG_static,-1,dmag,7,0.0,186.0
fixed,samplerG_static,-1,dmag,8,0.0,186.0
fixed,samplerG_static,-1,dmag,9,0.0,186.0
fixed,samplerG_static,-1,dmag,10,0.0,186.0
fixed,samplerG_static,-1,dmag,11,0.0,186.0
fixed,samplerG_static,-1,dmag,12,0.0,186.0
fixed,samplerG_static,-1,dmag,13,0.0,186.0
fixed,samplerG_static,-1,dmag,14,0.0,186.0
fixed,samplerG_static,-1,dmag,15,0.0,186.0
fixed,samplerG_static,-1,dmag,16,0.0,186.0
fixed,samplerG_static,-1,dmag,17,0.0,186.0
fixed,samplerG_static,-1,dmag,18,0.0,186.0
fixed,samplerG_static,-1,dmag,19,0.0,186.0
fixed,samplerG_static,-1,dmag,20,0.0,186.0
fixed,samplerG_static,-1,dmag,21,0.0,186.0
fixed,samplerG_static,-1,dmag,22,0.0,186.0
fixed,samplerG_static,-1,dmag,23,0.0,186.0
fixed,samplerG_static,-1,dmag,24,0.0,186.0
fixed,samplerG_static,-1,dmag,25,0.0,186.0
fixed,samplerG_static,-1,dmag,26,0.0,186.0
fixed,samplerG_static,-1,dmag,27,0.0,186.0
fixed,samplerG_static,-1,dmag,28,0.0,186.0
fixed,samplerG_static,-1,dmag,29,0.0,186.0
fixed,samplerG_static,-1,dmag,30,0.0,186.0
fixed,samplerG_static,-1,dmag,31,0.0,186.0
fixed,samplerG_static,-1,dmag,32,0.0,186.0
fixed,samplerG_static,-1,dmag,33,0.0,186.0
fixed,samplerG_static,-1,dmag,34,0.0,186.0
fixed,samplerG_static,-1,dmag,35,0.0,186.0
fixed,samplerG_static,-1,dmag,36,0.0,186.0
fixed,samplerG_static,-1,dmag,37,0.0,186.0
fixed,samplerG_static,-1,dmag,38,0.0,186.0
fixed,samplerG_static,-1,dmag,39,0.0,186.0
fixed,samplerG_static,-1,dmag,40,0.0,186.0
fixed,samplerG_static,-1,dmag,41,0.0,186.0
fixed,samplerG_static,-1,dmag,42,0.0,186.0
fixed,samplerG_static,-1,dmag,43,0.0,186.0
fixed,samplerG_static,-1,dmag,44,0.0,186.0
fixed,samplerG_static,-1,dmag,45,0.0,186.0
fixed,samplerG_static,-1,dmag,46,0.0,186.0
fixed,samplerG_static,-1,dmag,47,0.0,186.0
fixed,samplerG_static,-1,dmag,48,0.0,186.0
fixed,samplerG_static,-1,dmag,49,0.0,186.0
fixed,samplerG_static,-1,dmag,50,0.0,186.0
fixed,samplerG_static,-1,dmag,51,0.0,186.0
fixed,samplerG_static,-1,dmag,52,0.0,186.0
fixed,samplerG_static,-1,dmag,53,0.0,186.0
fixed,samplerG_static,-1,dmag,54,0.0,186.0
fixed,samplerG_static,-1,dmag,55,0.0,186.0
fixed,samplerG_static,-1,dmag,56,0.0,186.0
fixed,samplerG_static,-1,dmag,57,0.0,186.0
fixed,samplerG_static,-1,dmag,58,0.0,186.0
fixed,samplerG_static,-1,dmag,59,0.0,186.0
fixed,samplerG_static,-1,dmag,60,0.0,186.0
fixed,samplerG_static,-1,dmag,61,0.0,186.0
fixed,samplerG_static,-1,dmag,62,0.0,186.0
fixed,samplerG_static,-1,err,0,2.460550494011371,186.0
fixed,samplerG_static,-1,err,1,2.7858801632398564,186.0
fixed,samplerG_static,-1,err,2,3.0337047151660417,186.0
fixed,samplerG_static,-1,err,3,3.191258065779043,186.0
fixed,samplerG_static,-1,err,4,3.2941535517733596,186.0
fixed,samplerG_static,-1,err,5,3.381026102338103,186.0
fixed,samplerG_static,-1,err,6,3.449964105714394,186.0
fixed,samplerG_static,-1,err,7,3.5131008637207835,186.0
fixed,samplerG_static,-1,err,8,3.559759868312908,186.0
fixed,samplerG_static,-1,err,9,3.595118790448352,186.0
fixed,samplerG_static,-1,err,10,3.621804219388194,186.0
fixed,samplerG_static,-1,err,11,3.6392810170368484,186.0
fixed,samplerG_static,-1,err,12,3.6463619345618845,186.0
fixed,samplerG_static,-1,err,13,3.647324773653221,186.0
fixed,samplerG_static,-1,err,14,3.6474173846264035,186.0
fixed,samplerG_static,-1,err,15,3.636461230856118,186.0
fixed,samplerG_static,-1,err,16,3.62292600961462,186.0
fixed,samplerG_static,-1,err,17,3.613841572628226,186.0
fixed,samplerG_static,-1,err,18,3.613530509910917,186.0
fixed,samplerG_static,-1,err,19,3.619371743708528,186.0
fixed,samplerG_static,-1,err,20,3.629144857134871,186.0
fixed,samplerG_static,-1,err,21,3.6389202820037,186.0
fixed,samplerG_static,-1,err,22,3.628781456828758,186.0
fixed,samplerG_static,-1,err,23,3.6115138742231565,186.0
fixed,samplerG_static,-1,err,24,3.599725757186772,186.0
fixed,samplerG_static,-1,err,25,3.596327369796333,186.0
fixed,samplerG_static,-1,err,26,3.6066206782335253,186.0
fixed,samplerG_static,-1,err,27,3.6151790005305138,186.0
fixed,samplerG_static,-1,err,28,3.6234098031155533,186.0
fixed,samplerG_static,-1,err,29,3.6312882537402773,186.0
fixed,samplerG_static,-1,err,30,3.644238045443129,186.0
fixed,samplerG_static,-1,err,31,3.6523899472448793,186.0
fixed,samplerG_static,-1,err,32,3.6663113949840422,186.0
fixed,samplerG_static,-1,err,33,3.677190751806705,186.0
fixed,samplerG_static,-1,err,34,3.6873800671068566,186.0
fixed,samplerG_static,-1,err,35,3.6907034108235,186.0
fixed,samplerG_static,-1,err,36,3.6869995604679757,186.0
fixed,samplerG_static,-1,err,37,3.679904387514759,186.0
fixed,samplerG_static,-1,err,38,3.6686982275337296,186.0
fixed,samplerG_static,-1,err,39,3.6639262829656882,186.0
fixed,samplerG_static,-1,err,40,3.657877740504279,186.0
fixed,samplerG_static,-1,err,41,3.656590010017476,186.0
fixed,samplerG_static,-1,err,42,3.6574632707622734,186.0
fixed,samplerG_static,-1,err,43,3.6578794024163694,186.0
fixed,samplerG_static,-1,err,44,3.654434798513688,186.0
fixed,samplerG_static,-1,err,45,3.642677593407453,186.0
fixed,samplerG_static,-1,err,46,3.6311217423408237,186.0
fixed,samplerG_static,-1,err,47,3.629045587041045,186.0
fixed,samplerG_static,-1,err,48,3.6265576841289624,186.0
fixed,samplerG_static,-1,err,49,3.618935427406141,186.0
fixed,samplerG_static,-1,err,50,3.6086028692703085,186.0
fixed,samplerG_static,-1,err,51,3.596247204000589,186.0
fixed,samplerG_static,-1,err,52,3.57820162247586,186.0
fixed,samplerG_static,-1,err,53,3.5663893513141147,186.0
fixed,samplerG_static,-1,err,54,3.5735255797383614,186.0
fixed,samplerG_static,-1,err,55,3.5804959206811837,186.0
fixed,samplerG_static,-1,err,56,3.575218374698714,186.0
fixed,samplerG_static,-1,err,57,3.5647340569765307,186.0
fixed,samplerG_static,-1,err,58,3.5538884057953806,186.0
fixed,samplerG_static,-1,err,59,3.547712061930729,186.0
fixed,samplerG_static,-1,err,60,3.543653770223742,186.0
fixed,samplerG_static,-1,err,61,3.5329543231796188,186.0
fixed,samplerG_static,-1,err,62,3.5154062058015536,186.0
fixed,samplerG_static,-1,err,63,3.5054606542471904,186.0
fixed,samplerG_static,1,derr,0,0.5366440554179491,186.0
fixed,samplerG_static,1,derr,1,0.4339403351568567,186.0
fixed,samplerG_static,1,derr,2,0.3245080325512155,186.0
fixed,samplerG_static,1,derr,3,0.2706064760825166,186.0
fixed,samplerG_static,1,derr,4,0.2434110160346233,186.0
fixed,samplerG_static,1,derr,5,0.22799175576136638,186.0
fixed,samplerG_static,1,derr,6,0.2047251710888519,186.0
fixed,samplerG_static,1,derr,7,0.17033337715572566,186.0
fixed,samplerG_static,1,derr,8,0.16186941217791329,186.0
fixed,samplerG_static,1,derr,9,0.1542717634089371,186.0
fixed,samplerG_static,1,derr,10,0.14498001046138265,186.0
fixed,samplerG_static,1,derr,11,0.1327522087752098,186.0
fixed,samplerG_static,1,derr,12,0.1243171102657754,186.0
fixed,samplerG_static,1,derr,13,0.12467458293152352,186.0
fixed,samplerG_static,1,derr,14,0.12736732783096452,186.0
fixed,samplerG_static,1,derr,15,0.14216659945105353,186.0
fixed,samplerG_static,1,derr,16,0.1530409282453919,186.0
fixed,samplerG_static,1,derr,17,0.16370774169392402,186.0
fixed,samplerG_static,1,derr,18,0.17047698077775778,186.0
fixed,samplerG_static,1,derr,19,0.16472535765346802,186.0
fixed,samplerG_static,1,derr,20,0.16980147476918916,186.0
fixed,samplerG_static,1,derr,21,0.1689694851989888,186.0
fixed,samplerG_static,1,derr,22,0.17629008657225126,186.0
fixed,samplerG_static,1,derr,23,0.18139767705419688,186.0
fixed,samplerG_static,1,derr,24,0.1769847290685697,186.0
fixed,samplerG_static,1,derr,25,0.1650865592754628,186.0
fixed,samplerG_static,1,derr,26,0.14384569396992525,186.0
fixed,samplerG_static,1,derr,27,0.13891984182239583,186.0
fixed,samplerG_static,1,derr,28,0.14201434252828998,186.0
fixed,samplerG_static,1,derr,29,0.15359450330214455,186.0
fixed,samplerG_static,1,derr,30,0.1593038547839621,186.0
fixed,samplerG_static,1,derr,31,0.16181900580576544,186.0
fixed,samplerG_static,1,derr,32,0.1546022567762545,186.0
fixed,samplerG_static,1,derr,33,0.1308009162282063,186.0
fixed,samplerG_static,1,derr,34,0.124954814903826,186.0
fixed,samplerG_static,1,derr,35,0.11379883235496001,186.0
fixed,samplerG_static,1,derr,36,0.11689514413508058,186.0
fixed,samplerG_static,1,derr,37,0.1291273807822167,186.0
fixed,samplerG_static,1,derr,38,0.13331612285601688,186.0
fixed,samplerG_static,1,derr,39,0.1235541926250716,186.0
fixed,samplerG_static,1,derr,40,0.12838793134797408,186.0
fixed,samplerG_static,1,derr,41,0.13275063724374564,186.0
fixed,samplerG_static,1,derr,42,0.12685597560329204,186.0
fixed,samplerG_static,1,derr,43,0.12934417882503424,186.0
fixed,samplerG_static,1,derr,44,0.14316444804470388,186.0
fixed,samplerG_static,1,derr,45,0.15740286473189777,186.0
fixed,samplerG_static,1,derr,46,0.1495010269600622,186.0
fixed,samplerG_static,1,derr,47,0.14326226105554002,186.0
fixed,samplerG_static,1,derr,48,0.14468489344266644,186.0
fixed,samplerG_static,1,derr,49,0.1384098293782267,186.0
fixed,samplerG_static,1,derr,50,0.146492224662535,186.0
fixed,samplerG_static,1,derr,51,0.16200440897338808,186.0
fixed,samplerG_static,1,derr,52,0.1797040759200868,186.0
fixed,samplerG_static,1,derr,53,0.1815460107550926,186.0
fixed,samplerG_static,1,derr,54,0.17525177266030204,186.0
fixed,samplerG_static,1,derr,55,0.15871418071818214,186.0
fixed,samplerG_static,1,derr,56,0.14941409466953906,186.0
fixed,samplerG_static,1,derr,57,0.14713146844938593,186.0
fixed,samplerG_static,1,derr,58,0.1427318145884509,186.0
fixed,samplerG_static,1,derr,59,0.1384582957939333,186.0
fixed,samplerG_static,1,derr,60,0.13681785909103084,186.0
fixed,samplerG_static,1,derr,61,0.1370399210769167,186.0
fixed,samplerG_static,1,derr,62,0.14331447982410542,186.0
fixed,samplerG_static,1,dmag,0,0.0,186.0
fixed,samplerG_static,1,dmag,1,0.0,186.0
fixed,samplerG_static,1,dmag,2,0.0,186.0
fixed,samplerG_static,1,dmag,3,0.0,186.0
fixed,samplerG_static,1,dmag,4,0.0,186.0
fixed,samplerG_static,1,dmag,5,0.0,186.0
fixed,samplerG_static,1,dmag,6,0.0,186.0
fixed,samplerG_static,1,dmag,7,0.0,186.0
fixed,samplerG_static,1,dmag,8,0.0,186.0
fixed,samplerG_static,1,dmag,9,0.0,186.0
fixed,samplerG_static,1,dmag,10,0.0,186.0
fixed,samplerG_static,1,dmag,11,0.0,186.0
fixed,samplerG_static,1,dmag,12,0.0,186.0
fixed,samplerG_static,1,dmag,13,0.0,186.0
fixed,samplerG_static,1,dmag,14,0.0,186.0
fixed,samplerG_static,1,dmag,15,0.0,186.0
fixed,samplerG_static,1,dmag,16,0.0,186.0
fixed,samplerG_static,1,dmag,17,0.0,186.0
fixed,samplerG_static,1,dmag,18,0.0,186.0
fixed,samplerG_static,1,dmag,19,0.0,186.0
fixed,samplerG_static,1,dmag,20,0.0,186.0
fixed,samplerG_static,1,dmag,21,0.0,186.0
fixed,samplerG_static,1,dmag,22,0.0,186.0
fixed,samplerG_static,1,dmag,23,0.0,186.0
fixed,samplerG_static,1,dmag,24,0.0,186.0
fixed,samplerG_static,1,dmag,25,0.0,186.0
fixed,samplerG_static,1,dmag,26,0.0,186.0
fixed,samplerG_static,1,dmag,27,0.0,186.0
fixed,samplerG_static,1,dmag,28,0.0,186.0
fixed,samplerG_static,1,dmag,29,0.0,186.0
fixed,samplerG_static,1,dmag,30,0.0,186.0
fixed,samplerG_static,1,dmag,31,0.0,186.0
fixed,samplerG_static,1,dmag,32,0.0,186.0
fixed,samplerG_static,1,dmag,33,0.0,186.0
fixed,samplerG_static,1,dmag,34,0.0,186.0
fixed,samplerG_static,1,dmag,35,0.0,186.0
fixed,samplerG_static,1,dmag,36,0.0,186.0
fixed,samplerG_static,1,dmag,37,0.0,186.0
fixed,samplerG_static,1,dmag,38,0.0,186.0
fixed,samplerG_static,1,dmag,39,0.0,186.0
fixed,samplerG_static,1,dmag,40,0.0,186.0
fixed,samplerG_static,1,dmag,41,0.0,186.0
fixed,samplerG_static,1,dmag,42,0.0,186.0
fixed,samplerG_static,1,dmag,43,0.0,186.0
fixed,samplerG_static,1,dmag,44,0.0,186.0
fixed,samplerG_static,1,dmag,45,0.0,186.0
fixed,samplerG_static,1,dmag,46,0.0,186.0
fixed,samplerG_static,1,dmag,47,0.0,186.0
fixed,samplerG_static,1,dmag,48,0.0,186.0
fixed,samplerG_static,1,dmag,49,0.0,186.0
fixed,samplerG_static,1,dmag,50,0.0,186.0
fixed,samplerG_static,1,dmag,51,0.0,186.0
fixed,samplerG_static,1,dmag,52,0.0,186.0
fixed,samplerG_static,1,dmag,53,0.0,186.0
fixed,samplerG_static,1,dmag,54,0.0,186.0
fixed,samplerG_static,1,dmag,55,0.0,186.0
fixed,samplerG_static,1,dmag,56,0.0,186.0
fixed,samplerG_static,1,dmag,57,0.0,186.0
fixed,samplerG_static,1,dmag,58,0.0,186.0
fixed,samplerG_static,1,dmag,59,0.0,186.0
fixed,samplerG_static,1,dmag,60,0.0,186.0
fixed,samplerG_static,1,dmag,61,0.0,186.0
fixed,samplerG_static,1,dmag,62,0.0,186.0
fixed,samplerG_static,1,err,0,2.395477021413465,186.0
fixed,samplerG_static,1,err,1,2.7059124911664636,186.0
fixed,samplerG_static,1,err,2,2.9451169940412685,186.0
fixed,samplerG_static,1,err,3,3.094499515750075,186.0
fixed,samplerG_static,1,err,4,3.1891065348861036,186.0
fixed,samplerG_static,1,err,5,3.2735186632602447,186.0
fixed,samplerG_static,1,err,6,3.3420115481781703,186.0
fixed,samplerG_static,1,err,7,3.400020968369258,186.0
fixed,samplerG_static,1,err,8,3.4448092642330352,186.0
fixed,samplerG_static,1,err,9,3.480507400728041,186.0
fixed,samplerG_static,1,err,10,3.5064310061354793,186.0
fixed,samplerG_static,1,err,11,3.5235037753979364,186.0
fixed,samplerG_static,1,err,12,3.532193066131684,186.0
fixed,samplerG_static,1,err,13,3.535998887432519,186.0
fixed,samplerG_static,1,err,14,3.5400611000355853,186.0
fixed,samplerG_static,1,err,15,3.5303089115568387,186.0
fixed,samplerG_static,1,err,16,3.5156694578547634,186.0
fixed,samplerG_static,1,err,17,3.5025666344870805,186.0
fixed,samplerG_static,1,err,18,3.496902805983379,186.0
fixed,samplerG_static,1,err,19,3.4966252144946846,186.0
fixed,samplerG_static,1,err,20,3.505657201813113,186.0
fixed,samplerG_static,1,err,21,3.5171145407422895,186.0
fixed,samplerG_static,1,err,22,3.5058849311323574,186.0
fixed,samplerG_static,1,err,23,3.4912217554225715,186.0
fixed,samplerG_static,1,err,24,3.485204002549571,186.0
fixed,samplerG_static,1,err,25,3.4916098226783094,186.0
fixed,samplerG_static,1,err,26,3.5085517233738335,186.0
fixed,samplerG_static,1,err,27,3.5173079940260097,186.0
fixed,samplerG_static,1,err,28,3.525778226153825,186.0
fixed,samplerG_static,1,err,29,3.5349732366620854,186.0
fixed,samplerG_static,1,err,30,3.5499489111925966,186.0
fixed,samplerG_static,1,err,31,3.5558788505613164,186.0
fixed,samplerG_static,1,err,32,3.567148796653235,186.0
fixed,samplerG_static,1,err,33,3.576724898751064,186.0
fixed,samplerG_static,1,err,34,3.5856862515211105,186.0
fixed,samplerG_static,1,err,35,3.5853045605203158,186.0
fixed,samplerG_static,1,err,36,3.5788079871926257,186.0
fixed,samplerG_static,1,err,37,3.571812295465059,186.0
fixed,samplerG_static,1,err,38,3.5639212067409227,186.0
fixed,samplerG_static,1,err,39,3.557827843293067,186.0
fixed,samplerG_static,1,err,40,3.550886193110097,186.0
fixed,samplerG_static,1,err,41,3.551215714023959,186.0
fixed,samplerG_static,1,err,42,3.5561999487940983,186.0
fixed,samplerG_static,1,err,43,3.561114470965119,186.0
fixed,samplerG_static,1,err,44,3.5562709779829107,186.0
fixed,samplerG_static,1,err,45,3.540579222383038,186.0
fixed,samplerG_static,1,err,46,3.522111229037726,186.0
fixed,samplerG_static,1,err,47,3.5144294457089518,186.0
fixed,samplerG_static,1,err,48,3.509011441180783,186.0
fixed,samplerG_static,1,err,49,3.502494273006275,186.0
fixed,samplerG_static,1,err,50,3.4973924507697425,186.0
fixed,samplerG_static,1,err,51,3.4879235977767618,186.0
fixed,samplerG_static,1,err,52,3.4717937334570834,186.0
fixed,samplerG_static,1,err,53,3.4630250361978367,186.0
fixed,samplerG_static,1,err,54,3.4794883933118594,186.0
fixed,samplerG_static,1,err,55,3.4951896862958067,186.0
fixed,samplerG_static,1,err,56,3.49232828448857,186.0
fixed,samplerG_static,1,err,57,3.479258328195541,186.0
fixed,samplerG_static,1,err,58,3.4618264947847655,186.0
fixed,samplerG_static,1,err,59,3.4512635692152926,186.0
fixed,samplerG_static,1,err,60,3.449614649017652,186.0
fixed,samplerG_static,1,err,61,3.444831661158992,186.0
fixed,samplerG_static,1,err,62,3.4340612210573687,186.0
fixed,samplerG_static,1,err,63,3.428444879029387,186.0
fixed,samplerG_static,5,derr,0,0.5366440554179491,186.0
fixed,samplerG_static,5,derr,1,0.4339403351568567,186.0
fixed,samplerG_static,5,derr,2,0.3245080325512155,186.0
fixed,samplerG_static,5,derr,3,0.2706064760825166,186.0
fixed,samplerG_static,5,derr,4,0.2434110160346233,186.0
fixed,samplerG_static,5,derr,5,0.22799175576136638,186.0
fixed,samplerG_static,5,derr,6,0.2047251710888519,186.0
fixed,samplerG_static,5,derr,7,0.17033337715572566,186.0
fixed,samplerG_static,5,derr,8,0.16186941217791329,186.0
fixed,samplerG_static,5,derr,9,0.1542717634089371,186.0
fixed,samplerG_static,5,derr,10,0.14498001046138265,186.0
fixed,samplerG_static,5,derr,11,0.1327522087752098,186.0
fixed,samplerG_static,5,derr,12,0.1243171102657754,186.0
fixed,samplerG_static,5,derr,13,0.12467458293152352,186.0
fixed,samplerG_static,5,derr,14,0.12736732783096452,186.0
fixed,samplerG_static,5,derr,15,0.14216659945105353,186.0
fixed,samplerG_static,5,derr,16,0.1530409282453919,186.0
fixed,samplerG_static,5,derr,17,0.16370774169392402,186.0
fixed,samplerG_static,5,derr,18,0.17047698077775778,186.0
fixed,samplerG_static,5,derr,19,0.16472535765346802,186.0
fixed,samplerG_static,5,derr,20,0.16980147476918916,186.0
fixed,samplerG_static,5,derr,21,0.1689694851989888,186.0
fixed,samplerG_static,5,derr,22,0.17629008657225126,186.0
fixed,samplerG_static,5,derr,23,0.18139767705419688,186.0
fixed,samplerG_static,5,derr,24,0.1769847290685697,186.0
fixed,samplerG_static,5,derr,25,0.1650865592754628,186.0
fixed,samplerG_static,5,derr,26,0.14384569396992525,186.0
fixed,samplerG_static,5,derr,27,0.13891984182239583,186.0
fixed,samplerG_static,5,derr,28,0.14201434252828998,186.0
fixed,samplerG_static,5,derr,29,0.15359450330214455,186.0
fixed,samplerG_static,5,derr,30,0.1593038547839621,186.0
fixed,samplerG_static,5,derr,31,0.16181900580576544,186.0
fixed,samplerG_static,5,derr,32,0.1546022567762545,186.0
fixed,samplerG_static,5,derr,33,0.1308009162282063,186.0
fixed,samplerG_static,5,derr,34,0.124954814903826,186.0
fixed,samplerG_static,5,derr,35,0.11379883235496001,186.0
fixed,samplerG_static,5,derr,36,0.11689514413508058,186.0
fixed,samplerG_static,5,derr,37,0.1291273807822167,186.0
fixed,samplerG_static,5,derr,38,0.13331612285601688,186.0
fixed,samplerG_static,5,derr,39,0.1235541926250716,186.0
fixed,samplerG_static,5,derr,40,0.12838793134797408,186.0
fixed,samplerG_static,5,derr,41,0.13275063724374564,186.0
fixed,samplerG_static,5,derr,42,0.12685597560329204,186.0
fixed,samplerG_static,5,derr,43,0.12934417882503424,186.0
fixed,samplerG_static,5,derr,44,0.14316444804470388,186.0
fixed,samplerG_static,5,derr,45,0.15740286473189777,186.0
fixed,samplerG_static,5,derr,46,0.1495010269600622,186.0
fixed,samplerG_static,5,derr,47,0.14326226105554002,186.0
fixed,samplerG_static,5,derr,48,0.14468489344266644,186.0
fixed,samplerG_static,5,derr,49,0.1384098293782267,186.0
fixed,samplerG_static,5,derr,50,0.146492224662535,186.0
fixed,samplerG_static,5,derr,51,0.16200440897338808,186.0
fixed,samplerG_static,5,derr,52,0.1797040759200868,186.0
fixed,samplerG_static,5,derr,53,0.1815460107550926,186.0
fixed,samplerG_static,5,derr,54,0.17525177266030204,186.0
fixed,samplerG_static,5,derr,55,0.15871418071818214,186.0
fixed,samplerG_static,5,derr,56,0.14941409466953906,186.0
fixed,samplerG_static,5,derr,57,0.14713146844938593,186.0
fixed,samplerG_static,5,derr,58,0.1427318145884509,186.0
fixed,samplerG_static,5,derr,59,0.1384582957939333,186.0
fixed,samplerG_static,5,derr,60,0.13681785909103084,186.0
fixed,samplerG_static,5,derr,61,0.1370399210769167,186.0
fixed,samplerG_static,5,derr,62,0.14331447982410542,186.0
fixed,samplerG_static,5,dmag,0,0.0,186.0
fixed,samplerG_static,5,dmag,1,0.0,186.0
fixed,samplerG_static,5,dmag,2,0.0,186.0
fixed,samplerG_static,5,dmag,3,0.0,186.0
fixed,samplerG_static,5,dmag,4,0.0,186.0
fixed,samplerG_static,5,dmag,5,0.0,186.0
fixed,samplerG_static,5,dmag,6,0.0,186.0
fixed,samplerG_static,5,dmag,7,0.0,186.0
fixed,samplerG_static,5,dmag,8,0.0,186.0
fixed,samplerG_static,5,dmag,9,0.0,186.0
fixed,samplerG_static,5,dmag,10,0.0,186.0
fixed,samplerG_static,5,dmag,11,0.0,186.0
fixed,samplerG_static,5,dmag,12,0.0,186.0
fixed,samplerG_static,5,dmag,13,0.0,186.0
fixed,samplerG_static,5,dmag,14,0.0,186.0
fixed,samplerG_static,5,dmag,15,0.0,186.0
fixed,samplerG_static,5,dmag,16,0.0,186.0
fixed,samplerG_static,5,dmag,17,0.0,186.0
fixed,samplerG_static,5,dmag,18,0.0,186.0
fixed,samplerG_static,5,dmag,19,0.0,186.0
fixed,samplerG_static,5,dmag,20,0.0,186.0
fixed,samplerG_static,5,dmag,21,0.0,186.0
fixed,samplerG_static,5,dmag,22,0.0,186.0
fixed,samplerG_static,5,dmag,23,0.0,186.0
fixed,samplerG_static,5,dmag,24,0.0,186.0
fixed,samplerG_static,5,dmag,25,0.0,186.0
fixed,samplerG_static,5,dmag,26,0.0,186.0
fixed,samplerG_static,5,dmag,27,0.0,186.0
fixed,samplerG_static,5,dmag,28,0.0,186.0
fixed,samplerG_static,5,dmag,29,0.0,186.0
fixed,samplerG_static,5,dmag,30,0.0,186.0
fixed,samplerG_static,5,dmag,31,0.0,186.0
fixed,samplerG_static,5,dmag,32,0.0,186.0
fixed,samplerG_static,5,dmag,33,0.0,186.0
fixed,samplerG_static,5,dmag,34,0.0,186.0
fixed,samplerG_static,5,dmag,35,0.0,186.0
fixed,samplerG_static,5,dmag,36,0.0,186.0
fixed,samplerG_static,5,dmag,37,0.0,186.0
fixed,samplerG_static,5,dmag,38,0.0,186.0
fixed,samplerG_static,5,dmag,39,0.0,186.0
fixed,samplerG_static,5,dmag,40,0.0,186.0
fixed,samplerG_static,5,dmag,41,0.0,186.0
fixed,samplerG_static,5,dmag,42,0.0,186.0
fixed,samplerG_static,5,dmag,43,0.0,186.0
fixed,samplerG_static,5,dmag,44,0.0,186.0
fixed,samplerG_static,5,dmag,45,0.0,186.0
fixed,samplerG_static,5,dmag,46,0.0,186.0
fixed,samplerG_static,5,dmag,47,0.0,186.0
fixed,samplerG_static,5,dmag,48,0.0,186.0
fixed,samplerG_static,5,dmag,49,0.0,186.0
fixed,samplerG_static,5,dmag,50,0.0,186.0
fixed,samplerG_static,5,dmag,51,0.0,186.0
fixed,samplerG_static,5,dmag,52,0.0,186.0
fixed,samplerG_static,5,dmag,53,0.0,186.0
fixed,samplerG_static,5,dmag,54,0.0,186.0
fixed,samplerG_static,5,dmag,55,0.0,186.0
fixed,samplerG_static,5,dmag,56,0.0,186.0
fixed,samplerG_static,5,dmag,57,0.0,186.0
fixed,samplerG_static,5,dmag,58,0.0,186.0
fixed,samplerG_static,5,dmag,59,0.0,186.0
fixed,samplerG_static,5,dmag,60,0.0,186.0
fixed,samplerG_static,5,dmag,61,0.0,186.0
fixed,samplerG_static,5,dmag,62,0.0,186.0
fixed,samplerG_static,5,err,0,1.7969546984600764,186.0
fixed,samplerG_static,5,err,1,2.080619865207262,186.0
fixed,samplerG_static,5,err,2,2.302360402640476,186.0
fixed,samplerG_static,5,err,3,2.4424613270387856,186.0
fixed,samplerG_static,5,err,4,2.5315098669580234,186.0
fixed,samplerG_static,5,err,5,2.60903351858098,186.0
fixed,samplerG_static,5,err,6,2.675153645937161,186.0
fixed,samplerG_static,5,err,7,2.737757905676801,186.0
fixed,samplerG_static,5,err,8,2.7865990454791696,186.0
fixed,samplerG_static,5,err,9,2.822208235340734,186.0
fixed,samplerG_static,5,err,10,2.847278459257977,186.0
fixed,samplerG_static,5,err,11,2.8642775653510966,186.0
fixed,samplerG_static,5,err,12,2.8713911470546516,186.0
fixed,samplerG_static,5,err,13,2.8698025882564564,186.0
fixed,samplerG_static,5,err,14,2.8673267064876455,186.0
fixed,samplerG_static,5,err,15,2.85106016983909,186.0
fixed,samplerG_static,5,err,16,2.8331743550877415,186.0
fixed,samplerG_static,5,err,17,2.8228772521339436,186.0
fixed,samplerG_static,5,err,18,2.821556050450571,186.0
fixed,samplerG_static,5,err,19,2.8302489379721303,186.0
fixed,samplerG_static,5,err,20,2.842322110649078,186.0
fixed,samplerG_static,5,err,21,2.8524645216041997,186.0
fixed,samplerG_static,5,err,22,2.835771061560159,186.0
fixed,samplerG_static,5,err,23,2.812658463594734,186.0
fixed,samplerG_static,5,err,24,2.7967962028198343,186.0
fixed,samplerG_static,5,err,25,2.7882536156203157,186.0
fixed,samplerG_static,5,err,26,2.7936728729676177,186.0
fixed,samplerG_static,5,err,27,2.7946972944723663,186.0
fixed,samplerG_static,5,err,28,2.7927241051389324,186.0
fixed,samplerG_static,5,err,29,2.7915493543109586,186.0
fixed,samplerG_static,5,err,30,2.802428234648961,186.0
fixed,samplerG_static,5,err,31,2.8067101683988365,186.0
fixed,samplerG_static,5,err,32,2.82093737394579,186.0
fixed,samplerG_static,5,err,33,2.8335041754668757,186.0
fixed,samplerG_static,5,err,34,2.843357293516077,186.0
fixed,samplerG_static,5,err,35,2.8430908096413456,186.0
fixed,samplerG_static,5,err,36,2.835439209495821,186.0
fixed,samplerG_static,5,err,37,2.8278776847867557,186.0
fixed,samplerG_static,5,err,38,2.8212924461851836,186.0
fixed,samplerG_static,5,err,39,2.8187498876484494,186.0
fixed,samplerG_static,5,err,40,2.811478529566078,186.0
fixed,samplerG_static,5,err,41,2.810350929216672,186.0
fixed,samplerG_static,5,err,42,2.818292616516031,186.0
fixed,samplerG_static,5,err,43,2.8259924714283278,186.0
fixed,samplerG_static,5,err,44,2.8312787692393027,186.0
fixed,samplerG_static,5,err,45,2.829501967756979,186.0
fixed,samplerG_static,5,err,46,2.8303437356346395,186.0
fixed,samplerG_static,5,err,47,2.836610839892459,186.0
fixed,samplerG_static,5,err,48,2.843967681290001,186.0
fixed,samplerG_static,5,err,49,2.846302444415708,186.0
fixed,samplerG_static,5,err,50,2.8412037076809074,186.0
fixed,samplerG_static,5,err,51,2.8365202917847583,186.0
fixed,samplerG_static,5,err,52,2.8241788486960115,186.0
fixed,samplerG_static,5,err,53,2.815268689265815,186.0
fixed,samplerG_static,5,err,54,2.827327787235219,186.0
fixed,samplerG_static,5,err,55,2.841744266530519,186.0
fixed,samplerG_static,5,err,56,2.842201192933385,186.0
fixed,samplerG_static,5,err,57,2.8382861586988613,186.0
fixed,samplerG_static,5,err,58,2.83515801961704,186.0
fixed,samplerG_static,5,err,59,2.8357618725107563,186.0
fixed,samplerG_static,5,err,60,2.841009295435362,186.0
fixed,samplerG_static,5,err,61,2.838099689893825,186.0
fixed,samplerG_static,5,err,62,2.8259116161254143,186.0
fixed,samplerG_static,5,err,63,2.8212830786423018,186.0
fixed,samplerG_static,10,derr,0,0.5366440554179491,186.0
fixed,samplerG_static,10,derr,1,0.4339403351568567,186.0
fixed,samplerG_static,10,derr,2,0.3245080325512155,186.0
fixed,samplerG_static,10,derr,3,0.2706064760825166,186.0
fixed,samplerG_static,10,derr,4,0.2434110160346233,186.0
fixed,samplerG_static,10,derr,5,0.22799175576136638,186.0
fixed,samplerG_static,10,derr,6,0.2047251710888519,186.0
fixed,samplerG_static,10,derr,7,0.17033337715572566,186.0
fixed,samplerG_static,10,derr,8,0.16186941217791329,186.0
fixed,samplerG_static,10,derr,9,0.1542717634089371,186.0
fixed,samplerG_static,10,derr,10,0.14498001046138265,186.0
fixed,samplerG_static,10,derr,11,0.1327522087752098,186.0
fixed,samplerG_static,10,derr,12,0.1243171102657754,186.0
fixed,samplerG_static,10,derr,13,0.12467458293152352,186.0
fixed,samplerG_static,10,derr,14,0.12736732783096452,186.0
fixed,samplerG_static,10,derr,15,0.14216659945105353,186.0
fixed,samplerG_static,10,derr,16,0.1530409282453919,186.0
fixed,samplerG_static,10,derr,17,0.16370774169392402,186.0
fixed,samplerG_static,10,derr,18,0.17047698077775778,186.0
fixed,samplerG_static,10,derr,19,0.16472535765346802,186.0
fixed,samplerG_static,10,derr,20,0.16980147476918916,186.0
fixed,samplerG_static,10,derr,21,0.1689694851989888,186.0
fixed,samplerG_static,10,derr,22,0.17629008657225126,186.0
fixed,samplerG_static,10,derr,23,0.18139767705419688,186.0
fixed,samplerG_static,10,derr,24,0.1769847290685697,186.0
fixed,samplerG_static,10,derr,25,0.1650865592754628,186.0
fixed,samplerG_static,10,derr,26,0.14384569396992525,186.0
fixed,samplerG_static,10,derr,27,0.13891984182239583,186.0
fixed,samplerG_static,10,derr,28,0.14201434252828998,186.0
fixed,samplerG_static,10,derr,29,0.15359450330214455,186.0
fixed,samplerG_static,10,derr,30,0.1593038547839621,186.0
fixed,samplerG_static,10,derr,31,0.16181900580576544,186.0
fixed,samplerG_static,10,derr,32,0.1546022567762545,186.0
fixed,samplerG_static,10,derr,33,0.1308009162282063,186.0
fixed,samplerG_static,10,derr,34,0.124954814903826,186.0
fixed,samplerG_static,10,derr,35,0.11379883235496001,186.0
fixed,samplerG_static,10,derr,36,0.11689514413508058,186.0
fixed,samplerG_static,10,derr,37,0.1291273807822167,186.0
fixed,samplerG_static,10,derr,38,0.13331612285601688,186.0
fixed,samplerG_static,10,derr,39,0.1235541926250716,186.0
fixed,samplerG_static,10,derr,40,0.12838793134797408,186.0
fixed,samplerG_static,10,derr,41,0.13275063724374564,186.0
fixed,samplerG_static,10,derr,42,0.12685597560329204,186.0
fixed,samplerG_static,10,derr,43,0.12934417882503424,186.0
fixed,samplerG_static,10,derr,44,0.14316444804470388,186.0
fixed,samplerG_static,10,derr,45,0.15740286473189777,186.0
fixed,samplerG_static,10,derr,46,0.1495010269600622,186.0
fixed,samplerG_static,10,derr,47,0.14326226105554002,186.0
fixed,samplerG_static,10,derr,48,0.14468489344266644,186.0
fixed,samplerG_static,10,derr,49,0.1384098293782267,186.0
fixed,samplerG_static,10,derr,50,0.146492224662535,186.0
fixed,samplerG_static,10,derr,51,0.16200440897338808,186.0
fixed,samplerG_static,10,derr,52,0.1797040759200868,186.0
fixed,samplerG_static,10,derr,53,0.1815460107550926,186.0
fixed,samplerG_static,10,derr,54,0.17525177266030204,186.0
fixed,samplerG_static,10,derr,55,0.15871418071818214,186.0
fixed,samplerG_static,10,derr,56,0.14941409466953906,186.0
fixed,samplerG_static,10,derr,57,0.14713146844938593,186.0
fixed,samplerG_static,10,derr,58,0.1427318145884509,186.0
fixed,samplerG_static,10,derr,59,0.1384582957939333,186.0
fixed,samplerG_static,10,derr,60,0.13681785909103084,186.0
fixed,samplerG_static,10,derr,61,0.1370399210769167,186.0
fixed,samplerG_static,10,derr,62,0.14331447982410542,186.0
fixed,samplerG_static,10,dmag,0,0.0,186.0
fixed,samplerG_static,10,dmag,1,0.0,186.0
fixed,samplerG_static,10,dmag,2,0.0,186.0
fixed,samplerG_static,10,dmag,3,0.0,186.0
fixed,samplerG_static,10,dmag,4,0.0,186.0
fixed,samplerG_static,10,dmag,5,0.0,186.0
fixed,samplerG_static,10,dmag,6,0.0,186.0
fixed,samplerG_static,10,dmag,7,0.0,186.0
fixed,samplerG_static,10,dmag,8,0.0,186.0
fixed,samplerG_static,10,dmag,9,0.0,186.0
fixed,samplerG_static,10,dmag,10,0.0,186.0
fixed,samplerG_static,10,dmag,11,0.0,186.0
fixed,samplerG_static,10,dmag,12,0.0,186.0
fixed,samplerG_static,10,dmag,13,0.0,186.0
fixed,samplerG_static,10,dmag,14,0.0,186.0
fixed,samplerG_static,10,dmag,15,0.0,186.0
fixed,samplerG_static,10,dmag,16,0.0,186.0
fixed,samplerG_static,10,dmag,17,0.0,186.0
fixed,samplerG_static,10,dmag,18,0.0,186.0
fixed,samplerG_static,10,dmag,19,0.0,186.0
fixed,samplerG_static,10,dmag,20,0.0,186.0
fixed,samplerG_static,10,dmag,21,0.0,186.0
fixed,samplerG_static,10,dmag,22,0.0,186.0
fixed,samplerG_static,10,dmag,23,0.0,186.0
fixed,samplerG_static,10,dmag,24,0.0,186.0
fixed,samplerG_static,10,dmag,25,0.0,186.0
fixed,samplerG_static,10,dmag,26,0.0,186.0
fixed,samplerG_static,10,dmag,27,0.0,186.0
fixed,samplerG_static,10,dmag,28,0.0,186.0
fixed,samplerG_static,10,dmag,29,0.0,186.0
fixed,samplerG_static,10,dmag,30,0.0,186.0
fixed,samplerG_static,10,dmag,31,0.0,186.0
fixed,samplerG_static,10,dmag,32,0.0,186.0
fixed,samplerG_static,10,dmag,33,0.0,186.0
fixed,samplerG_static,10,dmag,34,0.0,186.0
fixed,samplerG_static,10,dmag,35,0.0,186.0
fixed,samplerG_static,10,dmag,36,0.0,186.0
fixed,samplerG_static,10,dmag,37,0.0,186.0
fixed,samplerG_static,10,dmag,38,0.0,186.0
fixed,samplerG_static,10,dmag,39,0.0,186.0
fixed,samplerG_static,10,dmag,40,0.0,186.0
fixed,samplerG_static,10,dmag,41,0.0,186.0
fixed,samplerG_static,10,dmag,42,0.0,186.0
fixed,samplerG_static,10,dmag,43,0.0,186.0
fixed,samplerG_static,10,dmag,44,0.0,186.0
fixed,samplerG_static,10,dmag,45,0.0,186.0
fixed,samplerG_static,10,dmag,46,0.0,186.0
fixed,samplerG_static,10,dmag,47,0.0,186.0
fixed,samplerG_static,10,dmag,48,0.0,186.0
fixed,samplerG_static,10,dmag,49,0.0,186.0
fixed,samplerG_static,10,dmag,50,0.0,186.0
fixed,samplerG_static,10,dmag,51,0.0,186.0
fixed,samplerG_static,10,dmag,52,0.0,186.0
fixed,samplerG_static,10,dmag,53,0.0,186.0
fixed,samplerG_static,10,dmag,54,0.0,186.0
fixed,samplerG_static,10,dmag,55,0.0,186.0
fixed,samplerG_static,10,dmag,56,0.0,186.0
fixed,samplerG_static,10,dmag,57,0.0,186.0
fixed,samplerG_static,10,dmag,58,0.0,186.0
fixed,samplerG_static,10,dmag,59,0.0,186.0
fixed,samplerG_static,10,dmag,60,0.0,186.0
fixed,samplerG_static,10,dmag,61,0.0,186.0
fixed,samplerG_static,10,dmag,62,0.0,186.0
fixed,samplerG_static,10,err,0,1.6597909533208417,186.0
fixed,samplerG_static,10,err,1,1.9168218923031644,186.0
fixed,samplerG_static,10,err,2,2.1304435537707422,186.0
fixed,samplerG_static,10,err,3,2.2657595973021243,186.0
fixed,samplerG_static,10,err,4,2.34404026132117,186.0
fixed,samplerG_static,10,err,5,2.412702476866143,186.0
fixed,samplerG_static,10,err,6,2.47161311600157,186.0
fixed,samplerG_static,10,err,7,2.529789934395462,186.0
fixed,samplerG_static,10,err,8,2.5750322913931263,186.0
fixed,samplerG_static,10,err,9,2.6073595519347856,186.0
fixed,samplerG_static,10,err,10,2.631375316169954,186.0
fixed,samplerG_static,10,err,11,2.6471465896534663,186.0
fixed,samplerG_static,10,err,12,2.6520567542763165,186.0
fixed,samplerG_static,10,err,13,2.64776922890576,186.0
fixed,samplerG_static,10,err,14,2.6433016845295505,186.0
fixed,samplerG_static,10,err,15,2.6250965691381887,186.0
fixed,samplerG_static,10,err,16,2.6056651689352526,186.0
fixed,samplerG_static,10,err,17,2.5923273560180458,186.0
fixed,samplerG_static,10,err,18,2.5950946074019194,186.0
fixed,samplerG_static,10,err,19,2.6037562555202873,186.0
fixed,samplerG_static,10,err,20,2.6172057221974097,186.0
fixed,samplerG_static,10,err,21,2.625168054975489,186.0
fixed,samplerG_static,10,err,22,2.6099567692126,186.0
fixed,samplerG_static,10,err,23,2.5856997856209354,186.0
fixed,samplerG_static,10,err,24,2.568380670521849,186.0
fixed,samplerG_static,10,err,25,2.558158242574302,186.0
fixed,samplerG_static,10,err,26,2.5684905062599848,186.0
fixed,samplerG_static,10,err,27,2.573732998502511,186.0
fixed,samplerG_static,10,err,28,2.57346321370012,186.0
fixed,samplerG_static,10,err,29,2.5727247234473944,186.0
fixed,samplerG_static,10,err,30,2.5806394025523174,186.0
fixed,samplerG_static,10,err,31,2.5853902602227787,186.0
fixed,samplerG_static,10,err,32,2.5996768552289216,186.0
fixed,samplerG_static,10,err,33,2.6133063793663056,186.0
fixed,samplerG_static,10,err,34,2.627926386812682,186.0
fixed,samplerG_static,10,err,35,2.6312526736849096,186.0
fixed,samplerG_static,10,err,36,2.6256176338240667,186.0
fixed,samplerG_static,10,err,37,2.6198938855080196,186.0
fixed,samplerG_static,10,err,38,2.6122144090552486,186.0
fixed,samplerG_static,10,err,39,2.6090248386545847,186.0
fixed,samplerG_static,10,err,40,2.605960491043265,186.0
fixed,samplerG_static,10,err,41,2.6044264293165615,186.0
fixed,samplerG_static,10,err,42,2.6099332055096984,186.0
fixed,samplerG_static,10,err,43,2.6154134693325206,186.0
fixed,samplerG_static,10,err,44,2.618098347738225,186.0
fixed,samplerG_static,10,err,45,2.6112841500710418,186.0
fixed,samplerG_static,10,err,46,2.6188964776454435,186.0
fixed,samplerG_static,10,err,47,2.635617306315771,186.0
fixed,samplerG_static,10,err,48,2.6436830179825908,186.0
fixed,samplerG_static,10,err,49,2.6449373420528186,186.0
fixed,samplerG_static,10,err,50,2.6384756198172927,186.0
fixed,samplerG_static,10,err,51,2.6337163951448215,186.0
fixed,samplerG_static,10,err,52,2.6298331014251195,186.0
fixed,samplerG_static,10,err,53,2.6315003000600363,186.0
fixed,samplerG_static,10,err,54,2.6533924977305117,186.0
fixed,samplerG_static,10,err,55,2.6800962572777145,186.0
fixed,samplerG_static,10,err,56,2.6897373672134135,186.0
fixed,samplerG_static,10,err,57,2.6878749241111097,186.0
fixed,samplerG_static,10,err,58,2.6859978419798676,186.0
fixed,samplerG_static,10,err,59,2.692191515077827,186.0
fixed,samplerG_static,10,err,60,2.70572735529433,186.0
fixed,samplerG_static,10,err,61,2.712327781864392,186.0
fixed,samplerG_static,10,err,62,2.7076750344807103,186.0
fixed,samplerG_static,10,err,63,2.709115135894027,186.0
fixed,samplerG_vf,-1,derr,0,0.5460676889265738,186.0
fixed,samplerG_vf,-1,derr,1,0.46592207666166036,186.0
fixed,samplerG_vf,-1,derr,2,0.3778326168315865,186.0
fixed,samplerG_vf,-1,derr,3,0.33527974836047614,186.0
fixed,samplerG_vf,-1,derr,4,0.30405185417702757,186.0
fixed,samplerG_vf,-1,derr,5,0.2789505901446025,186.0
fixed,samplerG_vf,-1,derr,6,0.24296423871150266,186.0
fixed,samplerG_vf,-1,derr,7,0.20958064247864078,186.0
fixed,samplerG_vf,-1,derr,8,0.20644831446810594,186.0
fixed,samplerG_vf,-1,derr,9,0.1943620912340138,186.0
fixed,samplerG_vf,-1,derr,10,0.185057853025094,186.0
fixed,samplerG_vf,-1,derr,11,0.17469379459808182,186.0
fixed,samplerG_vf,-1,derr,12,0.16877317471700096,186.0
fixed,samplerG_vf,-1,derr,13,0.16541897053379692,186.0
fixed,samplerG_vf,-1,derr,14,0.16593353175458006,186.0
fixed,samplerG_vf,-1,derr,15,0.17360790755339373,186.0
fixed,samplerG_vf,-1,derr,16,0.1854425201457875,186.0
fixed,samplerG_vf,-1,derr,17,0.19219165559137058,186.0
fixed,samplerG_vf,-1,derr,18,0.20196236635368023,186.0
fixed,samplerG_vf,-1,derr,19,0.20195644288874615,186.0
fixed,samplerG_vf,-1,derr,20,0.2100801194837737,186.0
fixed,samplerG_vf,-1,derr,21,0.2134394257649859,186.0
fixed,samplerG_vf,-1,derr,22,0.21861485562447497,186.0
fixed,samplerG_vf,-1,derr,23,0.21880124109516774,186.0
fixed,samplerG_vf,-1,derr,24,0.21338691342702165,186.0
fixed,samplerG_vf,-1,derr,25,0.20530154803787826,186.0
fixed,samplerG_vf,-1,derr,26,0.1881658133249529,186.0
fixed,samplerG_vf,-1,derr,27,0.1875265230680064,186.0
fixed,samplerG_vf,-1,derr,28,0.19648529003394305,186.0
fixed,samplerG_vf,-1,derr,29,0.20539232207241878,186.0
fixed,samplerG_vf,-1,derr,30,0.21093276658656218,186.0
fixed,samplerG_vf,-1,derr,31,0.21388346688441365,186.0
fixed,samplerG_vf,-1,derr,32,0.20116167477562388,186.0
fixed,samplerG_vf,-1,derr,33,0.17799926358425328,186.0
fixed,samplerG_vf,-1,derr,34,0.16858355339656594,186.0
fixed,samplerG_vf,-1,derr,35,0.15916493197061832,186.0
fixed,samplerG_vf,-1,derr,36,0.15958182756308342,186.0
fixed,samplerG_vf,-1,derr,37,0.17152244329242222,186.0
fixed,samplerG_vf,-1,derr,38,0.16945829931045728,186.0
fixed,samplerG_vf,-1,derr,39,0.1596715456530732,186.0
fixed,samplerG_vf,-1,derr,40,0.16491039380911848,186.0
fixed,samplerG_vf,-1,derr,41,0.17064841135745487,186.0
fixed,samplerG_vf,-1,derr,42,0.16374244858580886,186.0
fixed,samplerG_vf,-1,derr,43,0.1684858380246066,186.0
fixed,samplerG_vf,-1,derr,44,0.17783834803949602,186.0
fixed,samplerG_vf,-1,derr,45,0.1836799323223331,186.0
fixed,samplerG_vf,-1,derr,46,0.17719792808325935,186.0
fixed,samplerG_vf,-1,derr,47,0.17946489217981546,186.0
fixed,samplerG_vf,-1,derr,48,0.18325112201523805,186.0
fixed,samplerG_vf,-1,derr,49,0.17843669758588873,186.0
fixed,samplerG_vf,-1,derr,50,0.18538339327650277,186.0
fixed,samplerG_vf,-1,derr,51,0.1960343631675406,186.0
fixed,samplerG_vf,-1,derr,52,0.21415003734460517,186.0
fixed,samplerG_vf,-1,derr,53,0.21632313370324113,186.0
fixed,samplerG_vf,-1,derr,54,0.2062659323455826,186.0
fixed,samplerG_vf,-1,derr,55,0.19079687095257233,186.0
fixed,samplerG_vf,-1,derr,56,0.18052333712938334,186.0
fixed,samplerG_vf,-1,derr,57,0.18026032739879708,186.0
fixed,samplerG_vf,-1,derr,58,0.17742539511252484,186.0
fixed,samplerG_vf,-1,derr,59,0.17816496604042106,186.0
fixed,samplerG_vf,-1,derr,60,0.175125083326292,186.0
fixed,samplerG_vf,-1,derr,61,0.17499222394319316,186.0
fixed,samplerG_vf,-1,derr,62,0.17939864781945544,186.0
fixed,samplerG_vf,-1,dmag,0,0.2623234739116523,186.0
fixed,samplerG_vf,-1,dmag,1,0.2521754390104443,186.0
fixed,samplerG_vf,-1,dmag,2,0.23573283353640187,186.0
fixed,samplerG_vf,-1,dmag,3,0.21253816713428783,186.0
fixed,samplerG_vf,-1,dmag,4,0.18775804870191123,186.0
fixed,samplerG_vf,-1,dmag,5,0.16490913963205708,186.0
fixed,samplerG_vf,-1,dmag,6,0.14796639163828185,186.0
fixed,samplerG_vf,-1,dmag,7,0.13882234318442238,186.0
fixed,samplerG_vf,-1,dmag,8,0.13274194352849517,186.0
fixed,samplerG_vf,-1,dmag,9,0.12279668582643392,186.0
fixed,samplerG_vf,-1,dmag,10,0.11741107577327844,186.0
fixed,samplerG_vf,-1,dmag,11,0.11057225885871115,186.0
fixed,samplerG_vf,-1,dmag,12,0.10348548893366123,186.0
fixed,samplerG_vf,-1,dmag,13,0.09991522588146226,186.0
fixed,samplerG_vf,-1,dmag,14,0.09694243168648611,186.0
fixed,samplerG_vf,-1,dmag,15,0.09433671934730417,186.0
fixed,samplerG_vf,-1,dmag,16,0.09580779799049906,186.0
fixed,samplerG_vf,-1,dmag,17,0.09757895373078362,186.0
fixed,samplerG_vf,-1,dmag,18,0.09875171968503105,186.0
fixed,samplerG_vf,-1,dmag,19,0.10086614726291546,186.0
fixed,samplerG_vf,-1,dmag,20,0.10564329850347214,186.0
fixed,samplerG_vf,-1,dmag,21,0.11055630393406389,186.0
fixed,samplerG_vf,-1,dmag,22,0.11366197670489472,186.0
fixed,samplerG_vf,-1,dmag,23,0.11175685867827428,186.0
fixed,samplerG_vf,-1,dmag,24,0.11054398456328021,186.0
fixed,samplerG_vf,-1,dmag,25,0.10660740908495686,186.0
fixed,samplerG_vf,-1,dmag,26,0.10254291707890174,186.0
fixed,samplerG_vf,-1,dmag,27,0.10726011791767211,186.0
fixed,samplerG_vf,-1,dmag,28,0.11609085734973672,186.0
fixed,samplerG_vf,-1,dmag,29,0.11825494513876979,186.0
fixed,samplerG_vf,-1,dmag,30,0.11916257051540718,186.0
fixed,samplerG_vf,-1,dmag,31,0.12006640270883122,186.0
fixed,samplerG_vf,-1,dmag,32,0.11452885668334223,186.0
fixed,samplerG_vf,-1,dmag,33,0.10610829546837318,186.0
fixed,samplerG_vf,-1,dmag,34,0.09950660937515794,186.0
fixed,samplerG_vf,-1,dmag,35,0.09698641254336282,186.0
fixed,samplerG_vf,-1,dmag,36,0.09533013345333198,186.0
fixed,samplerG_vf,-1,dmag,37,0.0980368361858431,186.0
fixed,samplerG_vf,-1,dmag,38,0.09778184530585604,186.0
fixed,samplerG_vf,-1,dmag,39,0.09524315992290135,186.0
fixed,samplerG_vf,-1,dmag,40,0.09431964077946721,186.0
fixed,samplerG_vf,-1,dmag,41,0.0932530889613053,186.0
fixed,samplerG_vf,-1,dmag,42,0.09280247728550621,186.0
fixed,samplerG_vf,-1,dmag,43,0.09664378189481794,186.0
fixed,samplerG_vf,-1,dmag,44,0.0992030290786618,186.0
fixed,samplerG_vf,-1,dmag,45,0.09634620526665319,186.0
fixed,samplerG_vf,-1,dmag,46,0.0927372301603237,186.0
fixed,samplerG_vf,-1,dmag,47,0.09250872473843307,186.0
fixed,samplerG_vf,-1,dmag,48,0.09463653745860746,186.0
fixed,samplerG_vf,-1,dmag,49,0.09472509420887437,186.0
fixed,samplerG_vf,-1,dmag,50,0.09712898843290825,186.0
fixed,samplerG_vf,-1,dmag,51,0.09906439725509898,186.0
fixed,samplerG_vf,-1,dmag,52,0.10334741192299028,186.0
fixed,samplerG_vf,-1,dmag,53,0.10417709055416764,186.0
fixed,samplerG_vf,-1,dmag,54,0.10217035358361101,186.0
fixed,samplerG_vf,-1,dmag,55,0.09717749768056934,186.0
fixed,samplerG_vf,-1,dmag,56,0.09037248310232439,186.0
fixed,samplerG_vf,-1,dmag,57,0.08857594836623442,186.0
fixed,samplerG_vf,-1,dmag,58,0.09060751180945618,186.0
fixed,samplerG_vf,-1,dmag,59,0.09391500152226895,186.0
fixed,samplerG_vf,-1,dmag,60,0.09454911857472875,186.0
fixed,samplerG_vf,-1,dmag,61,0.09323773449987816,186.0
fixed,samplerG_vf,-1,dmag,62,0.09276001926271188,186.0
fixed,samplerG_vf,-1,err,0,2.460550494011371,186.0
fixed,samplerG_vf,-1,err,1,2.809278857707979,186.0
fixed,samplerG_vf,-1,err,2,3.077816588295401,186.0
fixed,samplerG_vf,-1,err,3,3.258463911447794,186.0
fixed,samplerG_vf,-1,err,4,3.386391219112181,186.0
fixed,samplerG_vf,-1,err,5,3.4956917828449656,186.0
fixed,samplerG_vf,-1,err,6,3.57733771510983,186.0
fixed,samplerG_vf,-1,err,7,3.6381911515949223,186.0
fixed,samplerG_vf,-1,err,8,3.6813314023517814,186.0
fixed,samplerG_vf,-1,err,9,3.7113906919475506,186.0
fixed,samplerG_vf,-1,err,10,3.7351932307404843,186.0
fixed,samplerG_vf,-1,err,11,3.7490931304392,186.0
fixed,samplerG_vf,-1,err,12,3.7540114849004684,186.0
fixed,samplerG_vf,-1,err,13,3.7566601346577357,186.0
fixed,samplerG_vf,-1,err,14,3.7579630031701052,186.0
fixed,samplerG_vf,-1,err,15,3.753003801325317,186.0
fixed,samplerG_vf,-1,err,16,3.747332927616695,186.0
fixed,samplerG_vf,-1,err,17,3.7466450283604247,186.0
fixed,samplerG_vf,-1,err,18,3.7553805414386963,186.0
fixed,samplerG_vf,-1,err,19,3.7666417851723657,186.0
fixed,samplerG_vf,-1,err,20,3.7781365287400055,186.0
fixed,samplerG_vf,-1,err,21,3.791745296953827,186.0
fixed,samplerG_vf,-1,err,22,3.794709623052228,186.0
fixed,samplerG_vf,-1,err,23,3.7939665088570242,186.0
fixed,samplerG_vf,-1,err,24,3.792665154206497,186.0
fixed,samplerG_vf,-1,err,25,3.797402362813874,186.0
fixed,samplerG_vf,-1,err,26,3.811664505318928,186.0
fixed,samplerG_vf,-1,err,27,3.8223512414322096,186.0
fixed,samplerG_vf,-1,err,28,3.8273034047375454,186.0
fixed,samplerG_vf,-1,err,29,3.822815605405198,186.0
fixed,samplerG_vf,-1,err,30,3.8188025318967402,186.0
fixed,samplerG_vf,-1,err,31,3.8214163064956654,186.0
fixed,samplerG_vf,-1,err,32,3.8353150767664768,186.0
fixed,samplerG_vf,-1,err,33,3.848838891281236,186.0
fixed,samplerG_vf,-1,err,34,3.8646171884190643,186.0
fixed,samplerG_vf,-1,err,35,3.8785501001022205,186.0
fixed,samplerG_vf,-1,err,36,3.8911205837803498,186.0
fixed,samplerG_vf,-1,err,37,3.901290111227703,186.0
fixed,samplerG_vf,-1,err,38,3.9052906913943195,186.0
fixed,samplerG_vf,-1,err,39,3.91185487241194,186.0
fixed,samplerG_vf,-1,err,40,3.913130608954098,186.0
fixed,samplerG_vf,-1,err,41,3.917168578489494,186.0
fixed,samplerG_vf,-1,err,42,3.9213576730541018,186.0
fixed,samplerG_vf,-1,err,43,3.9244229865811198,186.0
fixed,samplerG_vf,-1,err,44,3.926249237727094,186.0
fixed,samplerG_vf,-1,err,45,3.926503883606644,186.0
fixed,samplerG_vf,-1,err,46,3.922282414506841,186.0
fixed,samplerG_vf,-1,err,47,3.926441561246432,186.0
fixed,samplerG_vf,-1,err,48,3.9319159783983726,186.0
fixed,samplerG_vf,-1,err,49,3.9326331350912325,186.0
fixed,samplerG_vf,-1,err,50,3.930411122386813,186.0
fixed,samplerG_vf,-1,err,51,3.9305334199340107,186.0
fixed,samplerG_vf,-1,err,52,3.9239772946123166,186.0
fixed,samplerG_vf,-1,err,53,3.911460888834409,186.0
fixed,samplerG_vf,-1,err,54,3.9090006620973656,186.0
fixed,samplerG_vf,-1,err,55,3.90668581096075,186.0
fixed,samplerG_vf,-1,err,56,3.9006300031658143,186.0
fixed,samplerG_vf,-1,err,57,3.8953081637300455,186.0
fixed,samplerG_vf,-1,err,58,3.8923179651620607,186.0
fixed,samplerG_vf,-1,err,59,3.8960879652250195,186.0
fixed,samplerG_vf,-1,err,60,3.907068011260802,186.0
fixed,samplerG_vf,-1,err,61,3.9199842921187775,186.0
fixed,samplerG_vf,-1,err,62,3.9303287545519487,186.0
fixed,samplerG_vf,-1,err,63,3.937860254783139,186.0
fixed,samplerG_vf,1,derr,0,0.5407589447073718,186.0
fixed,samplerG_vf,1,derr,1,0.4635389956335227,186.0
fixed,samplerG_vf,1,derr,2,0.37774212668419527,186.0
fixed,samplerG_vf,1,derr,3,0.33895975216141633,186.0
fixed,samplerG_vf,1,derr,4,0.30061359262915066,186.0
fixed,samplerG_vf,1,derr,5,0.2757805615102732,186.0
fixed,samplerG_vf,1,derr,6,0.25070694543581495,186.0
fixed,samplerG_vf,1,derr,7,0.2200420850447269,186.0
fixed,samplerG_vf,1,derr,8,0.21439866996019757,186.0
fixed,samplerG_vf,1,derr,9,0.195571890972074,186.0
fixed,samplerG_vf,1,derr,10,0.18281711373598344,186.0
fixed,samplerG_vf,1,derr,11,0.17329341790048025,186.0
fixed,samplerG_vf,1,derr,12,0.1679803166358221,186.0
fixed,samplerG_vf,1,derr,13,0.16677741506086882,186.0
fixed,samplerG_vf,1,derr,14,0.17058951969468786,186.0
fixed,samplerG_vf,1,derr,15,0.173865129139715,186.0
fixed,samplerG_vf,1,derr,16,0.18286422967550256,186.0
fixed,samplerG_vf,1,derr,17,0.1910803858240846,186.0
fixed,samplerG_vf,1,derr,18,0.2021129988484405,186.0
fixed,samplerG_vf,1,derr,19,0.20715694508505283,186.0
fixed,samplerG_vf,1,derr,20,0.21691995420523227,186.0
fixed,samplerG_vf,1,derr,21,0.2173435526839908,186.0
fixed,samplerG_vf,1,derr,22,0.2228438464013399,186.0
fixed,samplerG_vf,1,derr,23,0.2160106562027928,186.0
fixed,samplerG_vf,1,derr,24,0.20813475859161185,186.0
fixed,samplerG_vf,1,derr,25,0.19894476969956712,186.0
fixed,samplerG_vf,1,derr,26,0.18249476068623124,186.0
fixed,samplerG_vf,1,derr,27,0.18134603936285262,186.0
fixed,samplerG_vf,1,derr,28,0.18678259690822932,186.0
fixed,samplerG_vf,1,derr,29,0.1994846746605891,186.0
fixed,samplerG_vf,1,derr,30,0.21138230702208896,186.0
fixed,samplerG_vf,1,derr,31,0.20885224349957,186.0
fixed,samplerG_vf,1,derr,32,0.19633683055559153,186.0
fixed,samplerG_vf,1,derr,33,0.17574356639036728,186.0
fixed,samplerG_vf,1,derr,34,0.16326452386615578,186.0
fixed,samplerG_vf,1,derr,35,0.15322299913993925,186.0
fixed,samplerG_vf,1,derr,36,0.1580175688009589,186.0
fixed,samplerG_vf,1,derr,37,0.17305496172799217,186.0
fixed,samplerG_vf,1,derr,38,0.17365700747036644,186.0
fixed,samplerG_vf,1,derr,39,0.1642363410372968,186.0
fixed,samplerG_vf,1,derr,40,0.1675455369235527,186.0
fixed,samplerG_vf,1,derr,41,0.17020828191751755,186.0
fixed,samplerG_vf,1,derr,42,0.16601563196489086,186.0
fixed,samplerG_vf,1,derr,43,0.17152531538158655,186.0
fixed,samplerG_vf,1,derr,44,0.17786265180135766,186.0
fixed,samplerG_vf,1,derr,45,0.18664010940119624,186.0
fixed,samplerG_vf,1,derr,46,0.1813765535912206,186.0
fixed,samplerG_vf,1,derr,47,0.18898068679376476,186.0
fixed,samplerG_vf,1,derr,48,0.1946889086756655,186.0
fixed,samplerG_vf,1,derr,49,0.18796534990511274,186.0
fixed,samplerG_vf,1,derr,50,0.19469075760133164,186.0
fixed,samplerG_vf,1,derr,51,0.2022135845255307,186.0
fixed,samplerG_vf,1,derr,52,0.21572546329429393,186.0
fixed,samplerG_vf,1,derr,53,0.21396831809092434,186.0
fixed,samplerG_vf,1,derr,54,0.20355690268158752,186.0
fixed,samplerG_vf,1,derr,55,0.18948879976686772,186.0
fixed,samplerG_vf,1,derr,56,0.1790490503152532,186.0
fixed,samplerG_vf,1,derr,57,0.17548518284894926,186.0
fixed,samplerG_vf,1,derr,58,0.1777956009872498,186.0
fixed,samplerG_vf,1,derr,59,0.17989326175802978,186.0
fixed,samplerG_vf,1,derr,60,0.174075853875688,186.0
fixed,samplerG_vf,1,derr,61,0.17312163650308565,186.0
fixed,samplerG_vf,1,derr,62,0.1790172093928421,186.0
fixed,samplerG_vf,1,dmag,0,0.2808416739897302,186.0
fixed,samplerG_vf,1,dmag,1,0.2618753906760004,186.0
fixed,samplerG_vf,1,dmag,2,0.2397423807872079,186.0
fixed,samplerG_vf,1,dmag,3,0.2110882733237519,186.0
fixed,samplerG_vf,1,dmag,4,0.1815999736959335,186.0
fixed,samplerG_vf,1,dmag,5,0.16407633541772762,186.0
fixed,samplerG_vf,1,dmag,6,0.15815176482322396,186.0
fixed,samplerG_vf,1,dmag,7,0.15631842942187382,186.0
fixed,samplerG_vf,1,dmag,8,0.14611785189919574,186.0
fixed,samplerG_vf,1,dmag,9,0.13132622372859748,186.0
fixed,samplerG_vf,1,dmag,10,0.12145461394421515,186.0
fixed,samplerG_vf,1,dmag,11,0.11338556105250953,186.0
fixed,samplerG_vf,1,dmag,12,0.10610284243700324,186.0
fixed,samplerG_vf,1,dmag,13,0.10260712478550212,186.0
fixed,samplerG_vf,1,dmag,14,0.10147611468890182,186.0
fixed,samplerG_vf,1,dmag,15,0.09357109177677382,186.0
fixed,samplerG_vf,1,dmag,16,0.09198684901279468,186.0
fixed,samplerG_vf,1,dmag,17,0.09676572873247086,186.0
fixed,samplerG_vf,1,dmag,18,0.09581168422535542,186.0
fixed,samplerG_vf,1,dmag,19,0.1047238193662657,186.0
fixed,samplerG_vf,1,dmag,20,0.11235527205030604,186.0
fixed,samplerG_vf,1,dmag,21,0.11435437604524595,186.0
fixed,samplerG_vf,1,dmag,22,0.11653544122893963,186.0
fixed,samplerG_vf,1,dmag,23,0.10891947094150768,186.0
fixed,samplerG_vf,1,dmag,24,0.10601058483664547,186.0
fixed,samplerG_vf,1,dmag,25,0.10121274558246456,186.0
fixed,samplerG_vf,1,dmag,26,0.09484317263347967,186.0
fixed,samplerG_vf,1,dmag,27,0.09980680315845436,186.0
fixed,samplerG_vf,1,dmag,28,0.10822790423007582,186.0
fixed,samplerG_vf,1,dmag,29,0.11343333096073199,186.0
fixed,samplerG_vf,1,dmag,30,0.12062396694936099,186.0
fixed,samplerG_vf,1,dmag,31,0.11829045089462431,186.0
fixed,samplerG_vf,1,dmag,32,0.11336804738628768,186.0
fixed,samplerG_vf,1,dmag,33,0.10646061030947553,186.0
fixed,samplerG_vf,1,dmag,34,0.09669636760748201,186.0
fixed,samplerG_vf,1,dmag,35,0.09627229485019881,186.0
fixed,samplerG_vf,1,dmag,36,0.10074004091783076,186.0
fixed,samplerG_vf,1,dmag,37,0.10494023090809264,186.0
fixed,samplerG_vf,1,dmag,38,0.10547202094508115,186.0
fixed,samplerG_vf,1,dmag,39,0.10021394947343455,186.0
fixed,samplerG_vf,1,dmag,40,0.09699959437593177,186.0
fixed,samplerG_vf,1,dmag,41,0.09307738555775534,186.0
fixed,samplerG_vf,1,dmag,42,0.09457732355021821,186.0
fixed,samplerG_vf,1,dmag,43,0.09735258132900282,186.0
fixed,samplerG_vf,1,dmag,44,0.09608537611621683,186.0
fixed,samplerG_vf,1,dmag,45,0.09495244515679216,186.0
fixed,samplerG_vf,1,dmag,46,0.09630968141299422,186.0
fixed,samplerG_vf,1,dmag,47,0.1026691869051466,186.0
fixed,samplerG_vf,1,dmag,48,0.10456386871475687,186.0
fixed,samplerG_vf,1,dmag,49,0.10194112584295292,186.0
fixed,samplerG_vf,1,dmag,50,0.10286180773169122,186.0
fixed,samplerG_vf,1,dmag,51,0.10026661704184227,186.0
fixed,samplerG_vf,1,dmag,52,0.10127450302443518,186.0
fixed,samplerG_vf,1,dmag,53,0.0993171679707224,186.0
fixed,samplerG_vf,1,dmag,54,0.09685679464050198,186.0
fixed,samplerG_vf,1,dmag,55,0.09120435265684,186.0
fixed,samplerG_vf,1,dmag,56,0.08478157533212535,186.0
fixed,samplerG_vf,1,dmag,57,0.08240250680315238,186.0
fixed,samplerG_vf,1,dmag,58,0.09027459223063723,186.0
fixed,samplerG_vf,1,dmag,59,0.09634448771154688,186.0
fixed,samplerG_vf,1,dmag,60,0.09493151938502667,186.0
fixed,samplerG_vf,1,dmag,61,0.09274702510666302,186.0
fixed,samplerG_vf,1,dmag,62,0.0943262479568441,186.0
fixed,samplerG_vf,1,err,0,2.395477021413465,186.0
fixed,samplerG_vf,1,err,1,2.71778704226017,186.0
fixed,samplerG_vf,1,err,2,2.9739483234382447,186.0
fixed,samplerG_vf,1,err,3,3.1481843797429914,186.0
fixed,samplerG_vf,1,err,4,3.2753915225946777,186.0
fixed,samplerG_vf,1,err,5,3.3819028273705514,186.0
fixed,samplerG_vf,1,err,6,3.4566656985590534,186.0
fixed,samplerG_vf,1,err,7,3.5061674110030614,186.0
fixed,samplerG_vf,1,err,8,3.536780536815684,186.0
fixed,samplerG_vf,1,err,9,3.5586286661445454,186.0
fixed,samplerG_vf,1,err,10,3.578637913350136,186.0
fixed,samplerG_vf,1,err,11,3.5915712438603884,186.0
fixed,samplerG_vf,1,err,12,3.599287134665315,186.0
fixed,samplerG_vf,1,err,13,3.6064892351947804,186.0
fixed,samplerG_vf,1,err,14,3.6135144240112713,186.0
fixed,samplerG_vf,1,err,15,3.6098403776845625,186.0
fixed,samplerG_vf,1,err,16,3.6059369863040986,186.0
fixed,samplerG_vf,1,err,17,3.609195423542812,186.0
fixed,samplerG_vf,1,err,18,3.619417312004233,186.0
fixed,samplerG_vf,1,err,19,3.6285829217203203,186.0
fixed,samplerG_vf,1,err,20,3.6393990305162247,186.0
fixed,samplerG_vf,1,err,21,3.6533560014219693,186.0
fixed,samplerG_vf,1,err,22,3.6586905531985785,186.0
fixed,samplerG_vf,1,err,23,3.6646657151881086,186.0
fixed,samplerG_vf,1,err,24,3.671518583451548,186.0
fixed,samplerG_vf,1,err,25,3.687275409378031,186.0
fixed,samplerG_vf,1,err,26,3.7055411790647814,186.0
fixed,samplerG_vf,1,err,27,3.7193995823142347,186.0
fixed,samplerG_vf,1,err,28,3.724421516861967,186.0
fixed,samplerG_vf,1,err,29,3.7209551376040264,186.0
fixed,samplerG_vf,1,err,30,3.7247297767029015,186.0
fixed,samplerG_vf,1,err,31,3.7363794880208148,186.0
fixed,samplerG_vf,1,err,32,3.7558583322391716,186.0
fixed,samplerG_vf,1,err,33,3.77279709423742,186.0
fixed,samplerG_vf,1,err,34,3.7921874286026083,186.0
fixed,samplerG_vf,1,err,35,3.8066440359238656,186.0
fixed,samplerG_vf,1,err,36,3.816551175649448,186.0
fixed,samplerG_vf,1,err,37,3.8272811201631383,186.0
fixed,samplerG_vf,1,err,38,3.838663140612264,186.0
fixed,samplerG_vf,1,err,39,3.853385585450357,186.0
fixed,samplerG_vf,1,err,40,3.866029333363297,186.0
fixed,samplerG_vf,1,err,41,3.8841864003609587,186.0
fixed,samplerG_vf,1,err,42,3.8980219654178105,186.0
fixed,samplerG_vf,1,err,43,3.9034555128184696,186.0
fixed,samplerG_vf,1,err,44,3.907539455961156,186.0
fixed,samplerG_vf,1,err,45,3.9097905823940873,186.0
fixed,samplerG_vf,1,err,46,3.9081640330053147,186.0
fixed,samplerG_vf,1,err,47,3.9123869967716995,186.0
fixed,samplerG_vf,1,err,48,3.915607813545453,186.0
fixed,samplerG_vf,1,err,49,3.9169408284848735,186.0
fixed,samplerG_vf,1,err,50,3.917762603971266,186.0
fixed,samplerG_vf,1,err,51,3.926986599481234,186.0
fixed,samplerG_vf,1,err,52,3.9267543647238004,186.0
fixed,samplerG_vf,1,err,53,3.9205192260203825,186.0
fixed,samplerG_vf,1,err,54,3.927149161055524,186.0
fixed,samplerG_vf,1,err,55,3.93219763601339,186.0
fixed,samplerG_vf,1,err,56,3.9298634540329695,186.0
fixed,samplerG_vf,1,err,57,3.926334797695119,186.0
fixed,samplerG_vf,1,err,58,3.919718517731595,186.0
fixed,samplerG_vf,1,err,59,3.9164350516693567,186.0
fixed,samplerG_vf,1,err,60,3.9253359972148814,186.0
fixed,samplerG_vf,1,err,61,3.9377805081106003,186.0
fixed,samplerG_vf,1,err,62,3.949679627854337,186.0
fixed,samplerG_vf,1,err,63,3.9589508030042855,186.0
fixed,samplerG_vf,5,derr,0,0.5089275251312922,186.0
fixed,samplerG_vf,5,derr,1,0.41792003053330606,186.0
fixed,samplerG_vf,5,derr,2,0.34253023252371817,186.0
fixed,samplerG_vf,5,derr,3,0.3100490623243874,186.0
fixed,samplerG_vf,5,derr,4,0.2802459775540297,186.0
fixed,samplerG_vf,5,derr,5,0.2604250502321989,186.0
fixed,samplerG_vf,5,derr,6,0.22535728562062465,186.0
fixed,samplerG_vf,5,derr,7,0.19249752709662082,186.0
fixed,samplerG_vf,5,derr,8,0.1967043196482043,186.0
fixed,samplerG_vf,5,derr,9,0.18256794832526677,186.0
fixed,samplerG_vf,5,derr,10,0.16989194360431484,186.0
fixed,samplerG_vf,5,derr,11,0.15765121039403704,186.0
fixed,samplerG_vf,5,derr,12,0.15392241799723236,186.0
fixed,samplerG_vf,5,derr,13,0.1540630301961335,186.0
fixed,samplerG_vf,5,derr,14,0.15679318805836062,186.0
fixed,samplerG_vf,5,derr,15,0.164390326287317,186.0
fixed,samplerG_vf,5,derr,16,0.17230060596459656,186.0
fixed,samplerG_vf,5,derr,17,0.1784088173831102,186.0
fixed,samplerG_vf,5,derr,18,0.19404173258351542,186.0
fixed,samplerG_vf,5,derr,19,0.1924407757287945,186.0
fixed,samplerG_vf,5,derr,20,0.19641374412583568,186.0
fixed,samplerG_vf,5,derr,21,0.1994932712836852,186.0
fixed,samplerG_vf,5,derr,22,0.20212793651147073,186.0
fixed,samplerG_vf,5,derr,23,0.2030686445343959,186.0
fixed,samplerG_vf,5,derr,24,0.19857686695452498,186.0
fixed,samplerG_vf,5,derr,25,0.19013923122197068,186.0
fixed,samplerG_vf,5,derr,26,0.17314163632490623,186.0
fixed,samplerG_vf,5,derr,27,0.17326846868000043,186.0
fixed,samplerG_vf,5,derr,28,0.17917466773000615,186.0
fixed,samplerG_vf,5,derr,29,0.186063741393868,186.0
fixed,samplerG_vf,5,derr,30,0.1927931001810457,186.0
fixed,samplerG_vf,5,derr,31,0.19114509612442024,186.0
fixed,samplerG_vf,5,derr,32,0.18070195368441042,186.0
fixed,samplerG_vf,5,derr,33,0.1615147083667257,186.0
fixed,samplerG_vf,5,derr,34,0.15587484829568415,186.0
fixed,samplerG_vf,5,derr,35,0.14489211708367353,186.0
fixed,samplerG_vf,5,derr,36,0.14810105057192907,186.0
fixed,samplerG_vf,5,derr,37,0.16002732576922543,186.0
fixed,samplerG_vf,5,derr,38,0.15880241073287463,186.0
fixed,samplerG_vf,5,derr,39,0.15090851787157278,186.0
fixed,samplerG_vf,5,derr,40,0.1556383043838044,186.0
fixed,samplerG_vf,5,derr,41,0.16145599991463686,186.0
fixed,samplerG_vf,5,derr,42,0.1555834840832939,186.0
fixed,samplerG_vf,5,derr,43,0.16205943368315215,186.0
fixed,samplerG_vf,5,derr,44,0.17841786058038794,186.0
fixed,samplerG_vf,5,derr,45,0.17832659353672337,186.0
fixed,samplerG_vf,5,derr,46,0.1682106689399769,186.0
fixed,samplerG_vf,5,derr,47,0.1703694410451878,186.0
fixed,samplerG_vf,5,derr,48,0.17499821799837292,186.0
fixed,samplerG_vf,5,derr,49,0.17307201387881432,186.0
fixed,samplerG_vf,5,derr,50,0.18068393940226204,186.0
fixed,samplerG_vf,5,derr,51,0.1899503528801424,186.0
fixed,samplerG_vf,5,derr,52,0.2024899346713898,186.0
fixed,samplerG_vf,5,derr,53,0.20655954756363426,186.0
fixed,samplerG_vf,5,derr,54,0.19489724657207888,186.0
fixed,samplerG_vf,5,derr,55,0.17859088372118692,186.0
fixed,samplerG_vf,5,derr,56,0.17067532493202117,186.0
fixed,samplerG_vf,5,derr,57,0.174460399875878,186.0
fixed,samplerG_vf,5,derr,58,0.17332617472356526,186.0
fixed,samplerG_vf,5,derr,59,0.17187340139982202,186.0
fixed,samplerG_vf,5,derr,60,0.1698008045874616,186.0
fixed,samplerG_vf,5,derr,61,0.170276857802384,186.0
fixed,samplerG_vf,5,derr,62,0.1753876438935197,186.0
fixed,samplerG_vf,5,dmag,0,0.2718356710117591,186.0
fixed,samplerG_vf,5,dmag,1,0.24848293502043972,186.0
fixed,samplerG_vf,5,dmag,2,0.22490802277580543,186.0
fixed,samplerG_vf,5,dmag,3,0.20341156302420524,186.0
fixed,samplerG_vf,5,dmag,4,0.182641195068236,186.0
fixed,samplerG_vf,5,dmag,5,0.1586577880136188,186.0
fixed,samplerG_vf,5,dmag,6,0.14116873135489802,186.0
fixed,samplerG_vf,5,dmag,7,0.13283075193964666,186.0
fixed,samplerG_vf,5,dmag,8,0.12746901532274582,186.0
fixed,samplerG_vf,5,dmag,9,0.11499636713415384,186.0
fixed,samplerG_vf,5,dmag,10,0.10719168303854844,186.0
fixed,samplerG_vf,5,dmag,11,0.09810816666351692,186.0
fixed,samplerG_vf,5,dmag,12,0.09236091830998018,186.0
fixed,samplerG_vf,5,dmag,13,0.09271591744055191,186.0
fixed,samplerG_vf,5,dmag,14,0.09302818283478739,186.0
fixed,samplerG_vf,5,dmag,15,0.09104325335412737,186.0
fixed,samplerG_vf,5,dmag,16,0.09101918662187233,186.0
fixed,samplerG_vf,5,dmag,17,0.09530427085075488,186.0
fixed,samplerG_vf,5,dmag,18,0.09619912500142731,186.0
fixed,samplerG_vf,5,dmag,19,0.09661861096999498,186.0
fixed,samplerG_vf,5,dmag,20,0.0991644915493746,186.0
fixed,samplerG_vf,5,dmag,21,0.10017755427347716,186.0
fixed,samplerG_vf,5,dmag,22,0.10274833854868688,186.0
fixed,samplerG_vf,5,dmag,23,0.1040496724777885,186.0
fixed,samplerG_vf,5,dmag,24,0.10300457490588068,186.0
fixed,samplerG_vf,5,dmag,25,0.09844593965618681,186.0
fixed,samplerG_vf,5,dmag,26,0.09243394307772158,186.0
fixed,samplerG_vf,5,dmag,27,0.09248146394728332,186.0
fixed,samplerG_vf,5,dmag,28,0.10040774568915367,186.0
fixed,samplerG_vf,5,dmag,29,0.10059297801325878,186.0
fixed,samplerG_vf,5,dmag,30,0.10139225723261955,186.0
fixed,samplerG_vf,5,dmag,31,0.09787684798701315,186.0
fixed,samplerG_vf,5,dmag,32,0.09244436854296313,186.0
fixed,samplerG_vf,5,dmag,33,0.08917589089082133,186.0
fixed,samplerG_vf,5,dmag,34,0.08716854900722543,186.0
fixed,samplerG_vf,5,dmag,35,0.08604526279934792,186.0
fixed,samplerG_vf,5,dmag,36,0.08963659443261643,186.0
fixed,samplerG_vf,5,dmag,37,0.09164244501841484,186.0
fixed,samplerG_vf,5,dmag,38,0.09207754911133839,186.0
fixed,samplerG_vf,5,dmag,39,0.0900083464590372,186.0
fixed,samplerG_vf,5,dmag,40,0.08825502388419644,186.0
fixed,samplerG_vf,5,dmag,41,0.08879644864348955,186.0
fixed,samplerG_vf,5,dmag,42,0.090412089370832,186.0
fixed,samplerG_vf,5,dmag,43,0.09729957036794193,186.0
fixed,samplerG_vf,5,dmag,44,0.10787645057444611,186.0
fixed,samplerG_vf,5,dmag,45,0.1005246160121294,186.0
fixed,samplerG_vf,5,dmag,46,0.09423235850909384,186.0
fixed,samplerG_vf,5,dmag,47,0.09039667879121117,186.0
fixed,samplerG_vf,5,dmag,48,0.09316643012026625,186.0
fixed,samplerG_vf,5,dmag,49,0.0959461252755856,186.0
fixed,samplerG_vf,5,dmag,50,0.10054094422989154,186.0
fixed,samplerG_vf,5,dmag,51,0.10210358361983972,186.0
fixed,samplerG_vf,5,dmag,52,0.10494113846191315,186.0
fixed,samplerG_vf,5,dmag,53,0.10678774653182875,186.0
fixed,samplerG_vf,5,dmag,54,0.10569162083969962,186.0
fixed,samplerG_vf,5,dmag,55,0.09860661778578995,186.0
fixed,samplerG_vf,5,dmag,56,0.09252384996982993,186.0
fixed,samplerG_vf,5,dmag,57,0.08933228315404987,186.0
fixed,samplerG_vf,5,dmag,58,0.09074041979908141,186.0
fixed,samplerG_vf,5,dmag,59,0.08969216547425717,186.0
fixed,samplerG_vf,5,dmag,60,0.09138752439970611,186.0
fixed,samplerG_vf,5,dmag,61,0.09228905536715061,186.0
fixed,samplerG_vf,5,dmag,62,0.09156585700549585,186.0
fixed,samplerG_vf,5,err,0,1.8339537122557241,186.0
fixed,samplerG_vf,5,err,1,2.1009968961438825,186.0
fixed,samplerG_vf,5,err,2,2.299056469112314,186.0
fixed,samplerG_vf,5,err,3,2.4175789590163896,186.0
fixed,samplerG_vf,5,err,4,2.493949802652482,186.0
fixed,samplerG_vf,5,err,5,2.5614196570009313,186.0
fixed,samplerG_vf,5,err,6,2.607366738460397,186.0
fixed,samplerG_vf,5,err,7,2.640515046254281,186.0
fixed,samplerG_vf,5,err,8,2.662609481843569,186.0
fixed,samplerG_vf,5,err,9,2.671546764591689,186.0
fixed,samplerG_vf,5,err,10,2.681897626769158,186.0
fixed,samplerG_vf,5,err,11,2.686184997840594,186.0
fixed,samplerG_vf,5,err,12,2.6811465385460083,186.0
fixed,samplerG_vf,5,err,13,2.6753350710997017,186.0
fixed,samplerG_vf,5,err,14,2.667558351992279,186.0
fixed,samplerG_vf,5,err,15,2.6522719400223864,186.0
fixed,samplerG_vf,5,err,16,2.638469359727316,186.0
fixed,samplerG_vf,5,err,17,2.636048031590318,186.0
fixed,samplerG_vf,5,err,18,2.642884437595644,186.0
fixed,samplerG_vf,5,err,19,2.6534739941038112,186.0
fixed,samplerG_vf,5,err,20,2.6625041759783223,186.0
fixed,samplerG_vf,5,err,21,2.674772015822831,186.0
fixed,samplerG_vf,5,err,22,2.6761488026829174,186.0
fixed,samplerG_vf,5,err,23,2.681519664102985,186.0
fixed,samplerG_vf,5,err,24,2.686823386498677,186.0
fixed,samplerG_vf,5,err,25,2.691749997517114,186.0
fixed,samplerG_vf,5,err,26,2.70264215543065,186.0
fixed,samplerG_vf,5,err,27,2.71161491736289,186.0
fixed,samplerG_vf,5,err,28,2.7123817979328093,186.0
fixed,samplerG_vf,5,err,29,2.7039071827806453,186.0
fixed,samplerG_vf,5,err,30,2.697159410324148,186.0
fixed,samplerG_vf,5,err,31,2.692685670589888,186.0
fixed,samplerG_vf,5,err,32,2.697802801125793,186.0
fixed,samplerG_vf,5,err,33,2.702899736101909,186.0
fixed,samplerG_vf,5,err,34,2.7141337192827657,186.0
fixed,samplerG_vf,5,err,35,2.7235350463018624,186.0
fixed,samplerG_vf,5,err,36,2.733024046946597,186.0
fixed,samplerG_vf,5,err,37,2.735904935066418,186.0
fixed,samplerG_vf,5,err,38,2.734587850589906,186.0
fixed,samplerG_vf,5,err,39,2.7381314614447216,186.0
fixed,samplerG_vf,5,err,40,2.7368140569938126,186.0
fixed,samplerG_vf,5,err,41,2.736314778847079,186.0
fixed,samplerG_vf,5,err,42,2.732351784904798,186.0
fixed,samplerG_vf,5,err,43,2.732250597207777,186.0
fixed,samplerG_vf,5,err,44,2.7375677016473587,186.0
fixed,samplerG_vf,5,err,45,2.7485384901044188,186.0
fixed,samplerG_vf,5,err,46,2.7594375751351796,186.0
fixed,samplerG_vf,5,err,47,2.7780697142244666,186.0
fixed,samplerG_vf,5,err,48,2.798922061920166,186.0
fixed,samplerG_vf,5,err,49,2.814521698381311,186.0
fixed,samplerG_vf,5,err,50,2.8223237531479968,186.0
fixed,samplerG_vf,5,err,51,2.832810852476346,186.0
fixed,samplerG_vf,5,err,52,2.8400699566769343,186.0
fixed,samplerG_vf,5,err,53,2.843308178327417,186.0
fixed,samplerG_vf,5,err,54,2.8608574288827118,186.0
fixed,samplerG_vf,5,err,55,2.878488651046189,186.0
fixed,samplerG_vf,5,err,56,2.88979799084125,186.0
fixed,samplerG_vf,5,err,57,2.897890145259519,186.0
fixed,samplerG_vf,5,err,58,2.908112434930699,186.0
fixed,samplerG_vf,5,err,59,2.9258475338899963,186.0
fixed,samplerG_vf,5,err,60,2.9506956858019673,186.0
fixed,samplerG_vf,5,err,61,2.974893456825646,186.0
fixed,samplerG_vf,5,err,62,2.9949410788474546,186.0
fixed,samplerG_vf,5,err,63,3.0099597917769545,186.0
fixed,samplerG_vf,10,derr,0,0.4938650722264923,186.0
fixed,samplerG_vf,10,derr,1,0.4058302852815838,186.0
fixed,samplerG_vf,10,derr,2,0.3304432375076157,186.0
fixed,samplerG_vf,10,derr,3,0.2947045458901313,186.0
fixed,samplerG_vf,10,derr,4,0.27128517037878436,186.0
fixed,samplerG_vf,10,derr,5,0.25237862531456257,186.0
fixed,samplerG_vf,10,derr,6,0.2163223203932566,186.0
fixed,samplerG_vf,10,derr,7,0.1877266590092932,186.0
fixed,samplerG_vf,10,derr,8,0.18907405561216736,186.0
fixed,samplerG_vf,10,derr,9,0.17905872167959327,186.0
fixed,samplerG_vf,10,derr,10,0.16999160708178596,186.0
fixed,samplerG_vf,10,derr,11,0.1557849497454221,186.0
fixed,samplerG_vf,10,derr,12,0.1507496888328704,186.0
fixed,samplerG_vf,10,derr,13,0.1504488444276234,186.0
fixed,samplerG_vf,10,derr,14,0.15332546483184542,186.0
fixed,samplerG_vf,10,derr,15,0.1619102553594657,186.0
fixed,samplerG_vf,10,derr,16,0.1705774453078066,186.0
fixed,samplerG_vf,10,derr,17,0.17517478465132655,186.0
fixed,samplerG_vf,10,derr,18,0.18943095767510035,186.0
fixed,samplerG_vf,10,derr,19,0.18660486531093395,186.0
fixed,samplerG_vf,10,derr,20,0.18900730171971905,186.0
fixed,samplerG_vf,10,derr,21,0.19371330017043698,186.0
fixed,samplerG_vf,10,derr,22,0.19723686198353446,186.0
fixed,samplerG_vf,10,derr,23,0.19807146774524803,186.0
fixed,samplerG_vf,10,derr,24,0.19250721728769682,186.0
fixed,samplerG_vf,10,derr,25,0.18663832284910706,186.0
fixed,samplerG_vf,10,derr,26,0.1684394074774157,186.0
fixed,samplerG_vf,10,derr,27,0.1622441620666093,186.0
fixed,samplerG_vf,10,derr,28,0.16788889041611105,186.0
fixed,samplerG_vf,10,derr,29,0.1779811440225971,186.0
fixed,samplerG_vf,10,derr,30,0.18547354290582319,186.0
fixed,samplerG_vf,10,derr,31,0.1846269508623468,186.0
fixed,samplerG_vf,10,derr,32,0.17280492171024284,186.0
fixed,samplerG_vf,10,derr,33,0.15071001410063717,186.0
fixed,samplerG_vf,10,derr,34,0.14841483708130576,186.0
fixed,samplerG_vf,10,derr,35,0.14306007587521147,186.0
fixed,samplerG_vf,10,derr,36,0.1436087276075556,186.0
fixed,samplerG_vf,10,derr,37,0.1609208993663791,186.0
fixed,samplerG_vf,10,derr,38,0.16009363032857415,186.0
fixed,samplerG_vf,10,derr,39,0.15212735575273312,186.0
fixed,samplerG_vf,10,derr,40,0.15655501355086604,186.0
fixed,samplerG_vf,10,derr,41,0.15962541177468273,186.0
fixed,samplerG_vf,10,derr,42,0.1483548870159974,186.0
fixed,samplerG_vf,10,derr,43,0.1533857329938841,186.0
fixed,samplerG_vf,10,derr,44,0.16558945825904287,186.0
fixed,samplerG_vf,10,derr,45,0.16776849162734805,186.0
fixed,samplerG_vf,10,derr,46,0.16358098280566033,186.0
fixed,samplerG_vf,10,derr,47,0.1682737098546118,186.0
fixed,samplerG_vf,10,derr,48,0.1738057138638631,186.0
fixed,samplerG_vf,10,derr,49,0.17334904480144703,186.0
fixed,samplerG_vf,10,derr,50,0.17719380103892857,186.0
fixed,samplerG_vf,10,derr,51,0.18388577833551392,186.0
fixed,samplerG_vf,10,derr,52,0.19830468876828108,186.0
fixed,samplerG_vf,10,derr,53,0.2018655501306057,186.0
fixed,samplerG_vf,10,derr,54,0.18962236489319512,186.0
fixed,samplerG_vf,10,derr,55,0.17518885702054987,186.0
fixed,samplerG_vf,10,derr,56,0.167965002142654,186.0
fixed,samplerG_vf,10,derr,57,0.17027616437764898,186.0
fixed,samplerG_vf,10,derr,58,0.1691848304152729,186.0
fixed,samplerG_vf,10,derr,59,0.16690606207296413,186.0
fixed,samplerG_vf,10,derr,60,0.1651825908451311,186.0
fixed,samplerG_vf,10,derr,61,0.16510811838651857,186.0
fixed,samplerG_vf,10,derr,62,0.17200965079308678,186.0
fixed,samplerG_vf,10,dmag,0,0.27360860310915497,186.0
fixed,samplerG_vf,10,dmag,1,0.2548335216068212,186.0
fixed,samplerG_vf,10,dmag,2,0.235836906193365,186.0
fixed,samplerG_vf,10,dmag,3,0.20936751288051406,186.0
fixed,samplerG_vf,10,dmag,4,0.18641753146244633,186.0
fixed,samplerG_vf,10,dmag,5,0.16053830592402368,186.0
fixed,samplerG_vf,10,dmag,6,0.1425827831350347,186.0
fixed,samplerG_vf,10,dmag,7,0.13483920383457376,186.0
fixed,samplerG_vf,10,dmag,8,0.1264800978273714,186.0
fixed,samplerG_vf,10,dmag,9,0.11473300135744516,186.0
fixed,samplerG_vf,10,dmag,10,0.10892107721758626,186.0
fixed,samplerG_vf,10,dmag,11,0.10052136501036985,186.0
fixed,samplerG_vf,10,dmag,12,0.09302389855065973,186.0
fixed,samplerG_vf,10,dmag,13,0.0931521461054843,186.0
fixed,samplerG_vf,10,dmag,14,0.0919829568054567,186.0
fixed,samplerG_vf,10,dmag,15,0.08873222926531428,186.0
fixed,samplerG_vf,10,dmag,16,0.08710483644377962,186.0
fixed,samplerG_vf,10,dmag,17,0.08979277521552097,186.0
fixed,samplerG_vf,10,dmag,18,0.09395237339119758,186.0
fixed,samplerG_vf,10,dmag,19,0.09062624110850276,186.0
fixed,samplerG_vf,10,dmag,20,0.09084416547369573,186.0
fixed,samplerG_vf,10,dmag,21,0.0940850778152385,186.0
fixed,samplerG_vf,10,dmag,22,0.09793246420781299,186.0
fixed,samplerG_vf,10,dmag,23,0.09953824414681363,186.0
fixed,samplerG_vf,10,dmag,24,0.09885996077409996,186.0
fixed,samplerG_vf,10,dmag,25,0.09661508685037974,186.0
fixed,samplerG_vf,10,dmag,26,0.08822033034577485,186.0
fixed,samplerG_vf,10,dmag,27,0.08198390190079007,186.0
fixed,samplerG_vf,10,dmag,28,0.08906633027839245,186.0
fixed,samplerG_vf,10,dmag,29,0.09181540422842548,186.0
fixed,samplerG_vf,10,dmag,30,0.0943793146220106,186.0
fixed,samplerG_vf,10,dmag,31,0.09133739070466129,186.0
fixed,samplerG_vf,10,dmag,32,0.08334767964658557,186.0
fixed,samplerG_vf,10,dmag,33,0.07583444178985652,186.0
fixed,samplerG_vf,10,dmag,34,0.07633050730431913,186.0
fixed,samplerG_vf,10,dmag,35,0.08006845474723846,186.0
fixed,samplerG_vf,10,dmag,36,0.08058956986473452,186.0
fixed,samplerG_vf,10,dmag,37,0.0890683007967328,186.0
fixed,samplerG_vf,10,dmag,38,0.08992098847664493,186.0
fixed,samplerG_vf,10,dmag,39,0.09042047527468493,186.0
fixed,samplerG_vf,10,dmag,40,0.08932646287364825,186.0
fixed,samplerG_vf,10,dmag,41,0.0844261986403776,186.0
fixed,samplerG_vf,10,dmag,42,0.08241844061081127,186.0
fixed,samplerG_vf,10,dmag,43,0.08783861652757692,186.0
fixed,samplerG_vf,10,dmag,44,0.09364070860488762,186.0
fixed,samplerG_vf,10,dmag,45,0.08883965089516614,186.0
fixed,samplerG_vf,10,dmag,46,0.08601189859371672,186.0
fixed,samplerG_vf,10,dmag,47,0.08622712835729603,186.0
fixed,samplerG_vf,10,dmag,48,0.09035343502057336,186.0
fixed,samplerG_vf,10,dmag,49,0.09399674035188171,186.0
fixed,samplerG_vf,10,dmag,50,0.09674265332299695,186.0
fixed,samplerG_vf,10,dmag,51,0.09730696233029487,186.0
fixed,samplerG_vf,10,dmag,52,0.10133216577652161,186.0
fixed,samplerG_vf,10,dmag,53,0.10191347478057748,186.0
fixed,samplerG_vf,10,dmag,54,0.10038290177822433,186.0
fixed,samplerG_vf,10,dmag,55,0.09337572156081117,186.0
fixed,samplerG_vf,10,dmag,56,0.08750476146877934,186.0
fixed,samplerG_vf,10,dmag,57,0.08363568443324297,186.0
fixed,samplerG_vf,10,dmag,58,0.08467691285055011,186.0
fixed,samplerG_vf,10,dmag,59,0.08248408195332334,186.0
fixed,samplerG_vf,10,dmag,60,0.0846804053051978,186.0
fixed,samplerG_vf,10,dmag,61,0.0844571905470984,186.0
fixed,samplerG_vf,10,dmag,62,0.08553575819498428,186.0
fixed,samplerG_vf,10,err,0,1.7340662743776076,186.0
fixed,samplerG_vf,10,err,1,1.9748345091137836,186.0
fixed,samplerG_vf,10,err,2,2.1479985712356466,186.0
fixed,samplerG_vf,10,err,3,2.2412516345740645,186.0
fixed,samplerG_vf,10,err,4,2.2941374184303385,186.0
fixed,samplerG_vf,10,err,5,2.343145089123839,186.0
fixed,samplerG_vf,10,err,6,2.3736956694754223,186.0
fixed,samplerG_vf,10,err,7,2.395789354158345,186.0
fixed,samplerG_vf,10,err,8,2.4098875670022863,186.0
fixed,samplerG_vf,10,err,9,2.420735827857448,186.0
fixed,samplerG_vf,10,err,10,2.437158139482621,186.0
fixed,samplerG_vf,10,err,11,2.448098983175011,186.0
fixed,samplerG_vf,10,err,12,2.446369900017656,186.0
fixed,samplerG_vf,10,err,13,2.441758135954539,186.0
fixed,samplerG_vf,10,err,14,2.4359645051981813,186.0
fixed,samplerG_vf,10,err,15,2.4225822709580904,186.0
fixed,samplerG_vf,10,err,16,2.4087739831978277,186.0
fixed,samplerG_vf,10,err,17,2.407138547910157,186.0
fixed,samplerG_vf,10,err,18,2.4162501711999216,186.0
fixed,samplerG_vf,10,err,19,2.4257423215976326,186.0
fixed,samplerG_vf,10,err,20,2.4358349992062456,186.0
fixed,samplerG_vf,10,err,21,2.4464821326796726,186.0
fixed,samplerG_vf,10,err,22,2.447895722203357,186.0
fixed,samplerG_vf,10,err,23,2.4485422417681706,186.0
fixed,samplerG_vf,10,err,24,2.44684157656726,186.0
fixed,samplerG_vf,10,err,25,2.4477526470217654,186.0
fixed,samplerG_vf,10,err,26,2.455488046811473,186.0
fixed,samplerG_vf,10,err,27,2.4609188411825444,186.0
fixed,samplerG_vf,10,err,28,2.4579376047977837,186.0
fixed,samplerG_vf,10,err,29,2.4455874192137874,186.0
fixed,samplerG_vf,10,err,30,2.436681252974336,186.0
fixed,samplerG_vf,10,err,31,2.4342664268709,186.0
fixed,samplerG_vf,10,err,32,2.4472222425924834,186.0
fixed,samplerG_vf,10,err,33,2.4586828375054943,186.0
fixed,samplerG_vf,10,err,34,2.4730156137738177,186.0
fixed,samplerG_vf,10,err,35,2.485873412861619,186.0
fixed,samplerG_vf,10,err,36,2.498218064667076,186.0
fixed,samplerG_vf,10,err,37,2.5031538584860424,186.0
fixed,samplerG_vf,10,err,38,2.5031008808523096,186.0
fixed,samplerG_vf,10,err,39,2.5073500895692455,186.0
fixed,samplerG_vf,10,err,40,2.5055334580841886,186.0
fixed,samplerG_vf,10,err,41,2.5039938755573763,186.0
fixed,samplerG_vf,10,err,42,2.5017023910117406,186.0
fixed,samplerG_vf,10,err,43,2.5034148832482677,186.0
fixed,samplerG_vf,10,err,44,2.5039976892932767,186.0
fixed,samplerG_vf,10,err,45,2.502708988804971,186.0
fixed,samplerG_vf,10,err,46,2.5033002438083773,186.0
fixed,samplerG_vf,10,err,47,2.5177753638195735,186.0
fixed,samplerG_vf,10,err,48,2.538408340786093,186.0
fixed,samplerG_vf,10,err,49,2.5562865964828,186.0
fixed,samplerG_vf,10,err,50,2.567405568175418,186.0
fixed,samplerG_vf,10,err,51,2.58153721946542,186.0
fixed,samplerG_vf,10,err,52,2.5926405220262465,186.0
fixed,samplerG_vf,10,err,53,2.5981862618718097,186.0
fixed,samplerG_vf,10,err,54,2.6168601815738985,186.0
fixed,samplerG_vf,10,err,55,2.638007983725558,186.0
fixed,samplerG_vf,10,err,56,2.6546849501068874,186.0
fixed,samplerG_vf,10,err,57,2.668824533301015,186.0
fixed,samplerG_vf,10,err,58,2.685529080770349,186.0
fixed,samplerG_vf,10,err,59,2.70862011979985,186.0
fixed,samplerG_vf,10,err,60,2.7381937132086804,186.0
fixed,samplerG_vf,10,err,61,2.7715725767356094,186.0
fixed,samplerG_vf,10,err,62,2.799142885592676,186.0
fixed,samplerG_vf,10,err,63,2.823080807123133,186.0
fixed,static_gt,0,derr,0,0.5366440554179491,186.0
fixed,static_gt,0,derr,1,0.4339403351568567,186.0
fixed,static_gt,0,derr,2,0.3245080325512155,186.0
fixed,static_gt,0,derr,3,0.2706064760825166,186.0
fixed,static_gt,0,derr,4,0.2434110160346233,186.0
fixed,static_gt,0,derr,5,0.22799175576136638,186.0
fixed,static_gt,0,derr,6,0.2047251710888519,186.0
fixed,static_gt,0,derr,7,0.17033337715572566,186.0
fixed,static_gt,0,derr,8,0.16186941217791329,186.0
fixed,static_gt,0,derr,9,0.1542717634089371,186.0
fixed,static_gt,0,derr,10,0.14498001046138265,186.0
fixed,static_gt,0,derr,11,0.1327522087752098,186.0
fixed,static_gt,0,derr,12,0.1243171102657754,186.0
fixed,static_gt,0,derr,13,0.12467458293152352,186.0
fixed,static_gt,0,derr,14,0.12736732783096452,186.0
fixed,static_gt,0,derr,15,0.14216659945105353,186.0
fixed,static_gt,0,derr,16,0.1530409282453919,186.0
fixed,static_gt,0,derr,17,0.16370774169392402,186.0
fixed,static_gt,0,derr,18,0.17047698077775778,186.0
fixed,static_gt,0,derr,19,0.16472535765346802,186.0
fixed,static_gt,0,derr,20,0.16980147476918916,186.0
fixed,static_gt,0,derr,21,0.1689694851989888,186.0
fixed,static_gt,0,derr,22,0.17629008657225126,186.0
fixed,static_gt,0,derr,23,0.18139767705419688,186.0
fixed,static_gt,0,derr,24,0.1769847290685697,186.0
fixed,static_gt,0,derr,25,0.1650865592754628,186.0
fixed,static_gt,0,derr,26,0.14384569396992525,186.0
fixed,static_gt,0,derr,27,0.13891984182239583,186.0
fixed,static_gt,0,derr,28,0.14201434252828998,186.0
fixed,static_gt,0,derr,29,0.15359450330214455,186.0
fixed,static_gt,0,derr,30,0.1593038547839621,186.0
fixed,static_gt,0,derr,31,0.16181900580576544,186.0
fixed,static_gt,0,derr,32,0.1546022567762545,186.0
fixed,static_gt,0,derr,33,0.1308009162282063,186.0
fixed,static_gt,0,derr,34,0.124954814903826,186.0
fixed,static_gt,0,derr,35,0.11379883235496001,186.0
fixed,static_gt,0,derr,36,0.11689514413508058,186.0
fixed,static_gt,0,derr,37,0.1291273807822167,186.0
fixed,static_gt,0,derr,38,0.13331612285601688,186.0
fixed,static_gt,0,derr,39,0.1235541926250716,186.0
fixed,static_gt,0,derr,40,0.12838793134797408,186.0
fixed,static_gt,0,derr,41,0.13275063724374564,186.0
fixed,static_gt,0,derr,42,0.12685597560329204,186.0
fixed,static_gt,0,derr,43,0.12934417882503424,186.0
fixed,static_gt,0,derr,44,0.14316444804470388,186.0
fixed,static_gt,0,derr,45,0.15740286473189777,186.0
fixed,static_gt,0,derr,46,0.1495010269600622,186.0
fixed,static_gt,0,derr,47,0.14326226105554002,186.0
fixed,static_gt,0,derr,48,0.14468489344266644,186.0
fixed,static_gt,0,derr,49,0.1384098293782267,186.0
fixed,static_gt,0,derr,50,0.146492224662535,186.0
fixed,static_gt,0,derr,51,0.16200440897338808,186.0
fixed,static_gt,0,derr,52,0.1797040759200868,186.0
fixed,static_gt,0,derr,53,0.1815460107550926,186.0
fixed,static_gt,0,derr,54,0.17525177266030204,186.0
fixed,static_gt,0,derr,55,0.15871418071818214,186.0
fixed,static_gt,0,derr,56,0.14941409466953906,186.0
fixed,static_gt,0,derr,57,0.14713146844938593,186.0
fixed,static_gt,0,derr,58,0.1427318145884509,186.0
fixed,static_gt,0,derr,59,0.1384582957939333,186.0
fixed,static_gt,0,derr,60,0.13681785909103084,186.0
fixed,static_gt,0,derr,61,0.1370399210769167,186.0
fixed,static_gt,0,derr,62,0.14331447982410542,186.0
fixed,static_gt,0,dmag,0,0.0,186.0
fixed,static_gt,0,dmag,1,0.0,186.0
fixed,static_gt,0,dmag,2,0.0,186.0
fixed,static_gt,0,dmag,3,0.0,186.0
fixed,static_gt,0,dmag,4,0.0,186.0
fixed,static_gt,0,dmag,5,0.0,186.0
fixed,static_gt,0,dmag,6,0.0,186.0
fixed,static_gt,0,dmag,7,0.0,186.0
fixed,static_gt,0,dmag,8,0.0,186.0
fixed,static_gt,0,dmag,9,0.0,186.0
fixed,static_gt,0,dmag,10,0.0,186.0
fixed,static_gt,0,dmag,11,0.0,186.0
fixed,static_gt,0,dmag,12,0.0,186.0
fixed,static_gt,0,dmag,13,0.0,186.0
fixed,static_gt,0,dmag,14,0.0,186.0
fixed,static_gt,0,dmag,15,0.0,186.0
fixed,static_gt,0,dmag,16,0.0,186.0
fixed,static_gt,0,dmag,17,0.0,186.0
fixed,static_gt,0,dmag,18,0.0,186.0
fixed,static_gt,0,dmag,19,0.0,186.0
fixed,static_gt,0,dmag,20,0.0,186.0
fixed,static_gt,0,dmag,21,0.0,186.0
fixed,static_gt,0,dmag,22,0.0,186.0
fixed,static_gt,0,dmag,23,0.0,186.0
fixed,static_gt,0,dmag,24,0.0,186.0
fixed,static_gt,0,dmag,25,0.0,186.0
fixed,static_gt,0,dmag,26,0.0,186.0
fixed,static_gt,0,dmag,27,0.0,186.0
fixed,static_gt,0,dmag,28,0.0,186.0
fixed,static_gt,0,dmag,29,0.0,186.0
fixed,static_gt,0,dmag,30,0.0,186.0
fixed,static_gt,0,dmag,31,0.0,186.0
fixed,static_gt,0,dmag,32,0.0,186.0
fixed,static_gt,0,dmag,33,0.0,186.0
fixed,static_gt,0,dmag,34,0.0,186.0
fixed,static_gt,0,dmag,35,0.0,186.0
fixed,static_gt,0,dmag,36,0.0,186.0
fixed,static_gt,0,dmag,37,0.0,186.0
fixed,static_gt,0,dmag,38,0.0,186.0
fixed,static_gt,0,dmag,39,0.0,186.0
fixed,static_gt,0,dmag,40,0.0,186.0
fixed,static_gt,0,dmag,41,0.0,186.0
fixed,static_gt,0,dmag,42,0.0,186.0
fixed,static_gt,0,dmag,43,0.0,186.0
fixed,static_gt,0,dmag,44,0.0,186.0
fixed,static_gt,0,dmag,45,0.0,186.0
fixed,static_gt,0,dmag,46,0.0,186.0
fixed,static_gt,0,dmag,47,0.0,186.0
fixed,static_gt,0,dmag,48,0.0,186.0
fixed,static_gt,0,dmag,49,0.0,186.0
fixed,static_gt,0,dmag,50,0.0,186.0
fixed,static_gt,0,dmag,51,0.0,186.0
fixed,static_gt,0,dmag,52,0.0,186.0
fixed,static_gt,0,dmag,53,0.0,186.0
fixed,static_gt,0,dmag,54,0.0,186.0
fixed,static_gt,0,dmag,55,0.0,186.0
fixed,static_gt,0,dmag,56,0.0,186.0
fixed,static_gt,0,dmag,57,0.0,186.0
fixed,static_gt,0,dmag,58,0.0,186.0
fixed,static_gt,0,dmag,59,0.0,186.0
fixed,static_gt,0,dmag,60,0.0,186.0
fixed,static_gt,0,dmag,61,0.0,186.0
fixed,static_gt,0,dmag,62,0.0,186.0
fixed,static_gt,0,err,0,0.0,186.0
fixed,static_gt,0,err,1,0.5366440554179491,186.0
fixed,static_gt,0,err,2,0.9307500003005869,186.0
fixed,static_gt,0,err,3,1.1873556085491692,186.0
fixed,static_gt,0,err,4,1.3623664792106356,186.0
fixed,static_gt,0,err,5,1.512233401057861,186.0
fixed,static_gt,0,err,6,1.6382159874323876,186.0
fixed,static_gt,0,err,7,1.7521070531939948,186.0
fixed,static_gt,0,err,8,1.8393440521372262,186.0
fixed,static_gt,0,err,9,1.908412330573605,186.0
fixed,static_gt,0,err,10,1.9606771433866153,186.0
fixed,static_gt,0,err,11,1.9971322344355686,186.0
fixed,static_gt,0,err,12,2.0222602501832028,186.0
fixed,static_gt,0,err,13,2.0419378745299515,186.0
fixed,static_gt,0,err,14,2.062523887282418,186.0
fixed,static_gt,0,err,15,2.0742308504639135,186.0
fixed,static_gt,0,err,16,2.086419719281376,186.0
fixed,static_gt,0,err,17,2.106673397444269,186.0
fixed,static_gt,0,err,18,2.1269433830053575,186.0
fixed,static_gt,0,err,19,2.1549023437083408,186.0
fixed,static_gt,0,err,20,2.1833563990169957,186.0
fixed,static_gt,0,err,21,2.206731771489465,186.0
fixed,static_gt,0,err,22,2.2055561871978866,186.0
fixed,static_gt,0,err,23,2.208305112376649,186.0
fixed,static_gt,0,err,24,2.239722192928355,186.0
fixed,static_gt,0,err,25,2.2727446271687426,186.0
fixed,static_gt,0,err,26,2.3045193762067826,186.0
fixed,static_gt,0,err,27,2.3372106442368157,186.0
fixed,static_gt,0,err,28,2.362981099595306,186.0
fixed,static_gt,0,err,29,2.384131802987027,186.0
fixed,static_gt,0,err,30,2.4029121530312363,186.0
fixed,static_gt,0,err,31,2.4132032458900765,186.0
fixed,static_gt,0,err,32,2.4227783210495466,186.0
fixed,static_gt,0,err,33,2.4401708307766143,186.0
fixed,static_gt,0,err,34,2.460291514073008,186.0
fixed,static_gt,0,err,35,2.4713607850254222,186.0
fixed,static_gt,0,err,36,2.4710549414157867,186.0
fixed,static_gt,0,err,37,2.4678849488176327,186.0
fixed,static_gt,0,err,38,2.458110780725556,186.0
fixed,static_gt,0,err,39,2.4594851343702246,186.0
fixed,static_gt,0,err,40,2.4631901685428876,186.0
fixed,static_gt,0,err,41,2.470447283758912,186.0
fixed,static_gt,0,err,42,2.481392421949935,186.0
fixed,static_gt,0,err,43,2.488369426499772,186.0
fixed,static_gt,0,err,44,2.490180757577701,186.0
fixed,static_gt,0,err,45,2.4856956965660535,186.0
fixed,static_gt,0,err,46,2.4885504327474104,186.0
fixed,static_gt,0,err,47,2.4957010925457044,186.0
fixed,static_gt,0,err,48,2.507253480694627,186.0
fixed,static_gt,0,err,49,2.514522906352756,186.0
fixed,static_gt,0,err,50,2.510616042601165,186.0
fixed,static_gt,0,err,51,2.5035874870836095,186.0
fixed,static_gt,0,err,52,2.500949776701389,186.0
fixed,static_gt,0,err,53,2.5080668902204883,186.0
fixed,static_gt,0,err,54,2.5337360682747057,186.0
fixed,static_gt,0,err,55,2.559703444601387,186.0
fixed,static_gt,0,err,56,2.570393418432564,186.0
fixed,static_gt,0,err,57,2.5760458193479048,186.0
fixed,static_gt,0,err,58,2.5811685607317956,186.0
fixed,static_gt,0,err,59,2.5951614496848916,186.0
fixed,static_gt,0,err,60,2.6066242397151966,186.0
fixed,static_gt,0,err,61,2.6144679135853246,186.0
fixed,static_gt,0,err,62,2.6139624381578095,186.0
fixed,static_gt,0,err,63,2.6193583102956897,186.0
