dataset,head,rep,target,metric,h,value,lo,hi,seed_sd,n_seeds,n_frames,n_takes
taco,structured,CONTACT_FULL,T2,T2_rel_l1,1,0.3665965901322413,0.3412165215035384,0.3935209925406578,0.0008856860832841,3,22932,186
taco,structured,CONTACT_FULL,T2,T2_rel_l1,4,0.3858431668681324,0.3592772195659677,0.4136161672452526,0.0002473098880004,3,21840,186
taco,structured,CONTACT_FULL,T2,T2_rel_l1,8,0.4146186561988293,0.3870283170484353,0.4437089087101089,0.0009222119149647,3,20384,186
taco,structured,CONTACT_FULL,T2,mse_m,1,0.3590459949315244,0.2856334489030717,0.4454900662288395,0.0052367432388048,3,22932,186
taco,structured,CONTACT_FULL,T2,mse_m,4,0.3874620078955259,0.3109856204650019,0.4768589659560946,0.0047808307024778,3,21840,186
taco,structured,CONTACT_FULL,T2,mse_m,8,0.428139076514299,0.3492230608957447,0.5205274008036702,0.0035184349412301,3,20384,186
taco,structured,CONTACT_FULL,T3,T3_cent,1,0.1233461141353847,0.1165721513969528,0.1300039949111164,0.001041186737202,3,21755,186
taco,structured,CONTACT_FULL,T3,T3_cent,4,0.1272459371350862,0.1200404047908325,0.134036137974994,0.0011151559524426,3,20707,186
taco,structured,CONTACT_FULL,T3,T3_cent,8,0.1340248121309305,0.1264907814573627,0.1412910818427335,0.0011107252687763,3,19353,186
taco,structured,CONTACT_FULL,T3,T3_ang,1,48.45124300325144,46.57740574574245,50.44364797578631,0.0553540340176681,3,21755,186
taco,structured,CONTACT_FULL,T3,T3_ang,4,49.22555036542958,47.27584822787741,51.254382982004586,0.108620856065531,3,20707,186
taco,structured,CONTACT_FULL,T3,T3_ang,8,50.48606919891821,48.50973976232304,52.538474138042936,0.1495473871191303,3,19353,186
taco,structured,CONTACT_FULL,T3,mse_geom,1,0.4156796768857575,0.3898600885924186,0.4435227981294058,0.0018541812229834,3,21755,186
taco,structured,CONTACT_FULL,T3,mse_geom,4,0.4223408810187624,0.3970512780900185,0.4512791470118885,0.002005790092548,3,20707,186
taco,structured,CONTACT_FULL,T3,mse_geom,8,0.4362854980893467,0.4105220415438672,0.4659906980534464,0.0017234560355379,3,19353,186
taco,structured,CONTACT_FULL,T4,T4_rel_l1,1,0.3643076567377764,0.3466270058356137,0.3818949642851526,0.0011932764462146,3,21881,186
taco,structured,CONTACT_FULL,T4,T4_rel_l1,4,0.3668883377972242,0.3463389638741581,0.3873990831945197,0.0004702501206256,3,20801,186
taco,structured,CONTACT_FULL,T4,T4_rel_l1,8,0.3740924433318193,0.3508587707795383,0.3993821612260467,0.0003574163009217,3,19445,186
taco,structured,CONTACT_FULL,T4,T4_cos,1,0.944253383569447,0.940390002417706,0.9480018903303792,0.0002666768486275,3,21881,186
taco,structured,CONTACT_FULL,T4,T4_cos,4,0.9456820059065336,0.9416139305475836,0.949602345721136,0.0001842802521818,3,20801,186
taco,structured,CONTACT_FULL,T4,T4_cos,8,0.9453014636973116,0.9408255823590536,0.9494552666462144,0.0001281716022939,3,19445,186
taco,structured,CONTACT_FULL,T4,T4_Qerr,1,0.2191668467530551,0.2027416760412334,0.2354189687143871,0.0022242013408996,3,21881,186
taco,structured,CONTACT_FULL,T4,T4_Qerr,4,0.2261637301997437,0.2067147239726321,0.246930048312781,0.0010971374562527,3,20801,186
taco,structured,CONTACT_FULL,T4,T4_Qerr,8,0.2317032884175285,0.2092229541232405,0.2560175535427377,0.0003373922638129,3,19445,186
taco,structured,CONTACT_FULL,T4,mse_q,1,0.4396332946162128,0.4066825075883317,0.4722105243198741,0.0016355604384418,3,22932,186
taco,structured,CONTACT_FULL,T4,mse_q,4,0.4744298565601239,0.4382363041339751,0.5083926623222913,0.0011446245490671,3,21840,186
taco,structured,CONTACT_FULL,T4,mse_q,8,0.5260489837337231,0.4867497785960437,0.5627969961057093,0.0030067913966815,3,20384,186
taco,structured,CONTACT_FULL,T1,auprc_macro,1,0.9595793876172544,0.9519627080310278,0.9658440651194132,0.0007879661341433,3,22932,186
taco,structured,CONTACT_FULL,T1,f1_macro,1,0.8978665402775038,0.8888038755755991,0.9060284669807832,0.0018063600754628,3,22932,186
taco,structured,CONTACT_FULL,T1,auprc_micro,1,0.968981600227726,,,0.0006643197569972,3,22932,186
taco,structured,CONTACT_FULL,T1,f1_micro,1,0.9079564201826172,,,0.0013633298041538,3,22932,186
taco,structured,CONTACT_FULL,T1,auprc_macro,4,0.9570336849647808,0.9487365135716656,0.963666680894443,0.0005265189603454,3,21840,186
taco,structured,CONTACT_FULL,T1,f1_macro,4,0.896813812591967,0.8869715720810032,0.9049668623358952,0.0012061043601693,3,21840,186
taco,structured,CONTACT_FULL,T1,auprc_micro,4,0.9675108048504169,,,0.0005618954853719,3,21840,186
taco,structured,CONTACT_FULL,T1,f1_micro,4,0.9073766314343328,,,0.0009115787255479,3,21840,186
taco,structured,CONTACT_FULL,T1,auprc_macro,8,0.9546289506851724,0.9463114820029664,0.9617146735266698,0.0003330888495045,3,20384,186
taco,structured,CONTACT_FULL,T1,f1_macro,8,0.8924784491810468,0.8817505564797978,0.9011483966893944,0.0009622960474781,3,20384,186
taco,structured,CONTACT_FULL,T1,auprc_micro,8,0.9658116360485014,,,0.0002749731826965,3,20384,186
taco,structured,CONTACT_FULL,T1,f1_micro,8,0.903578899108857,,,0.0008562561701229,3,20384,186
taco,structured,FULL,T2,T2_rel_l1,1,0.3152661473574157,0.2934517458887415,0.3390332871264684,0.0002939776756755,3,22932,186
taco,structured,PERSIST,T2,T2_rel_l1,1,0.1117556841590577,0.1060124299712364,0.1179324457203421,0.0,0,22932,186
taco,structured,FULL,T2,T2_rel_l1,4,0.3410447969185562,0.3180531826500204,0.3663580497762701,0.0002693171267442,3,21840,186
taco,structured,PERSIST,T2,T2_rel_l1,4,0.25261089233326,0.2392741087709805,0.2663603601060578,0.0,0,21840,186
taco,structured,FULL,T2,T2_rel_l1,8,0.3774305006890854,0.3532064430303693,0.4043131482877102,0.0002746110163728,3,20384,186
taco,structured,PERSIST,T2,T2_rel_l1,8,0.371638497811899,0.351229496452422,0.3916184923150038,0.0,0,20384,186
taco,structured,FULL,T2,mse_m,1,0.2639990034278284,0.2100778006802329,0.3288508266897361,0.0008019385231504,3,22932,186
taco,structured,PERSIST,T2,mse_m,1,0.0548345595724542,0.0472749080909742,0.063517995222739,0.0,0,22932,186
taco,structured,FULL,T2,mse_m,4,0.300814019886987,0.2423322075017947,0.368847347448191,0.0020918501774299,3,21840,186
taco,structured,PERSIST,T2,mse_m,4,0.2167846818269469,0.1881258615141867,0.2481237383558731,0.0,0,21840,186
taco,structured,FULL,T2,mse_m,8,0.3545176800274747,0.2931385737787213,0.429129016997273,0.0028460244803745,3,20384,186
taco,structured,PERSIST,T2,mse_m,8,0.4344831662180347,0.3721805709644257,0.5041301957238575,0.0,0,20384,186
taco,structured,FULL,T3,T3_cent,1,0.1029313118150147,0.0980480212929399,0.1077873543654386,0.0012869623291473,3,21755,186
taco,structured,PERSIST,T3,T3_cent,1,0.0299773086754815,0.0281240129992741,0.0319315276619781,0.0,0,21377,186
taco,structured,FULL,T3,T3_cent,4,0.1077030532755767,0.1027842087751393,0.1127858092974418,0.0009548993373237,3,20707,186
taco,structured,PERSIST,T3,T3_cent,4,0.0501682166142198,0.0472616788875087,0.0530378571418614,0.0,0,19835,186
taco,structured,FULL,T3,T3_cent,8,0.1164927768875147,0.1109618814098698,0.1223357542125144,0.000721293508556,3,19353,186
taco,structured,PERSIST,T3,T3_cent,8,0.06853438284007,0.0644821123997417,0.0726707690349146,0.0,0,18069,186
taco,structured,FULL,T3,T3_ang,1,43.30439476458896,41.67719450177322,44.831015272518606,0.0648728034854511,3,21755,186
taco,structured,PERSIST,T3,T3_ang,1,26.7910979791035,25.375165154167625,28.27460038501652,0.0,0,21377,186
taco,structured,FULL,T3,T3_ang,4,44.6555247163821,43.04850100558116,46.2799231904091,0.0503106109773953,3,20707,186
taco,structured,PERSIST,T3,T3_ang,4,39.52484012709149,37.676886510154525,41.31415999534461,0.0,0,19835,186
taco,structured,FULL,T3,T3_ang,8,46.36463933634597,44.7078868254388,48.07297739841207,0.0181269534131322,3,19353,186
taco,structured,PERSIST,T3,T3_ang,8,46.784589947662745,44.73726556010135,48.73885235799346,0.0,0,18069,186
taco,structured,FULL,T3,mse_geom,1,0.3521465995053283,0.3343290956965063,0.3692533319803034,0.0006523897562947,3,21755,186
taco,structured,PERSIST,T3,mse_geom,1,0.3117905306640023,0.2916745693598231,0.3340709432057184,0.0,0,21755,186
taco,structured,FULL,T3,mse_geom,4,0.3661685496434516,0.3478694453274643,0.3838711181825179,0.0007089323446321,3,20707,186
taco,structured,PERSIST,T3,mse_geom,4,0.5004383140494874,0.4740241436217193,0.5252582902201905,0.0,0,20707,186
taco,structured,FULL,T3,mse_geom,8,0.3862823792077096,0.3672127262325503,0.4054836912967901,0.0003927447175371,3,19353,186
taco,structured,PERSIST,T3,mse_geom,8,0.6177727357029614,0.5882649626830854,0.6457183438764592,0.0,0,19353,186
taco,structured,FULL,T4,T4_rel_l1,1,0.3319807295821102,0.3195463966219768,0.345231502295062,0.0003232659180883,3,21881,186
taco,structured,PERSIST,T4,T4_rel_l1,1,0.2049576760796009,0.197901039309829,0.2116414096486557,0.0,0,21881,186
taco,structured,FULL,T4,T4_rel_l1,4,0.3354549507188425,0.3215251591128832,0.3500893975944624,0.0004732221855871,3,20801,186
taco,structured,PERSIST,T4,T4_rel_l1,4,0.3144223520532172,0.3045051345432085,0.3237116918288496,0.0,0,20801,186
taco,structured,FULL,T4,T4_rel_l1,8,0.3455415462604231,0.3291978860259583,0.3622509627153852,0.0010712279851404,3,19445,186
taco,structured,PERSIST,T4,T4_rel_l1,8,0.3792369556835081,0.3666817719173861,0.3922478829707184,0.0,0,19445,186
taco,structured,FULL,T4,T4_cos,1,0.9514972280453344,0.9484117082638032,0.9544897249861354,0.0001186683521172,3,21881,186
taco,structured,FULL,T4,T4_cos,4,0.9519608812196674,0.9486853251862843,0.9550277254111932,8.310100769980633e-05,3,20801,186
taco,structured,FULL,T4,T4_cos,8,0.950547705960476,0.9470343957493876,0.953829593805162,0.0002293196166115,3,19445,186
taco,structured,FULL,T4,T4_Qerr,1,0.1908453850578976,0.1806606496857067,0.2024280092369525,0.0010137578360865,3,21881,186
taco,structured,FULL,T4,T4_Qerr,4,0.199670756208771,0.1872300197814561,0.2135433946509277,0.0014929260156533,3,20801,186
taco,structured,FULL,T4,T4_Qerr,8,0.2099564092754158,0.1943068884697823,0.2262268102820294,0.0013639778641029,3,19445,186
taco,structured,FULL,T4,mse_q,1,0.3700961952534743,0.3464390747826882,0.3920431881553452,0.0016825837259265,3,22932,186
taco,structured,PERSIST,T4,mse_q,1,0.2354706720878282,0.2210345848478619,0.2504430395991973,0.0,0,22932,186
taco,structured,FULL,T4,mse_q,4,0.4079694464395715,0.3820879925769613,0.4332484342133258,0.001679300160384,3,21840,186
taco,structured,PERSIST,T4,mse_q,4,0.4548614351226721,0.4314053442618241,0.4758560402583189,0.0,0,21840,186
taco,structured,FULL,T4,mse_q,8,0.4611695628415674,0.4307767818938314,0.489590803308893,0.0028444778688568,3,20384,186
taco,structured,PERSIST,T4,mse_q,8,0.6756849946462814,0.6433248166319674,0.7087487024624781,0.0,0,20384,186
taco,structured,FULL,T1,auprc_macro,1,0.973635019585994,0.9686520565011064,0.9780006743504416,0.000922870909315,3,22932,186
taco,structured,FULL,T1,f1_macro,1,0.9184152597204144,0.9099993762095624,0.924775697869368,0.0009347782936061,3,22932,186
taco,structured,FULL,T1,auprc_micro,1,0.9810603850124312,,,0.000702977759765,3,22932,186
taco,structured,FULL,T1,f1_micro,1,0.926909594847966,,,0.000582305301908,3,22932,186
taco,structured,PERSIST,T1,auprc_macro,1,0.9776949186160704,,,0.0,0,22932,186
taco,structured,PERSIST,T1,f1_macro,1,0.979269026415466,,,0.0,0,22932,186
taco,structured,PERSIST,T1,auprc_micro,1,0.9801085558671172,,,0.0,0,22932,186
taco,structured,PERSIST,T1,f1_micro,1,0.9805239732184202,,,0.0,0,22932,186
taco,structured,MEAN,T1,auprc_macro,1,0.6726626548055119,,,0.0,0,22932,186
taco,structured,MEAN,T2,T2_rel_l1,1,0.8194734037095301,0.782113146681337,0.8559227554041318,0.0,0,22932,186
taco,structured,MEAN,T4,T4_rel_l1,1,0.7283361296182952,0.6837352127214291,0.7768423273919375,0.0,0,21881,186
taco,structured,FULL,T1,auprc_macro,4,0.9703355083010587,0.9648407782701088,0.9752751966170452,0.000879843662733,3,21840,186
taco,structured,FULL,T1,f1_macro,4,0.9147704872476634,0.9068615106225456,0.9210628914947624,0.0009291646915601,3,21840,186
taco,structured,FULL,T1,auprc_micro,4,0.9788106828164224,,,0.0006942848944907,3,21840,186
taco,structured,FULL,T1,f1_micro,4,0.9239946507149952,,,0.0007713241727443,3,21840,186
taco,structured,PERSIST,T1,auprc_macro,4,0.9302415956764404,,,0.0,0,21840,186
taco,structured,PERSIST,T1,f1_macro,4,0.930341570809598,,,0.0,0,21840,186
taco,structured,PERSIST,T1,auprc_micro,4,0.938028811983882,,,0.0,0,21840,186
taco,structured,PERSIST,T1,f1_micro,4,0.9348539007092198,,,0.0,0,21840,186
taco,structured,MEAN,T1,auprc_macro,4,0.692032967032967,,,0.0,0,21840,186
taco,structured,MEAN,T2,T2_rel_l1,4,0.8191553398959966,0.7805199365788769,0.8565401805266055,0.0,0,21840,186
taco,structured,MEAN,T4,T4_rel_l1,4,0.6673653134427405,0.6258103399238516,0.7153614155381017,0.0,0,20801,186
taco,structured,FULL,T1,auprc_macro,8,0.9658667722516402,0.9593171999972316,0.971614072045648,0.0005879457679581,3,20384,186
taco,structured,FULL,T1,f1_macro,8,0.9079054323766628,0.8998719174749301,0.914504768182518,0.0007479341980763,3,20384,186
taco,structured,FULL,T1,auprc_micro,8,0.9753351136117034,,,0.0005347500139312,3,20384,186
taco,structured,FULL,T1,f1_micro,8,0.9175660609404274,,,0.000649754370534,3,20384,186
taco,structured,PERSIST,T1,auprc_macro,8,0.8994926771876773,,,0.0,0,20384,186
taco,structured,PERSIST,T1,f1_macro,8,0.8869213696867712,,,0.0,0,20384,186
taco,structured,PERSIST,T1,auprc_micro,8,0.911121591795814,,,0.0,0,20384,186
taco,structured,PERSIST,T1,f1_micro,8,0.8944846151060465,,,0.0,0,20384,186
taco,structured,MEAN,T1,auprc_macro,8,0.7144737702773417,,,0.0,0,20384,186
taco,structured,MEAN,T2,T2_rel_l1,8,0.8213915275892293,0.7808893036953254,0.8597469583512501,0.0,0,20384,186
taco,structured,MEAN,T4,T4_rel_l1,8,0.61474616266356,0.5759009937008711,0.6594829819337401,0.0,0,19445,186
taco,structured,R0,T2,T2_rel_l1,1,0.3760673316275024,0.3546090342984538,0.3994951369789603,0.0009776243308748,3,22932,186
taco,structured,R0,T2,T2_rel_l1,4,0.4071923223793193,0.383652085753159,0.4316995745031215,0.0025125997110044,3,21840,186
taco,structured,R0,T2,T2_rel_l1,8,0.4354065739785634,0.408666729596808,0.4618867788594045,0.0035560913673405,3,20384,186
taco,structured,R0,T2,mse_m,1,0.3305458224224869,0.2781591035006073,0.3894600433518911,0.0035108817195941,3,22932,186
taco,structured,R0,T2,mse_m,4,0.3815550539951627,0.3221021875685421,0.4481210341271536,0.0064935648219274,3,21840,186
taco,structured,R0,T2,mse_m,8,0.4332126245111626,0.3672670265523537,0.5089353713266243,0.0081595929927462,3,20384,186
taco,structured,R0,T3,T3_cent,1,0.2126330430918871,0.1989528478925348,0.2258580756861909,0.0017010371597073,3,21755,186
taco,structured,R0,T3,T3_cent,4,0.2105330371067122,0.1969139870998688,0.2237842011132267,0.0014378299436778,3,20707,186
taco,structured,R0,T3,T3_cent,8,0.2092231385133029,0.1959437930630082,0.2224749964441715,0.0014891589706217,3,19353,186
taco,structured,R0,T3,T3_ang,1,52.62952747140033,50.72524818271359,54.57949234212895,0.112094094247338,3,21755,186
taco,structured,R0,T3,T3_ang,4,52.953662398298206,50.971699065659806,54.95081064246058,0.1119918160706481,3,20707,186
taco,structured,R0,T3,T3_ang,8,53.56683221888568,51.65929322867656,55.58578154993648,0.1559922896439099,3,19353,186
taco,structured,R0,T3,mse_geom,1,0.5222944118933149,0.4860200332051745,0.5595848060949119,0.0023981298661121,3,21755,186
taco,structured,R0,T3,mse_geom,4,0.5216934364226079,0.4853481911001711,0.5584552221498168,0.002432301339695,3,20707,186
taco,structured,R0,T3,mse_geom,8,0.5255047169098748,0.4899983459347442,0.5621957787039249,0.0015917345939877,3,19353,186
taco,structured,R0,T4,T4_rel_l1,1,0.3563003395023272,0.343349229920344,0.369533448928864,0.0004149058118295,3,21881,186
taco,structured,R0,T4,T4_rel_l1,4,0.3668887471627684,0.3508559897654497,0.3830742189084862,0.0007565313569561,3,20801,186
taco,structured,R0,T4,T4_rel_l1,8,0.3772669457590773,0.3579744930570143,0.3970578642767844,0.0016830588052999,3,19445,186
taco,structured,R0,T4,T4_cos,1,0.9341434345345988,0.9296795080728384,0.9384192182555524,0.0001358345639159,3,21881,186
taco,structured,R0,T4,T4_cos,4,0.9376912265149202,0.9333373116674676,0.94194697811503,9.495748053422329e-05,3,20801,186
taco,structured,R0,T4,T4_cos,8,0.9393601149485362,0.9349346836495078,0.9436481025963798,0.0001362952795605,3,19445,186
taco,structured,R0,T4,T4_Qerr,1,0.167621729391829,0.1599128680843859,0.1753615685539543,0.0018406131877079,3,21881,186
taco,structured,R0,T4,T4_Qerr,4,0.1992127886393578,0.1863724161170384,0.2121234086571652,0.0019627979790945,3,20801,186
taco,structured,R0,T4,T4_Qerr,8,0.2202625011540118,0.2032168163422339,0.2377408964771949,0.0037478898826469,3,19445,186
taco,structured,R0,T4,mse_q,1,0.4378596220850459,0.4091482451106818,0.4650890076975463,0.0042104850069327,3,22932,186
taco,structured,R0,T4,mse_q,4,0.4894723408641857,0.4560864929290443,0.5195221713853349,0.0051220557514116,3,21840,186
taco,structured,R0,T4,mse_q,8,0.5442606720240846,0.5081783065244087,0.5786930677143078,0.0064807927460039,3,20384,186
taco,structured,R0,T1,auprc_macro,1,0.9933739040103848,0.9923666096619472,0.9941478579438052,0.0002566984977162,3,22932,186
taco,structured,R0,T1,f1_macro,1,0.974765941136951,0.972808496300112,0.9764352349478816,0.0004424290698599,3,22932,186
taco,structured,R0,T1,auprc_micro,1,0.9946850448227976,,,0.0001796393317782,3,22932,186
taco,structured,R0,T1,f1_micro,1,0.9761354471694336,,,0.0004017198016927,3,22932,186
taco,structured,R0,T1,auprc_macro,4,0.9792838419172636,0.9763814018660066,0.9819365760412352,0.0005199795292092,3,21840,186
taco,structured,R0,T1,f1_macro,4,0.9372935820482372,0.932408292142068,0.9420274795943008,0.0009390830899373,3,21840,186
taco,structured,R0,T1,auprc_micro,4,0.9840511030328845,,,0.0003922895591551,3,21840,186
taco,structured,R0,T1,f1_micro,4,0.9414553394160384,,,0.0008549543776054,3,21840,186
taco,structured,R0,T1,auprc_macro,8,0.969702104233181,0.9649447063198396,0.9740053850735392,0.0008564755659945,3,20384,186
taco,structured,R0,T1,f1_macro,8,0.9185915220777202,0.9111775125311186,0.9251323784265376,0.0016826095139374,3,20384,186
taco,structured,R0,T1,auprc_micro,8,0.9769266314713392,,,0.0007026821985817,3,20384,186
taco,structured,R0,T1,f1_micro,8,0.9249919117271442,,,0.0014355952747627,3,20384,186
taco,structured,R1,T2,T2_rel_l1,1,0.1614196559833651,0.1519738237356044,0.1712223157237809,0.0003983880287375,3,22932,186
taco,structured,R1,T2,T2_rel_l1,4,0.2596032631307398,0.2443526911455825,0.2750448389876151,0.000828994557767,3,21840,186
taco,structured,R1,T2,T2_rel_l1,8,0.3327252879437535,0.3127636161159748,0.3534847379206836,0.0015028573877118,3,20384,186
taco,structured,R1,T2,mse_m,1,0.0761980811584062,0.0625218811413065,0.0939021112532483,0.0003390527763349,3,22932,186
taco,structured,R1,T2,mse_m,4,0.1839219363596381,0.1540832972609528,0.2212273094036297,0.0007767674878295,3,21840,186
taco,structured,R1,T2,mse_m,8,0.2921718720877046,0.2417288041127953,0.3529209488697662,0.0017611502784573,3,20384,186
taco,structured,R1,T3,T3_cent,1,0.2033376475349599,0.1886886809874534,0.2167233012031392,0.0002901098650673,3,21755,186
taco,structured,R1,T3,T3_cent,4,0.2021091666164628,0.1879916844418268,0.2154843954571033,0.0003662722659252,3,20707,186
taco,structured,R1,T3,T3_cent,8,0.202325335284784,0.1881061992118491,0.215129988189498,0.0005565710084843,3,19353,186
taco,structured,R1,T3,T3_ang,1,49.8617762736358,48.003632644449134,51.799275929159016,0.1896189912110533,3,21755,186
taco,structured,R1,T3,T3_ang,4,50.56055406343472,48.71624670694562,52.5497253176373,0.2536694675129883,3,20707,186
taco,structured,R1,T3,T3_ang,8,51.59753384980306,49.71991029294491,53.64533821510755,0.243813478634888,3,19353,186
taco,structured,R1,T3,mse_geom,1,0.482239707130074,0.4514088053230796,0.5136304032373383,0.0005267178590974,3,21755,186
taco,structured,R1,T3,mse_geom,4,0.4861627115303625,0.4548955317628097,0.5176409290003796,0.0010172462693101,3,20707,186
taco,structured,R1,T3,mse_geom,8,0.4944417672096568,0.4627102627269485,0.5267445035999554,0.0010233059654031,3,19353,186
taco,structured,R1,T4,T4_rel_l1,1,0.3370187951430714,0.3253294129609029,0.3498300504760157,0.0002335811975182,3,21881,186
taco,structured,R1,T4,T4_rel_l1,4,0.3502250268797832,0.3351903988605164,0.3658425095805834,0.0006752936392993,3,20801,186
taco,structured,R1,T4,T4_rel_l1,8,0.3629857785246862,0.3445850949962794,0.3826253343228583,0.0013892955377429,3,19445,186
taco,structured,R1,T4,T4_cos,1,0.9394106596674588,0.935241675184735,0.9435686651050365,0.0001934356773162,3,21881,186
taco,structured,R1,T4,T4_cos,4,0.9413843435963284,0.9369711135509452,0.9456982979577792,0.0002407617381238,3,20801,186
taco,structured,R1,T4,T4_cos,8,0.9416532966039364,0.9370867601785297,0.9460323703772824,0.0003790268510612,3,19445,186
taco,structured,R1,T4,T4_Qerr,1,0.1549067864353514,0.14850112867632,0.1616290107795875,0.0002973272403241,3,21881,186
taco,structured,R1,T4,T4_Qerr,4,0.1869857370807352,0.1754976071287211,0.1989459038192134,0.0008196751911782,3,20801,186
taco,structured,R1,T4,T4_Qerr,8,0.2086176060948963,0.1927304749960132,0.2252480595072622,0.0014063634281443,3,19445,186
taco,structured,R1,T4,mse_q,1,0.3922032032488434,0.3668650730961236,0.416618229266127,0.001554439511328,3,22932,186
taco,structured,R1,T4,mse_q,4,0.4484761420397715,0.4199227796379732,0.4748957656505601,0.0017755839749585,3,21840,186
taco,structured,R1,T4,mse_q,8,0.5113405222568008,0.4776307964554923,0.5436645630676852,0.0025075847625043,3,20384,186
taco,structured,R1,T1,auprc_macro,1,0.9969225478013218,0.9963685877035208,0.9973358595199776,1.1853873661652712e-05,3,22932,186
taco,structured,R1,T1,f1_macro,1,0.9779963171967316,0.9760947477370197,0.9796813075535517,7.332776286709176e-05,3,22932,186
taco,structured,R1,T1,auprc_micro,1,0.9975820558377096,,,1.2843603191790594e-05,3,22932,186
taco,structured,R1,T1,f1_micro,1,0.9795454791290332,,,4.481745024362491e-05,3,22932,186
taco,structured,R1,T1,auprc_macro,4,0.985051958363337,0.98274729677928,0.9869060186765972,6.645746159665951e-05,3,21840,186
taco,structured,R1,T1,f1_macro,4,0.9430537943203848,0.9379703040818036,0.9477285328347892,0.0003241987577401,3,21840,186
taco,structured,R1,T1,auprc_micro,4,0.9884075574662212,,,0.0001082571534513,3,21840,186
taco,structured,R1,T1,f1_micro,4,0.9473864477565768,,,0.0001926780934404,3,21840,186
taco,structured,R1,T1,auprc_macro,8,0.974793655487893,0.9707765624803972,0.9783023669974428,0.000171479934795,3,20384,186
taco,structured,R1,T1,f1_macro,8,0.921134679809779,0.9147795692903248,0.9271529904668708,0.0004804873872336,3,20384,186
taco,structured,R1,T1,auprc_micro,8,0.980602554144107,,,0.0001925631035785,3,20384,186
taco,structured,R1,T1,f1_micro,8,0.9275040618778462,,,0.0003697202134314,3,20384,186
taco,structured,R2,T2,T2_rel_l1,1,0.1712877994111179,0.1627172434513523,0.1807695032545347,0.0004621497962332,3,22932,186
taco,structured,R2,T2,T2_rel_l1,4,0.2681726917409766,0.2534377865554566,0.2838326272653753,0.0001723422967159,3,21840,186
taco,structured,R2,T2,T2_rel_l1,8,0.3395161999318163,0.3193484398299307,0.3599902939637379,0.0010051823610651,3,20384,186
taco,structured,R2,T2,mse_m,1,0.0767461782925511,0.0655901434396432,0.0905116161212933,0.0004864535229808,3,22932,186
taco,structured,R2,T2,mse_m,4,0.1843574821029596,0.1565837348784324,0.2171507856284132,0.0002638628644239,3,21840,186
taco,structured,R2,T2,mse_m,8,0.2897497379144881,0.2418099101370078,0.3456148568653053,0.0018503757390232,3,20384,186
taco,structured,R2,T3,T3_cent,1,0.0983898783755049,0.0938921262495418,0.1026881408690806,0.0006447440178709,3,21755,186
taco,structured,R2,T3,T3_cent,4,0.1086399383702079,0.1035671761473957,0.1137373840861788,0.000593130789387,3,20707,186
taco,structured,R2,T3,T3_cent,8,0.1190066127354765,0.113074610252209,0.1249581461035436,0.0005317360343047,3,19353,186
taco,structured,R2,T3,T3_ang,1,31.58868591021023,30.2333345649677,33.01706650278967,0.0509856449261974,3,21755,186
taco,structured,R2,T3,T3_ang,4,39.6059152503082,38.0580142144593,41.199634307333305,0.1100105539643714,3,20707,186
taco,structured,R2,T3,T3_ang,8,43.82596327886713,42.14172252403587,45.62756481747301,0.1829332755932488,3,19353,186
taco,structured,R2,T3,mse_geom,1,0.2458134597555762,0.2322525714619051,0.2602241036877555,0.0003622606421434,3,21755,186
taco,structured,R2,T3,mse_geom,4,0.317964324524182,0.3015786096066187,0.3345254946798344,0.000596630362922,3,20707,186
taco,structured,R2,T3,mse_geom,8,0.3612011780523154,0.342442422163253,0.3803159924058048,0.000522456637058,3,19353,186
taco,structured,R2,T4,T4_rel_l1,1,0.271438803827509,0.2636300473089112,0.2799867170202034,0.0011327961270879,3,21881,186
taco,structured,R2,T4,T4_rel_l1,4,0.3163985447937247,0.3038348161865188,0.3297903337063224,0.0023740632234362,3,20801,186
taco,structured,R2,T4,T4_rel_l1,8,0.3441220064598403,0.3267856464445599,0.3622846606303573,0.0030025239765055,3,19445,186
taco,structured,R2,T4,T4_cos,1,0.9640181429292922,0.9620561970921202,0.9658597227026312,0.0003067369004796,3,21881,186
taco,structured,R2,T4,T4_cos,4,0.9567666111113612,0.9542083076293512,0.9591280841749128,0.000431406171494,3,20801,186
taco,structured,R2,T4,T4_cos,8,0.9526701983923652,0.9495168364640528,0.9555905054100226,0.0004851330312607,3,19445,186
taco,structured,R2,T4,T4_Qerr,1,0.1503201061753691,0.1441531975932045,0.1571638187878523,0.0007518762305393,3,21881,186
taco,structured,R2,T4,T4_Qerr,4,0.1878600944354456,0.1754844592361523,0.1999130167550648,0.0022255116084427,3,20801,186
taco,structured,R2,T4,T4_Qerr,8,0.2128325611260483,0.1951574699885683,0.2298644092592443,0.0032604431414558,3,19445,186
taco,structured,R2,T4,mse_q,1,0.2606125968299188,0.2467432897943579,0.2738406214639314,0.0018041379851045,3,22932,186
taco,structured,R2,T4,mse_q,4,0.3624832856265449,0.3428320751957202,0.3814370317918709,0.0041972232755347,3,21840,186
taco,structured,R2,T4,mse_q,8,0.4471280728272631,0.4203047214493422,0.4713177886206526,0.0057524493629054,3,20384,186
taco,structured,R2,T1,auprc_macro,1,0.9967656462537096,0.9961009927972804,0.997261644512474,5.09754768198984e-05,3,22932,186
taco,structured,R2,T1,f1_macro,1,0.9754592908362052,0.972656485200247,0.9779175153951616,0.00041379996406,3,22932,186
taco,structured,R2,T1,auprc_micro,1,0.9975552250429532,,,4.830067815941245e-05,3,22932,186
taco,structured,R2,T1,f1_micro,1,0.9775875503224968,,,0.0003889681153443,3,22932,186
taco,structured,R2,T1,auprc_macro,4,0.984286275203594,0.9817311586907752,0.9863590034838297,0.0002177250443087,3,21840,186
taco,structured,R2,T1,f1_macro,4,0.9406782448594724,0.9349588467540292,0.9456073766024868,0.0007480629881823,3,21840,186
taco,structured,R2,T1,auprc_micro,4,0.9881060368434834,,,0.0001047897214174,3,21840,186
taco,structured,R2,T1,f1_micro,4,0.945854735439686,,,0.0006335261472595,3,21840,186
taco,structured,R2,T1,auprc_macro,8,0.97393368416155,0.9695519757214404,0.9774023898559184,0.0006397157100697,3,20384,186
taco,structured,R2,T1,f1_macro,8,0.9188712540539564,0.9120430614100103,0.9249782537254768,0.0010593211525814,3,20384,186
taco,structured,R2,T1,auprc_micro,8,0.9801166727588864,,,0.0004806005403883,3,20384,186
taco,structured,R2,T1,f1_micro,8,0.9259305620355724,,,0.0009064657458291,3,20384,186
taco,structured,R3,T2,T2_rel_l1,1,0.1714014795140314,0.1625756955106815,0.1805390813739598,0.0004608978213008,3,22932,186
taco,structured,R3,T2,T2_rel_l1,4,0.266971798621631,0.2521057496155136,0.2825337837025257,0.0008717158799586,3,21840,186
taco,structured,R3,T2,T2_rel_l1,8,0.3374861599004818,0.3175302904709574,0.3577327729716982,0.0012813019013565,3,20384,186
taco,structured,R3,T2,mse_m,1,0.0771199084196248,0.0655284839211907,0.0908506015095537,0.0004114736828402,3,22932,186
taco,structured,R3,T2,mse_m,4,0.1838402712615175,0.1555037732674062,0.217365869180544,0.0009027538370518,3,21840,186
taco,structured,R3,T2,mse_m,8,0.2894420909179533,0.2421003404630936,0.3486608077548405,0.0016091638255705,3,20384,186
taco,structured,R3,T3,T3_cent,1,0.0991059720046583,0.094666489393335,0.1034717775363602,0.0003501608222022,3,21755,186
taco,structured,R3,T3,T3_cent,4,0.108859114506485,0.1038827292960892,0.1139142319540321,0.0003956556979296,3,20707,186
taco,structured,R3,T3,T3_cent,8,0.1192282734201338,0.1133582767955852,0.1252910652457653,0.0004490204546089,3,19353,186
taco,structured,R3,T3,T3_ang,1,31.76324552468557,30.416615548365908,33.17278379116896,0.0638181200167795,3,21755,186
taco,structured,R3,T3,T3_ang,4,39.71668011951511,38.13083621823238,41.30890669487749,0.0731748112306912,3,20707,186
taco,structured,R3,T3,T3_ang,8,43.90449412407533,42.21600986454218,45.64613813017272,0.0637646628170206,3,19353,186
taco,structured,R3,T3,mse_geom,1,0.2472057806307176,0.2336036477104298,0.2615155592990695,0.0001555409788457,3,21755,186
taco,structured,R3,T3,mse_geom,4,0.3185122471054074,0.3023080637875906,0.3349863787141712,0.0004051725987927,3,20707,186
taco,structured,R3,T3,mse_geom,8,0.3613995667543619,0.3427361949846508,0.3804234594963057,0.0001814739150261,3,19353,186
taco,structured,R3,T4,T4_rel_l1,1,0.2676286611122563,0.2599650991951031,0.2758329627738667,0.0003904615707235,3,21881,186
taco,structured,R3,T4,T4_rel_l1,4,0.3150069921287179,0.3020505669884876,0.3288558386338336,0.0009507148840094,3,20801,186
taco,structured,R3,T4,T4_rel_l1,8,0.3430732410189409,0.3254098060612929,0.3613657659091095,0.0005939508501189,3,19445,186
taco,structured,R3,T4,T4_cos,1,0.9641892551670268,0.9622116523299344,0.966087728136746,0.0001423111375026,3,21881,186
taco,structured,R3,T4,T4_cos,4,0.9570751298027516,0.954485480612145,0.9593655109257592,0.0002299524295546,3,20801,186
taco,structured,R3,T4,T4_cos,8,0.9529665941243676,0.9499161434344328,0.9558163848588244,0.000416337899999,3,19445,186
taco,structured,R3,T4,T4_Qerr,1,0.1428851258668027,0.1370037623394209,0.1496438561959553,0.000786720730434,3,21881,186
taco,structured,R3,T4,T4_Qerr,4,0.1854870368148706,0.1726971285095687,0.1980124032009349,0.0012364822121969,3,20801,186
taco,structured,R3,T4,T4_Qerr,8,0.2117583018866197,0.1941440880003301,0.2296079301224725,0.0007706143737631,3,19445,186
taco,structured,R3,T4,mse_q,1,0.2486623598360046,0.2370754294463317,0.2597577364116392,0.000101058641324,3,22932,186
taco,structured,R3,T4,mse_q,4,0.3545261065729581,0.3367742399855108,0.3721336500856196,0.0007408539922868,3,21840,186
taco,structured,R3,T4,mse_q,8,0.4426407430567607,0.4160772593572906,0.4679591047522664,0.0021043994743998,3,20384,186
taco,structured,R3,T1,auprc_macro,1,0.9974511970869928,0.9970076361317392,0.9978337581939172,1.0343406236029994e-05,3,22932,186
taco,structured,R3,T1,f1_macro,1,0.9776068913085322,0.9753899086995294,0.979503166940625,0.0004377786180699,3,22932,186
taco,structured,R3,T1,auprc_micro,1,0.9980264621198356,,,8.494701605885013e-06,3,22932,186
taco,structured,R3,T1,f1_micro,1,0.9793303622195628,,,0.0003737639465381,3,22932,186
taco,structured,R3,T1,auprc_macro,4,0.9852534978768168,0.9829676254119633,0.9871649576427616,8.309713443037943e-05,3,21840,186
taco,structured,R3,T1,f1_macro,4,0.9421911868427204,0.9370532382756814,0.947020571092668,0.0003862568185493,3,21840,186
taco,structured,R3,T1,auprc_micro,4,0.9886940707438302,,,3.668778163243758e-05,3,21840,186
taco,structured,R3,T1,f1_micro,4,0.9466797981854296,,,0.0004085893387392,3,21840,186
taco,structured,R3,T1,auprc_macro,8,0.9745105959613032,0.9705444627565156,0.977929520834688,0.0001141633352015,3,20384,186
taco,structured,R3,T1,f1_macro,8,0.9202713274717595,0.9142715107324636,0.9266601732648572,0.0004268424018736,3,20384,186
taco,structured,R3,T1,auprc_micro,8,0.9803837263896804,,,0.0001097122253217,3,20384,186
taco,structured,R3,T1,f1_micro,8,0.9268752912825526,,,0.0004491077568874,3,20384,186
taco,structured,R4,T2,T2_rel_l1,1,0.1762361449534714,0.1671825877822878,0.1860816299208421,0.0006200433983158,3,22932,186
taco,structured,R4,T2,T2_rel_l1,4,0.2625886616024364,0.2478903578285238,0.2782054274276843,0.0001055054192256,3,21840,186
taco,structured,R4,T2,T2_rel_l1,8,0.3296473517297917,0.3101605029069073,0.3500002583254407,0.0002636866655278,3,20384,186
taco,structured,R4,T2,mse_m,1,0.0823386510629695,0.069362623172562,0.0985177591066904,0.0002163893702338,3,22932,186
taco,structured,R4,T2,mse_m,4,0.1801085479048996,0.1524005031097328,0.2122912823137099,0.0001700606841851,3,21840,186
taco,structured,R4,T2,mse_m,8,0.2775124821779555,0.2314487009475987,0.3328379180761415,0.0001860254730076,3,20384,186
taco,structured,R4,T3,T3_cent,1,0.0874043309933952,0.0836480085752759,0.0910800034922276,0.0007675151166365,3,21755,186
taco,structured,R4,T3,T3_cent,4,0.0949810397530897,0.0908385546708554,0.0990781022201401,0.0005837049049016,3,20707,186
taco,structured,R4,T3,T3_cent,8,0.1058171840074402,0.1009004022104732,0.1105541934470718,0.0004765082284861,3,19353,186
taco,structured,R4,T3,T3_ang,1,31.612003569955306,30.20162536925748,32.99673027059067,0.03951160123431,3,21755,186
taco,structured,R4,T3,T3_ang,4,38.73288934469257,37.15912956745635,40.2569717129228,0.0793069051985259,3,20707,186
taco,structured,R4,T3,T3_ang,8,42.55567472346505,40.92015949430309,44.23071193279185,0.1177158179744648,3,19353,186
taco,structured,R4,T3,mse_geom,1,0.2388633191602343,0.225607184561399,0.2533060246762486,0.0004597783131247,3,21755,186
taco,structured,R4,T3,mse_geom,4,0.3007495773284302,0.2854348143769465,0.3165632500091225,0.0005967143315359,3,20707,186
taco,structured,R4,T3,mse_geom,8,0.3412503659602139,0.3238317634556556,0.3586874262831199,0.0004668597552587,3,19353,186
taco,structured,R4,T4,T4_rel_l1,1,0.2713130062474004,0.2637319617500129,0.2792415971514481,0.0006423567035406,3,21881,186
taco,structured,R4,T4,T4_rel_l1,4,0.3060851520480149,0.2956418714748471,0.3170519535149035,0.0007615440843516,3,20801,186
taco,structured,R4,T4,T4_rel_l1,8,0.3264556316962031,0.3137951616833909,0.3401144659683761,0.0008148977211629,3,19445,186
taco,structured,R4,T4,T4_cos,1,0.9648401169108493,0.962760254061854,0.9667160773979888,5.051502142911231e-05,3,21881,186
taco,structured,R4,T4,T4_cos,4,0.9595209200415702,0.9572180662210228,0.961746263026056,0.0001971708735989,3,20801,186
taco,structured,R4,T4,T4_cos,8,0.9558675198256588,0.9531793003401542,0.958321659197502,0.0003558766694031,3,19445,186
taco,structured,R4,T4,T4_Qerr,1,0.1515131077138704,0.1448774850958349,0.1582040161113191,0.0008754398921075,3,21881,186
taco,structured,R4,T4,T4_Qerr,4,0.1799638462244464,0.1709528929902412,0.1897635298707538,0.0003142619568817,3,20801,186
taco,structured,R4,T4,T4_Qerr,8,0.1969761873585238,0.1844786391449857,0.2095159316620815,0.0010643565171042,3,19445,186
taco,structured,R4,T4,mse_q,1,0.2601573360291437,0.2451660773592776,0.274956484983325,0.0022759435165356,3,22932,186
taco,structured,R4,T4,mse_q,4,0.344924401319848,0.3255073732231675,0.3630565643283263,0.00218333542746,3,21840,186
taco,structured,R4,T4,mse_q,8,0.4152463515703252,0.3909027852961638,0.4380777570692737,0.0023581264571394,3,20384,186
taco,structured,R4,T1,auprc_macro,1,0.9964680705607072,0.9957313944151877,0.9970730554158048,0.0001260827605024,3,22932,186
taco,structured,R4,T1,f1_macro,1,0.9737486850014404,0.9711485038369296,0.9764169138094616,0.0005057418451031,3,22932,186
taco,structured,R4,T1,auprc_micro,1,0.9972551422456726,,,5.826545626771364e-05,3,22932,186
taco,structured,R4,T1,f1_micro,1,0.9758437905668542,,,0.0003172939680886,3,22932,186
taco,structured,R4,T1,auprc_macro,4,0.9852451534132548,0.9829678625789044,0.9872767876134898,0.0001469048388783,3,21840,186
taco,structured,R4,T1,f1_macro,4,0.9431043566232784,0.9382198368194168,0.9478286004728516,0.0004075001095547,3,21840,186
taco,structured,R4,T1,auprc_micro,4,0.9888622956451696,,,9.877977174108716e-05,3,21840,186
taco,structured,R4,T1,f1_micro,4,0.948126102292769,,,0.0002623979850645,3,21840,186
taco,structured,R4,T1,auprc_macro,8,0.9764982342110278,0.9727543726437778,0.9799470600583128,8.193618258162027e-05,3,20384,186
taco,structured,R4,T1,f1_macro,8,0.9251189207929998,0.918897226596808,0.9309013912173956,0.0003510988494487,3,20384,186
taco,structured,R4,T1,auprc_micro,8,0.982125842999678,,,6.305934619018352e-05,3,20384,186
taco,structured,R4,T1,f1_micro,8,0.9316131092935446,,,0.0002857669183931,3,20384,186
taco,structured,R5,T2,T2_rel_l1,1,0.1764839868778413,0.1672852204629761,0.1865349029044126,0.00037176062537,3,22932,186
taco,structured,R5,T2,T2_rel_l1,4,0.2610594452878973,0.2467168057442799,0.2760059249237147,0.0009072391441509,3,21840,186
taco,structured,R5,T2,T2_rel_l1,8,0.327551203989634,0.3085180708527913,0.3473139890302278,0.000735736941595,3,20384,186
taco,structured,R5,T2,mse_m,1,0.0828292708977947,0.0695126943797681,0.0989416718680937,0.0003847044965102,3,22932,186
taco,structured,R5,T2,mse_m,4,0.1790823596146275,0.1515320485565965,0.2110585318847574,0.0010678918622179,3,21840,186
taco,structured,R5,T2,mse_m,8,0.2755389950279848,0.2294471910198434,0.3297449214497504,0.0009780180015182,3,20384,186
taco,structured,R5,T3,T3_cent,1,0.08839104152596,0.0847319659679041,0.0920024468100551,0.0005951521725414,3,21755,186
taco,structured,R5,T3,T3_cent,4,0.0960603276952275,0.0919612370987421,0.0999685992169566,0.0007157751345409,3,20707,186
taco,structured,R5,T3,T3_cent,8,0.1066197955855585,0.1017301555590862,0.1114485508301824,0.0005854951740352,3,19353,186
taco,structured,R5,T3,T3_ang,1,31.82506207341683,30.420452812277848,33.211647420890024,0.0492985993031835,3,21755,186
taco,structured,R5,T3,T3_ang,4,38.827559800854274,37.22903553386704,40.36586722257716,0.0584434863226776,3,20707,186
taco,structured,R5,T3,T3_ang,8,42.65878383583144,41.03354073465103,44.34130143854353,0.0831534503711806,3,19353,186
taco,structured,R5,T3,mse_geom,1,0.2403284369379139,0.2271182061375261,0.2549470130595009,0.0004386766005683,3,21755,186
taco,structured,R5,T3,mse_geom,4,0.3014367454978156,0.2860121093075141,0.3173595467551802,0.0004890531727186,3,20707,186
taco,structured,R5,T3,mse_geom,8,0.341660934877776,0.3242766581774342,0.3589532042188559,0.000577645768272,3,19353,186
taco,structured,R5,T4,T4_rel_l1,1,0.2677818303916287,0.260611194289407,0.2752906962322602,0.0005843625068066,3,21881,186
taco,structured,R5,T4,T4_rel_l1,4,0.304443509501638,0.2944421204802325,0.3152559061932196,0.0005337739154893,3,20801,186
taco,structured,R5,T4,T4_rel_l1,8,0.3252327875138157,0.312389991141652,0.3387337512291585,0.0007780296143314,3,19445,186
taco,structured,R5,T4,T4_cos,1,0.9647553806636636,0.9626271791516704,0.9666847951568264,0.000192791192557,3,21881,186
taco,structured,R5,T4,T4_cos,4,0.9594009944625635,0.9570367821996306,0.9616243170325038,0.000255645261038,3,20801,186
taco,structured,R5,T4,T4_cos,8,0.9557357867047916,0.9530253545153275,0.9581332402528152,0.0001951593961247,3,19445,186
taco,structured,R5,T4,T4_Qerr,1,0.1434595506315165,0.1378519272788819,0.149414547453044,0.0003936145450334,3,21881,186
taco,structured,R5,T4,T4_Qerr,4,0.1764159198498656,0.1675086828545578,0.1859971654560462,0.0001320877404023,3,20801,186
taco,structured,R5,T4,T4_Qerr,8,0.1942219960260571,0.1817397354080413,0.2066813628600912,0.0016359474391865,3,19445,186
taco,structured,R5,T4,mse_q,1,0.2485849220232701,0.2361549785965379,0.2606040521231047,9.979716570284423e-05,3,22932,186
taco,structured,R5,T4,mse_q,4,0.3372880899606527,0.3190132221296924,0.3543387011154469,0.0005006371310604,3,21840,186
taco,structured,R5,T4,mse_q,8,0.4105808808936776,0.3872971083107421,0.4322400989573892,0.0012573414975408,3,20384,186
taco,structured,R5,T1,auprc_macro,1,0.9971028877456218,0.9965242088061051,0.997585420774992,4.6238902739460414e-05,3,22932,186
taco,structured,R5,T1,f1_macro,1,0.975341372983422,0.9728039225895831,0.9779957964520724,0.0002572814281792,3,22932,186
taco,structured,R5,T1,auprc_micro,1,0.9977384230932962,,,1.514781924592587e-05,3,22932,186
taco,structured,R5,T1,f1_micro,1,0.9772514261876772,,,0.000173581756302,3,22932,186
taco,structured,R5,T1,auprc_macro,4,0.9856862208011972,0.9834423244982808,0.9877637432500864,0.0001056957067009,3,21840,186
taco,structured,R5,T1,f1_macro,4,0.9438244685584086,0.9389752201951412,0.9485716781074408,0.0002407352573557,3,21840,186
taco,structured,R5,T1,auprc_micro,4,0.9891783890449608,,,6.32679747911366e-05,3,21840,186
taco,structured,R5,T1,f1_micro,4,0.9486414826002834,,,0.000284738784844,3,21840,186
taco,structured,R5,T1,auprc_macro,8,0.9765111863681154,0.9727724765375284,0.9801282292633892,0.0001124774000135,3,20384,186
taco,structured,R5,T1,f1_macro,8,0.9262588486458304,0.9201233576550832,0.9327354435906736,0.0002369484523604,3,20384,186
taco,structured,R5,T1,auprc_micro,8,0.9821928752790428,,,0.0001636542188576,3,20384,186
taco,structured,R5,T1,f1_micro,8,0.9325811291049416,,,0.0002168734783891,3,20384,186
taco,dense,CONTACT_FULL,T5C,E_C,1,0.7479609114470598,0.7167440808086866,0.7845472808114915,0.0047660097999438,3,22932,186
taco,dense,CONTACT_FULL,T5C,E_C,4,0.966149949543724,0.924251589595688,1.0143973852613446,0.002024491681632,3,21840,186
taco,dense,CONTACT_FULL,T5C,E_C,8,1.1848385830518016,1.1250542149635414,1.2484034356921514,0.007315628607959,3,20384,186
taco,dense,CONTACT_FULL,T5C,cos_C,1,0.1286642038191019,0.1198398014741159,0.1376583894426706,0.0012531234046653,3,22932,186
taco,dense,CONTACT_FULL,T5C,cos_C,4,0.3013953191248274,0.2891810863007711,0.3151491336315654,0.0017044833031885,3,21840,186
taco,dense,CONTACT_FULL,T5C,cos_C,8,0.3957444593850582,0.3806931446849252,0.412184453909325,0.0011508328293906,3,20384,186
taco,dense,CONTACT_FULL,T5C,mse_C,1,0.0331147549578049,0.0302781711220263,0.0365046760111982,0.0002995228389241,3,22932,186
taco,dense,CONTACT_FULL,T5C,mse_C,4,0.0552559148081674,0.0505246505648488,0.0608189157602279,0.00025137281936,3,21840,186
taco,dense,CONTACT_FULL,T5C,mse_C,8,0.0855258517029833,0.0771214818279074,0.0944706707118735,0.0009741888678937,3,20384,186
taco,dense,CONTACT_FULL,T5H,E_H,1,0.0236423045126671,0.0222483645761128,0.0250676895864805,8.333339932801232e-05,3,22932,186
taco,dense,CONTACT_FULL,T5H,E_H,4,0.0246352520473463,0.0231908855172954,0.0261629007615489,0.0001067144604859,3,21840,186
taco,dense,CONTACT_FULL,T5H,E_H,8,0.0265966740700157,0.0250837608997714,0.0282258923758997,0.0001210706506843,3,20384,186
taco,dense,CONTACT_FULL,T5H,mse_H,1,0.0621554767373659,0.053674835052555,0.0715300450353974,0.0007471966781145,3,22932,186
taco,dense,CONTACT_FULL,T5H,mse_H,4,0.0684102192189333,0.0593793634813091,0.0777676280021132,0.0006987451878881,3,21840,186
taco,dense,CONTACT_FULL,T5H,mse_H,8,0.0826023519885483,0.0724015495515857,0.0932506632066485,0.0006040056734574,3,20384,186
taco,dense,FULL,T5C,E_C,1,0.6384311587875132,0.6106724149676408,0.6699142891991193,0.0086973119104745,3,22932,186
taco,dense,PERSIST,T5C,E_C,1,0.3166595817981601,0.3014535984079695,0.3311680449422624,0.0,0,22932,186
taco,dense,FULL,T5C,E_C,4,0.8941314971865916,0.8524642273783926,0.942170194921958,0.0013654860080928,3,21840,186
taco,dense,PERSIST,T5C,E_C,4,0.7918858069792388,0.7590615870595963,0.8248707407015083,0.0,0,21840,186
taco,dense,FULL,T5C,E_C,8,1.1274175996259088,1.0718340683207224,1.1909092277448008,0.0052087040498861,3,20384,186
taco,dense,PERSIST,T5C,E_C,8,1.2097821333189522,1.1587767661594626,1.26555787479338,0.0,0,20384,186
taco,dense,FULL,T5C,cos_C,1,0.14959312687594,0.1403822524618771,0.1591528434824088,0.0025710636488967,3,22932,186
taco,dense,FULL,T5C,cos_C,4,0.3440179710968346,0.3305092962360684,0.358048095834626,0.0028748335371328,3,21840,186
taco,dense,FULL,T5C,cos_C,8,0.4385593515035044,0.4234092707951407,0.454261681487748,0.0022586288252836,3,20384,186
taco,dense,FULL,T5C,mse_C,1,0.0248909153300041,0.0226738242617764,0.0275106272395244,0.0005805066132034,3,22932,186
taco,dense,PERSIST,T5C,mse_C,1,0.0089680149209467,0.0081279072964421,0.0099067866726447,0.0,0,22932,186
taco,dense,FULL,T5C,mse_C,4,0.0487201496492964,0.044290717044622,0.0539006938264174,0.0001690713865615,3,21840,186
taco,dense,PERSIST,T5C,mse_C,4,0.0485073763500802,0.044802510789555,0.0521564933001571,0.0,0,21840,186
taco,dense,FULL,T5C,mse_C,8,0.0790275238296732,0.0714077875800438,0.0874249469879829,0.0006436951307498,3,20384,186
taco,dense,PERSIST,T5C,mse_C,8,0.1108805484380202,0.1019117807218611,0.1199070537275336,0.0,0,20384,186
taco,dense,FULL,T5H,E_H,1,0.0094353149724031,0.0090644550195784,0.0098340933111966,7.451053871616832e-05,3,22932,186
taco,dense,PERSIST,T5H,E_H,1,0.0042027706276027,0.0040316017020146,0.004380363252253,0.0,0,22932,186
taco,dense,FULL,T5H,E_H,4,0.0133001838879716,0.0127602783011508,0.0139167527021633,2.677945166022089e-05,3,21840,186
taco,dense,PERSIST,T5H,E_H,4,0.012057674621363,0.0115670416069217,0.0125395729787286,0.0,0,21840,186
taco,dense,FULL,T5H,E_H,8,0.0179146790516362,0.0170378734834068,0.0188639063023788,5.096157334372921e-05,3,20384,186
taco,dense,PERSIST,T5H,E_H,8,0.0199347671195409,0.0190018657904039,0.0208554138192829,0.0,0,20384,186
taco,dense,FULL,T5H,mse_H,1,0.0087624033573255,0.0080181666775261,0.0095306451707582,0.0001283917729713,3,22932,186
taco,dense,PERSIST,T5H,mse_H,1,0.0028256406457424,0.0025479038933073,0.003130756351505,0.0,0,22932,186
taco,dense,FULL,T5H,mse_H,4,0.0185557936284397,0.0169435262176613,0.0202723640420058,9.13920897648662e-05,3,21840,186
taco,dense,PERSIST,T5H,mse_H,4,0.0249407561695916,0.0223703830452711,0.0274938751343453,0.0,0,21840,186
taco,dense,FULL,T5H,mse_H,8,0.0374862019424178,0.0334906487143513,0.0418082718959883,0.0002669920478966,3,20384,186
taco,dense,PERSIST,T5H,mse_H,8,0.0695405059291154,0.0613201740072122,0.0777516492932176,0.0,0,20384,186
taco,dense,R0,T5C,E_C,1,1.9704452062124111,1.8637231529115512,2.082710683051737,0.0066387141708134,3,22932,186
taco,dense,R0,T5C,E_C,4,1.998956801895148,1.8927166816632208,2.115006984066357,0.0045768838625952,3,21840,186
taco,dense,R0,T5C,E_C,8,2.038476188700745,1.9284387151067084,2.152458596387914,0.0021355775916863,3,20384,186
taco,dense,R0,T5C,cos_C,1,0.093328103405473,0.0845369586297947,0.1026837825185221,0.0012170721022424,3,22932,186
taco,dense,R0,T5C,cos_C,4,0.2235737314961734,0.2100953958542748,0.2373573143274705,0.000887199782946,3,21840,186
taco,dense,R0,T5C,cos_C,8,0.3117011102566066,0.2959321100525724,0.3281545649988294,0.001165184614092,3,20384,186
taco,dense,R0,T5C,mse_C,1,0.2402283340805544,0.2167432054433911,0.2664418301149167,0.0038266345241663,3,22932,186
taco,dense,R0,T5C,mse_C,4,0.2466636176735453,0.223324669381996,0.273088271837346,0.003275827169156,3,21840,186
taco,dense,R0,T5C,mse_C,8,0.2547503775566377,0.2309498636854176,0.2813925566897529,0.0024785315567185,3,20384,186
taco,dense,R0,T5H,E_H,1,0.0387307289210603,0.0360937103440582,0.0413085736865382,0.0002823704694155,3,22932,186
taco,dense,R0,T5H,E_H,4,0.0384340979818991,0.0358525257537914,0.0409910064839103,0.0002746694783541,3,21840,186
taco,dense,R0,T5H,E_H,8,0.0385300704202253,0.0359944473058939,0.0410898435375461,0.0002603149873857,3,20384,186
taco,dense,R0,T5H,mse_H,1,0.1864275963041758,0.1619420079392619,0.2131261104583454,0.0059126571636233,3,22932,186
taco,dense,R0,T5H,mse_H,4,0.1833062751533648,0.1591195791970582,0.2099236507574274,0.0057618922201007,3,21840,186
taco,dense,R0,T5H,mse_H,8,0.1833672193210037,0.1598825886671862,0.2091075868635193,0.0052999539249447,3,20384,186
taco,dense,R1,T5C,E_C,1,1.7873446152774728,1.68704159388168,1.8914028639861715,0.0147802205392081,3,22932,186
taco,dense,R1,T5C,E_C,4,1.845354632917969,1.7409656015936656,1.9513048859219289,0.0177052680512279,3,21840,186
taco,dense,R1,T5C,E_C,8,1.920165044876924,1.812656460216464,2.0284839605390994,0.0220243220062485,3,20384,186
taco,dense,R1,T5C,cos_C,1,0.1050187017718946,0.0954240894617248,0.1154424974552258,0.0010322455922033,3,22932,186
taco,dense,R1,T5C,cos_C,4,0.2392536979551896,0.2250848598403852,0.2540908534475691,0.001950082019593,3,21840,186
taco,dense,R1,T5C,cos_C,8,0.3262969832175605,0.308984855998736,0.3435143611233097,0.0027879471582027,3,20384,186
taco,dense,R1,T5C,mse_C,1,0.2086874158893686,0.1867947292705993,0.2310346745673243,0.0042426287600753,3,22932,186
taco,dense,R1,T5C,mse_C,4,0.2195461657693125,0.1959326365273515,0.24312038353182,0.0048423696248139,3,21840,186
taco,dense,R1,T5C,mse_C,8,0.2347447930900831,0.209754401677491,0.2588767781152957,0.0062373632598154,3,20384,186
taco,dense,R1,T5H,E_H,1,0.0354330467351134,0.0329106580847822,0.037902538556761,0.0002415577522402,3,22932,186
taco,dense,R1,T5H,E_H,4,0.0354852814377232,0.0329750544161222,0.0380035747604653,0.0002554272400892,3,21840,186
taco,dense,R1,T5H,E_H,8,0.0361028136881496,0.0335801400775135,0.0385496041406944,0.0002941756923722,3,20384,186
taco,dense,R1,T5H,mse_H,1,0.1603301124999145,0.1360958898276229,0.1871166020617402,0.0024602551210719,3,22932,186
taco,dense,R1,T5H,mse_H,4,0.1602400711170421,0.1359693003255009,0.1860275420999243,0.0029396881737173,3,21840,186
taco,dense,R1,T5H,mse_H,8,0.1645082575337691,0.1399631373492481,0.1896891436863541,0.0033393456818646,3,20384,186
taco,dense,R2,T5C,E_C,1,1.2778882842609058,1.2154657264083857,1.3473831016576852,0.0011897051541371,3,22932,186
taco,dense,R2,T5C,E_C,4,1.364079227321696,1.2976667406728313,1.4377794998505145,0.0009525416671559,3,21840,186
taco,dense,R2,T5C,E_C,8,1.475647161183279,1.4012490874198875,1.557432785431954,0.0018357608997602,3,20384,186
taco,dense,R2,T5C,cos_C,1,0.1176058893786428,0.1083915979304418,0.1276911204799304,0.0014416565359402,3,22932,186
taco,dense,R2,T5C,cos_C,4,0.2730265048435496,0.2597702153127706,0.2875969629142381,0.0022651440374331,3,21840,186
taco,dense,R2,T5C,cos_C,8,0.3683062597136001,0.3531466652937688,0.3842463756105488,0.0021603951408832,3,20384,186
taco,dense,R2,T5C,mse_C,1,0.0999924351369894,0.0897620219900882,0.1111062084935507,0.0005684581274262,3,22932,186
taco,dense,R2,T5C,mse_C,4,0.1133843917866478,0.102167213884842,0.1257768984306926,0.0008062566100191,3,21840,186
taco,dense,R2,T5C,mse_C,8,0.1328267618947468,0.1200560300546077,0.1468179656700458,0.0008699713346807,3,20384,186
taco,dense,R2,T5H,E_H,1,0.0238049963191729,0.0224636977851971,0.0250769911509473,5.768191911980574e-05,3,22932,186
taco,dense,R2,T5H,E_H,4,0.0246688869599067,0.0232982798155574,0.0259685339902818,0.0001415017367449,3,21840,186
taco,dense,R2,T5H,E_H,8,0.0265101589599167,0.025001119052348,0.0279654376896036,0.0001832504052334,3,20384,186
taco,dense,R2,T5H,mse_H,1,0.066266018536642,0.0583116828628392,0.0743781315062301,0.0006629597383558,3,22932,186
taco,dense,R2,T5H,mse_H,4,0.0717197662514174,0.0633132958255829,0.0803331673192456,0.001161658441591,3,21840,186
taco,dense,R2,T5H,mse_H,8,0.0851993523133537,0.075643057786115,0.0951757772817695,0.0016402188210409,3,20384,186
taco,dense,R3,T5C,E_C,1,1.2730120469015316,1.2120957161078625,1.3418576755299347,0.0033604740831466,3,22932,186
taco,dense,R3,T5C,E_C,4,1.3588870339477674,1.292909676568852,1.4338223436105038,0.0049920453341282,3,21840,186
taco,dense,R3,T5C,E_C,8,1.4702453289401762,1.3972853794580715,1.5517339395708702,0.0064689884592149,3,20384,186
taco,dense,R3,T5C,cos_C,1,0.1188902451005009,0.1091445193067989,0.1290832407109005,0.0008141176157863,3,22932,186
taco,dense,R3,T5C,cos_C,4,0.2740135964166135,0.2600674033486075,0.2889116927219787,0.0009550941525613,3,21840,186
taco,dense,R3,T5C,cos_C,8,0.3682482267861083,0.352207030041761,0.3841906362340944,0.0014179622188359,3,20384,186
taco,dense,R3,T5C,mse_C,1,0.0985735544182768,0.0887089098444794,0.1087769684167818,0.0009967953100659,3,22932,186
taco,dense,R3,T5C,mse_C,4,0.111998771663207,0.1009570803186682,0.1235819336475582,0.0013207076345959,3,21840,186
taco,dense,R3,T5C,mse_C,8,0.1313205464216901,0.1184328670207564,0.1451032003092251,0.0017986696488364,3,20384,186
taco,dense,R3,T5H,E_H,1,0.0236362647506433,0.0223402352589717,0.0249235812079645,3.2871151156152324e-05,3,22932,186
taco,dense,R3,T5H,E_H,4,0.0244737343869262,0.0231312699201529,0.025761554829144,5.172819508661149e-05,3,21840,186
taco,dense,R3,T5H,E_H,8,0.0263593071083237,0.0248940957882007,0.0277803084346626,5.145530041859101e-05,3,20384,186
taco,dense,R3,T5H,mse_H,1,0.0652442815276169,0.0576413359437459,0.073349894938774,0.000508595312387,3,22932,186
taco,dense,R3,T5H,mse_H,4,0.0701175432949776,0.062151621218547,0.0783880401707471,0.0007011241734234,3,21840,186
taco,dense,R3,T5H,mse_H,8,0.0833626737405048,0.0741924317597608,0.0927705711029822,0.001007870608981,3,20384,186
taco,dense,R4,T5C,E_C,1,1.1026561304812508,1.0453388326569102,1.1678088612983295,0.0026260664628574,3,22932,186
taco,dense,R4,T5C,E_C,4,1.1854975815848772,1.1242188203670649,1.253244932646479,0.0052660084359296,3,21840,186
taco,dense,R4,T5C,E_C,8,1.3130175494932492,1.2453168834478108,1.3913841392254056,0.0074753017386197,3,20384,186
taco,dense,R4,T5C,cos_C,1,0.1563730847097754,0.1473122684605237,0.1657735321656618,0.0006030759093106,3,22932,186
taco,dense,R4,T5C,cos_C,4,0.3248392922744799,0.3119144602205495,0.3379148174527167,0.002050350088101,3,21840,186
taco,dense,R4,T5C,cos_C,8,0.4166309679972163,0.40204023756967,0.4313068642887906,0.0021726519065239,3,20384,186
taco,dense,R4,T5C,mse_C,1,0.0762438487141666,0.0681435142714055,0.0850498188459363,0.0010013623789866,3,22932,186
taco,dense,R4,T5C,mse_C,4,0.0865258152939502,0.0775221576435955,0.0965168186145716,0.0013897463176168,3,21840,186
taco,dense,R4,T5C,mse_C,8,0.1054075910851536,0.094791571195994,0.1171811932358061,0.0016377911311461,3,20384,186
taco,dense,R4,T5H,E_H,1,0.0130646850366064,0.0124301746662042,0.0137068684101957,3.0961485950995146e-05,3,22932,186
taco,dense,R4,T5H,E_H,4,0.0156462412329233,0.0149421467558937,0.0163327287613883,8.218296798596098e-05,3,21840,186
taco,dense,R4,T5H,E_H,8,0.0193874518672186,0.018474564357442,0.0203218007483356,0.0001117203579743,3,20384,186
taco,dense,R4,T5H,mse_H,1,0.0181210028096321,0.0160885835807834,0.0202906495330884,0.0001950799568935,3,22932,186
taco,dense,R4,T5H,mse_H,4,0.0260373908727483,0.0235255336438949,0.0286189806742284,0.0004223757473529,3,21840,186
taco,dense,R4,T5H,mse_H,8,0.0431737592219548,0.0389303131655804,0.0477802232096153,0.0007921365820108,3,20384,186
taco,dense,R5,T5C,E_C,1,1.1008867265339164,1.044002441279797,1.1662474013396755,0.0023740689767317,3,22932,186
taco,dense,R5,T5C,E_C,4,1.1822840533666177,1.120282892739601,1.2517925545121007,0.003354359052256,3,21840,186
taco,dense,R5,T5C,E_C,8,1.3071758970318528,1.2381528042910817,1.385873701483455,0.0033900319450038,3,20384,186
taco,dense,R5,T5C,cos_C,1,0.1555925800171373,0.1463760435677397,0.1648962770546752,0.0004838351666441,3,22932,186
taco,dense,R5,T5C,cos_C,4,0.3229914284951837,0.3098440032801212,0.3365983097942641,0.0006566170941854,3,21840,186
taco,dense,R5,T5C,cos_C,8,0.4152038171049033,0.4009382808938149,0.4304925097497505,0.0007919168042583,3,20384,186
taco,dense,R5,T5C,mse_C,1,0.0750264924574248,0.067072655025065,0.0839064246264396,0.0004426806962542,3,22932,186
taco,dense,R5,T5C,mse_C,4,0.0853405140160748,0.076332825157213,0.0954175316671157,0.0005206736324701,3,21840,186
taco,dense,R5,T5C,mse_C,8,0.1039345827064285,0.0933161713014507,0.1152847896013264,0.0005490099956101,3,20384,186
taco,dense,R5,T5H,E_H,1,0.0130504349780633,0.0124526269467374,0.0136471695836452,0.0001133631285703,3,22932,186
taco,dense,R5,T5H,E_H,4,0.0156171589147814,0.0149268771628327,0.0163040970668284,6.213638958011478e-05,3,21840,186
taco,dense,R5,T5H,E_H,8,0.0193502125235122,0.0184410966212423,0.0202918840470012,3.1107925845479966e-05,3,20384,186
taco,dense,R5,T5H,mse_H,1,0.0177937853234568,0.0158704706093707,0.0197234886605377,0.0004861082931273,3,22932,186
taco,dense,R5,T5H,mse_H,4,0.0258947070495502,0.0234554383739308,0.0283618945846752,0.0003106839521887,3,21840,186
taco,dense,R5,T5H,mse_H,8,0.043214728416466,0.0389249301811662,0.0477431665526563,0.0001002000412116,3,20384,186
arctic,structured,CONTACT_FULL,T2,T2_rel_l1,1,0.344747789124411,0.2717253296963143,0.4258634436705344,0.0018357940380886,3,11718,44
arctic,structured,CONTACT_FULL,T2,T2_rel_l1,4,0.3698399010243989,0.2910553044414218,0.4556292278784282,0.0025966879302469,3,11160,44
arctic,structured,CONTACT_FULL,T2,T2_rel_l1,8,0.4146786221880115,0.325712440751645,0.5066282993329666,0.0038445548104723,3,10416,44
arctic,structured,CONTACT_FULL,T2,mse_m,1,0.2303344423224764,0.1482196986580453,0.3181258941462975,0.0033247961633671,3,11718,44
arctic,structured,CONTACT_FULL,T2,mse_m,4,0.2558626810494799,0.1645329983809491,0.3556713156671056,0.0040832251508917,3,11160,44
arctic,structured,CONTACT_FULL,T2,mse_m,8,0.2985849374779693,0.1941326742468623,0.4160717624706733,0.0049063445788993,3,10416,44
arctic,structured,CONTACT_FULL,T3,T3_cent,1,0.2236675964431898,0.1960475806128841,0.2553217845353852,0.0010789613705906,3,10357,44
arctic,structured,CONTACT_FULL,T3,T3_cent,4,0.2242555487927487,0.1943067734501063,0.2574169557457783,0.0013787668498529,3,9835,44
arctic,structured,CONTACT_FULL,T3,T3_cent,8,0.2458692012210319,0.2126217600971007,0.2843895730815642,0.0012951922427345,3,9119,44
arctic,structured,CONTACT_FULL,T3,T3_ang,1,49.01982418039631,43.58001132152216,54.14392432207973,0.3298483333308534,3,10357,44
arctic,structured,CONTACT_FULL,T3,T3_ang,4,49.69510385244706,44.22161073522681,54.83434892455149,0.3997603234845293,3,9835,44
arctic,structured,CONTACT_FULL,T3,T3_ang,8,50.9704709652681,45.39150675236648,56.19745874907469,0.2893151904091111,3,9119,44
arctic,structured,CONTACT_FULL,T3,mse_geom,1,0.3924618710693748,0.3462724051633963,0.4409813612873858,0.0026741445778407,3,10357,44
arctic,structured,CONTACT_FULL,T3,mse_geom,4,0.4017622777472482,0.3531427146105779,0.451281913495032,0.0031001458464673,3,9835,44
arctic,structured,CONTACT_FULL,T3,mse_geom,8,0.4255103723352885,0.3737838899478257,0.4807788779163358,0.0027488108736466,3,9119,44
arctic,structured,CONTACT_FULL,T4,T4_rel_l1,1,0.4304377960295774,0.3908234994428158,0.475360916636932,0.0005190103780202,3,10381,44
arctic,structured,CONTACT_FULL,T4,T4_rel_l1,4,0.4579734247934728,0.4130445738689176,0.5102821833528715,0.0017280598064366,3,9824,44
arctic,structured,CONTACT_FULL,T4,T4_rel_l1,8,0.4930318204709545,0.4421987619885202,0.5540058094586863,0.0025545209731939,3,9115,44
arctic,structured,CONTACT_FULL,T4,T4_cos,1,0.9312301162706038,0.919089210061184,0.9415086686729124,0.0003681205283775,3,10381,44
arctic,structured,CONTACT_FULL,T4,T4_cos,4,0.9312941315189514,0.9186488929923564,0.941723525698485,0.0003029138789241,3,9824,44
arctic,structured,CONTACT_FULL,T4,T4_cos,8,0.9296214695363926,0.917507440854245,0.9401843043270336,0.0002515279301706,3,9115,44
arctic,structured,CONTACT_FULL,T4,T4_Qerr,1,0.2693383847286363,0.2339496665110758,0.3097781075527178,0.0007840989060566,3,10381,44
arctic,structured,CONTACT_FULL,T4,T4_Qerr,4,0.3055692842457106,0.2603003232933553,0.3545407674114089,0.0022578600501401,3,9824,44
arctic,structured,CONTACT_FULL,T4,T4_Qerr,8,0.3459006742795738,0.291535521076505,0.4054271244243476,0.0028649482471036,3,9115,44
arctic,structured,CONTACT_FULL,T4,mse_q,1,0.3060509602846602,0.2452931115235546,0.3723856156606661,0.0020214108976986,3,11718,44
arctic,structured,CONTACT_FULL,T4,mse_q,4,0.3466509432124439,0.2838616482069836,0.4140696100450424,0.0038319056455275,3,11160,44
arctic,structured,CONTACT_FULL,T4,mse_q,8,0.4155278795446115,0.3420930824667564,0.4898748041731563,0.003997909695322,3,10416,44
arctic,structured,CONTACT_FULL,T1,auprc_macro,1,0.8581215252155694,0.8150790189676819,0.8970475762418703,0.0041969923842899,3,11718,44
arctic,structured,CONTACT_FULL,T1,f1_macro,1,0.7973173301260195,0.7618284945857936,0.8310801773875094,0.0016608901114753,3,11718,44
arctic,structured,CONTACT_FULL,T1,auprc_micro,1,0.9283042228034808,,,0.0023056971479366,3,11718,44
arctic,structured,CONTACT_FULL,T1,f1_micro,1,0.8587237389057409,,,0.0014306048816592,3,11718,44
arctic,structured,CONTACT_FULL,T1,auprc_macro,4,0.8432956048222535,0.7961020156501575,0.8817445498849847,0.0025540167637943,3,11160,44
arctic,structured,CONTACT_FULL,T1,f1_macro,4,0.7902268939037657,0.7552509749794267,0.8206163534635872,0.0018070224526647,3,11160,44
arctic,structured,CONTACT_FULL,T1,auprc_micro,4,0.9146554195413292,,,0.0019750372784725,3,11160,44
arctic,structured,CONTACT_FULL,T1,f1_micro,4,0.8570903799149465,,,0.0016338235015025,3,11160,44
arctic,structured,CONTACT_FULL,T1,auprc_macro,8,0.810905272470563,0.7581776517639451,0.8533730313333482,0.0013429647907216,3,10416,44
arctic,structured,CONTACT_FULL,T1,f1_macro,8,0.7677885332883575,0.7293543920478675,0.7996914360396322,0.0014318336646374,3,10416,44
arctic,structured,CONTACT_FULL,T1,auprc_micro,8,0.8853565845371658,,,0.0015464407040992,3,10416,44
arctic,structured,CONTACT_FULL,T1,f1_micro,8,0.8415033161385409,,,0.0018458049122423,3,10416,44
arctic,structured,FULL,T2,T2_rel_l1,1,0.3290016559235038,0.2587890597408269,0.4053316348187312,0.0020324663419875,3,11718,44
arctic,structured,PERSIST,T2,T2_rel_l1,1,0.0462063575967568,0.0349873738310629,0.0577074131247558,0.0,0,11718,44
arctic,structured,FULL,T2,T2_rel_l1,4,0.3543440287565839,0.2774921918014207,0.4360964212014713,0.0014004524741328,3,11160,44
arctic,structured,PERSIST,T2,T2_rel_l1,4,0.1383513311128042,0.1054734155344696,0.1721862399791971,0.0,0,11160,44
arctic,structured,FULL,T2,T2_rel_l1,8,0.4020808570624616,0.3170738840461657,0.4898062458584905,0.0008733175320595,3,10416,44
arctic,structured,PERSIST,T2,T2_rel_l1,8,0.2238122848634709,0.1701304958465332,0.2804639746037843,0.0,0,10416,44
arctic,structured,FULL,T2,mse_m,1,0.2074497380925119,0.1327248648387772,0.2859786959164166,0.0044044619684683,3,11718,44
arctic,structured,PERSIST,T2,mse_m,1,0.0087235738498814,0.0051654294249648,0.0120346667977318,0.0,0,11718,44
arctic,structured,FULL,T2,mse_m,4,0.2302868336456501,0.1473268361001078,0.3179084640346333,0.0038800893101874,3,11160,44
arctic,structured,PERSIST,T2,mse_m,4,0.0638800892513397,0.0385040049045533,0.0887029120726594,0.0,0,11160,44
arctic,structured,FULL,T2,mse_m,8,0.2714972720922058,0.1748454586380515,0.3724439104529536,0.0027054826278518,3,10416,44
arctic,structured,PERSIST,T2,mse_m,8,0.139164420533715,0.0844645414092452,0.1969721804448708,0.0,0,10416,44
arctic,structured,FULL,T3,T3_cent,1,0.1755146997129841,0.1541392807578903,0.2006682641525782,0.0010836829568811,3,10357,44
arctic,structured,PERSIST,T3,T3_cent,1,0.0319256900554826,0.0251043895447301,0.039986003328047,0.0,0,10117,44
arctic,structured,FULL,T3,T3_cent,4,0.1805349720205428,0.1577445138661578,0.2068174385333424,0.001701258249768,3,9835,44
arctic,structured,PERSIST,T3,T3_cent,4,0.0758852740325937,0.0585081122402984,0.0972555431840022,0.0,0,9396,44
arctic,structured,FULL,T3,T3_cent,8,0.2051593497167153,0.1768864427164413,0.2389228347732372,0.0018734514311014,3,9119,44
arctic,structured,PERSIST,T3,T3_cent,8,0.1295019080156646,0.0977831120082697,0.1719129905659318,0.0,0,8559,44
arctic,structured,FULL,T3,T3_ang,1,42.48899553299088,38.65860559898071,46.18325682845131,0.0621137493280977,3,10357,44
arctic,structured,PERSIST,T3,T3_ang,1,15.28878340558786,13.442407376887708,17.224249007199553,0.0,0,10117,44
arctic,structured,FULL,T3,T3_ang,4,43.48829325292701,39.60918983145696,47.200402018107965,0.0219626200678947,3,9835,44
arctic,structured,PERSIST,T3,T3_ang,4,26.93951795413845,24.17094826542736,30.001612069675733,0.0,0,9396,44
arctic,structured,FULL,T3,T3_ang,8,45.18607687220682,41.12460750576733,49.06661694007056,0.0516492683687274,3,9119,44
arctic,structured,PERSIST,T3,T3_ang,8,34.54789297009305,31.11364387322415,38.53156717112817,0.0,0,8559,44
arctic,structured,FULL,T3,mse_geom,1,0.3207875270362705,0.2884130091587289,0.3498819915469885,0.0003233276397316,3,10357,44
arctic,structured,PERSIST,T3,mse_geom,1,0.1650493520971967,0.1450137235712834,0.1876224808328029,0.0,0,10357,44
arctic,structured,FULL,T3,mse_geom,4,0.3328928677266701,0.2996288854788098,0.3630140305504084,0.0003591779759991,3,9835,44
arctic,structured,PERSIST,T3,mse_geom,4,0.3250512700519647,0.2865736008872999,0.3688704773289343,0.0,0,9835,44
arctic,structured,FULL,T3,mse_geom,8,0.3587286743322251,0.3212878350398108,0.3969544488456976,0.0004193736262952,3,9119,44
arctic,structured,PERSIST,T3,mse_geom,8,0.4524825003127607,0.3926561167811569,0.522528594008676,0.0,0,9119,44
arctic,structured,FULL,T4,T4_rel_l1,1,0.4104769382668522,0.3772830248857304,0.4462513507330791,0.0014260183279324,3,10381,44
arctic,structured,PERSIST,T4,T4_rel_l1,1,0.1563120387992458,0.1413634611584458,0.1737103518010583,0.0,0,10381,44
arctic,structured,FULL,T4,T4_rel_l1,4,0.4386234722386117,0.3980724186503293,0.4824666053800069,0.0012407919482612,3,9824,44
arctic,structured,PERSIST,T4,T4_rel_l1,4,0.2916002383043913,0.2644884701172856,0.3240756988571809,0.0,0,9824,44
arctic,structured,FULL,T4,T4_rel_l1,8,0.4774143706249033,0.4288922180048516,0.5350586334849049,0.0024122559156671,3,9115,44
arctic,structured,PERSIST,T4,T4_rel_l1,8,0.37492831517305,0.3365040558921825,0.4171997029995536,0.0,0,9115,44
arctic,structured,FULL,T4,T4_cos,1,0.938447435672039,0.9302742284900936,0.946407107410423,0.0004309195704061,3,10381,44
arctic,structured,FULL,T4,T4_cos,4,0.9395712753757834,0.9310778942075896,0.9476029245790591,0.0001418948323192,3,9824,44
arctic,structured,FULL,T4,T4_cos,8,0.9365217775842088,0.9273591515986376,0.9451339085863832,0.0001746763400795,3,9115,44
arctic,structured,FULL,T4,T4_Qerr,1,0.2557938029180961,0.2263587160370503,0.2871439281744027,0.0013229308364764,3,10381,44
arctic,structured,FULL,T4,T4_Qerr,4,0.2959015053575917,0.2571114974489043,0.3395198820781439,0.0015892711317539,3,9824,44
arctic,structured,FULL,T4,T4_Qerr,8,0.3388874469465181,0.2864190965266333,0.3971071316390145,0.0029054261399171,3,9115,44
arctic,structured,FULL,T4,mse_q,1,0.2747044464882473,0.2194866444839339,0.3411471791963061,0.0022709965851011,3,11718,44
arctic,structured,PERSIST,T4,mse_q,1,0.0715195918427963,0.0617022583445029,0.0825049200431424,0.0,0,11718,44
arctic,structured,FULL,T4,mse_q,4,0.3103414535370996,0.255871690602553,0.3717387516967382,0.0011093285307264,3,11160,44
arctic,structured,PERSIST,T4,mse_q,4,0.1949566180627175,0.1735333792778022,0.2177722159258371,0.0,0,11160,44
arctic,structured,FULL,T4,mse_q,8,0.3742197252489099,0.3123152457798288,0.4323311880114402,0.0022391648418913,3,10416,44
arctic,structured,PERSIST,T4,mse_q,8,0.314408137993597,0.2789530738077233,0.3544590513154763,0.0,0,10416,44
arctic,structured,FULL,T1,auprc_macro,1,0.8772943817487867,0.8341637138910648,0.9172292031123258,0.0060820424670543,3,11718,44
arctic,structured,FULL,T1,f1_macro,1,0.8096285203992734,0.7687344631374294,0.8462613466002972,0.0006810115634062,3,11718,44
arctic,structured,FULL,T1,auprc_micro,1,0.9391718053248184,,,0.0029789391016237,3,11718,44
arctic,structured,FULL,T1,f1_micro,1,0.8643437504385287,,,4.6439527180316674e-05,3,11718,44
arctic,structured,PERSIST,T1,auprc_macro,1,0.970071059156772,,,0.0,0,11718,44
arctic,structured,PERSIST,T1,f1_macro,1,0.9779692405650036,,,0.0,0,11718,44
arctic,structured,PERSIST,T1,auprc_micro,1,0.9739337675301258,,,0.0,0,11718,44
arctic,structured,PERSIST,T1,f1_micro,1,0.9799576710558088,,,0.0,0,11718,44
arctic,structured,MEAN,T1,auprc_macro,1,0.5041958240882972,,,0.0,0,11718,44
arctic,structured,MEAN,T2,T2_rel_l1,1,0.857808744556786,0.749475321712235,0.9709883257120386,0.0,0,11718,44
arctic,structured,MEAN,T4,T4_rel_l1,1,0.8569780064118918,0.7347302366034597,0.999207481975574,0.0,0,10381,44
arctic,structured,FULL,T1,auprc_macro,4,0.8642402265050412,0.8220565839809801,0.9038700276844196,0.0050950032110826,3,11160,44
arctic,structured,FULL,T1,f1_macro,4,0.8043652654952272,0.7617405669773123,0.8390947206653716,0.0014711198425427,3,11160,44
arctic,structured,FULL,T1,auprc_micro,4,0.9282092874146566,,,0.0022498066190378,3,11160,44
arctic,structured,FULL,T1,f1_micro,4,0.8634160170092133,,,0.0008782732699248,3,11160,44
arctic,structured,PERSIST,T1,auprc_macro,4,0.8991343386923246,,,0.0,0,11160,44
arctic,structured,PERSIST,T1,f1_macro,4,0.9262775594450132,,,0.0,0,11160,44
arctic,structured,PERSIST,T1,auprc_micro,4,0.9158251414147794,,,0.0,0,11160,44
arctic,structured,PERSIST,T1,f1_micro,4,0.9355666302969536,,,0.0,0,11160,44
arctic,structured,MEAN,T1,auprc_macro,4,0.5141427718040621,,,0.0,0,11160,44
arctic,structured,MEAN,T2,T2_rel_l1,4,0.8601020549781166,0.7483795204535593,0.976769379305128,0.0,0,11160,44
arctic,structured,MEAN,T4,T4_rel_l1,4,0.8233110996809597,0.7041356200651623,0.9638436052253844,0.0,0,9824,44
arctic,structured,FULL,T1,auprc_macro,8,0.8333937415891582,0.7886274846604131,0.8747594595841908,0.0040499230253745,3,10416,44
arctic,structured,FULL,T1,f1_macro,8,0.7839198792649449,0.7413320087348066,0.8201361966970688,0.0025043622252221,3,10416,44
arctic,structured,FULL,T1,auprc_micro,8,0.9017573337128642,,,0.00187364943918,3,10416,44
arctic,structured,FULL,T1,f1_micro,8,0.849599148004615,,,0.0013286178126589,3,10416,44
arctic,structured,PERSIST,T1,auprc_macro,8,0.8382550457230785,,,0.0,0,10416,44
arctic,structured,PERSIST,T1,f1_macro,8,0.8806639971050013,,,0.0,0,10416,44
arctic,structured,PERSIST,T1,auprc_micro,8,0.8657847247283806,,,0.0,0,10416,44
arctic,structured,PERSIST,T1,f1_micro,8,0.8972124339290208,,,0.0,0,10416,44
arctic,structured,MEAN,T1,auprc_macro,8,0.5168810803891449,,,0.0,0,10416,44
arctic,structured,MEAN,T2,T2_rel_l1,8,0.8635664109702862,0.7492700950093283,0.9829492348305724,0.0,0,10416,44
arctic,structured,MEAN,T4,T4_rel_l1,8,0.8165587299450766,0.6965216129812434,0.959904054710558,0.0,0,9115,44
arctic,structured,R0,T2,T2_rel_l1,1,0.3390378641607707,0.2710694849281614,0.406571394092925,0.0040193467436296,3,11718,44
arctic,structured,R0,T2,T2_rel_l1,4,0.3891574560413873,0.3096797841861495,0.4704608021579647,0.0039743380566742,3,11160,44
arctic,structured,R0,T2,T2_rel_l1,8,0.4392341473551344,0.3460776740621477,0.5323898873521781,0.0033360166092715,3,10416,44
arctic,structured,R0,T2,mse_m,1,0.1927951348245278,0.1221886981731797,0.25673663829493,0.0047407945340987,3,11718,44
arctic,structured,R0,T2,mse_m,4,0.2334240443601359,0.1483381371275857,0.3129084490824095,0.0050035128429479,3,11160,44
arctic,structured,R0,T2,mse_m,8,0.2789249684366263,0.1802248251686863,0.3740180497049719,0.0045178658573758,3,10416,44
arctic,structured,R0,T3,T3_cent,1,0.5330968341106103,0.4580748941626961,0.604834192135882,0.0020940283631895,3,10357,44
arctic,structured,R0,T3,T3_cent,4,0.5322057078105275,0.4563447995022487,0.6037394948171723,0.0018699134453491,3,9835,44
arctic,structured,R0,T3,T3_cent,8,0.5349791930047406,0.458587165323765,0.6064606905241035,0.0021015584998526,3,9119,44
arctic,structured,R0,T3,T3_ang,1,61.24558698145754,56.33985233211139,65.9561805944886,0.1901288576821693,3,10357,44
arctic,structured,R0,T3,T3_ang,4,61.56746257836284,56.58742712404968,66.32696476881156,0.285912501157083,3,9835,44
arctic,structured,R0,T3,T3_ang,8,62.0574052743005,57.06507582524696,66.92154112892634,0.3627455192980233,3,9119,44
arctic,structured,R0,T3,mse_geom,1,0.7348795300973202,0.6499942919446365,0.8180438182384411,0.0030490574207743,3,10357,44
arctic,structured,R0,T3,mse_geom,4,0.7381752751194259,0.6544540566238757,0.819763614725628,0.0021753041883614,3,9835,44
arctic,structured,R0,T3,mse_geom,8,0.74376064055054,0.6593370611157131,0.8266987248894753,0.0017078155673937,3,9119,44
arctic,structured,R0,T4,T4_rel_l1,1,0.4756238110325445,0.4489276659467516,0.5028793476374006,0.0007129963743573,3,10381,44
arctic,structured,R0,T4,T4_rel_l1,4,0.4974575488022695,0.4663950315236525,0.5307799508114724,0.0011529036183292,3,9824,44
arctic,structured,R0,T4,T4_rel_l1,8,0.5221188401087129,0.4842874845018923,0.5664725890620254,0.0016386117144613,3,9115,44
arctic,structured,R0,T4,T4_cos,1,0.8903073825738056,0.8797598843215624,0.9004554457117626,0.0001909900674078,3,10381,44
arctic,structured,R0,T4,T4_cos,4,0.8925530900116949,0.8820865442014948,0.9030287770063612,0.0002246329990015,3,9824,44
arctic,structured,R0,T4,T4_cos,8,0.8935681243715742,0.8826755170200272,0.9043367438967428,2.506431814127134e-05,3,9115,44
arctic,structured,R0,T4,T4_Qerr,1,0.2003606110626422,0.1794034892665417,0.2219661578319063,0.0025425751456812,3,10381,44
arctic,structured,R0,T4,T4_Qerr,4,0.2431681396423484,0.2124590230429179,0.274069463967058,0.0023614726939734,3,9824,44
arctic,structured,R0,T4,T4_Qerr,8,0.2862170148869359,0.2462312862667434,0.3287305743403045,0.001467237051108,3,9115,44
arctic,structured,R0,T4,mse_q,1,0.3864864662672822,0.3149432565609215,0.4622881488935912,0.0009719566932161,3,11718,44
arctic,structured,R0,T4,mse_q,4,0.4382800729706004,0.3599211296771419,0.5188704646635339,0.001418576177509,3,11160,44
arctic,structured,R0,T4,mse_q,8,0.4917629768859536,0.4025022292703453,0.5825252519209058,0.002247491508427,3,10416,44
arctic,structured,R0,T1,auprc_macro,1,0.9866604034216016,0.981837311011488,0.9895899066373148,0.0001249639113002,3,11718,44
arctic,structured,R0,T1,f1_macro,1,0.9761029471916234,0.971755459800099,0.9795144526092684,0.0003553162520768,3,11718,44
arctic,structured,R0,T1,auprc_micro,1,0.9914863395608396,,,0.0001587723612433,3,11718,44
arctic,structured,R0,T1,f1_micro,1,0.9782047279847887,,,0.000422867653506,3,11718,44
arctic,structured,R0,T1,auprc_macro,4,0.9528064760780324,0.9374070980828983,0.9635634057459176,0.0002646997261789,3,11160,44
arctic,structured,R0,T1,f1_macro,4,0.9256913608094588,0.9105297992917164,0.9374102716963054,0.0004596599756099,3,11160,44
arctic,structured,R0,T1,auprc_micro,4,0.9707071785539558,,,0.0002473747399806,3,11160,44
arctic,structured,R0,T1,f1_micro,4,0.93578961035214,,,0.0004425583480559,3,11160,44
arctic,structured,R0,T1,auprc_macro,8,0.9155185730863612,0.8922362834142836,0.9340143605798183,0.0006399784089106,3,10416,44
arctic,structured,R0,T1,f1_macro,8,0.8812614186228535,0.8548514259701242,0.9012295734142952,0.0003293570044663,3,10416,44
arctic,structured,R0,T1,auprc_micro,8,0.944488491291869,,,0.0002790526900849,3,10416,44
arctic,structured,R0,T1,f1_micro,8,0.9006354535099814,,,0.0007374657849643,3,10416,44
arctic,structured,R1,T2,T2_rel_l1,1,0.1140208384525907,0.0945762706162156,0.1331366841824744,0.0012662475363897,3,11718,44
arctic,structured,R1,T2,T2_rel_l1,4,0.1974592917054886,0.1566647023343394,0.2361138413316764,0.0016145708843987,3,11160,44
arctic,structured,R1,T2,T2_rel_l1,8,0.2940908043786304,0.2323817172542261,0.3533484739192475,0.0025740579327141,3,10416,44
arctic,structured,R1,T2,mse_m,1,0.0239197164009561,0.0162669814110509,0.0317800686290331,0.0005891235619886,3,11718,44
arctic,structured,R1,T2,mse_m,4,0.0726405820617,0.046133208834474,0.0997815653222065,0.0016019057447038,3,11160,44
arctic,structured,R1,T2,mse_m,8,0.1428196431984661,0.0915263033818788,0.1988380071284593,0.0029987875943562,3,10416,44
arctic,structured,R1,T3,T3_cent,1,0.4925422829403096,0.4168577203615987,0.5743875260685484,0.0018832805227044,3,10357,44
arctic,structured,R1,T3,T3_cent,4,0.4934165614435045,0.4175136982019458,0.5749678320502072,0.0017721759598089,3,9835,44
arctic,structured,R1,T3,T3_cent,8,0.5018708188450739,0.4248288497065288,0.5851311485302045,0.0012467320617599,3,9119,44
arctic,structured,R1,T3,T3_ang,1,58.5091506402396,53.67988675423153,63.03688043414392,0.2493465930967227,3,10357,44
arctic,structured,R1,T3,T3_ang,4,58.89222899760822,54.02825350347808,63.39191507252185,0.259370117795796,3,9835,44
arctic,structured,R1,T3,T3_ang,8,59.46763133738619,54.61445087140996,64.00883032632535,0.2813350209877455,3,9119,44
arctic,structured,R1,T3,mse_geom,1,0.6791039259509554,0.5890141499418348,0.7776642681477766,0.0027059978146668,3,10357,44
arctic,structured,R1,T3,mse_geom,4,0.6834761992172657,0.5934439594802828,0.7840362160422117,0.0025836419614685,3,9835,44
arctic,structured,R1,T3,mse_geom,8,0.6937347169218323,0.6008307273375241,0.7952985739959857,0.0015812557751499,3,9119,44
arctic,structured,R1,T4,T4_rel_l1,1,0.4415573053935419,0.4143142255636818,0.4696454035558046,0.0013905217614889,3,10381,44
arctic,structured,R1,T4,T4_rel_l1,4,0.4643716532244052,0.4336839873455263,0.4982480797410925,0.0012604738570413,3,9824,44
arctic,structured,R1,T4,T4_rel_l1,8,0.4899323189145774,0.4555521237777715,0.5317250521928929,0.0018721893180281,3,9115,44
arctic,structured,R1,T4,T4_cos,1,0.8993080180619576,0.8886512768549032,0.9098829429490906,0.0009198545699724,3,10381,44
arctic,structured,R1,T4,T4_cos,4,0.900889626176306,0.890165163983347,0.9118792957811532,0.0005711574674314,3,9824,44
arctic,structured,R1,T4,T4_cos,8,0.9011083176648688,0.8901981912792729,0.911940540370489,0.000648774478458,3,9115,44
arctic,structured,R1,T4,T4_Qerr,1,0.1763963060397664,0.1570513163393916,0.1975630649087729,0.0005250884647122,3,10381,44
arctic,structured,R1,T4,T4_Qerr,4,0.2189751598252236,0.1908452204555027,0.2502820396845027,0.0011076396122903,3,9824,44
arctic,structured,R1,T4,T4_Qerr,8,0.2627223188861146,0.2299071984097655,0.301878761320885,0.0022097745273515,3,9115,44
arctic,structured,R1,T4,mse_q,1,0.3385151152723823,0.273190824839903,0.4104128554787076,0.0024307289429023,3,11718,44
arctic,structured,R1,T4,mse_q,4,0.3809034720478487,0.3096005321790779,0.4550626867821478,0.0023443517891938,3,11160,44
arctic,structured,R1,T4,mse_q,8,0.4394459832854467,0.3556735548010888,0.5219734772997239,0.0019223964774941,3,10416,44
arctic,structured,R1,T1,auprc_macro,1,0.9952795720530762,0.993161368339122,0.996446935072996,0.0001779126786194,3,11718,44
arctic,structured,R1,T1,f1_macro,1,0.9783292004219936,0.973699876794032,0.9810189962855956,0.000255922691919,3,11718,44
arctic,structured,R1,T1,auprc_micro,1,0.9975614763580678,,,2.681983317826878e-05,3,11718,44
arctic,structured,R1,T1,f1_micro,1,0.9816474726272196,,,0.0001339384019465,3,11718,44
arctic,structured,R1,T1,auprc_macro,4,0.9730648055426144,0.9627120677171632,0.9792904067834072,0.0010939149020812,3,11160,44
arctic,structured,R1,T1,f1_macro,4,0.9388131016515304,0.9272615670299584,0.9479692765824352,0.0001490408729081,3,11160,44
arctic,structured,R1,T1,auprc_micro,4,0.9840686495107334,,,0.0002935002541432,3,11160,44
arctic,structured,R1,T1,f1_micro,4,0.9494908409477186,,,0.0002429820771132,3,11160,44
arctic,structured,R1,T1,auprc_macro,8,0.936734493094986,0.9152000445925892,0.95238776819796,0.002325766756603,3,10416,44
arctic,structured,R1,T1,f1_macro,8,0.8952025810721441,0.8729403120204661,0.9112422127091642,0.0011801828862158,3,10416,44
arctic,structured,R1,T1,auprc_micro,8,0.959285621737835,,,0.0010538113918473,3,10416,44
arctic,structured,R1,T1,f1_micro,8,0.9148163345947506,,,0.0006239267014494,3,10416,44
arctic,structured,R2,T2,T2_rel_l1,1,0.1272032153623608,0.1049992928166191,0.1498370654008779,0.0001382420234408,3,11718,44
arctic,structured,R2,T2,T2_rel_l1,4,0.2101044613477906,0.1682674460456027,0.251503493452972,0.0011691722413582,3,11160,44
arctic,structured,R2,T2,T2_rel_l1,8,0.3005710836680677,0.237739720866304,0.3619497316221607,0.0021222249500461,3,10416,44
arctic,structured,R2,T2,mse_m,1,0.027799483645381,0.018862486913626,0.0374136182706981,0.0001094659320488,3,11718,44
arctic,structured,R2,T2,mse_m,4,0.0768808360404012,0.049156998708628,0.1042989983605547,0.0001345038799986,3,11160,44
arctic,structured,R2,T2,mse_m,8,0.1439816045131681,0.0913007012415712,0.1981898866540628,0.0006568836459846,3,10416,44
arctic,structured,R2,T3,T3_cent,1,0.1533503524604434,0.1357238249978043,0.1731374857404393,0.0008988222254394,3,10357,44
arctic,structured,R2,T3,T3_cent,4,0.1812606635965107,0.1590293428744441,0.2068734447506758,0.0007405624243015,3,9835,44
arctic,structured,R2,T3,T3_cent,8,0.2177459121917567,0.1875650093657746,0.2534947580254567,0.0005256245798626,3,9119,44
arctic,structured,R2,T3,T3_ang,1,22.235102772729974,20.639050451768703,24.03628067497788,0.0467493118032276,3,10357,44
arctic,structured,R2,T3,T3_ang,4,31.97169499284553,29.40314328754416,34.767519123857646,0.0550176375674906,3,9835,44
arctic,structured,R2,T3,T3_ang,8,38.218702886525264,35.23191705047398,41.395708982447545,0.0570859401348419,3,9119,44
arctic,structured,R2,T3,mse_geom,1,0.1664574150864644,0.1494423221720875,0.1844199911860205,0.0003146585209452,3,10357,44
arctic,structured,R2,T3,mse_geom,4,0.2545764761774251,0.228852932997797,0.2827003185805932,0.0003511859497844,3,9835,44
arctic,structured,R2,T3,mse_geom,8,0.3200067802431305,0.2855047141793417,0.3614678506250647,0.000675819242294,3,9119,44
arctic,structured,R2,T4,T4_rel_l1,1,0.284116690769015,0.2642109222164486,0.3061688888478844,0.0003333506830264,3,10381,44
arctic,structured,R2,T4,T4_rel_l1,4,0.3537892394028725,0.3245312995529796,0.3852353002258956,0.001101027850626,3,9824,44
arctic,structured,R2,T4,T4_rel_l1,8,0.4125903054450608,0.373805758645589,0.4530065629874251,0.0015545089094293,3,9115,44
arctic,structured,R2,T4,T4_cos,1,0.9620159836815232,0.9571705995495964,0.9663556533512656,0.0001548717425646,3,10381,44
arctic,structured,R2,T4,T4_cos,4,0.9518840367138288,0.9453491076086016,0.9581351823694182,9.759873472711608e-05,3,9824,44
arctic,structured,R2,T4,T4_cos,8,0.9431492440594595,0.9349507610056296,0.9510055546051378,0.0001011419811258,3,9115,44
arctic,structured,R2,T4,T4_Qerr,1,0.1571782709703532,0.1414978666584314,0.1742326328603893,0.0005310592895038,3,10381,44
arctic,structured,R2,T4,T4_Qerr,4,0.2182280448478284,0.1911429680291552,0.2463248470214618,0.0016066730901545,3,9824,44
arctic,structured,R2,T4,T4_Qerr,8,0.2717282041243941,0.2347940007589879,0.3104286504535095,0.0023767360619905,3,9115,44
arctic,structured,R2,T4,mse_q,1,0.1268991315899303,0.1099612797244011,0.1462716359762213,0.0001587503147585,3,11718,44
arctic,structured,R2,T4,mse_q,4,0.2078670449113512,0.1821837859356948,0.2356081094665605,0.0003975516814369,3,11160,44
arctic,structured,R2,T4,mse_q,8,0.2977240724001145,0.2552520502803367,0.3422766339746836,0.0010773283785168,3,10416,44
arctic,structured,R2,T1,auprc_macro,1,0.9947838482917262,0.9925059769493398,0.9960637012535428,0.0001098822351736,3,11718,44
arctic,structured,R2,T1,f1_macro,1,0.9778866342853764,0.9736860129332312,0.9804853552934776,0.0002005082422071,3,11718,44
arctic,structured,R2,T1,auprc_micro,1,0.9968642011159908,,,5.5194363490814434e-05,3,11718,44
arctic,structured,R2,T1,f1_micro,1,0.9811032315597266,,,6.636166698580259e-05,3,11718,44
arctic,structured,R2,T1,auprc_macro,4,0.968352666703122,0.9577461523646056,0.974951991803686,6.137941505153323e-05,3,11160,44
arctic,structured,R2,T1,f1_macro,4,0.9352811506187942,0.9222108892922656,0.9446738208160184,0.0001641404948095,3,11160,44
arctic,structured,R2,T1,auprc_micro,4,0.9802108546686492,,,8.588755016306124e-05,3,11160,44
arctic,structured,R2,T1,f1_micro,4,0.9465611298421288,,,0.0003525270868393,3,11160,44
arctic,structured,R2,T1,auprc_macro,8,0.9286254737477062,0.9078087903156786,0.944444962581179,0.0005665337413631,3,10416,44
arctic,structured,R2,T1,f1_macro,8,0.8892672540158273,0.8659769718785356,0.9074042168561632,0.000339905845095,3,10416,44
arctic,structured,R2,T1,auprc_micro,8,0.9512446675234544,,,0.0007443016202174,3,10416,44
arctic,structured,R2,T1,f1_micro,8,0.9084927868654554,,,0.0004372008029548,3,10416,44
arctic,structured,R3,T2,T2_rel_l1,1,0.1289180274486033,0.1064134553791974,0.1523425498946273,0.0001471043510206,3,11718,44
arctic,structured,R3,T2,T2_rel_l1,4,0.2114540100228809,0.168097390487857,0.2543718681065799,0.0002791915988807,3,11160,44
arctic,structured,R3,T2,T2_rel_l1,8,0.3025969233195204,0.2389254699925709,0.366001120840017,0.0012696595896546,3,10416,44
arctic,structured,R3,T2,mse_m,1,0.0288019956066363,0.0194815322842292,0.0388295798638694,0.0002438209303581,3,11718,44
arctic,structured,R3,T2,mse_m,4,0.0775481927840124,0.0493280835320515,0.1060077012396163,1.3788325994902248e-05,3,11160,44
arctic,structured,R3,T2,mse_m,8,0.1451618217812356,0.0923951452068864,0.1998916318303656,0.0004225401481117,3,10416,44
arctic,structured,R3,T3,T3_cent,1,0.1565191996192738,0.1383217334904926,0.1767273220086635,0.0011588453460185,3,10357,44
arctic,structured,R3,T3,T3_cent,4,0.1831153426953815,0.1606130783039432,0.2087959950779235,0.0012719857855801,3,9835,44
arctic,structured,R3,T3,T3_cent,8,0.2192940893547764,0.1890972776070653,0.255657307627847,0.0013828252739218,3,9119,44
arctic,structured,R3,T3,T3_ang,1,22.57002478199736,21.003241542766443,24.35731304594023,0.1116514479266273,3,10357,44
arctic,structured,R3,T3,T3_ang,4,32.15747152714785,29.69789463111277,34.944064558109666,0.0819141428600208,3,9835,44
arctic,structured,R3,T3,T3_ang,8,38.23668110923608,35.23413568298483,41.39378254434565,0.054780650964136,3,9119,44
arctic,structured,R3,T3,mse_geom,1,0.1690063847842288,0.1521202954337531,0.1872434721711934,0.0007127334787939,3,10357,44
arctic,structured,R3,T3,mse_geom,4,0.2559852400067843,0.2307133600966987,0.2840991143962376,0.0009935840702846,3,9835,44
arctic,structured,R3,T3,mse_geom,8,0.3204886300647812,0.28598132487307,0.3616250286129608,0.0009518359232731,3,9119,44
arctic,structured,R3,T4,T4_rel_l1,1,0.2789737282629653,0.2596573517685379,0.3004821542937865,0.0006874090438964,3,10381,44
arctic,structured,R3,T4,T4_rel_l1,4,0.3492124091556253,0.3210288046167208,0.3790640499588736,0.001059580347405,3,9824,44
arctic,structured,R3,T4,T4_rel_l1,8,0.4120173035278401,0.3734155473791341,0.4536616119405002,0.0013367824406926,3,9115,44
arctic,structured,R3,T4,T4_cos,1,0.9620474908181886,0.9572975277118392,0.9663765218514112,0.0001388148143014,3,10381,44
arctic,structured,R3,T4,T4_cos,4,0.9520811240555846,0.9455377622974458,0.9582817948785494,6.140872163081158e-05,3,9824,44
arctic,structured,R3,T4,T4_cos,8,0.9434205671522032,0.9351819997020776,0.9511582506006988,4.087547109232174e-05,3,9115,44
arctic,structured,R3,T4,T4_Qerr,1,0.1446874699734911,0.1297298417890402,0.1604884239762734,0.0008884872456873,3,10381,44
arctic,structured,R3,T4,T4_Qerr,4,0.2095946188835532,0.1834301555014864,0.2361807498358246,0.0013262246110063,3,9824,44
arctic,structured,R3,T4,T4_Qerr,8,0.2694053286574402,0.232672000085692,0.3087021708733057,0.001445009910587,3,9115,44
arctic,structured,R3,T4,mse_q,1,0.1235158206130972,0.1067962653825785,0.1426384066973618,0.0001343402051183,3,11718,44
arctic,structured,R3,T4,mse_q,4,0.2036053078465654,0.1779445320144452,0.2309683149037282,0.0002641798920936,3,11160,44
arctic,structured,R3,T4,mse_q,8,0.2959812483008605,0.254233630845706,0.3406734038382256,0.0005194988299128,3,10416,44
arctic,structured,R3,T1,auprc_macro,1,0.9958266782996604,0.9938866711045576,0.9968360405958872,4.011591912295296e-05,3,11718,44
arctic,structured,R3,T1,f1_macro,1,0.9791097050621173,0.9751746681685308,0.9812534784805944,6.112295757590121e-05,3,11718,44
arctic,structured,R3,T1,auprc_micro,1,0.997511584614545,,,3.3889678474401844e-05,3,11718,44
arctic,structured,R3,T1,f1_micro,1,0.9820627802690582,,,0.0001462701982561,3,11718,44
arctic,structured,R3,T1,auprc_macro,4,0.9700491231370876,0.9599655588279666,0.9771121608778832,0.0002282408132261,3,11160,44
arctic,structured,R3,T1,f1_macro,4,0.9360527775288152,0.9240981308122378,0.9453818854619992,0.0001582399339808,3,11160,44
arctic,structured,R3,T1,auprc_micro,4,0.981994159657021,,,0.00010600220647,3,11160,44
arctic,structured,R3,T1,f1_micro,4,0.9468317763777246,,,0.0001368540173138,3,11160,44
arctic,structured,R3,T1,auprc_macro,8,0.9298219657073856,0.908090479684826,0.9457810239109644,0.0004222124007568,3,10416,44
arctic,structured,R3,T1,f1_macro,8,0.8896346505238246,0.8665916702829775,0.9076173049331936,0.0004636701589399,3,10416,44
arctic,structured,R3,T1,auprc_micro,8,0.9529168104324476,,,0.0001849366671078,3,10416,44
arctic,structured,R3,T1,f1_micro,8,0.9096481031385396,,,0.0004857958895093,3,10416,44
arctic,structured,R4,T2,T2_rel_l1,1,0.1476165951331541,0.1213847653002507,0.1741759480821263,0.0005022145235988,3,11718,44
arctic,structured,R4,T2,T2_rel_l1,4,0.2229508440880244,0.180056327146005,0.2691134138160745,0.0004621748501146,3,11160,44
arctic,structured,R4,T2,T2_rel_l1,8,0.3091808950766008,0.2487801461534412,0.3758605601676986,0.0007001279645803,3,10416,44
arctic,structured,R4,T2,mse_m,1,0.0355893247566707,0.02425830483236,0.0477145998790285,0.0010596128421508,3,11718,44
arctic,structured,R4,T2,mse_m,4,0.0840809546521871,0.0549450098445239,0.1154815193494288,0.0016486810944747,3,11160,44
arctic,structured,R4,T2,mse_m,8,0.1529251185255748,0.1005186106769367,0.2107799855073546,0.0013339194289208,3,10416,44
arctic,structured,R4,T3,T3_cent,1,0.1299680431982279,0.1156786728173015,0.1457714592567371,0.0006745638352997,3,10357,44
arctic,structured,R4,T3,T3_cent,4,0.1449953161034189,0.1276480145560219,0.1645783094098617,0.000773537666361,3,9835,44
arctic,structured,R4,T3,T3_cent,8,0.1776500913954977,0.152709158926136,0.2069550131127068,0.001041236072532,3,9119,44
arctic,structured,R4,T3,T3_ang,1,22.4804722426814,20.747708154820828,24.463846459686447,0.1459313410961947,3,10357,44
arctic,structured,R4,T3,T3_ang,4,30.539150995085794,27.981155056466967,33.362958134811464,0.1687940884185818,3,9835,44
arctic,structured,R4,T3,T3_ang,8,36.0823331413359,33.109212327298266,39.24846338718454,0.1551002242675678,3,9119,44
arctic,structured,R4,T3,mse_geom,1,0.154109278908574,0.1381592311750425,0.1717965711945456,0.0008349654320401,3,10357,44
arctic,structured,R4,T3,mse_geom,4,0.2229568917789114,0.1999170067819529,0.2480496368823117,0.0009648095956335,3,9835,44
arctic,structured,R4,T3,mse_geom,8,0.2799694693637316,0.2497878332260361,0.3120816523495565,0.0012359396370952,3,9119,44
arctic,structured,R4,T4,T4_rel_l1,1,0.2965915821382862,0.2733415795541024,0.322260464059191,0.0010048409154553,3,10381,44
arctic,structured,R4,T4,T4_rel_l1,4,0.3713364154779191,0.3346132995185248,0.4127121904608097,0.0003272621450312,3,9824,44
arctic,structured,R4,T4,T4_rel_l1,8,0.4394432991555086,0.3889582457733377,0.4995211045128235,0.0004387539814535,3,9115,44
arctic,structured,R4,T4,T4_cos,1,0.9632571918773072,0.9580269076715768,0.968158656113997,0.0002016060026876,3,10381,44
arctic,structured,R4,T4,T4_cos,4,0.9546043042742712,0.9477403915304572,0.961253767281112,0.0001055934185149,3,9824,44
arctic,structured,R4,T4,T4_cos,8,0.9459850309481022,0.9380490057352708,0.954036137897704,0.0001696393729748,3,9115,44
arctic,structured,R4,T4,T4_Qerr,1,0.1707064191026999,0.1502893520298199,0.1927565204352203,0.0014641108296281,3,10381,44
arctic,structured,R4,T4,T4_Qerr,4,0.2449352017922985,0.207578077677978,0.2858501695130143,0.0010184096775927,3,9824,44
arctic,structured,R4,T4,T4_Qerr,8,0.3110070010200035,0.2579351990874169,0.3690385415687462,0.0003107071398898,3,9115,44
arctic,structured,R4,T4,mse_q,1,0.1311237083481513,0.1142721350748722,0.1497226451781072,0.0006135901510535,3,11718,44
arctic,structured,R4,T4,mse_q,4,0.2092923034301197,0.1808371426863951,0.235526322838454,0.0006491743022918,3,11160,44
arctic,structured,R4,T4,mse_q,8,0.3031991855267288,0.2583287627358581,0.3453153246199759,0.0012337968765312,3,10416,44
arctic,structured,R4,T1,auprc_macro,1,0.9941408060509266,0.9914951993880848,0.995611088470224,0.0002500482800992,3,11718,44
arctic,structured,R4,T1,f1_macro,1,0.975971640357784,0.9714044753680566,0.9791981049421602,0.0003282479706018,3,11718,44
arctic,structured,R4,T1,auprc_micro,1,0.9965785495623284,,,4.990781063195692e-05,3,11718,44
arctic,structured,R4,T1,f1_micro,1,0.9790489141982917,,,0.0001831812385278,3,11718,44
arctic,structured,R4,T1,auprc_macro,4,0.9665855600934038,0.9548662878081388,0.9734338352663509,0.0009122059525928,3,11160,44
arctic,structured,R4,T1,f1_macro,4,0.9340553945626134,0.920751809580759,0.9443984970100032,0.0010817097071446,3,11160,44
arctic,structured,R4,T1,auprc_micro,4,0.9792592470409522,,,0.0004157188655124,3,11160,44
arctic,structured,R4,T1,f1_micro,4,0.945507846180376,,,0.0012544190631572,3,11160,44
arctic,structured,R4,T1,auprc_macro,8,0.9233399342194156,0.8994939778486821,0.9405169752840592,0.0019951666257486,3,10416,44
arctic,structured,R4,T1,f1_macro,8,0.8878630607853132,0.8625078855740025,0.9074630674942628,0.0012129755632336,3,10416,44
arctic,structured,R4,T1,auprc_micro,8,0.9476795264706852,,,0.0009295692148551,3,10416,44
arctic,structured,R4,T1,f1_micro,8,0.907937171524128,,,0.0010842398447039,3,10416,44
arctic,structured,R5,T2,T2_rel_l1,1,0.1445547729362142,0.1195612573533002,0.1711835364746832,0.000830426074884,3,11718,44
arctic,structured,R5,T2,T2_rel_l1,4,0.2184765135372242,0.1755783790277016,0.265229794678895,0.0013545666090094,3,11160,44
arctic,structured,R5,T2,T2_rel_l1,8,0.3066977307435598,0.2453229286057238,0.3742255961285944,0.0035831556526152,3,10416,44
arctic,structured,R5,T2,mse_m,1,0.0355234382669344,0.024362262380888,0.047639503121575,0.0001005846451453,3,11718,44
arctic,structured,R5,T2,mse_m,4,0.0830971617114356,0.0541172970919659,0.1147720433576604,0.0010116686450428,3,11160,44
arctic,structured,R5,T2,mse_m,8,0.15243934280464,0.0998940710807642,0.2106891542365967,0.0036069280171824,3,10416,44
arctic,structured,R5,T3,T3_cent,1,0.1287301610376546,0.1144554740974385,0.1454133233770482,0.0005875840363301,3,10357,44
arctic,structured,R5,T3,T3_cent,4,0.1445208120617653,0.1265944679344844,0.1645951071099443,0.0008896593946671,3,9835,44
arctic,structured,R5,T3,T3_cent,8,0.1776911465659262,0.1521091568168446,0.2071629506836828,0.0014463928968119,3,9119,44
arctic,structured,R5,T3,T3_ang,1,22.587424251579048,20.87034359590328,24.551803624831585,0.0446291026626683,3,10357,44
arctic,structured,R5,T3,T3_ang,4,30.52431834227674,27.95198593435273,33.3543204113754,0.0985967248551033,3,9835,44
arctic,structured,R5,T3,T3_ang,8,36.00816387707419,33.041140869575294,39.23951319200884,0.1455696101383062,3,9119,44
arctic,structured,R5,T3,mse_geom,1,0.1542655371923164,0.138189435699543,0.1718775131613367,0.000483063138493,3,10357,44
arctic,structured,R5,T3,mse_geom,4,0.2227681870243204,0.1997103626180931,0.2478311281775486,0.0003845226597752,3,9835,44
arctic,structured,R5,T3,mse_geom,8,0.279380452433526,0.2490355301637514,0.3121010268458285,0.0008341190602772,3,9119,44
arctic,structured,R5,T4,T4_rel_l1,1,0.2901058759349766,0.2674605439363636,0.3159730916195078,0.0017158193243714,3,10381,44
arctic,structured,R5,T4,T4_rel_l1,4,0.3689108811954418,0.3321148441794104,0.4117702772268373,0.0032111507283433,3,9824,44
arctic,structured,R5,T4,T4_rel_l1,8,0.4423353878150781,0.391068907342628,0.5023560847659255,0.0048472796473307,3,9115,44
arctic,structured,R5,T4,T4_cos,1,0.9632743237456332,0.9579726058816938,0.9682310891824404,0.0003294131388609,3,10381,44
arctic,structured,R5,T4,T4_cos,4,0.9544883522839084,0.9476531424597678,0.9611011109054663,0.000268794974526,3,9824,44
arctic,structured,R5,T4,T4_cos,8,0.9462808454586004,0.9383040957055268,0.954006708136798,0.0004279760078096,3,9115,44
arctic,structured,R5,T4,T4_Qerr,1,0.1593082754620317,0.1395220185947251,0.1800834285635933,0.0017564182107262,3,10381,44
arctic,structured,R5,T4,T4_Qerr,4,0.2401005711130077,0.2026647555948605,0.2812317092979345,0.0030624167113286,3,9824,44
arctic,structured,R5,T4,T4_Qerr,8,0.3144398533492142,0.2594194364966297,0.3753429981685907,0.0054774417527805,3,9115,44
arctic,structured,R5,T4,mse_q,1,0.1262940463231599,0.1096553171633847,0.1444015560036874,0.0005082647047986,3,11718,44
arctic,structured,R5,T4,mse_q,4,0.2043869114435848,0.1769735902770503,0.2299485497109377,0.0019365007959412,3,11160,44
arctic,structured,R5,T4,mse_q,8,0.3034956372220195,0.2585919257039014,0.3449741995033319,0.0036628816757827,3,10416,44
arctic,structured,R5,T1,auprc_macro,1,0.9955097525719102,0.993346396816094,0.9966562716661516,0.0001443966872088,3,11718,44
arctic,structured,R5,T1,f1_macro,1,0.9780026985713536,0.9739408059945036,0.9807516428705452,0.0003287737935301,3,11718,44
arctic,structured,R5,T1,auprc_micro,1,0.997408258712272,,,3.28237769575416e-05,3,11718,44
arctic,structured,R5,T1,f1_micro,1,0.980877613889638,,,0.0003788036485071,3,11718,44
arctic,structured,R5,T1,auprc_macro,4,0.9700693059291652,0.9589075951815266,0.9772983734117534,0.000651315216345,3,11160,44
arctic,structured,R5,T1,f1_macro,4,0.935661062346762,0.9221805804449236,0.9460878543501182,0.0011256520225139,3,11160,44
arctic,structured,R5,T1,auprc_micro,4,0.9819186659995568,,,0.000455650976314,3,11160,44
arctic,structured,R5,T1,f1_micro,4,0.94657984210223,,,0.0012862015829918,3,11160,44
arctic,structured,R5,T1,auprc_macro,8,0.926965810630839,0.9036220927237552,0.9447061066284324,0.0017859720562868,3,10416,44
arctic,structured,R5,T1,f1_macro,8,0.8877946133703903,0.860904121054855,0.9079111618174526,0.0005751653512334,3,10416,44
arctic,structured,R5,T1,auprc_micro,8,0.9510291751624383,,,0.0015851524357019,3,10416,44
arctic,structured,R5,T1,f1_micro,8,0.9078546237073346,,,0.0007653937886169,3,10416,44
arctic,dense,CONTACT_FULL,T5C,E_C,1,1.0416035268803538,0.9191118744627866,1.1657035675519232,0.0074097953084841,3,11718,44
arctic,dense,CONTACT_FULL,T5C,E_C,4,1.2121490810667317,1.089828564699269,1.336445151923999,0.0051084606918659,3,11160,44
arctic,dense,CONTACT_FULL,T5C,E_C,8,1.4409638710903685,1.2929441321019772,1.597533138759312,0.0029605477215269,3,10416,44
arctic,dense,CONTACT_FULL,T5C,cos_C,1,0.0408969730856183,0.0221171363014288,0.0581694662287133,0.0007818415475295,3,11718,44
arctic,dense,CONTACT_FULL,T5C,cos_C,4,0.1429103670839928,0.1103291948817481,0.1774048012535273,0.0001980330294252,3,11160,44
arctic,dense,CONTACT_FULL,T5C,cos_C,8,0.2128134923023063,0.1728629854522725,0.258000503055988,0.0014718440060955,3,10416,44
arctic,dense,CONTACT_FULL,T5C,mse_C,1,0.0787109042585536,0.0624178293699374,0.0948390651198329,0.0011329923186717,3,11718,44
arctic,dense,CONTACT_FULL,T5C,mse_C,4,0.1043988558749992,0.0858105596448116,0.1244132407481554,0.0009633788901585,3,11160,44
arctic,dense,CONTACT_FULL,T5C,mse_C,8,0.149875683845171,0.120448213163798,0.1827988050925111,0.0007278212980378,3,10416,44
arctic,dense,CONTACT_FULL,T5H,E_H,1,0.0502228192513912,0.0442144435222272,0.0561528250629131,0.0001001206482348,3,11718,44
arctic,dense,CONTACT_FULL,T5H,E_H,4,0.0510225124077163,0.044715209160419,0.057261536542228,0.0001460204103351,3,11160,44
arctic,dense,CONTACT_FULL,T5H,E_H,8,0.0559630157607865,0.049371977437217,0.062653058920023,0.000187141150683,3,10416,44
arctic,dense,CONTACT_FULL,T5H,mse_H,1,0.1605587008388617,0.1068843455704033,0.2234613583072433,0.0037068773529848,3,11718,44
arctic,dense,CONTACT_FULL,T5H,mse_H,4,0.1678901139874592,0.1126660983625662,0.2333543950976253,0.0042708113667309,3,11160,44
arctic,dense,CONTACT_FULL,T5H,mse_H,8,0.1945304574985211,0.1356271930587032,0.2606578746231813,0.0043203001879408,3,10416,44
arctic,dense,FULL,T5C,E_C,1,0.7460362426968418,0.6620171358503516,0.8322280945809631,0.0162294437571514,3,11718,44
arctic,dense,PERSIST,T5C,E_C,1,0.1672059022083401,0.1407767023014716,0.1922073994376988,0.0,0,11718,44
arctic,dense,FULL,T5C,E_C,4,0.9764611097313064,0.881585617651285,1.0784485843686251,0.0076578301248016,3,11160,44
arctic,dense,PERSIST,T5C,E_C,4,0.5413251815195912,0.451549247256634,0.6287657233597629,0.0,0,11160,44
arctic,dense,FULL,T5C,E_C,8,1.2832276296012173,1.1334419501597717,1.43998897359018,0.0039731829198105,3,10416,44
arctic,dense,PERSIST,T5C,E_C,8,0.8934068066403728,0.7480662643419201,1.0299170533389592,0.0,0,10416,44
arctic,dense,FULL,T5C,cos_C,1,0.06982765434573,0.038072087523047,0.1046506863664047,0.0013539479641782,3,11718,44
arctic,dense,FULL,T5C,cos_C,4,0.2024190468610872,0.153693437936592,0.2565822871725839,0.0010746068239746,3,11160,44
arctic,dense,FULL,T5C,cos_C,8,0.2730575541393528,0.2202897999471947,0.3325152307475243,0.0014479805570465,3,10416,44
arctic,dense,FULL,T5C,mse_C,1,0.0435773060657789,0.0352296936118698,0.0524356334909977,0.0015891253518365,3,11718,44
arctic,dense,PERSIST,T5C,mse_C,1,0.0041852423211897,0.0030125528349703,0.0054310952815828,0.0,0,11718,44
arctic,dense,FULL,T5C,mse_C,4,0.0731269644748527,0.0609420294241419,0.086364730151982,0.0007261479337978,3,11160,44
arctic,dense,PERSIST,T5C,mse_C,4,0.0398038099597342,0.0285890125763706,0.0513438641062809,0.0,0,11160,44
arctic,dense,FULL,T5C,mse_C,8,0.1309724618287493,0.1038534608898189,0.1612399072850241,0.0009088428879056,3,10416,44
arctic,dense,PERSIST,T5C,mse_C,8,0.0972112436907478,0.0703191533606041,0.1245412373340719,0.0,0,10416,44
arctic,dense,FULL,T5H,E_H,1,0.0155738227956431,0.014414612531735,0.0166607350687325,0.0001447376230747,3,11718,44
arctic,dense,PERSIST,T5H,E_H,1,0.0048637847958369,0.0040753138838259,0.0057383577794362,0.0,0,11718,44
arctic,dense,FULL,T5H,E_H,4,0.0213654550099928,0.0196113936022336,0.0230306616331568,0.0001350100709001,3,11160,44
arctic,dense,PERSIST,T5H,E_H,4,0.0176963193782571,0.0147291548946129,0.0209495735052909,0.0,0,11160,44
arctic,dense,FULL,T5H,E_H,8,0.0324244748644699,0.0292570870711983,0.0355500579956242,0.0002193717812814,3,10416,44
arctic,dense,PERSIST,T5H,E_H,8,0.0317116414514779,0.0264949594237649,0.0372150573558632,0.0,0,10416,44
arctic,dense,FULL,T5H,mse_H,1,0.0098174197270571,0.0082409600142908,0.0114148831613226,0.0001689643783452,3,11718,44
arctic,dense,PERSIST,T5H,mse_H,1,0.002185716873016,0.0016165157913535,0.0028015236897084,0.0,0,11718,44
arctic,dense,FULL,T5H,mse_H,4,0.0224277301929466,0.0180966046879556,0.02703203704998,0.0002977409026745,3,11160,44
arctic,dense,PERSIST,T5H,mse_H,4,0.0295078861352054,0.022055989589117,0.0375840552277905,0.0,0,11160,44
arctic,dense,FULL,T5H,mse_H,8,0.0645528767642369,0.048814780146101,0.0812764151021194,0.0012034729349776,3,10416,44
arctic,dense,PERSIST,T5H,mse_H,8,0.0908797963919081,0.067680462821512,0.1161903450413418,0.0,0,10416,44
arctic,dense,R0,T5C,E_C,1,2.6021266337404643,2.261789780506829,2.934690570883088,0.0133755309338123,3,11718,44
arctic,dense,R0,T5C,E_C,4,2.654700942863593,2.3023991324131075,2.9965589990510177,0.0133372272288559,3,11160,44
arctic,dense,R0,T5C,E_C,8,2.708577958609445,2.352694083763391,3.0664384942264435,0.0143383891444882,3,10416,44
arctic,dense,R0,T5C,cos_C,1,-0.0044794336438927,-0.024251035342762,0.0152731449758708,0.0043769069629225,3,11718,44
arctic,dense,R0,T5C,cos_C,4,0.0654031874394188,0.033070718822635,0.1008925294043216,0.0060845778812601,3,11160,44
arctic,dense,R0,T5C,cos_C,8,0.1279673550700258,0.0844084193225764,0.1780495691778605,0.007640753371241,3,10416,44
arctic,dense,R0,T5C,mse_C,1,0.4918414392262741,0.3943375208728651,0.6007559923526506,0.0044607506710236,3,11718,44
arctic,dense,R0,T5C,mse_C,4,0.5076167115210188,0.402225113405427,0.6252050760804508,0.0051467662321929,3,11160,44
arctic,dense,R0,T5C,mse_C,8,0.5220663744235857,0.4098245104606873,0.6510070032511022,0.0059188943939456,3,10416,44
arctic,dense,R0,T5H,E_H,1,0.0902277771242848,0.079198493082544,0.1014468884580915,0.0004428074340592,3,11718,44
arctic,dense,R0,T5H,E_H,4,0.0905917231447487,0.0794013984038947,0.1018909354711073,0.000357646591592,3,11160,44
arctic,dense,R0,T5H,E_H,8,0.0924147441115025,0.0812695266325223,0.1037880545035756,0.0002711903890092,3,10416,44
arctic,dense,R0,T5H,mse_H,1,0.4131268912765055,0.3195914372679989,0.5194575654089015,0.0056278840916271,3,11718,44
arctic,dense,R0,T5H,mse_H,4,0.4174076516948987,0.3225091718688863,0.5231936046952816,0.0059907742709766,3,11160,44
arctic,dense,R0,T5H,mse_H,8,0.4321744526945574,0.3379073618465992,0.5349896637453238,0.005862951797304,3,10416,44
arctic,dense,R1,T5C,E_C,1,2.37213994369717,2.038774432354551,2.707748762469671,0.0133822065946491,3,11718,44
arctic,dense,R1,T5C,E_C,4,2.4367120545824794,2.104250153897454,2.776495089447117,0.0098010015674488,3,11160,44
arctic,dense,R1,T5C,E_C,8,2.524967007379057,2.1944495196498823,2.871330916962163,0.0061550754925629,3,10416,44
arctic,dense,R1,T5C,cos_C,1,0.0038141443164673,-0.0171428645929165,0.0252006095205192,0.0014268353337502,3,11718,44
arctic,dense,R1,T5C,cos_C,4,0.07586944683724,0.0433076690219473,0.1112793705285832,0.0008462635063311,3,11160,44
arctic,dense,R1,T5C,cos_C,8,0.1368909013933287,0.0951338092092247,0.1825392234965004,0.0007977010130858,3,10416,44
arctic,dense,R1,T5C,mse_C,1,0.4256549571934222,0.3293883013065267,0.5376842004164267,0.0037204941584631,3,11718,44
arctic,dense,R1,T5C,mse_C,4,0.4417647446858727,0.3418471393659297,0.5568890990947424,0.0030910364886815,3,11160,44
arctic,dense,R1,T5C,mse_C,8,0.4651430561204552,0.3574989853926377,0.5842646053377193,0.0018076502585907,3,10416,44
arctic,dense,R1,T5H,E_H,1,0.084172883445267,0.0738131296315623,0.0947544071798643,0.001514853563128,3,11718,44
arctic,dense,R1,T5H,E_H,4,0.0845413135309573,0.0741087326077509,0.0952041293806837,0.0016268341736787,3,11160,44
arctic,dense,R1,T5H,E_H,8,0.0869004855853557,0.076888238185907,0.0971498474840239,0.0016746811450576,3,10416,44
arctic,dense,R1,T5H,mse_H,1,0.3660304567066763,0.2882195915663066,0.4528951560467023,0.012619354955925,3,11718,44
arctic,dense,R1,T5H,mse_H,4,0.3701962906780476,0.2901655713710988,0.4560763797429197,0.0134242712832256,3,11160,44
arctic,dense,R1,T5H,mse_H,8,0.3867802355284815,0.3052709462026996,0.4718180248486316,0.0140672797155588,3,10416,44
arctic,dense,R2,T5C,E_C,1,1.7102732267850678,1.4891972495911878,1.9322710843746147,0.0027230193967504,3,11718,44
arctic,dense,R2,T5C,E_C,4,1.8096889653299872,1.5838604534294074,2.04443291207167,0.0025793092071348,3,11160,44
arctic,dense,R2,T5C,E_C,8,1.9434537264860356,1.7011292532788984,2.2002307749116534,0.0029601115331353,3,10416,44
arctic,dense,R2,T5C,cos_C,1,0.0247403548869336,0.0039649118122929,0.0466847585676457,0.0010524566181742,3,11718,44
arctic,dense,R2,T5C,cos_C,4,0.1107650160633565,0.0784043956859968,0.1470157568343698,0.0007220903837723,3,11160,44
arctic,dense,R2,T5C,cos_C,8,0.1819555553640916,0.1403879138660148,0.2287931435048368,0.0005130562781502,3,10416,44
arctic,dense,R2,T5C,mse_C,1,0.2165165187653572,0.1679552216177875,0.2672996603451074,0.0011904918710612,3,11718,44
arctic,dense,R2,T5C,mse_C,4,0.2403378042955941,0.1858624251907137,0.2968659291427086,0.0014327459078371,3,11160,44
arctic,dense,R2,T5C,mse_C,8,0.2769361424413005,0.2129295377355261,0.3440083216730625,0.0015510300348185,3,10416,44
arctic,dense,R2,T5H,E_H,1,0.053821203170033,0.0478960415141586,0.0600563496578424,0.00031759313304,3,11718,44
arctic,dense,R2,T5H,E_H,4,0.0554410328233187,0.0492648025460518,0.0620117305867263,0.0002768783477016,3,11160,44
arctic,dense,R2,T5H,E_H,8,0.06002257783894,0.0534367022228629,0.0673922687565968,0.0002786090662211,3,10416,44
arctic,dense,R2,T5H,mse_H,1,0.1775060248731127,0.1321241409890261,0.2305661160687649,0.0009471998277108,3,11718,44
arctic,dense,R2,T5H,mse_H,4,0.1880255921758831,0.1391287526079685,0.2425429347262817,0.0006313562770392,3,11160,44
arctic,dense,R2,T5H,mse_H,8,0.2147970581071801,0.1610480803972077,0.2722640052676074,0.0004280243864762,3,10416,44
arctic,dense,R3,T5C,E_C,1,1.667507929317647,1.4619958543867555,1.865206763326794,0.0130458284177593,3,11718,44
arctic,dense,R3,T5C,E_C,4,1.7663365444629102,1.5544089393994762,1.9817883449645253,0.0107646670913739,3,11160,44
arctic,dense,R3,T5C,E_C,8,1.9042913575689613,1.6768247784806796,2.138629881538872,0.00698537024771,3,10416,44
arctic,dense,R3,T5C,cos_C,1,0.0290068951985681,0.0089698299387125,0.0494517617446289,0.0032391830350214,3,11718,44
arctic,dense,R3,T5C,cos_C,4,0.1166406899467345,0.0846234663590639,0.1510949966580607,0.0028961639020531,3,11160,44
arctic,dense,R3,T5C,cos_C,8,0.1881369636704523,0.1479730682560449,0.2344268586231201,0.0028550299311439,3,10416,44
arctic,dense,R3,T5C,mse_C,1,0.2014168955221642,0.1593143934087666,0.2432473525225563,0.0020015216915016,3,11718,44
arctic,dense,R3,T5C,mse_C,4,0.224817306778392,0.1774738009774784,0.2728966634429349,0.0012672134832863,3,11160,44
arctic,dense,R3,T5C,mse_C,8,0.2623812323834251,0.204702583237228,0.3254396842893933,0.0003826825453855,3,10416,44
arctic,dense,R3,T5H,E_H,1,0.0520933649619447,0.0465788375755738,0.0578213272385219,0.0007269061652246,3,11718,44
arctic,dense,R3,T5H,E_H,4,0.0536172308028578,0.0479519053066999,0.0596017682916351,0.0006436231126817,3,11160,44
arctic,dense,R3,T5H,E_H,8,0.0580777992558245,0.051934448089198,0.0644035572902893,0.0004912973790602,3,10416,44
arctic,dense,R3,T5H,mse_H,1,0.1689489931421911,0.1255256684067976,0.2179385613135849,0.0049649158149091,3,11718,44
arctic,dense,R3,T5H,mse_H,4,0.1785579653774132,0.1332070338272503,0.2297846382768205,0.0046473843667854,3,11160,44
arctic,dense,R3,T5H,mse_H,8,0.2036834362533382,0.1545877627274968,0.2570389036653164,0.0039258248322687,3,10416,44
arctic,dense,R4,T5C,E_C,1,1.4953039380982276,1.2808777661190205,1.7025632810214355,0.0050614965670945,3,11718,44
arctic,dense,R4,T5C,E_C,4,1.588060390388453,1.3640787747922565,1.8098450485943136,0.0031748094534553,3,11160,44
arctic,dense,R4,T5C,E_C,8,1.7528588719116651,1.514759292246168,1.999829944891761,0.003985872812937,3,10416,44
arctic,dense,R4,T5C,cos_C,1,0.0660385165226608,0.0353132605089544,0.1039061156716934,0.0014698964930781,3,11718,44
arctic,dense,R4,T5C,cos_C,4,0.1642931340424544,0.1190162414965996,0.2194039610894743,0.0019699004631373,3,11160,44
arctic,dense,R4,T5C,cos_C,8,0.2332811203348825,0.1852574957126771,0.287394971100442,0.0032712263358665,3,10416,44
arctic,dense,R4,T5C,mse_C,1,0.1767563275754893,0.132262243190359,0.2245663895349877,0.0015918824279694,3,11718,44
arctic,dense,R4,T5C,mse_C,4,0.1970709743303573,0.1466434451106275,0.2502154450006338,0.0010373057768459,3,11160,44
arctic,dense,R4,T5C,mse_C,8,0.2390772742784245,0.1782377159858403,0.3060162332079744,0.0014864135993966,3,10416,44
arctic,dense,R4,T5H,E_H,1,0.0271776081994334,0.0228881787681337,0.0317606400698282,0.0005769050892099,3,11718,44
arctic,dense,R4,T5H,E_H,4,0.031545856032407,0.0272805336665633,0.0359357620452383,0.0003540406588469,3,11160,44
arctic,dense,R4,T5H,E_H,8,0.0404312115953645,0.0355630538329973,0.045397960109378,0.0002733002398715,3,10416,44
arctic,dense,R4,T5H,mse_H,1,0.0455792485321535,0.0276834274895136,0.0673331602417583,0.0024242473387306,3,11718,44
arctic,dense,R4,T5H,mse_H,4,0.0580813475570822,0.0400293266718382,0.0797988324874295,0.000996135097454,3,11160,44
arctic,dense,R4,T5H,mse_H,8,0.0985471347445635,0.0735049092393621,0.1248942727656119,0.0005735827581736,3,10416,44
arctic,dense,R5,T5C,E_C,1,1.4705852208527754,1.265215289216159,1.6721095733747204,0.0048859165198862,3,11718,44
arctic,dense,R5,T5C,E_C,4,1.5640657176006598,1.3482088509780557,1.7790849244695768,0.0092288377527351,3,11160,44
arctic,dense,R5,T5C,E_C,8,1.7373540916189711,1.5016325982960894,1.9872280786056111,0.0129556534474582,3,10416,44
arctic,dense,R5,T5C,cos_C,1,0.0694868933417978,0.0390360790405643,0.1059195135667724,0.0017485185861105,3,11718,44
arctic,dense,R5,T5C,cos_C,4,0.1690278848913658,0.1232727998053673,0.225378307638089,0.0020669283476323,3,11160,44
arctic,dense,R5,T5C,cos_C,8,0.2362139241212548,0.186522684608298,0.293380929086033,0.0013426276917918,3,10416,44
arctic,dense,R5,T5C,mse_C,1,0.1682851363886176,0.1272869770937437,0.2123175029658461,0.0025093704453055,3,11718,44
arctic,dense,R5,T5C,mse_C,4,0.188800140683371,0.14207555207467,0.2395438108564134,0.0036501129451213,3,11160,44
arctic,dense,R5,T5C,mse_C,8,0.2329614080076981,0.175469302038893,0.2976014767730361,0.0052795906654094,3,10416,44
arctic,dense,R5,T5H,E_H,1,0.0266930346371948,0.022647812197599,0.0309361151738807,0.0002189859718342,3,11718,44
arctic,dense,R5,T5H,E_H,4,0.0310300289669932,0.027095076712523,0.0349662685029928,0.0003032405669857,3,11160,44
arctic,dense,R5,T5H,E_H,8,0.0398992355334423,0.0350703045793631,0.0443383450456267,0.00041371949762,3,10416,44
arctic,dense,R5,T5H,mse_H,1,0.0422650169448883,0.0275019263893866,0.0592414220924991,0.0010007751305747,3,11718,44
arctic,dense,R5,T5H,mse_H,4,0.0544928168470401,0.0392798898017431,0.0710592872245057,0.0015011946866002,3,11160,44
arctic,dense,R5,T5H,mse_H,8,0.0953208669944683,0.0734671896850842,0.1172028400273232,0.0019835507973926,3,10416,44
