dataset,code,h,metric,value,lo,hi
taco,teacher,1,displacement_ratio,0.2651811625071607,0.2550205283741144,0.275877146399194
taco,teacher,1,cos_to_frame0,0.8984394843925486,0.8838299903748262,0.91080775388095
taco,teacher,1,autocorrelation,0.896778404712677,,
taco,teacher,2,displacement_ratio,0.3295104540679808,0.3187548424811864,0.3403421232525139
taco,teacher,2,cos_to_frame0,0.818005375748316,0.7945238690541452,0.8383202124692672
taco,teacher,2,autocorrelation,0.8540417551994324,,
taco,teacher,4,displacement_ratio,0.4110661605577711,0.3991919437633859,0.4220551016867689
taco,teacher,4,cos_to_frame0,0.7078984845173801,0.6748197357660274,0.7402293648173641
taco,teacher,4,autocorrelation,0.7869936227798462,,
taco,teacher,8,displacement_ratio,0.5131221035556807,0.4999989091369397,0.5250454414472978
taco,teacher,8,cos_to_frame0,0.5168913950488626,0.4707850912681099,0.5652198527873639
taco,teacher,8,autocorrelation,0.6831264495849609,,
taco,teacher,16,displacement_ratio,0.6300193692792903,0.6131695475114777,0.6459876585814117
taco,teacher,16,cos_to_frame0,0.2295603721382116,0.1699282240309031,0.2869478411906461
taco,teacher,16,autocorrelation,0.5283001661300659,,
taco,teacher,32,displacement_ratio,0.7998504488227459,0.7739078039263608,0.8243027176185201
taco,teacher,32,cos_to_frame0,-0.0645547245327219,-0.1093105088185631,-0.015899128144851
taco,teacher,32,autocorrelation,0.2726011574268341,,
taco,teacher,63,displacement_ratio,1.1356346477846524,1.1063121227639516,1.163709892463797
taco,teacher,63,cos_to_frame0,-0.1819544421831289,-0.223333053853352,-0.1415112023448566
taco,teacher,63,autocorrelation,-0.1952081024646759,,
taco,dense_C,1,displacement_ratio,0.0474471866606049,0.0451687743585723,0.0496210850059005
taco,dense_C,1,cos_to_frame0,0.9859657642933038,0.9833340140147756,0.9883245027370128
taco,dense_C,1,autocorrelation,0.998279333114624,,
taco,dense_C,2,displacement_ratio,0.0746050614090943,0.0714555788238721,0.0778712654053057
taco,dense_C,2,cos_to_frame0,0.9640919985351982,0.9587551442667016,0.9691871423400558
taco,dense_C,2,autocorrelation,0.9954239130020142,,
taco,dense_C,4,displacement_ratio,0.1186534551427709,0.1137351861027638,0.123595804701386
taco,dense_C,4,cos_to_frame0,0.9170192656936226,0.9060580923847112,0.9275913584895222
taco,dense_C,4,autocorrelation,0.985835075378418,,
taco,dense_C,8,displacement_ratio,0.1812696074145836,0.1736271394382515,0.1896268527076223
taco,dense_C,8,cos_to_frame0,0.8425152303937536,0.8226459602229205,0.8600432652474368
taco,dense_C,8,autocorrelation,0.961968719959259,,
taco,dense_C,16,displacement_ratio,0.265179398213769,0.2517020242531303,0.2787637339544686
taco,dense_C,16,cos_to_frame0,0.718174126170637,0.6886822000681309,0.7472614927420144
taco,dense_C,16,autocorrelation,0.9072195291519164,,
taco,dense_C,32,displacement_ratio,0.4010265190973059,0.3763682831673726,0.4246975109876112
taco,dense_C,32,cos_to_frame0,0.5730119942109213,0.5386365352257247,0.6064979793846199
taco,dense_C,32,autocorrelation,0.7752206921577454,,
taco,dense_C,63,displacement_ratio,0.6613890251738357,0.6360509806955084,0.6883256647857189
taco,dense_C,63,cos_to_frame0,0.5361479463025027,0.5005116372098961,0.5704494124082395
taco,dense_C,63,autocorrelation,0.3771552741527557,,
taco,dense_C,1,r2_from_past_self,0.9897861480712892,,
taco,dense_C,1,r2_from_current_z3,0.5981598496437073,,
taco,dense_C,1,r2_from_both,0.9880836009979248,,
taco,dense_C,1,r2_gain_past_beyond_z3,0.3899237513542175,,
taco,dense_C,1,r2_persistence_copy,0.9914893507957458,,
taco,dense_C,4,r2_from_past_self,0.959230363368988,,
taco,dense_C,4,r2_from_current_z3,0.6013071537017822,,
taco,dense_C,4,r2_from_both,0.9646986722946168,,
taco,dense_C,4,r2_gain_past_beyond_z3,0.3633915185928345,,
taco,dense_C,4,r2_persistence_copy,0.955257773399353,,
taco,dense_C,8,r2_from_past_self,0.9189841151237488,,
taco,dense_C,8,r2_from_current_z3,0.6056012511253357,,
taco,dense_C,8,r2_from_both,0.9386081099510192,,
taco,dense_C,8,r2_gain_past_beyond_z3,0.3330068588256836,,
taco,dense_C,8,r2_persistence_copy,0.9007527828216552,,
taco,dense_C,16,r2_from_past_self,0.8541035056114197,,
taco,dense_C,16,r2_from_current_z3,0.6077688932418823,,
taco,dense_C,16,r2_from_both,0.9017570614814758,,
taco,dense_C,16,r2_gain_past_beyond_z3,0.2939881682395935,,
taco,dense_C,16,r2_persistence_copy,0.7988829016685486,,
taco,dense_C,32,r2_from_past_self,0.7690812945365906,,
taco,dense_C,32,r2_from_current_z3,0.6069650053977966,,
taco,dense_C,32,r2_from_both,0.8532447814941406,,
taco,dense_C,32,r2_gain_past_beyond_z3,0.246279776096344,,
taco,dense_C,32,r2_persistence_copy,0.6158431768417358,,
taco,A0:h,1,displacement_ratio,0.0760515171581633,0.071580109023243,0.0807758973070297
taco,A0:h,1,cos_to_frame0,0.968868555388526,0.9605784834699151,0.9762131634793692
taco,A0:h,1,autocorrelation,0.9874172806739808,,
taco,A0:h,2,displacement_ratio,0.1185607565745997,0.1123606710675818,0.1251848072149235
taco,A0:h,2,cos_to_frame0,0.92007576792941,0.9040769797863284,0.9347742263231488
taco,A0:h,2,autocorrelation,0.9743780493736268,,
taco,A0:h,4,displacement_ratio,0.186778413945461,0.1777629450980573,0.1961984405140433
taco,A0:h,4,cos_to_frame0,0.8173789590556215,0.7923136499634831,0.8418983870652862
taco,A0:h,4,autocorrelation,0.9422053098678588,,
taco,A0:h,8,displacement_ratio,0.2798987986407355,0.2670770538054603,0.2938001883422869
taco,A0:h,8,cos_to_frame0,0.6697031416735806,0.6307831379127303,0.7074393825296821
taco,A0:h,8,autocorrelation,0.8779147267341614,,
taco,A0:h,16,displacement_ratio,0.3959341125491147,0.3758430525635409,0.4176513124707346
taco,A0:h,16,cos_to_frame0,0.4432766477649028,0.3925352617761053,0.4976590970193248
taco,A0:h,16,autocorrelation,0.764757513999939,,
taco,A0:h,32,displacement_ratio,0.577343783239005,0.5429887960068638,0.6123446295087384
taco,A0:h,32,cos_to_frame0,0.2159070687542495,0.1670827779671411,0.2657504717543207
taco,A0:h,32,autocorrelation,0.5675410032272339,,
taco,A0:h,63,displacement_ratio,0.8996203916945628,0.8566130861744036,0.9422531359787156
taco,A0:h,63,cos_to_frame0,0.1633892126156242,0.116001893398033,0.2159217354918914
taco,A0:h,63,autocorrelation,0.2129443138837814,,
taco,A0:h,1,r2_from_past_self,0.9768661260604858,,
taco,A0:h,1,r2_from_current_z3,0.8654061555862427,,
taco,A0:h,1,r2_from_both,0.9804615378379822,,
taco,A0:h,1,r2_gain_past_beyond_z3,0.1150553822517395,,
taco,A0:h,1,r2_persistence_copy,0.9765848517417908,,
taco,A0:h,4,r2_from_past_self,0.903464376926422,,
taco,A0:h,4,r2_from_current_z3,0.8662025332450867,,
taco,A0:h,4,r2_from_both,0.9433584809303284,,
taco,A0:h,4,r2_gain_past_beyond_z3,0.0771559476852417,,
taco,A0:h,4,r2_persistence_copy,0.8897965550422668,,
taco,A0:h,8,r2_from_past_self,0.8152671456336975,,
taco,A0:h,8,r2_from_current_z3,0.8679917454719543,,
taco,A0:h,8,r2_from_both,0.9202762842178344,,
taco,A0:h,8,r2_gain_past_beyond_z3,0.0522845387458801,,
taco,A0:h,8,r2_persistence_copy,0.7647967338562012,,
taco,A0:h,16,r2_from_past_self,0.695427656173706,,
taco,A0:h,16,r2_from_current_z3,0.871724009513855,,
taco,A0:h,16,r2_from_both,0.9011601209640504,,
taco,A0:h,16,r2_gain_past_beyond_z3,0.0294361114501953,,
taco,A0:h,16,r2_persistence_copy,0.5409687757492065,,
taco,A0:h,32,r2_from_past_self,0.5467942953109741,,
taco,A0:h,32,r2_from_current_z3,0.8734449148178101,,
taco,A0:h,32,r2_from_both,0.8826745748519897,,
taco,A0:h,32,r2_gain_past_beyond_z3,0.0092296600341796,,
taco,A0:h,32,r2_persistence_copy,0.1154718399047851,,
taco,A1:z,1,displacement_ratio,0.1034892848334633,0.0982742135654099,0.1085078613277436
taco,A1:z,1,cos_to_frame0,0.9657270591399008,0.9528246846890904,0.9757563390466508
taco,A1:z,1,autocorrelation,0.976782202720642,,
taco,A1:z,2,displacement_ratio,0.1586366154325123,0.1519916205230005,0.1650027031563333
taco,A1:z,2,cos_to_frame0,0.9139336889793912,0.894292212121841,0.9315333190203026
taco,A1:z,2,autocorrelation,0.9531899094581604,,
taco,A1:z,4,displacement_ratio,0.2433512704549255,0.2352363792450985,0.2515359011131252
taco,A1:z,4,cos_to_frame0,0.7966718228104023,0.7666361400653442,0.8275740305297175
taco,A1:z,4,autocorrelation,0.9013811349868774,,
taco,A1:z,8,displacement_ratio,0.3560310007881496,0.3446503439134753,0.367126056244155
taco,A1:z,8,cos_to_frame0,0.5881059905872322,0.5404209649722441,0.6330405228610675
taco,A1:z,8,autocorrelation,0.8056356906890869,,
taco,A1:z,16,displacement_ratio,0.4893440191971732,0.4722194834808532,0.5066707984441721
taco,A1:z,16,cos_to_frame0,0.2961474553794487,0.2366991359008301,0.3523295101936577
taco,A1:z,16,autocorrelation,0.6514998078346252,,
taco,A1:z,32,displacement_ratio,0.6930330541639865,0.6639796037348148,0.7222248553565975
taco,A1:z,32,cos_to_frame0,0.0240003427715746,-0.0203457686518727,0.0730675879618564
taco,A1:z,32,autocorrelation,0.3873458802700043,,
taco,A1:z,63,displacement_ratio,1.0946234153112868,1.0635117335783386,1.1246819754216284
taco,A1:z,63,cos_to_frame0,-0.0917879810382786,-0.1337963445395042,-0.0481681303748582
taco,A1:z,63,autocorrelation,-0.1314669102430343,,
taco,A1:z,1,r2_from_past_self,0.9572914242744446,,
taco,A1:z,1,r2_from_current_z3,0.8960895538330078,,
taco,A1:z,1,r2_from_both,0.9710450172424316,,
taco,A1:z,1,r2_gain_past_beyond_z3,0.0749554634094238,,
taco,A1:z,1,r2_persistence_copy,0.9561432003974916,,
taco,A1:z,4,r2_from_past_self,0.8329340815544128,,
taco,A1:z,4,r2_from_current_z3,0.8948070406913757,,
taco,A1:z,4,r2_from_both,0.9392158389091492,,
taco,A1:z,4,r2_gain_past_beyond_z3,0.0444087982177734,,
taco,A1:z,4,r2_persistence_copy,0.8050912618637085,,
taco,A1:z,8,r2_from_past_self,0.70350182056427,,
taco,A1:z,8,r2_from_current_z3,0.8939522504806519,,
taco,A1:z,8,r2_from_both,0.9235665798187256,,
taco,A1:z,8,r2_gain_past_beyond_z3,0.0296143293380737,,
taco,A1:z,8,r2_persistence_copy,0.6076419353485107,,
taco,A1:z,16,r2_from_past_self,0.5549757480621338,,
taco,A1:z,16,r2_from_current_z3,0.8906059861183167,,
taco,A1:z,16,r2_from_both,0.9094935655593872,,
taco,A1:z,16,r2_gain_past_beyond_z3,0.0188875794410705,,
taco,A1:z,16,r2_persistence_copy,0.2830243110656738,,
taco,A1:z,32,r2_from_past_self,0.4158170223236084,,
taco,A1:z,32,r2_from_current_z3,0.8785017132759094,,
taco,A1:z,32,r2_from_both,0.8886023163795471,,
taco,A1:z,32,r2_gain_past_beyond_z3,0.0101006031036376,,
taco,A1:z,32,r2_persistence_copy,-0.3331223726272583,,
taco,A2:z,1,displacement_ratio,0.0583486302249174,0.0555123539302175,0.0613157621234336
taco,A2:z,1,cos_to_frame0,0.9647113253454586,0.956423586551212,0.9718725586076864
taco,A2:z,1,autocorrelation,0.9926623702049256,,
taco,A2:z,2,displacement_ratio,0.0931063430117709,0.0890264621660005,0.0973905602231978
taco,A2:z,2,cos_to_frame0,0.9058835469083962,0.8894749598363966,0.9213931353830068
taco,A2:z,2,autocorrelation,0.983516275882721,,
taco,A2:z,4,displacement_ratio,0.1501543335770103,0.1435569680464948,0.1569484561383644
taco,A2:z,4,cos_to_frame0,0.7871417030129213,0.7573174808642585,0.815934420513083
taco,A2:z,4,autocorrelation,0.9605451226234436,,
taco,A2:z,8,displacement_ratio,0.232351520006637,0.2217387732432164,0.2436022798184056
taco,A2:z,8,cos_to_frame0,0.6307794110859734,0.5887717376806573,0.6688116397371664
taco,A2:z,8,autocorrelation,0.9116016626358032,,
taco,A2:z,16,displacement_ratio,0.3422755730839876,0.3243088647639521,0.3604371619401731
taco,A2:z,16,cos_to_frame0,0.422725827044265,0.3731263042759944,0.4737998432274813
taco,A2:z,16,autocorrelation,0.8186702132225037,,
taco,A2:z,32,displacement_ratio,0.5137164245390302,0.4812159082246184,0.5459387659484177
taco,A2:z,32,cos_to_frame0,0.2064783682708966,0.1589727966999687,0.2600088263912013
taco,A2:z,32,autocorrelation,0.6570073366165161,,
taco,A2:z,63,displacement_ratio,0.8574830918971982,0.8196869785345953,0.8963325424566836
taco,A2:z,63,cos_to_frame0,0.1604492338783629,0.1118814612050197,0.2099930277026725
taco,A2:z,63,autocorrelation,0.3727864921092987,,
taco,A2:z,1,r2_from_past_self,0.9875780940055848,,
taco,A2:z,1,r2_from_current_z3,0.9336748719215392,,
taco,A2:z,1,r2_from_both,0.9898080825805664,,
taco,A2:z,1,r2_gain_past_beyond_z3,0.0561332106590271,,
taco,A2:z,1,r2_persistence_copy,0.9876089096069336,,
taco,A2:z,4,r2_from_past_self,0.9359065294265748,,
taco,A2:z,4,r2_from_current_z3,0.933617353439331,,
taco,A2:z,4,r2_from_both,0.9670552611351012,,
taco,A2:z,4,r2_gain_past_beyond_z3,0.0334379076957702,,
taco,A2:z,4,r2_persistence_copy,0.9270901679992676,,
taco,A2:z,8,r2_from_past_self,0.8653876185417175,,
taco,A2:z,8,r2_from_current_z3,0.9343992471694946,,
taco,A2:z,8,r2_from_both,0.9538114666938782,,
taco,A2:z,8,r2_gain_past_beyond_z3,0.0194122195243835,,
taco,A2:z,8,r2_persistence_copy,0.8314840793609619,,
taco,A2:z,16,r2_from_past_self,0.7554338574409485,,
taco,A2:z,16,r2_from_current_z3,0.9369096159934998,,
taco,A2:z,16,r2_from_both,0.9440146684646606,,
taco,A2:z,16,r2_gain_past_beyond_z3,0.0071050524711608,,
taco,A2:z,16,r2_persistence_copy,0.6452630758285522,,
taco,A2:z,32,r2_from_past_self,0.6192999482154846,,
taco,A2:z,32,r2_from_current_z3,0.9424389600753784,,
taco,A2:z,32,r2_from_both,0.9411756992340088,,
taco,A2:z,32,r2_gain_past_beyond_z3,-0.0012632608413696,,
taco,A2:z,32,r2_persistence_copy,0.2810883522033691,,
taco,A2:r,1,displacement_ratio,0.1840106473498783,0.1747326087959358,0.1942657625990965
taco,A2:r,1,cos_to_frame0,0.908124934861457,0.8933567750803844,0.9221476141208164
taco,A2:r,1,autocorrelation,0.947091579437256,,
taco,A2:r,2,displacement_ratio,0.2783433732955337,0.2654278685379417,0.2926152821286663
taco,A2:r,2,cos_to_frame0,0.7915111665849338,0.7667876198255886,0.8160182498846208
taco,A2:r,2,autocorrelation,0.8922066688537598,,
taco,A2:r,4,displacement_ratio,0.4050881050342878,0.3871893093670015,0.4252351947298375
taco,A2:r,4,cos_to_frame0,0.6123253099958075,0.5732832420630635,0.649074427369722
taco,A2:r,4,autocorrelation,0.7882136702537537,,
taco,A2:r,8,displacement_ratio,0.536506035129775,0.5117082756940948,0.5647074679738431
taco,A2:r,8,cos_to_frame0,0.4439679311823796,0.3986358345505437,0.4908933816087718
taco,A2:r,8,autocorrelation,0.648276150226593,,
taco,A2:r,16,displacement_ratio,0.6514258072353326,0.6176220875369461,0.6881123852028971
taco,A2:r,16,cos_to_frame0,0.2504071087325708,0.210601555417758,0.2917695688958122
taco,A2:r,16,autocorrelation,0.4972735941410064,,
taco,A2:r,32,displacement_ratio,0.7951515631770695,0.7536567270542275,0.8430429703827488
taco,A2:r,32,cos_to_frame0,0.1067462349157002,0.0751883559668308,0.1404794962952426
taco,A2:r,32,autocorrelation,0.2881525754928589,,
taco,A2:r,63,displacement_ratio,0.921332466160203,0.8721945371058658,0.9737724130828112
taco,A2:r,63,cos_to_frame0,0.0726347071794117,0.0439130065092456,0.1003852828519336
taco,A2:r,63,autocorrelation,0.0749668627977371,,
taco,A2:r,1,r2_from_past_self,0.8822954893112183,,
taco,A2:r,1,r2_from_current_z3,0.0661450028419494,,
taco,A2:r,1,r2_from_both,0.5199215412139893,,
taco,A2:r,1,r2_gain_past_beyond_z3,0.4537765383720398,,
taco,A2:r,1,r2_persistence_copy,0.8963577747344971,,
taco,A2:r,4,r2_from_past_self,0.5290051698684692,,
taco,A2:r,4,r2_from_current_z3,0.0655499696731567,,
taco,A2:r,4,r2_from_both,0.2833478450775146,,
taco,A2:r,4,r2_gain_past_beyond_z3,0.2177978754043579,,
taco,A2:r,4,r2_persistence_copy,0.5938218832015991,,
taco,A2:r,8,r2_from_past_self,0.2961268424987793,,
taco,A2:r,8,r2_from_current_z3,0.0650146603584289,,
taco,A2:r,8,r2_from_both,0.1660792827606201,,
taco,A2:r,8,r2_gain_past_beyond_z3,0.1010646224021911,,
taco,A2:r,8,r2_persistence_copy,0.339640200138092,,
taco,A2:r,16,r2_from_past_self,0.1562703251838684,,
taco,A2:r,16,r2_from_current_z3,0.0642988085746765,,
taco,A2:r,16,r2_from_both,0.1088235974311828,,
taco,A2:r,16,r2_gain_past_beyond_z3,0.0445247888565063,,
taco,A2:r,16,r2_persistence_copy,0.0882109999656677,,
taco,A2:r,32,r2_from_past_self,0.0576029419898986,,
taco,A2:r,32,r2_from_current_z3,0.063204288482666,,
taco,A2:r,32,r2_from_both,0.0761351585388183,,
taco,A2:r,32,r2_gain_past_beyond_z3,0.0129308700561523,,
taco,A2:r,32,r2_persistence_copy,-0.183130145072937,,
taco,A2:resid_z,1,displacement_ratio,0.1829553179463351,0.1726797555918439,0.1945738577018304
taco,A2:resid_z,1,cos_to_frame0,0.9036942794100268,0.8894603639602182,0.917582825974892
taco,A2:resid_z,1,autocorrelation,0.9534741640090942,,
taco,A2:resid_z,2,displacement_ratio,0.2748348766241918,0.2604261789101533,0.2919681456155705
taco,A2:resid_z,2,cos_to_frame0,0.782841096939212,0.7578023344617583,0.8073895089899097
taco,A2:resid_z,2,autocorrelation,0.9059520363807678,,
taco,A2:resid_z,4,displacement_ratio,0.3994106717080205,0.3776655994238099,0.425064685942715
taco,A2:resid_z,4,cos_to_frame0,0.6074721317131911,0.5694588330391047,0.6425759130727207
taco,A2:resid_z,4,autocorrelation,0.8133479952812195,,
taco,A2:resid_z,8,displacement_ratio,0.5295975084242585,0.498617851804333,0.5672522449625715
taco,A2:resid_z,8,cos_to_frame0,0.4515744953078555,0.4092935805292285,0.496203656239081
taco,A2:resid_z,8,autocorrelation,0.6821985840797424,,
taco,A2:resid_z,16,displacement_ratio,0.6490655027862106,0.6054170392117009,0.6997101046738539
taco,A2:resid_z,16,cos_to_frame0,0.2581106715945649,0.2194322294157497,0.295942481189121
taco,A2:resid_z,16,autocorrelation,0.5266838669776917,,
taco,A2:resid_z,32,displacement_ratio,0.8041988375218032,0.7412544639475439,0.8766686944875958
taco,A2:resid_z,32,cos_to_frame0,0.1195197037119254,0.0883390416179049,0.1499810974603039
taco,A2:resid_z,32,autocorrelation,0.2714087665081024,,
taco,A2:resid_z,63,displacement_ratio,0.8986738715730198,0.8260025225150666,0.9773760817380563
taco,A2:resid_z,63,cos_to_frame0,0.0865416906090903,0.0598280445061881,0.1134936318165697
taco,A2:resid_z,63,autocorrelation,0.0587700493633747,,
taco,A2:resid_full,1,displacement_ratio,0.1973391253102038,0.1811900321931163,0.2161773935036947
taco,A2:resid_full,1,cos_to_frame0,0.883001157952534,0.8672268664565586,0.8977443886935419
taco,A2:resid_full,1,autocorrelation,0.9648852348327636,,
taco,A2:resid_full,2,displacement_ratio,0.2837481011718429,0.2590230419096689,0.3122844717331231
taco,A2:resid_full,2,cos_to_frame0,0.7615961439006931,0.7383864485669612,0.7845036695321959
taco,A2:resid_full,2,autocorrelation,0.9277868270874025,,
taco,A2:resid_full,4,displacement_ratio,0.3956012938192094,0.3599372376717669,0.4373235320398817
taco,A2:resid_full,4,cos_to_frame0,0.6050355757489432,0.5738760076373615,0.635217341107276
taco,A2:resid_full,4,autocorrelation,0.8604707717895508,,
taco,A2:resid_full,8,displacement_ratio,0.5163841445387883,0.4678256178665557,0.5748038318426842
taco,A2:resid_full,8,cos_to_frame0,0.488166539256901,0.4555958302183783,0.5225165723146225
taco,A2:resid_full,8,autocorrelation,0.7536009550094604,,
taco,A2:resid_full,16,displacement_ratio,0.640977665167916,0.5715794271032101,0.724353754819446
taco,A2:resid_full,16,cos_to_frame0,0.2886727039297981,0.2599372721241197,0.3192668866048336
taco,A2:resid_full,16,autocorrelation,0.5995489358901978,,
taco,A2:resid_full,32,displacement_ratio,0.8165321575150222,0.7013432092283438,0.9478817932189552
taco,A2:resid_full,32,cos_to_frame0,0.1745772259284302,0.1531359737440558,0.1968477484589135
taco,A2:resid_full,32,autocorrelation,0.2447731792926788,,
taco,A2:resid_full,63,displacement_ratio,0.916403141302558,0.7774779271720659,1.0653524698252783
taco,A2:resid_full,63,cos_to_frame0,0.1514001449577735,0.130510749673487,0.1730256164131546
taco,A2:resid_full,63,autocorrelation,0.016882074996829,,
taco,A3:z,1,displacement_ratio,0.1078910549519235,0.1024243176419225,0.1133193868565027
taco,A3:z,1,cos_to_frame0,0.96324710891797,0.951713980497772,0.972752730358359
taco,A3:z,1,autocorrelation,0.9752988219261168,,
taco,A3:z,2,displacement_ratio,0.1647065714216576,0.1579245649717164,0.1714698853514563
taco,A3:z,2,cos_to_frame0,0.909467159412228,0.8920204306588345,0.926375834887715
taco,A3:z,2,autocorrelation,0.9506861567497252,,
taco,A3:z,4,displacement_ratio,0.2514047321177773,0.2427440134154571,0.2605206948098104
taco,A3:z,4,cos_to_frame0,0.7983090594400662,0.7687997928000491,0.8274435452362043
taco,A3:z,4,autocorrelation,0.8972535729408264,,
taco,A3:z,8,displacement_ratio,0.3660761319960539,0.3551692686855693,0.377286018229018
taco,A3:z,8,cos_to_frame0,0.5923507877159864,0.5443159726548871,0.6354803300847738
taco,A3:z,8,autocorrelation,0.7988950610160828,,
taco,A3:z,16,displacement_ratio,0.500256773309557,0.4832156693021218,0.5173081231891294
taco,A3:z,16,cos_to_frame0,0.2905983723812624,0.2317203154572017,0.3501665390575024
taco,A3:z,16,autocorrelation,0.6412703394889832,,
taco,A3:z,32,displacement_ratio,0.7025388191853251,0.6730886552354479,0.7307256210149441
taco,A3:z,32,cos_to_frame0,0.0138889661437453,-0.029888650665232,0.0631311399751677
taco,A3:z,32,autocorrelation,0.3758937418460846,,
taco,A3:z,63,displacement_ratio,1.0962750922765705,1.0650149669938769,1.1247534518721338
taco,A3:z,63,cos_to_frame0,-0.0991017628450888,-0.1419294754200945,-0.0550905472205193
taco,A3:z,63,autocorrelation,-0.1396823823451995,,
taco,A3:z,1,r2_from_past_self,0.954324185848236,,
taco,A3:z,1,r2_from_current_z3,0.9990323185920716,,
taco,A3:z,1,r2_from_both,0.9987784028053284,,
taco,A3:z,1,r2_gain_past_beyond_z3,-0.0002539157867431,,
taco,A3:z,1,r2_persistence_copy,0.952893853187561,,
taco,A3:z,4,r2_from_past_self,0.8255084753036499,,
taco,A3:z,4,r2_from_current_z3,0.999029815196991,,
taco,A3:z,4,r2_from_both,0.9987937808036804,,
taco,A3:z,4,r2_gain_past_beyond_z3,-0.0002360343933105,,
taco,A3:z,4,r2_persistence_copy,0.7959129810333252,,
taco,A3:z,8,r2_from_past_self,0.6937667727470398,,
taco,A3:z,8,r2_from_current_z3,0.9990221261978148,,
taco,A3:z,8,r2_from_both,0.9988230466842652,,
taco,A3:z,8,r2_gain_past_beyond_z3,-0.0001990795135498,,
taco,A3:z,8,r2_persistence_copy,0.5934851169586182,,
taco,A3:z,16,r2_from_past_self,0.5443050265312195,,
taco,A3:z,16,r2_from_current_z3,0.9990095496177672,,
taco,A3:z,16,r2_from_both,0.9988400936126708,,
taco,A3:z,16,r2_gain_past_beyond_z3,-0.0001694560050964,,
taco,A3:z,16,r2_persistence_copy,0.2620168924331665,,
taco,A3:z,32,r2_from_past_self,0.4057748317718506,,
taco,A3:z,32,r2_from_current_z3,0.9989790916442872,,
taco,A3:z,32,r2_from_both,0.9988328814506532,,
taco,A3:z,32,r2_gain_past_beyond_z3,-0.000146210193634,,
taco,A3:z,32,r2_persistence_copy,-0.3582386970520019,,
taco,A3:r,1,displacement_ratio,0.1943683710338158,0.1848729517377489,0.2046396000852025
taco,A3:r,1,cos_to_frame0,0.867371548765472,0.8469444173980355,0.8866993494631082
taco,A3:r,1,autocorrelation,0.94570130109787,,
taco,A3:r,2,displacement_ratio,0.2903062850236892,0.2771113826345238,0.3046613056550565
taco,A3:r,2,cos_to_frame0,0.7321182639379014,0.7016210672771466,0.7600715135163452
taco,A3:r,2,autocorrelation,0.8896719217300415,,
taco,A3:r,4,displacement_ratio,0.4163300917780661,0.3968854558109429,0.4375081166897197
taco,A3:r,4,cos_to_frame0,0.5610064084457418,0.524373074785588,0.5965986278765796
taco,A3:r,4,autocorrelation,0.7869617342948914,,
taco,A3:r,8,displacement_ratio,0.5447835216073544,0.5182226435016637,0.5741680137885355
taco,A3:r,8,cos_to_frame0,0.428585089259566,0.3849950618609592,0.4715399944145906
taco,A3:r,8,autocorrelation,0.6491491794586182,,
taco,A3:r,16,displacement_ratio,0.6589400772373755,0.6230238126050025,0.6983231022864786
taco,A3:r,16,cos_to_frame0,0.2398823162407747,0.207310687470059,0.2745079614407897
taco,A3:r,16,autocorrelation,0.4933474659919739,,
taco,A3:r,32,displacement_ratio,0.7997316542480674,0.7535334118935709,0.8488713292290062
taco,A3:r,32,cos_to_frame0,0.1093994471715292,0.0839946613947003,0.1352310605310914
taco,A3:r,32,autocorrelation,0.286761462688446,,
taco,A3:r,63,displacement_ratio,0.9262410156265064,0.8722505678281438,0.9800659637786634
taco,A3:r,63,cos_to_frame0,0.1055298439984383,0.0787489656252271,0.1320024139564442
taco,A3:r,63,autocorrelation,0.1010578572750091,,
taco,A3:r,1,r2_from_past_self,0.8773001432418823,,
taco,A3:r,1,r2_from_current_z3,0.030163824558258,,
taco,A3:r,1,r2_from_both,0.3268828392028808,,
taco,A3:r,1,r2_gain_past_beyond_z3,0.2967190146446228,,
taco,A3:r,1,r2_persistence_copy,0.8958286643028259,,
taco,A3:r,4,r2_from_past_self,0.5238855481147766,,
taco,A3:r,4,r2_from_current_z3,0.0299308896064758,,
taco,A3:r,4,r2_from_both,0.1665122509002685,,
taco,A3:r,4,r2_gain_past_beyond_z3,0.1365813612937927,,
taco,A3:r,4,r2_persistence_copy,0.6028157472610474,,
taco,A3:r,8,r2_from_past_self,0.3145207166671753,,
taco,A3:r,8,r2_from_current_z3,0.0297814011573791,,
taco,A3:r,8,r2_from_both,0.0966467857360839,,
taco,A3:r,8,r2_gain_past_beyond_z3,0.0668653845787048,,
taco,A3:r,8,r2_persistence_copy,0.3632853627204895,,
taco,A3:r,16,r2_from_past_self,0.1852114200592041,,
taco,A3:r,16,r2_from_current_z3,0.0287899374961853,,
taco,A3:r,16,r2_from_both,0.062005341053009,,
taco,A3:r,16,r2_gain_past_beyond_z3,0.0332154035568237,,
taco,A3:r,16,r2_persistence_copy,0.1168793439865112,,
taco,A3:r,32,r2_from_past_self,0.0876096487045288,,
taco,A3:r,32,r2_from_current_z3,0.0282186269760131,,
taco,A3:r,32,r2_from_both,0.0409660339355468,,
taco,A3:r,32,r2_gain_past_beyond_z3,0.0127474069595336,,
taco,A3:r,32,r2_persistence_copy,-0.1262950897216797,,
taco,A3:resid_z,1,displacement_ratio,0.1911572817774428,0.180969526707222,0.2028288463304323
taco,A3:resid_z,1,cos_to_frame0,0.8574028475987878,0.8358027793604058,0.8768374098685853
taco,A3:resid_z,1,autocorrelation,0.955473005771637,,
taco,A3:resid_z,2,displacement_ratio,0.2839664043653961,0.268661109539312,0.3018441553068072
taco,A3:resid_z,2,cos_to_frame0,0.7140661491091352,0.6809651588215679,0.7441004465585697
taco,A3:resid_z,2,autocorrelation,0.909105658531189,,
taco,A3:resid_z,4,displacement_ratio,0.4075961974807657,0.3842755108210145,0.4345014741626251
taco,A3:resid_z,4,cos_to_frame0,0.546414416999771,0.5074376815821371,0.5836839916103969
taco,A3:resid_z,4,autocorrelation,0.8194543123245239,,
taco,A3:resid_z,8,displacement_ratio,0.5368757736510955,0.5039839936171177,0.5756955913345639
taco,A3:resid_z,8,cos_to_frame0,0.3985108905292761,0.3550797180380546,0.4435739876376719
taco,A3:resid_z,8,autocorrelation,0.6876913905143738,,
taco,A3:resid_z,16,displacement_ratio,0.6569503826385998,0.6102493925236178,0.7113924091118516
taco,A3:resid_z,16,cos_to_frame0,0.2231267270360878,0.1908015877257837,0.2601513479503742
taco,A3:resid_z,16,autocorrelation,0.5232270956039429,,
taco,A3:resid_z,32,displacement_ratio,0.8129161528751745,0.7468048050151382,0.8934519759105594
taco,A3:resid_z,32,cos_to_frame0,0.1004219162335445,0.0757844249061415,0.1266629642563801
taco,A3:resid_z,32,autocorrelation,0.2544567286968231,,
taco,A3:resid_z,63,displacement_ratio,0.9222438115176264,0.8461273038233111,1.008646246034993
taco,A3:resid_z,63,cos_to_frame0,0.0831684237947319,0.0569262827687922,0.1081891733781564
taco,A3:resid_z,63,autocorrelation,0.0511838197708129,,
taco,A3:resid_full,1,displacement_ratio,0.2074336422873395,0.1899533330981435,0.2265227560304069
taco,A3:resid_full,1,cos_to_frame0,0.8669427200476383,0.850247795276772,0.8825224496273463
taco,A3:resid_full,1,autocorrelation,0.9665639400482178,,
taco,A3:resid_full,2,displacement_ratio,0.2955016532994725,0.2689999337638511,0.3247614622119734
taco,A3:resid_full,2,cos_to_frame0,0.7395788558943013,0.7161654186628666,0.7627822999264127
taco,A3:resid_full,2,autocorrelation,0.9314643740653992,,
taco,A3:resid_full,4,displacement_ratio,0.4106108488740174,0.3724967286461517,0.4547516736117729
taco,A3:resid_full,4,cos_to_frame0,0.5788154929600001,0.546223924867731,0.6105617000622593
taco,A3:resid_full,4,autocorrelation,0.864600419998169,,
taco,A3:resid_full,8,displacement_ratio,0.5354306410875295,0.4776338801615629,0.6013529003546635
taco,A3:resid_full,8,cos_to_frame0,0.4578528016611197,0.4245415400768338,0.4935521270789476
taco,A3:resid_full,8,autocorrelation,0.7502350807189941,,
taco,A3:resid_full,16,displacement_ratio,0.6627334636932873,0.5800105129571002,0.7604825347436197
taco,A3:resid_full,16,cos_to_frame0,0.2620333441287524,0.2315826675227394,0.2930260556863028
taco,A3:resid_full,16,autocorrelation,0.5681588053703308,,
taco,A3:resid_full,32,displacement_ratio,0.8421108405013661,0.7139807857620961,1.012022899994299
taco,A3:resid_full,32,cos_to_frame0,0.1599287469577105,0.1382904822138546,0.1812832885353389
taco,A3:resid_full,32,autocorrelation,0.1733021736145019,,
taco,A3:resid_full,63,displacement_ratio,0.9226177031849768,0.7810133603201557,1.1036731139214209
taco,A3:resid_full,63,cos_to_frame0,0.1375224321171037,0.1184940430330822,0.1563968610066275
taco,A3:resid_full,63,autocorrelation,0.0085270432755351,,
taco,A1_z16:z,1,displacement_ratio,0.0959715786297897,0.0910789530362101,0.1008114242977813
taco,A1_z16:z,1,cos_to_frame0,0.9701133376949436,0.9587592596554524,0.979255322727248
taco,A1_z16:z,1,autocorrelation,0.9791780114173888,,
taco,A1_z16:z,2,displacement_ratio,0.1481226235576956,0.1419339333201241,0.1543592343541277
taco,A1_z16:z,2,cos_to_frame0,0.9252270147163462,0.9076357427587896,0.9402699188040036
taco,A1_z16:z,2,autocorrelation,0.95766282081604,,
taco,A1_z16:z,4,displacement_ratio,0.2297165819883837,0.221749707880794,0.237959349970404
taco,A1_z16:z,4,cos_to_frame0,0.8157004235250936,0.7868380331231101,0.8441120960329017
taco,A1_z16:z,4,autocorrelation,0.9093835949897766,,
taco,A1_z16:z,8,displacement_ratio,0.3400282446950019,0.3288428504629241,0.3510929418060365
taco,A1_z16:z,8,cos_to_frame0,0.6185357021781933,0.5685144577008928,0.6603796223129834
taco,A1_z16:z,8,autocorrelation,0.817855954170227,,
taco,A1_z16:z,16,displacement_ratio,0.4727336770476221,0.4558184954718868,0.4903684958091212
taco,A1_z16:z,16,cos_to_frame0,0.3269736085209873,0.2692705370757172,0.3847204015428735
taco,A1_z16:z,16,autocorrelation,0.6668236255645752,,
taco,A1_z16:z,32,displacement_ratio,0.6768609742009706,0.6472585618477394,0.7069997727609898
taco,A1_z16:z,32,cos_to_frame0,0.0547023231040809,0.0090825049855668,0.1042603165304943
taco,A1_z16:z,32,autocorrelation,0.4058342576026916,,
taco,A1_z16:z,63,displacement_ratio,1.089795158132092,1.0573709771779416,1.1207473070630447
taco,A1_z16:z,63,cos_to_frame0,-0.0671462654033778,-0.1105201979741118,-0.0201737964685638
taco,A1_z16:z,63,autocorrelation,-0.1121318340301513,,
taco,A1_z16:z,1,r2_from_past_self,0.962909460067749,,
taco,A1_z16:z,1,r2_from_current_z3,0.8769325017929077,,
taco,A1_z16:z,1,r2_from_both,0.9691708087921144,,
taco,A1_z16:z,1,r2_gain_past_beyond_z3,0.0922383069992065,,
taco,A1_z16:z,1,r2_persistence_copy,0.9614170789718628,,
taco,A1_z16:z,4,r2_from_past_self,0.8438055515289307,,
taco,A1_z16:z,4,r2_from_current_z3,0.8753524422645569,,
taco,A1_z16:z,4,r2_from_both,0.9287158846855164,,
taco,A1_z16:z,4,r2_gain_past_beyond_z3,0.0533634424209594,,
taco,A1_z16:z,4,r2_persistence_copy,0.8213087320327759,,
taco,A1_z16:z,8,r2_from_past_self,0.7124966382980347,,
taco,A1_z16:z,8,r2_from_current_z3,0.8739575743675232,,
taco,A1_z16:z,8,r2_from_both,0.9085052609443665,,
taco,A1_z16:z,8,r2_gain_past_beyond_z3,0.0345476865768432,,
taco,A1_z16:z,8,r2_persistence_copy,0.6331533193588257,,
taco,A1_z16:z,16,r2_from_past_self,0.5587422847747803,,
taco,A1_z16:z,16,r2_from_current_z3,0.8686528205871582,,
taco,A1_z16:z,16,r2_from_both,0.890204668045044,,
taco,A1_z16:z,16,r2_gain_past_beyond_z3,0.0215518474578857,,
taco,A1_z16:z,16,r2_persistence_copy,0.3155235052108764,,
taco,A1_z16:z,32,r2_from_past_self,0.4203189015388489,,
taco,A1_z16:z,32,r2_from_current_z3,0.8520826101303101,,
taco,A1_z16:z,32,r2_from_both,0.8629350066184998,,
taco,A1_z16:z,32,r2_gain_past_beyond_z3,0.0108523964881896,,
taco,A1_z16:z,32,r2_persistence_copy,-0.2995839118957519,,
taco,A2_z16:z,1,displacement_ratio,0.0456352713389915,0.0430129000171422,0.048361354680961
taco,A2_z16:z,1,cos_to_frame0,0.9761361189104698,0.9679419839727492,0.9829468287242156
taco,A2_z16:z,1,autocorrelation,0.9944075345993042,,
taco,A2_z16:z,2,displacement_ratio,0.074233146599279,0.0700602941161418,0.0786674289339297
taco,A2_z16:z,2,cos_to_frame0,0.9373641707473896,0.921458817445845,0.9512145670905342
taco,A2_z16:z,2,autocorrelation,0.9866467714309692,,
taco,A2_z16:z,4,displacement_ratio,0.1230593754725715,0.1161241135577387,0.1310436910334083
taco,A2_z16:z,4,cos_to_frame0,0.8687132017809774,0.8428097298037479,0.8934243507032716
taco,A2_z16:z,4,autocorrelation,0.9660416841506958,,
taco,A2_z16:z,8,displacement_ratio,0.1986116971615906,0.186829358280938,0.2121298801797405
taco,A2_z16:z,8,cos_to_frame0,0.7438819672666735,0.7029987329066855,0.7801035243958929
taco,A2_z16:z,8,autocorrelation,0.9192736744880676,,
taco,A2_z16:z,16,displacement_ratio,0.3048531828233256,0.2846418214760999,0.3262881298600585
taco,A2_z16:z,16,cos_to_frame0,0.4905593066506988,0.430455907033885,0.5487219697970299
taco,A2_z16:z,16,autocorrelation,0.8328768610954285,,
taco,A2_z16:z,32,displacement_ratio,0.4792633565388374,0.4436137952411127,0.5153844788080286
taco,A2_z16:z,32,cos_to_frame0,0.2396094737124148,0.1772892705132678,0.3043093282064052
taco,A2_z16:z,32,autocorrelation,0.6766580939292908,,
taco,A2_z16:z,63,displacement_ratio,0.8748779234701543,0.8293997517778517,0.9241687052063846
taco,A2_z16:z,63,cos_to_frame0,0.1714289470238017,0.1111577871010926,0.2337062643387072
taco,A2_z16:z,63,autocorrelation,0.339604914188385,,
taco,A2_z16:z,1,r2_from_past_self,0.9907163977622986,,
taco,A2_z16:z,1,r2_from_current_z3,0.8325100541114807,,
taco,A2_z16:z,1,r2_from_both,0.991916298866272,,
taco,A2_z16:z,1,r2_gain_past_beyond_z3,0.1594062447547912,,
taco,A2_z16:z,1,r2_persistence_copy,0.9905694127082824,,
taco,A2_z16:z,4,r2_from_past_self,0.9432956576347352,,
taco,A2_z16:z,4,r2_from_current_z3,0.8344477415084839,,
taco,A2_z16:z,4,r2_from_both,0.9620993733406068,,
taco,A2_z16:z,4,r2_gain_past_beyond_z3,0.1276516318321228,,
taco,A2_z16:z,4,r2_persistence_copy,0.9347732663154602,,
taco,A2_z16:z,8,r2_from_past_self,0.8743678331375122,,
taco,A2_z16:z,8,r2_from_current_z3,0.8376971483230591,,
taco,A2_z16:z,8,r2_from_both,0.9371362924575806,,
taco,A2_z16:z,8,r2_gain_past_beyond_z3,0.0994391441345214,,
taco,A2_z16:z,8,r2_persistence_copy,0.840983510017395,,
taco,A2_z16:z,16,r2_from_past_self,0.7748544216156006,,
taco,A2_z16:z,16,r2_from_current_z3,0.845468282699585,,
taco,A2_z16:z,16,r2_from_both,0.9147076606750488,,
taco,A2_z16:z,16,r2_gain_past_beyond_z3,0.0692393779754638,,
taco,A2_z16:z,16,r2_persistence_copy,0.6576200127601624,,
taco,A2_z16:z,32,r2_from_past_self,0.671821117401123,,
taco,A2_z16:z,32,r2_from_current_z3,0.8584707975387573,,
taco,A2_z16:z,32,r2_from_both,0.894963800907135,,
taco,A2_z16:z,32,r2_gain_past_beyond_z3,0.0364930033683776,,
taco,A2_z16:z,32,r2_persistence_copy,0.2946788668632507,,
taco,A2_z16:r,1,displacement_ratio,0.1527379426573004,0.1450409050739909,0.1611807805772387
taco,A2_z16:r,1,cos_to_frame0,0.9327142496521657,0.9194371846348588,0.943807859278775
taco,A2_z16:r,1,autocorrelation,0.9593666195869446,,
taco,A2_z16:r,2,displacement_ratio,0.2336597448460512,0.2224609441702992,0.2457868192872067
taco,A2_z16:r,2,cos_to_frame0,0.8438072697986122,0.8205192623845989,0.8642186277814423
taco,A2_z16:r,2,autocorrelation,0.916138470172882,,
taco,A2_z16:r,4,displacement_ratio,0.3476257915045697,0.3308061694417332,0.3644777134599641
taco,A2_z16:r,4,cos_to_frame0,0.6841034688679808,0.6514630553740033,0.714738352028424
taco,A2_z16:r,4,autocorrelation,0.8311119079589844,,
taco,A2_z16:r,8,displacement_ratio,0.4741490189047468,0.4508908406739007,0.4980964498837565
taco,A2_z16:r,8,cos_to_frame0,0.5263093684641338,0.4841365517200504,0.5679935039305859
taco,A2_z16:r,8,autocorrelation,0.7069706320762634,,
taco,A2_z16:r,16,displacement_ratio,0.5973419370232048,0.5639353526642232,0.6332481125894435
taco,A2_z16:r,16,cos_to_frame0,0.3300736828676455,0.2901270580797988,0.3712274235641926
taco,A2_z16:r,16,autocorrelation,0.547227680683136,,
taco,A2_z16:r,32,displacement_ratio,0.7531824364930719,0.7089822762325578,0.8020985218046621
taco,A2_z16:r,32,cos_to_frame0,0.1825730277911074,0.1470273829382448,0.2166243158414269
taco,A2_z16:r,32,autocorrelation,0.3381127417087555,,
taco,A2_z16:r,63,displacement_ratio,0.9226273690442462,0.8706469958245511,0.9737313219032054
taco,A2_z16:r,63,cos_to_frame0,0.137943445172693,0.1008132494348847,0.1719759498012489
taco,A2_z16:r,63,autocorrelation,0.1449329704046249,,
taco,A2_z16:r,1,r2_from_past_self,0.9164993762969972,,
taco,A2_z16:r,1,r2_from_current_z3,0.2155762314796447,,
taco,A2_z16:r,1,r2_from_both,0.7916290760040283,,
taco,A2_z16:r,1,r2_gain_past_beyond_z3,0.5760528445243835,,
taco,A2_z16:r,1,r2_persistence_copy,0.9214321374893188,,
taco,A2_z16:r,4,r2_from_past_self,0.6630653738975525,,
taco,A2_z16:r,4,r2_from_current_z3,0.2141008973121643,,
taco,A2_z16:r,4,r2_from_both,0.5643051862716675,,
taco,A2_z16:r,4,r2_gain_past_beyond_z3,0.3502042889595032,,
taco,A2_z16:r,4,r2_persistence_copy,0.6732104420661926,,
taco,A2_z16:r,8,r2_from_past_self,0.4512141942977905,,
taco,A2_z16:r,8,r2_from_current_z3,0.2102105617523193,,
taco,A2_z16:r,8,r2_from_both,0.4114305377006531,,
taco,A2_z16:r,8,r2_gain_past_beyond_z3,0.2012199759483337,,
taco,A2_z16:r,8,r2_persistence_copy,0.4400921463966369,,
taco,A2_z16:r,16,r2_from_past_self,0.2536514401435852,,
taco,A2_z16:r,16,r2_from_current_z3,0.2059831619262695,,
taco,A2_z16:r,16,r2_from_both,0.295860230922699,,
taco,A2_z16:r,16,r2_gain_past_beyond_z3,0.0898770689964294,,
taco,A2_z16:r,16,r2_persistence_copy,0.1540048718452453,,
taco,A2_z16:r,32,r2_from_past_self,0.0953483581542968,,
taco,A2_z16:r,32,r2_from_current_z3,0.2015132904052734,,
taco,A2_z16:r,32,r2_from_both,0.223705768585205,,
taco,A2_z16:r,32,r2_gain_past_beyond_z3,0.0221924781799316,,
taco,A2_z16:r,32,r2_persistence_copy,-0.165207028388977,,
taco,A2_z16:resid_z,1,displacement_ratio,0.163882070128898,0.1536946139859955,0.175322021569576
taco,A2_z16:resid_z,1,cos_to_frame0,0.916210399224208,0.8982620260260563,0.9311713211804564
taco,A2_z16:resid_z,1,autocorrelation,0.955569326877594,,
taco,A2_z16:resid_z,2,displacement_ratio,0.2486277638658226,0.2337746343039373,0.2654615144472267
taco,A2_z16:resid_z,2,cos_to_frame0,0.8076907123879089,0.7787599974799249,0.8335314328028911
taco,A2_z16:resid_z,2,autocorrelation,0.9092724323272704,,
taco,A2_z16:resid_z,4,displacement_ratio,0.3679453788662923,0.3463431769953439,0.3933484411941587
taco,A2_z16:resid_z,4,cos_to_frame0,0.6260736005810591,0.5885650787647142,0.6656215361072481
taco,A2_z16:resid_z,4,autocorrelation,0.8189296722412109,,
taco,A2_z16:resid_z,8,displacement_ratio,0.5000285622919654,0.4686914528627011,0.5360066448421853
taco,A2_z16:resid_z,8,cos_to_frame0,0.462690742527759,0.4193370809746,0.5079044236653297
taco,A2_z16:resid_z,8,autocorrelation,0.684902012348175,,
taco,A2_z16:resid_z,16,displacement_ratio,0.626751247629687,0.583016818415246,0.6762890951667259
taco,A2_z16:resid_z,16,cos_to_frame0,0.2677875611391225,0.22283777650047,0.3123685649798384
taco,A2_z16:resid_z,16,autocorrelation,0.5158346891403198,,
taco,A2_z16:resid_z,32,displacement_ratio,0.7857069903268263,0.7263645282188942,0.8511920821390492
taco,A2_z16:resid_z,32,cos_to_frame0,0.124444315474158,0.0897669314264522,0.1565162037547136
taco,A2_z16:resid_z,32,autocorrelation,0.2891565561294555,,
taco,A2_z16:resid_z,63,displacement_ratio,0.9091178419498296,0.8428348963721373,0.9781557260134084
taco,A2_z16:resid_z,63,cos_to_frame0,0.0951027523055877,0.0586905603599225,0.1302697287115008
taco,A2_z16:resid_z,63,autocorrelation,0.1098483726382255,,
taco,A2_z16:resid_full,1,displacement_ratio,0.2072215015836223,0.1911738498418717,0.2252495052373983
taco,A2_z16:resid_full,1,cos_to_frame0,0.8594939968558949,0.8410152283583971,0.8777282150812767
taco,A2_z16:resid_full,1,autocorrelation,0.9430984258651732,,
taco,A2_z16:resid_full,2,displacement_ratio,0.3006701149701417,0.2764999975935495,0.3277262121909786
taco,A2_z16:resid_full,2,cos_to_frame0,0.7187739195414706,0.6898874051185886,0.7473672071175416
taco,A2_z16:resid_full,2,autocorrelation,0.887237012386322,,
taco,A2_z16:resid_full,4,displacement_ratio,0.4232216655675854,0.3881855027579299,0.4618339120030441
taco,A2_z16:resid_full,4,cos_to_frame0,0.5339370179859982,0.4974229287192589,0.5699336968980362
taco,A2_z16:resid_full,4,autocorrelation,0.7873665690422058,,
taco,A2_z16:resid_full,8,displacement_ratio,0.5522572449152614,0.5037774759011476,0.6060557931696539
taco,A2_z16:resid_full,8,cos_to_frame0,0.3959578209848317,0.3570649086962651,0.4358179697740561
taco,A2_z16:resid_full,8,autocorrelation,0.6438805460929871,,
taco,A2_z16:resid_full,16,displacement_ratio,0.6726092095026276,0.6096211983356791,0.7398545869420345
taco,A2_z16:resid_full,16,cos_to_frame0,0.1912365977135538,0.158997892944252,0.2266345286355917
taco,A2_z16:resid_full,16,autocorrelation,0.4786587059497833,,
taco,A2_z16:resid_full,32,displacement_ratio,0.8188105834504733,0.7382770632650154,0.905650997312551
taco,A2_z16:resid_full,32,cos_to_frame0,0.0904469942305605,0.0685574416628373,0.1135032121894696
taco,A2_z16:resid_full,32,autocorrelation,0.2411351650953292,,
taco,A2_z16:resid_full,63,displacement_ratio,0.9085460917839964,0.8153899620174266,1.0031844825936536
taco,A2_z16:resid_full,63,cos_to_frame0,0.0732645992027176,0.0551734566077055,0.0917545547282069
taco,A2_z16:resid_full,63,autocorrelation,0.0409581735730171,,
taco,A3_z16:z,1,displacement_ratio,0.0896966356482193,0.0853064201681273,0.0943559367229555
taco,A3_z16:z,1,cos_to_frame0,0.9715494258472552,0.9606392957245132,0.9802789499487484
taco,A3_z16:z,1,autocorrelation,0.9813436269760132,,
taco,A3_z16:z,2,displacement_ratio,0.1393947849193444,0.1336547456255763,0.1451786479413405
taco,A3_z16:z,2,cos_to_frame0,0.9264791082222384,0.9086380686169742,0.9422245498013424
taco,A3_z16:z,2,autocorrelation,0.9613305330276488,,
taco,A3_z16:z,4,displacement_ratio,0.2178833592212298,0.2099607872530492,0.2255781530741829
taco,A3_z16:z,4,cos_to_frame0,0.8218570167894711,0.7941324107693662,0.8503533623078535
taco,A3_z16:z,4,autocorrelation,0.9158390760421752,,
taco,A3_z16:z,8,displacement_ratio,0.3269573789663039,0.3152527852934877,0.3381246095309351
taco,A3_z16:z,8,cos_to_frame0,0.6249926238433345,0.5784355442753589,0.6672366525207444
taco,A3_z16:z,8,autocorrelation,0.826098620891571,,
taco,A3_z16:z,16,displacement_ratio,0.4611900006472082,0.4429707594937556,0.4791311107125416
taco,A3_z16:z,16,cos_to_frame0,0.3263688989285543,0.2694890176237542,0.3819695535583531
taco,A3_z16:z,16,autocorrelation,0.674052357673645,,
taco,A3_z16:z,32,displacement_ratio,0.666862261021039,0.6366007488808918,0.6973467961830777
taco,A3_z16:z,32,cos_to_frame0,0.0540432636370206,0.0088775196673516,0.1055089679996127
taco,A3_z16:z,32,autocorrelation,0.4152223467826843,,
taco,A3_z16:z,63,displacement_ratio,1.087296564418536,1.054660105853219,1.118376715299212
taco,A3_z16:z,63,cos_to_frame0,-0.0702009377796407,-0.1150438525996607,-0.0242094014313483
taco,A3_z16:z,63,autocorrelation,-0.1050440520048141,,
taco,A3_z16:z,1,r2_from_past_self,0.9668752551078796,,
taco,A3_z16:z,1,r2_from_current_z3,0.8871178030967712,,
taco,A3_z16:z,1,r2_from_both,0.9738313555717468,,
taco,A3_z16:z,1,r2_gain_past_beyond_z3,0.0867135524749755,,
taco,A3_z16:z,1,r2_persistence_copy,0.9655119776725768,,
taco,A3_z16:z,4,r2_from_past_self,0.8563591837882996,,
taco,A3_z16:z,4,r2_from_current_z3,0.8853469491004944,,
taco,A3_z16:z,4,r2_from_both,0.937403678894043,,
taco,A3_z16:z,4,r2_gain_past_beyond_z3,0.0520567297935485,,
taco,A3_z16:z,4,r2_persistence_copy,0.8347557783126831,,
taco,A3_z16:z,8,r2_from_past_self,0.7285511493682861,,
taco,A3_z16:z,8,r2_from_current_z3,0.8841986060142517,,
taco,A3_z16:z,8,r2_from_both,0.9188884496688844,,
taco,A3_z16:z,8,r2_gain_past_beyond_z3,0.0346898436546325,,
taco,A3_z16:z,8,r2_persistence_copy,0.6498606204986572,,
taco,A3_z16:z,16,r2_from_past_self,0.5760389566421509,,
taco,A3_z16:z,16,r2_from_current_z3,0.8800739049911499,,
taco,A3_z16:z,16,r2_from_both,0.9025427103042604,,
taco,A3_z16:z,16,r2_gain_past_beyond_z3,0.0224688053131103,,
taco,A3_z16:z,16,r2_persistence_copy,0.3291562795639038,,
taco,A3_z16:z,32,r2_from_past_self,0.4439254403114319,,
taco,A3_z16:z,32,r2_from_current_z3,0.8661730885505676,,
taco,A3_z16:z,32,r2_from_both,0.8799411058425903,,
taco,A3_z16:z,32,r2_gain_past_beyond_z3,0.0137680172920227,,
taco,A3_z16:z,32,r2_persistence_copy,-0.2842155694961548,,
taco,A3_z16:r,1,displacement_ratio,0.1795764986507512,0.1710195639189935,0.1887782162045812
taco,A3_z16:r,1,cos_to_frame0,0.913785958232788,0.8999924953648859,0.9268595830808948
taco,A3_z16:r,1,autocorrelation,0.9512494802474976,,
taco,A3_z16:r,2,displacement_ratio,0.2715885956659094,0.2589890410586324,0.2848941285479208
taco,A3_z16:r,2,cos_to_frame0,0.8009673129194058,0.7751821192538373,0.8252777590240943
taco,A3_z16:r,2,autocorrelation,0.899977445602417,,
taco,A3_z16:r,4,displacement_ratio,0.3972758316731715,0.3794263401345957,0.4160659283096955
taco,A3_z16:r,4,cos_to_frame0,0.6234810508091698,0.5872862457787776,0.656573944887612
taco,A3_z16:r,4,autocorrelation,0.801119863986969,,
taco,A3_z16:r,8,displacement_ratio,0.5285640271523824,0.503752238297922,0.5554368995326795
taco,A3_z16:r,8,cos_to_frame0,0.460901216260966,0.4159495232690071,0.5060127992864722
taco,A3_z16:r,8,autocorrelation,0.6648524403572083,,
taco,A3_z16:r,16,displacement_ratio,0.6505166909115,0.6147989798028166,0.6879090681650515
taco,A3_z16:r,16,cos_to_frame0,0.2608844559578286,0.2258335809281667,0.2997214536252652
taco,A3_z16:r,16,autocorrelation,0.5004326105117798,,
taco,A3_z16:r,32,displacement_ratio,0.7963058663184172,0.7510731207675707,0.844363201403874
taco,A3_z16:r,32,cos_to_frame0,0.1181300885330599,0.0900917653561672,0.145845877287563
taco,A3_z16:r,32,autocorrelation,0.2849337160587311,,
taco,A3_z16:r,63,displacement_ratio,0.9358729359049064,0.88530379229243,0.9876356122973542
taco,A3_z16:r,63,cos_to_frame0,0.0922418401927103,0.0657255157516071,0.1190432689090762
taco,A3_z16:r,63,autocorrelation,0.0913793891668319,,
taco,A3_z16:r,1,r2_from_past_self,0.8974010944366455,,
taco,A3_z16:r,1,r2_from_current_z3,0.0633391141891479,,
taco,A3_z16:r,1,r2_from_both,0.5742988586425781,,
taco,A3_z16:r,1,r2_gain_past_beyond_z3,0.5109597444534302,,
taco,A3_z16:r,1,r2_persistence_copy,0.9067748188972472,,
taco,A3_z16:r,4,r2_from_past_self,0.5847883224487305,,
taco,A3_z16:r,4,r2_from_current_z3,0.0618261098861694,,
taco,A3_z16:r,4,r2_from_both,0.3422452807426452,,
taco,A3_z16:r,4,r2_gain_past_beyond_z3,0.2804191708564758,,
taco,A3_z16:r,4,r2_persistence_copy,0.6234049201011658,,
taco,A3_z16:r,8,r2_from_past_self,0.3586372137069702,,
taco,A3_z16:r,8,r2_from_current_z3,0.0601277947425842,,
taco,A3_z16:r,8,r2_from_both,0.2066843509674072,,
taco,A3_z16:r,8,r2_gain_past_beyond_z3,0.146556556224823,,
taco,A3_z16:r,8,r2_persistence_copy,0.3793175816535949,,
taco,A3_z16:r,16,r2_from_past_self,0.1998105645179748,,
taco,A3_z16:r,16,r2_from_current_z3,0.0575817823410034,,
taco,A3_z16:r,16,r2_from_both,0.125895082950592,,
taco,A3_z16:r,16,r2_gain_past_beyond_z3,0.0683133006095886,,
taco,A3_z16:r,16,r2_persistence_copy,0.113288938999176,,
taco,A3_z16:r,32,r2_from_past_self,0.0778494477272033,,
taco,A3_z16:r,32,r2_from_current_z3,0.0559397339820861,,
taco,A3_z16:r,32,r2_from_both,0.0760737061500549,,
taco,A3_z16:r,32,r2_gain_past_beyond_z3,0.0201339721679687,,
taco,A3_z16:r,32,r2_persistence_copy,-0.1511242389678955,,
taco,A3_z16:resid_z,1,displacement_ratio,0.1835283936554013,0.1739857560081659,0.1946706668262897
taco,A3_z16:resid_z,1,cos_to_frame0,0.8966008121362672,0.8807211150620106,0.9116638100382908
taco,A3_z16:resid_z,1,autocorrelation,0.9548166990280152,,
taco,A3_z16:resid_z,2,displacement_ratio,0.2755518957849714,0.261092625592295,0.2921594371744847
taco,A3_z16:resid_z,2,cos_to_frame0,0.7657568229638695,0.7369354190679536,0.7951869488796156
taco,A3_z16:resid_z,2,autocorrelation,0.908054530620575,,
taco,A3_z16:resid_z,4,displacement_ratio,0.4018647835313619,0.3801536512056507,0.4268820264756533
taco,A3_z16:resid_z,4,cos_to_frame0,0.5822055394259783,0.543163391232946,0.6184775275305471
taco,A3_z16:resid_z,4,autocorrelation,0.8145542740821838,,
taco,A3_z16:resid_z,8,displacement_ratio,0.5342431602856288,0.5035898218931131,0.5713716361209816
taco,A3_z16:resid_z,8,cos_to_frame0,0.4320097493345511,0.387537592547475,0.4784296454648884
taco,A3_z16:resid_z,8,autocorrelation,0.679398238658905,,
taco,A3_z16:resid_z,16,displacement_ratio,0.6586792516716562,0.6132658513839934,0.7100293574847161
taco,A3_z16:resid_z,16,cos_to_frame0,0.2251211883446488,0.1908612232698988,0.2623003229927212
taco,A3_z16:resid_z,16,autocorrelation,0.5079342126846313,,
taco,A3_z16:resid_z,32,displacement_ratio,0.814987506082916,0.7528465598142673,0.8868638744527559
taco,A3_z16:resid_z,32,cos_to_frame0,0.0856286396917242,0.0565818479640613,0.1139780309419302
taco,A3_z16:resid_z,32,autocorrelation,0.2462394088506698,,
taco,A3_z16:resid_z,63,displacement_ratio,0.922433690996943,0.8526856622248314,1.0004061137967082
taco,A3_z16:resid_z,63,cos_to_frame0,0.0654326765299109,0.0413293889740745,0.091083516181872
taco,A3_z16:resid_z,63,autocorrelation,0.050109539180994,,
taco,A3_z16:resid_full,1,displacement_ratio,0.2067009804330275,0.190835079549981,0.2244947971802573
taco,A3_z16:resid_full,1,cos_to_frame0,0.8741575689310883,0.8572523635903193,0.8904211455938972
taco,A3_z16:resid_full,1,autocorrelation,0.9546194076538086,,
taco,A3_z16:resid_full,2,displacement_ratio,0.2980197129545958,0.2739755061496911,0.3256882294077031
taco,A3_z16:resid_full,2,cos_to_frame0,0.7287246176133771,0.701282860659365,0.7557545820003695
taco,A3_z16:resid_full,2,autocorrelation,0.9110758900642396,,
taco,A3_z16:resid_full,4,displacement_ratio,0.4176239558792376,0.3820623874051073,0.457536898829413
taco,A3_z16:resid_full,4,cos_to_frame0,0.5524738746500768,0.5156355160411353,0.5872366842809319
taco,A3_z16:resid_full,4,autocorrelation,0.8297423720359802,,
taco,A3_z16:resid_full,8,displacement_ratio,0.5416941085195803,0.4918962435096944,0.599572292434996
taco,A3_z16:resid_full,8,cos_to_frame0,0.4221658261011836,0.3846903144838118,0.4617060162100628
taco,A3_z16:resid_full,8,autocorrelation,0.7076240181922913,,
taco,A3_z16:resid_full,16,displacement_ratio,0.6631752917399774,0.5959037244284365,0.7426025541724263
taco,A3_z16:resid_full,16,cos_to_frame0,0.2209681202875,0.1920996911761383,0.2547231720165797
taco,A3_z16:resid_full,16,autocorrelation,0.5343345999717712,,
taco,A3_z16:resid_full,32,displacement_ratio,0.8230860252547395,0.7204098757431999,0.9461583040242288
taco,A3_z16:resid_full,32,cos_to_frame0,0.1264363960049545,0.105103073327535,0.1475616599852962
taco,A3_z16:resid_full,32,autocorrelation,0.2004054188728332,,
taco,A3_z16:resid_full,63,displacement_ratio,0.9019274356068818,0.7916358935871828,1.0266652687257516
taco,A3_z16:resid_full,63,cos_to_frame0,0.110582495962812,0.0944299628774352,0.1272113275044458
taco,A3_z16:resid_full,63,autocorrelation,0.0402281247079372,,
arctic,teacher,1,displacement_ratio,0.1596806881027997,0.1460130796431078,0.1739801260924134
arctic,teacher,1,cos_to_frame0,0.7888451912390289,0.7668097954301328,0.8096807691628306
arctic,teacher,1,autocorrelation,0.951762557029724,,
arctic,teacher,2,displacement_ratio,0.22224631619149,0.205626886920151,0.2394315751208565
arctic,teacher,2,cos_to_frame0,0.6209900678405839,0.5666393971328852,0.6679220125817694
arctic,teacher,2,autocorrelation,0.9187349677085876,,
arctic,teacher,4,displacement_ratio,0.3030501378960507,0.2832851245994767,0.3237398912916871
arctic,teacher,4,cos_to_frame0,0.4468357383363669,0.3602056361003438,0.5238201789195329
arctic,teacher,4,autocorrelation,0.8660279512405396,,
arctic,teacher,8,displacement_ratio,0.4039283684825384,0.3764012242313783,0.4326496546707171
arctic,teacher,8,cos_to_frame0,0.3319666048571948,0.2256265981256844,0.4413703111235033
arctic,teacher,8,autocorrelation,0.7857162952423096,,
arctic,teacher,16,displacement_ratio,0.504915325792246,0.4661338158565001,0.5446463724286941
arctic,teacher,16,cos_to_frame0,0.2848546667955816,0.1652679429483645,0.4025166222767002
arctic,teacher,16,autocorrelation,0.6897574663162231,,
arctic,teacher,32,displacement_ratio,0.5966108251883778,0.5442797971738543,0.6519295362682048
arctic,teacher,32,cos_to_frame0,0.2537666835311439,0.1459369975164706,0.3710984226529282
arctic,teacher,32,autocorrelation,0.5744339823722839,,
arctic,teacher,63,displacement_ratio,0.8089075967148748,0.7401764855485335,0.8841189876607817
arctic,teacher,63,cos_to_frame0,0.3496473562673375,0.2554686681014564,0.4439544231757309
arctic,teacher,63,autocorrelation,0.1715391278266906,,
arctic,dense_C,1,displacement_ratio,0.0328907669479307,0.0276919275214022,0.0378087655542474
arctic,dense_C,1,cos_to_frame0,0.9855557394924984,0.9823377450759132,0.988712337982402
arctic,dense_C,1,autocorrelation,1.0020465850830078,,
arctic,dense_C,2,displacement_ratio,0.0605466664913961,0.0507400509997387,0.0700099800814964
arctic,dense_C,2,cos_to_frame0,0.9602878459038272,0.95163908352731,0.9687040796565772
arctic,dense_C,2,autocorrelation,0.9995473623275756,,
arctic,dense_C,4,displacement_ratio,0.1064830859021473,0.0888234265512983,0.1236833545214968
arctic,dense_C,4,cos_to_frame0,0.9216424470306724,0.9063987447046216,0.9352694577351212
arctic,dense_C,4,autocorrelation,0.987753927707672,,
arctic,dense_C,8,displacement_ratio,0.175740416662427,0.1471507446954912,0.2025930972111961
arctic,dense_C,8,cos_to_frame0,0.8618608375069916,0.8410911174664377,0.884696070896328
arctic,dense_C,8,autocorrelation,0.956397294998169,,
arctic,dense_C,16,displacement_ratio,0.2616076030798496,0.2208380084436544,0.3008476617947186
arctic,dense_C,16,cos_to_frame0,0.8219687152774103,0.7944684978720701,0.8523304694624602
arctic,dense_C,16,autocorrelation,0.8980723023414612,,
arctic,dense_C,32,displacement_ratio,0.3633241911609006,0.3057553671192858,0.4235741830276023
arctic,dense_C,32,cos_to_frame0,0.7453890379157758,0.6996623666994206,0.7881146602580604
arctic,dense_C,32,autocorrelation,0.7926084995269775,,
arctic,dense_C,63,displacement_ratio,0.5152491563430397,0.4544207195647807,0.5823285373795922
arctic,dense_C,63,cos_to_frame0,0.6554933297497931,0.5843262686400404,0.7220396073420997
arctic,dense_C,63,autocorrelation,0.3937187492847442,,
arctic,dense_C,1,r2_from_past_self,0.9907671213150024,,
arctic,dense_C,1,r2_from_current_z3,0.4407750368118286,,
arctic,dense_C,1,r2_from_both,0.9826690554618835,,
arctic,dense_C,1,r2_gain_past_beyond_z3,0.5418940186500549,,
arctic,dense_C,1,r2_persistence_copy,0.9946351051330566,,
arctic,dense_C,4,r2_from_past_self,0.9421361684799194,,
arctic,dense_C,4,r2_from_current_z3,0.4409031867980957,,
arctic,dense_C,4,r2_from_both,0.9448764324188232,,
arctic,dense_C,4,r2_gain_past_beyond_z3,0.5039732456207275,,
arctic,dense_C,4,r2_persistence_copy,0.9499025344848632,,
arctic,dense_C,8,r2_from_past_self,0.8670028448104858,,
arctic,dense_C,8,r2_from_current_z3,0.4429678916931152,,
arctic,dense_C,8,r2_from_both,0.8965736627578735,,
arctic,dense_C,8,r2_gain_past_beyond_z3,0.4536057710647583,,
arctic,dense_C,8,r2_persistence_copy,0.880122184753418,,
arctic,dense_C,16,r2_from_past_self,0.7413774728775024,,
arctic,dense_C,16,r2_from_current_z3,0.4473415613174438,,
arctic,dense_C,16,r2_from_both,0.822039008140564,,
arctic,dense_C,16,r2_gain_past_beyond_z3,0.3746974468231201,,
arctic,dense_C,16,r2_persistence_copy,0.7694343328475952,,
arctic,dense_C,32,r2_from_past_self,0.5407823324203491,,
arctic,dense_C,32,r2_from_current_z3,0.4542065858840942,,
arctic,dense_C,32,r2_from_both,0.7147859334945679,,
arctic,dense_C,32,r2_gain_past_beyond_z3,0.2605793476104736,,
arctic,dense_C,32,r2_persistence_copy,0.6070711612701416,,
arctic,A0:h,1,displacement_ratio,0.0339813098031026,0.0278342980984214,0.0416454791537976
arctic,A0:h,1,cos_to_frame0,0.981230946958706,0.9771324268611232,0.9850122102036308
arctic,A0:h,1,autocorrelation,0.9988746643066406,,
arctic,A0:h,2,displacement_ratio,0.0627215917031931,0.0510509241026917,0.0773512678751284
arctic,A0:h,2,cos_to_frame0,0.9506150339880296,0.9408729348361397,0.9594163957505654
arctic,A0:h,2,autocorrelation,0.993457853794098,,
arctic,A0:h,4,displacement_ratio,0.1109907740666981,0.090008557100801,0.1373745461698989
arctic,A0:h,4,cos_to_frame0,0.905990562772238,0.8897349071132882,0.9208760004603376
arctic,A0:h,4,autocorrelation,0.9764830470085144,,
arctic,A0:h,8,displacement_ratio,0.1844120159324619,0.1506302005964507,0.2241636065309361
arctic,A0:h,8,cos_to_frame0,0.8448661445609985,0.8193020673499533,0.8711647364972944
arctic,A0:h,8,autocorrelation,0.9377154111862184,,
arctic,A0:h,16,displacement_ratio,0.2734451602683753,0.2328501463880377,0.3146206806504277
arctic,A0:h,16,cos_to_frame0,0.8024102787497223,0.7711544272788564,0.8360286300820725
arctic,A0:h,16,autocorrelation,0.8761003017425537,,
arctic,A0:h,32,displacement_ratio,0.3747695880411293,0.3231079596519292,0.4245338501348263
arctic,A0:h,32,cos_to_frame0,0.7128231835962143,0.6649883783644057,0.756249050774454
arctic,A0:h,32,autocorrelation,0.7852877378463745,,
arctic,A0:h,63,displacement_ratio,0.5493850422802792,0.5010865955761103,0.5974274163775538
arctic,A0:h,63,cos_to_frame0,0.6354627215643964,0.566688162186901,0.693527754950479
arctic,A0:h,63,autocorrelation,0.5533055067062378,,
arctic,A0:h,1,r2_from_past_self,0.9933708310127258,,
arctic,A0:h,1,r2_from_current_z3,0.8766939640045166,,
arctic,A0:h,1,r2_from_both,0.9938674569129944,,
arctic,A0:h,1,r2_gain_past_beyond_z3,0.1171734929084777,,
arctic,A0:h,1,r2_persistence_copy,0.994132936000824,,
arctic,A0:h,4,r2_from_past_self,0.9440312385559082,,
arctic,A0:h,4,r2_from_current_z3,0.8779374361038208,,
arctic,A0:h,4,r2_from_both,0.965498685836792,,
arctic,A0:h,4,r2_gain_past_beyond_z3,0.0875612497329711,,
arctic,A0:h,4,r2_persistence_copy,0.9436009526252748,,
arctic,A0:h,8,r2_from_past_self,0.8709883689880371,,
arctic,A0:h,8,r2_from_current_z3,0.8783302307128906,,
arctic,A0:h,8,r2_from_both,0.942108392715454,,
arctic,A0:h,8,r2_gain_past_beyond_z3,0.0637781620025634,,
arctic,A0:h,8,r2_persistence_copy,0.8642812371253967,,
arctic,A0:h,16,r2_from_past_self,0.7662181854248047,,
arctic,A0:h,16,r2_from_current_z3,0.8787597417831421,,
arctic,A0:h,16,r2_from_both,0.9204983711242676,,
arctic,A0:h,16,r2_gain_past_beyond_z3,0.0417386293411254,,
arctic,A0:h,16,r2_persistence_copy,0.7459372282028198,,
arctic,A0:h,32,r2_from_past_self,0.631308913230896,,
arctic,A0:h,32,r2_from_current_z3,0.8793317079544067,,
arctic,A0:h,32,r2_from_both,0.9061412215232848,,
arctic,A0:h,32,r2_gain_past_beyond_z3,0.0268095135688781,,
arctic,A0:h,32,r2_persistence_copy,0.5900516510009766,,
arctic,A1:z,1,displacement_ratio,0.0525105184204475,0.0484534338093494,0.0572398762531906
arctic,A1:z,1,cos_to_frame0,0.9244190329505552,0.9043049401245198,0.9415275920754232
arctic,A1:z,1,autocorrelation,0.9937034845352172,,
arctic,A1:z,2,displacement_ratio,0.094728030965373,0.0871946586020528,0.1035037187089558
arctic,A1:z,2,cos_to_frame0,0.8129758342139183,0.7705770920748236,0.8517924564979356
arctic,A1:z,2,autocorrelation,0.9800698161125184,,
arctic,A1:z,4,displacement_ratio,0.1627867831898632,0.1494648299584383,0.1779749887517969
arctic,A1:z,4,cos_to_frame0,0.6780608465834972,0.6125021070230875,0.7379468350542255
arctic,A1:z,4,autocorrelation,0.946983814239502,,
arctic,A1:z,8,displacement_ratio,0.2637213120056736,0.2408452423044596,0.2897910648582097
arctic,A1:z,8,cos_to_frame0,0.5267048643361176,0.4410804159541638,0.6061346230788576
arctic,A1:z,8,autocorrelation,0.8784864544868469,,
arctic,A1:z,16,displacement_ratio,0.3861599796882239,0.3491827200132779,0.4291892966675084
arctic,A1:z,16,cos_to_frame0,0.4513305145446011,0.3551493023175731,0.5432358670700139
arctic,A1:z,16,autocorrelation,0.7740294337272644,,
arctic,A1:z,32,displacement_ratio,0.4935347341321489,0.4389962661372764,0.5546367285149734
arctic,A1:z,32,cos_to_frame0,0.3609540272023409,0.2689876388494592,0.4519981404580131
arctic,A1:z,32,autocorrelation,0.6559181213378906,,
arctic,A1:z,63,displacement_ratio,0.7758636794263317,0.7126018385542348,0.8463138689565302
arctic,A1:z,63,cos_to_frame0,0.4045316201023837,0.3215714953626125,0.4848432562057766
arctic,A1:z,63,autocorrelation,0.2427193075418472,,
arctic,A1:z,1,r2_from_past_self,0.9829075932502748,,
arctic,A1:z,1,r2_from_current_z3,0.9559588432312012,,
arctic,A1:z,1,r2_from_both,0.988478422164917,,
arctic,A1:z,1,r2_gain_past_beyond_z3,0.0325195789337158,,
arctic,A1:z,1,r2_persistence_copy,0.9842352867126464,,
arctic,A1:z,4,r2_from_past_self,0.8857293128967285,,
arctic,A1:z,4,r2_from_current_z3,0.956057071685791,,
arctic,A1:z,4,r2_from_both,0.9727633595466614,,
arctic,A1:z,4,r2_gain_past_beyond_z3,0.0167062878608703,,
arctic,A1:z,4,r2_persistence_copy,0.8846367001533508,,
arctic,A1:z,8,r2_from_past_self,0.7633734941482544,,
arctic,A1:z,8,r2_from_current_z3,0.9563814997673036,,
arctic,A1:z,8,r2_from_both,0.9664894938468932,,
arctic,A1:z,8,r2_gain_past_beyond_z3,0.0101079940795898,,
arctic,A1:z,8,r2_persistence_copy,0.7510993480682373,,
arctic,A1:z,16,r2_from_past_self,0.6054402589797974,,
arctic,A1:z,16,r2_from_current_z3,0.956831395626068,,
arctic,A1:z,16,r2_from_both,0.9624326825141908,,
arctic,A1:z,16,r2_gain_past_beyond_z3,0.0056012868881225,,
arctic,A1:z,16,r2_persistence_copy,0.5600250959396362,,
arctic,A1:z,32,r2_from_past_self,0.4593752026557922,,
arctic,A1:z,32,r2_from_current_z3,0.9579337239265442,,
arctic,A1:z,32,r2_from_both,0.9609555006027222,,
arctic,A1:z,32,r2_gain_past_beyond_z3,0.0030217766761779,,
arctic,A1:z,32,r2_persistence_copy,0.3701404929161072,,
arctic,A2:z,1,displacement_ratio,0.036472180342522,0.0288603794222796,0.0460530391993395
arctic,A2:z,1,cos_to_frame0,0.9708631674769104,0.9590827372130808,0.9796757420617328
arctic,A2:z,1,autocorrelation,0.995137333869934,,
arctic,A2:z,2,displacement_ratio,0.0674227064460395,0.0527878273657348,0.0861340407532592
arctic,A2:z,2,cos_to_frame0,0.922309597092931,0.8980066330738878,0.9429870898929807
arctic,A2:z,2,autocorrelation,0.9847885370254515,,
arctic,A2:z,4,displacement_ratio,0.11934611472171,0.0926353395415107,0.1536680635239869
arctic,A2:z,4,cos_to_frame0,0.852782376751464,0.8099933214293993,0.8880997639463752
arctic,A2:z,4,autocorrelation,0.9576925039291382,,
arctic,A2:z,8,displacement_ratio,0.1978470762059973,0.1536695249579827,0.2521411983929908
arctic,A2:z,8,cos_to_frame0,0.7702877640083272,0.7203660646627696,0.8179085003931654
arctic,A2:z,8,autocorrelation,0.902795910835266,,
arctic,A2:z,16,displacement_ratio,0.2886559556048083,0.2357948303446921,0.3461527041708823
arctic,A2:z,16,cos_to_frame0,0.7425282831674301,0.6898452219021699,0.7931077512940454
arctic,A2:z,16,autocorrelation,0.8326361179351807,,
arctic,A2:z,32,displacement_ratio,0.3903264831551301,0.3258367408253252,0.4547433489543807
arctic,A2:z,32,cos_to_frame0,0.6533907192348632,0.5884787881459664,0.7126984959223995
arctic,A2:z,32,autocorrelation,0.7412447333335876,,
arctic,A2:z,63,displacement_ratio,0.6389748009863079,0.5761843906653553,0.6988113991604783
arctic,A2:z,63,cos_to_frame0,0.5564414550880751,0.4766759400185568,0.6207258827337955
arctic,A2:z,63,autocorrelation,0.569500744342804,,
arctic,A2:z,1,r2_from_past_self,0.9904716610908508,,
arctic,A2:z,1,r2_from_current_z3,0.8196096420288086,,
arctic,A2:z,1,r2_from_both,0.9911837577819824,,
arctic,A2:z,1,r2_gain_past_beyond_z3,0.1715741157531738,,
arctic,A2:z,1,r2_persistence_copy,0.9910342693328856,,
arctic,A2:z,4,r2_from_past_self,0.9199543595314026,,
arctic,A2:z,4,r2_from_current_z3,0.8213483691215515,,
arctic,A2:z,4,r2_from_both,0.9477680921554564,,
arctic,A2:z,4,r2_gain_past_beyond_z3,0.126419723033905,,
arctic,A2:z,4,r2_persistence_copy,0.9174436330795288,,
arctic,A2:z,8,r2_from_past_self,0.8246336579322815,,
arctic,A2:z,8,r2_from_current_z3,0.8218536376953125,,
arctic,A2:z,8,r2_from_both,0.9148858189582824,,
arctic,A2:z,8,r2_gain_past_beyond_z3,0.0930321812629699,,
arctic,A2:z,8,r2_persistence_copy,0.8105611801147461,,
arctic,A2:z,16,r2_from_past_self,0.7085968255996704,,
arctic,A2:z,16,r2_from_current_z3,0.8213708400726318,,
arctic,A2:z,16,r2_from_both,0.8857495188713074,,
arctic,A2:z,16,r2_gain_past_beyond_z3,0.0643786787986755,,
arctic,A2:z,16,r2_persistence_copy,0.6768369674682617,,
arctic,A2:z,32,r2_from_past_self,0.5792542695999146,,
arctic,A2:z,32,r2_from_current_z3,0.8189994096755981,,
arctic,A2:z,32,r2_from_both,0.8601328730583191,,
arctic,A2:z,32,r2_gain_past_beyond_z3,0.0411334633827209,,
arctic,A2:z,32,r2_persistence_copy,0.5155835151672363,,
arctic,A2:r,1,displacement_ratio,0.0844530277755311,0.0744176186820295,0.0953095746362355
arctic,A2:r,1,cos_to_frame0,0.9353577725348934,0.9261632926006184,0.9442713466321204
arctic,A2:r,1,autocorrelation,0.9855825304985046,,
arctic,A2:r,2,displacement_ratio,0.1451040783756843,0.1275180290620839,0.1635184365283588
arctic,A2:r,2,cos_to_frame0,0.8468526039392718,0.8263796566013453,0.8653693354496675
arctic,A2:r,2,autocorrelation,0.9606139063835144,,
arctic,A2:r,4,displacement_ratio,0.2317413964098499,0.2038919855826197,0.2614163793060416
arctic,A2:r,4,cos_to_frame0,0.7409087869348705,0.7123093191436762,0.7649461712972414
arctic,A2:r,4,autocorrelation,0.9117386937141418,,
arctic,A2:r,8,displacement_ratio,0.3426576281987851,0.3017366271013478,0.3880022827169455
arctic,A2:r,8,cos_to_frame0,0.6251982444076127,0.5872143450361442,0.662359268129467
arctic,A2:r,8,autocorrelation,0.8310472965240479,,
arctic,A2:r,16,displacement_ratio,0.4652850256972415,0.409176622247669,0.5266710370321259
arctic,A2:r,16,cos_to_frame0,0.5095520509426953,0.4620009835094101,0.5575687515505795
arctic,A2:r,16,autocorrelation,0.7217487692832947,,
arctic,A2:r,32,displacement_ratio,0.589298270081961,0.5121865477849824,0.6709043860530679
arctic,A2:r,32,cos_to_frame0,0.4203907434818565,0.3791794864123098,0.4599147979721266
arctic,A2:r,32,autocorrelation,0.5841842889785767,,
arctic,A2:r,63,displacement_ratio,0.7450095880976928,0.6445052639302002,0.8362579267289292
arctic,A2:r,63,cos_to_frame0,0.3323912641474156,0.2696963199703543,0.3816708258972351
arctic,A2:r,63,autocorrelation,0.3127959370613098,,
arctic,A2:r,1,r2_from_past_self,0.9562422633171082,,
arctic,A2:r,1,r2_from_current_z3,0.0905337333679199,,
arctic,A2:r,1,r2_from_both,0.700817883014679,,
arctic,A2:r,1,r2_gain_past_beyond_z3,0.610284149646759,,
arctic,A2:r,1,r2_persistence_copy,0.969042718410492,,
arctic,A2:r,4,r2_from_past_self,0.6981511116027832,,
arctic,A2:r,4,r2_from_current_z3,0.0879377126693725,,
arctic,A2:r,4,r2_from_both,0.4487139582633972,,
arctic,A2:r,4,r2_gain_past_beyond_z3,0.3607762455940246,,
arctic,A2:r,4,r2_persistence_copy,0.8303237557411194,,
arctic,A2:r,8,r2_from_past_self,0.4707475900650024,,
arctic,A2:r,8,r2_from_current_z3,0.0866574048995971,,
arctic,A2:r,8,r2_from_both,0.2919904589653015,,
arctic,A2:r,8,r2_gain_past_beyond_z3,0.2053330540657043,,
arctic,A2:r,8,r2_persistence_copy,0.68459552526474,,
arctic,A2:r,16,r2_from_past_self,0.272524356842041,,
arctic,A2:r,16,r2_from_current_z3,0.0871939063072204,,
arctic,A2:r,16,r2_from_both,0.1832621693611145,,
arctic,A2:r,16,r2_gain_past_beyond_z3,0.096068263053894,,
arctic,A2:r,16,r2_persistence_copy,0.4903585910797119,,
arctic,A2:r,32,r2_from_past_self,0.1607496738433838,,
arctic,A2:r,32,r2_from_current_z3,0.0900598764419555,,
arctic,A2:r,32,r2_from_both,0.1443338394165039,,
arctic,A2:r,32,r2_gain_past_beyond_z3,0.0542739629745483,,
arctic,A2:r,32,r2_persistence_copy,0.242925226688385,,
arctic,A2:resid_z,1,displacement_ratio,0.083716310257773,0.0683872376958693,0.101050276393192
arctic,A2:resid_z,1,cos_to_frame0,0.9167696731064908,0.9030716456884889,0.9301455286723944
arctic,A2:resid_z,1,autocorrelation,0.9865739345550536,,
arctic,A2:resid_z,2,displacement_ratio,0.1434747192818391,0.1171500745543911,0.1724125311417534
arctic,A2:resid_z,2,cos_to_frame0,0.8018767915425762,0.7714349039902235,0.8275479039975575
arctic,A2:resid_z,2,autocorrelation,0.9621688723564148,,
arctic,A2:resid_z,4,displacement_ratio,0.2294852596667585,0.1874918205944434,0.2741633467833178
arctic,A2:resid_z,4,cos_to_frame0,0.6688489712854867,0.626233827229361,0.7068462929165769
arctic,A2:resid_z,4,autocorrelation,0.9127994179725648,,
arctic,A2:resid_z,8,displacement_ratio,0.3397697526360712,0.278450184913367,0.4078069340685329
arctic,A2:resid_z,8,cos_to_frame0,0.5336074609139193,0.4830173825380008,0.5833424758829016
arctic,A2:resid_z,8,autocorrelation,0.8314560651779175,,
arctic,A2:resid_z,16,displacement_ratio,0.4623089012419504,0.3799086212620641,0.5531116068858147
arctic,A2:resid_z,16,cos_to_frame0,0.4251758391287938,0.3701895367659212,0.4805430770232852
arctic,A2:resid_z,16,autocorrelation,0.7198020219802856,,
arctic,A2:resid_z,32,displacement_ratio,0.5875083075495817,0.4796042102223108,0.7056669656967585
arctic,A2:resid_z,32,cos_to_frame0,0.3297626011734528,0.2658167591068947,0.3871691228820555
arctic,A2:resid_z,32,autocorrelation,0.5762385725975037,,
arctic,A2:resid_z,63,displacement_ratio,0.7177721415996872,0.5872137093037255,0.858158189730955
arctic,A2:resid_z,63,cos_to_frame0,0.2664151901569498,0.193216898260206,0.3360142519993942
arctic,A2:resid_z,63,autocorrelation,0.2050718069076538,,
arctic,A2:resid_full,1,displacement_ratio,0.1067361200468674,0.0877140797441543,0.1282877707047464
arctic,A2:resid_full,1,cos_to_frame0,0.8671421748335644,0.8491796181910105,0.884407740833709
arctic,A2:resid_full,1,autocorrelation,0.9830268621444702,,
arctic,A2:resid_full,2,displacement_ratio,0.1744765007908466,0.1425893030356557,0.2096497664868892
arctic,A2:resid_full,2,cos_to_frame0,0.7234994511931173,0.6886780832343707,0.7549640093690485
arctic,A2:resid_full,2,autocorrelation,0.9545379877090454,,
arctic,A2:resid_full,4,displacement_ratio,0.2709230115957638,0.221398412449227,0.3241854102244738
arctic,A2:resid_full,4,cos_to_frame0,0.5708766406782533,0.5266761136056718,0.6122072227376484
arctic,A2:resid_full,4,autocorrelation,0.8982732892036438,,
arctic,A2:resid_full,8,displacement_ratio,0.3905549110464191,0.3195386118569485,0.4640071529590201
arctic,A2:resid_full,8,cos_to_frame0,0.4218852023083356,0.3683287112147687,0.4699570848699659
arctic,A2:resid_full,8,autocorrelation,0.8053174018859863,,
arctic,A2:resid_full,16,displacement_ratio,0.5179242319477502,0.4245392344846639,0.619034112737393
arctic,A2:resid_full,16,cos_to_frame0,0.3360360327967873,0.2837124509152995,0.3828351493949979
arctic,A2:resid_full,16,autocorrelation,0.6783319115638733,,
arctic,A2:resid_full,32,displacement_ratio,0.6318764919915827,0.5152268926418854,0.7588025110982588
arctic,A2:resid_full,32,cos_to_frame0,0.2416909519202446,0.1855998858910746,0.2932526980911445
arctic,A2:resid_full,32,autocorrelation,0.5508661270141602,,
arctic,A2:resid_full,63,displacement_ratio,0.7247263665200883,0.5906849329260903,0.8688565092336399
arctic,A2:resid_full,63,cos_to_frame0,0.2139605985884304,0.1549293594466272,0.2704363586774664
arctic,A2:resid_full,63,autocorrelation,0.0766104459762573,,
arctic,A3:z,1,displacement_ratio,0.0533903034564147,0.0494346104632386,0.0580540773483888
arctic,A3:z,1,cos_to_frame0,0.9203041593233744,0.8972795593543266,0.9394250450654412
arctic,A3:z,1,autocorrelation,0.9934133291244508,,
arctic,A3:z,2,displacement_ratio,0.0961629480063434,0.0886538928578898,0.1048371573504416
arctic,A3:z,2,cos_to_frame0,0.8087753062286684,0.7649689814339958,0.8482547987923906
arctic,A3:z,2,autocorrelation,0.9793657064437866,,
arctic,A3:z,4,displacement_ratio,0.1649724085444724,0.1511689582342,0.1801756228729559
arctic,A3:z,4,cos_to_frame0,0.6744702487823463,0.6065535755950314,0.7349374766011325
arctic,A3:z,4,autocorrelation,0.94554603099823,,
arctic,A3:z,8,displacement_ratio,0.2664175999340831,0.2430367005840202,0.2927304338687394
arctic,A3:z,8,cos_to_frame0,0.5202069824701676,0.4298488902633322,0.6010482613470435
arctic,A3:z,8,autocorrelation,0.8762466311454773,,
arctic,A3:z,16,displacement_ratio,0.3887201654975132,0.3508293857682512,0.4307255432675674
arctic,A3:z,16,cos_to_frame0,0.4407863265544336,0.3423748138565251,0.533355813999109
arctic,A3:z,16,autocorrelation,0.7710670232772827,,
arctic,A3:z,32,displacement_ratio,0.4970219258659629,0.4428247735086562,0.5588248052698528
arctic,A3:z,32,cos_to_frame0,0.3500021132290042,0.2531899711232732,0.4444150413608988
arctic,A3:z,32,autocorrelation,0.6520482897758484,,
arctic,A3:z,63,displacement_ratio,0.781059966492717,0.716918451517128,0.855118908373994
arctic,A3:z,63,cos_to_frame0,0.390140996625026,0.3014674026080368,0.4725838153653282
arctic,A3:z,63,autocorrelation,0.2304631471633911,,
arctic,A3:z,1,r2_from_past_self,0.9823682904243468,,
arctic,A3:z,1,r2_from_current_z3,0.998534381389618,,
arctic,A3:z,1,r2_from_both,0.9988597631454468,,
arctic,A3:z,1,r2_gain_past_beyond_z3,0.0003253817558288,,
arctic,A3:z,1,r2_persistence_copy,0.983575701713562,,
arctic,A3:z,4,r2_from_past_self,0.8833969831466675,,
arctic,A3:z,4,r2_from_current_z3,0.9985284805297852,,
arctic,A3:z,4,r2_from_both,0.9987213015556335,,
arctic,A3:z,4,r2_gain_past_beyond_z3,0.0001928210258483,,
arctic,A3:z,4,r2_persistence_copy,0.8816351890563965,,
arctic,A3:z,8,r2_from_past_self,0.7600665092468262,,
arctic,A3:z,8,r2_from_current_z3,0.9985153675079346,,
arctic,A3:z,8,r2_from_both,0.9986594319343568,,
arctic,A3:z,8,r2_gain_past_beyond_z3,0.0001440644264221,,
arctic,A3:z,8,r2_persistence_copy,0.7465214133262634,,
arctic,A3:z,16,r2_from_past_self,0.6028087139129639,,
arctic,A3:z,16,r2_from_current_z3,0.998494565486908,,
arctic,A3:z,16,r2_from_both,0.998604655265808,,
arctic,A3:z,16,r2_gain_past_beyond_z3,0.0001100897789001,,
arctic,A3:z,16,r2_persistence_copy,0.5553967356681824,,
arctic,A3:z,32,r2_from_past_self,0.4573798775672912,,
arctic,A3:z,32,r2_from_current_z3,0.9984484910964966,,
arctic,A3:z,32,r2_from_both,0.9985629320144652,,
arctic,A3:z,32,r2_gain_past_beyond_z3,0.0001144409179687,,
arctic,A3:z,32,r2_persistence_copy,0.3651643991470337,,
arctic,A3:r,1,displacement_ratio,0.0965274037012169,0.0860873337318885,0.1076783337979545
arctic,A3:r,1,cos_to_frame0,0.9090819647235256,0.8909040993956802,0.925148090079218
arctic,A3:r,1,autocorrelation,0.9852108359336852,,
arctic,A3:r,2,displacement_ratio,0.1651339864618675,0.1469015742110526,0.1845360076602754
arctic,A3:r,2,cos_to_frame0,0.7957103228376757,0.7598468294689122,0.8234232408326627
arctic,A3:r,2,autocorrelation,0.9561429619789124,,
arctic,A3:r,4,displacement_ratio,0.2630587983275613,0.2321045192182419,0.2946384729324339
arctic,A3:r,4,cos_to_frame0,0.6695319968125513,0.6192752053218364,0.7092538805825102
arctic,A3:r,4,autocorrelation,0.8960513472557068,,
arctic,A3:r,8,displacement_ratio,0.3863152329639722,0.33958291254728,0.4347021078024443
arctic,A3:r,8,cos_to_frame0,0.5432233810825373,0.4925484785729958,0.5864807211311166
arctic,A3:r,8,autocorrelation,0.7950990796089172,,
arctic,A3:r,16,displacement_ratio,0.5211474026643461,0.453349668346997,0.5908506327240239
arctic,A3:r,16,cos_to_frame0,0.4299458797760708,0.3765677230076574,0.4781336930107744
arctic,A3:r,16,autocorrelation,0.6543405652046204,,
arctic,A3:r,32,displacement_ratio,0.6530747387998848,0.562540612322955,0.7443365294316208
arctic,A3:r,32,cos_to_frame0,0.319288935452219,0.2596465592051332,0.3784766983909145
arctic,A3:r,32,autocorrelation,0.4929563999176025,,
arctic,A3:r,63,displacement_ratio,0.7593528831037142,0.6602170551119961,0.8609909852897755
arctic,A3:r,63,cos_to_frame0,0.2617239201221094,0.1916644221059525,0.3342486889880494
arctic,A3:r,63,autocorrelation,0.1863758563995361,,
arctic,A3:r,1,r2_from_past_self,0.9432437419891356,,
arctic,A3:r,1,r2_from_current_z3,0.0228813886642456,,
arctic,A3:r,1,r2_from_both,0.407107949256897,,
arctic,A3:r,1,r2_gain_past_beyond_z3,0.3842265605926513,,
arctic,A3:r,1,r2_persistence_copy,0.9678729772567748,,
arctic,A3:r,4,r2_from_past_self,0.578898549079895,,
arctic,A3:r,4,r2_from_current_z3,0.0224165916442871,,
arctic,A3:r,4,r2_from_both,0.2359030842781067,,
arctic,A3:r,4,r2_gain_past_beyond_z3,0.2134864926338195,,
arctic,A3:r,4,r2_persistence_copy,0.8056102395057678,,
arctic,A3:r,8,r2_from_past_self,0.3448635339736938,,
arctic,A3:r,8,r2_from_current_z3,0.0221316218376159,,
arctic,A3:r,8,r2_from_both,0.1572865843772888,,
arctic,A3:r,8,r2_gain_past_beyond_z3,0.1351549625396728,,
arctic,A3:r,8,r2_persistence_copy,0.6300221681594849,,
arctic,A3:r,16,r2_from_past_self,0.1992530822753906,,
arctic,A3:r,16,r2_from_current_z3,0.0222803354263305,,
arctic,A3:r,16,r2_from_both,0.1081377267837524,,
arctic,A3:r,16,r2_gain_past_beyond_z3,0.0858573913574218,,
arctic,A3:r,16,r2_persistence_copy,0.3873650431632995,,
arctic,A3:r,32,r2_from_past_self,0.1307313442230224,,
arctic,A3:r,32,r2_from_current_z3,0.0238561034202575,,
arctic,A3:r,32,r2_from_both,0.0841796398162841,,
arctic,A3:r,32,r2_gain_past_beyond_z3,0.0603235363960266,,
arctic,A3:r,32,r2_persistence_copy,0.1121601462364196,,
arctic,A3:resid_z,1,displacement_ratio,0.0960569442400047,0.0806208103192548,0.1133480559422353
arctic,A3:resid_z,1,cos_to_frame0,0.9016345231443323,0.8823295802417336,0.919682489126789
arctic,A3:resid_z,1,autocorrelation,0.9839615225791932,,
arctic,A3:resid_z,2,displacement_ratio,0.1643312396281348,0.1374525825876089,0.194200605961755
arctic,A3:resid_z,2,cos_to_frame0,0.7785968537772855,0.7458990149875308,0.8078708310847804
arctic,A3:resid_z,2,autocorrelation,0.9515621066093444,,
arctic,A3:resid_z,4,displacement_ratio,0.2627488410961563,0.2196812578041783,0.3104314819111385
arctic,A3:resid_z,4,cos_to_frame0,0.6458896279575363,0.601882059758479,0.6863630701787615
arctic,A3:resid_z,4,autocorrelation,0.8850566148757935,,
arctic,A3:resid_z,8,displacement_ratio,0.3876400289516295,0.3248576224361442,0.4573958034617857
arctic,A3:resid_z,8,cos_to_frame0,0.4901516852820272,0.436530924856107,0.541978198412865
arctic,A3:resid_z,8,autocorrelation,0.7730572819709778,,
arctic,A3:resid_z,16,displacement_ratio,0.5263589741962571,0.4396935236268156,0.6182447920102933
arctic,A3:resid_z,16,cos_to_frame0,0.3678844596449566,0.32028144832002,0.4187050206049635
arctic,A3:resid_z,16,autocorrelation,0.6191661953926086,,
arctic,A3:resid_z,32,displacement_ratio,0.6620000484649853,0.5480346160524732,0.7766559132583766
arctic,A3:resid_z,32,cos_to_frame0,0.2426117999348989,0.1822311537166568,0.3022425847252119
arctic,A3:resid_z,32,autocorrelation,0.4534611701965332,,
arctic,A3:resid_z,63,displacement_ratio,0.7348353581563118,0.6170043336449244,0.8630676446157807
arctic,A3:resid_z,63,cos_to_frame0,0.2007399192004795,0.1446212657940746,0.2528201412830435
arctic,A3:resid_z,63,autocorrelation,0.130126953125,,
arctic,A3:resid_full,1,displacement_ratio,0.1240816533926033,0.1033209452938764,0.1471991805092619
arctic,A3:resid_full,1,cos_to_frame0,0.844860652281392,0.8241190664737567,0.8663601990800337
arctic,A3:resid_full,1,autocorrelation,0.9744872450828552,,
arctic,A3:resid_full,2,displacement_ratio,0.199462508722659,0.1650171973469213,0.2381940515712498
arctic,A3:resid_full,2,cos_to_frame0,0.6858669330956795,0.6543158723695105,0.7197964809055079
arctic,A3:resid_full,2,autocorrelation,0.9328995943069458,,
arctic,A3:resid_full,4,displacement_ratio,0.3050140739889234,0.2517560273979557,0.3638747074120583
arctic,A3:resid_full,4,cos_to_frame0,0.5341620976606043,0.4911218434248726,0.5736601657919592
arctic,A3:resid_full,4,autocorrelation,0.8515444397926331,,
arctic,A3:resid_full,8,displacement_ratio,0.4333807475744716,0.3573849341874116,0.516778655363144
arctic,A3:resid_full,8,cos_to_frame0,0.3829461333131598,0.3329237783936424,0.4277203273498146
arctic,A3:resid_full,8,autocorrelation,0.7221200466156006,,
arctic,A3:resid_full,16,displacement_ratio,0.5693534767275216,0.4684757152679618,0.6819779993299591
arctic,A3:resid_full,16,cos_to_frame0,0.293701860412795,0.255903086953327,0.3326006319048906
arctic,A3:resid_full,16,autocorrelation,0.5554876327514648,,
arctic,A3:resid_full,32,displacement_ratio,0.6971695795054397,0.5689484820412637,0.8390318386353703
arctic,A3:resid_full,32,cos_to_frame0,0.20716319957708,0.1588933480525894,0.2538966224867995
arctic,A3:resid_full,32,autocorrelation,0.3993194699287414,,
arctic,A3:resid_full,63,displacement_ratio,0.712195234152899,0.5902697687292564,0.8516743997196882
arctic,A3:resid_full,63,cos_to_frame0,0.1927009022354038,0.1467486530437369,0.2362623301498628
arctic,A3:resid_full,63,autocorrelation,0.0820607617497444,,
arctic,A1_z16:z,1,displacement_ratio,0.0479878842460131,0.0441032700544558,0.0525412003095327
arctic,A1_z16:z,1,cos_to_frame0,0.9357237198980906,0.9165433582557349,0.9512821913371416
arctic,A1_z16:z,1,autocorrelation,0.9948124885559082,,
arctic,A1_z16:z,2,displacement_ratio,0.0870154197578148,0.0795362336973218,0.0955228610853287
arctic,A1_z16:z,2,cos_to_frame0,0.8302421571025925,0.7877538317847763,0.8674077544339266
arctic,A1_z16:z,2,autocorrelation,0.9830439686775208,,
arctic,A1_z16:z,4,displacement_ratio,0.1505301986790953,0.1371759012470568,0.1659915874432145
arctic,A1_z16:z,4,cos_to_frame0,0.6952083539818564,0.6260153910611066,0.7549538546872938
arctic,A1_z16:z,4,autocorrelation,0.953694224357605,,
arctic,A1_z16:z,8,displacement_ratio,0.2456168116581055,0.223258573912984,0.2710505908686103
arctic,A1_z16:z,8,cos_to_frame0,0.5563894420942311,0.4722157940975802,0.6329634112709706
arctic,A1_z16:z,8,autocorrelation,0.8923104405403137,,
arctic,A1_z16:z,16,displacement_ratio,0.3625207853413397,0.3263598918128416,0.4043537708335972
arctic,A1_z16:z,16,cos_to_frame0,0.4928948924105654,0.3995950693740843,0.5827708614181843
arctic,A1_z16:z,16,autocorrelation,0.7974165678024292,,
arctic,A1_z16:z,32,displacement_ratio,0.4667601443586811,0.4114760511195486,0.5293522156814074
arctic,A1_z16:z,32,cos_to_frame0,0.4064521000330006,0.3121146546519774,0.4982796750515759
arctic,A1_z16:z,32,autocorrelation,0.6867413520812988,,
arctic,A1_z16:z,63,displacement_ratio,0.7564607851848166,0.6921496776657897,0.8303611394554832
arctic,A1_z16:z,63,cos_to_frame0,0.4455852280420962,0.3637871642379167,0.5253596474795058
arctic,A1_z16:z,63,autocorrelation,0.2714803814888,,
arctic,A1_z16:z,1,r2_from_past_self,0.9863914251327516,,
arctic,A1_z16:z,1,r2_from_current_z3,0.928074598312378,,
arctic,A1_z16:z,1,r2_from_both,0.9875569939613342,,
arctic,A1_z16:z,1,r2_gain_past_beyond_z3,0.0594823956489563,,
arctic,A1_z16:z,1,r2_persistence_copy,0.9865826368331908,,
arctic,A1_z16:z,4,r2_from_past_self,0.8973120450973511,,
arctic,A1_z16:z,4,r2_from_current_z3,0.9282268285751344,,
arctic,A1_z16:z,4,r2_from_both,0.9627171158790588,,
arctic,A1_z16:z,4,r2_gain_past_beyond_z3,0.0344902873039245,,
arctic,A1_z16:z,4,r2_persistence_copy,0.897626519203186,,
arctic,A1_z16:z,8,r2_from_past_self,0.7812540531158447,,
arctic,A1_z16:z,8,r2_from_current_z3,0.9290510416030884,,
arctic,A1_z16:z,8,r2_from_both,0.9504890441894532,,
arctic,A1_z16:z,8,r2_gain_past_beyond_z3,0.0214380025863647,,
arctic,A1_z16:z,8,r2_persistence_copy,0.7782390117645264,,
arctic,A1_z16:z,16,r2_from_past_self,0.624951958656311,,
arctic,A1_z16:z,16,r2_from_current_z3,0.9303690195083618,,
arctic,A1_z16:z,16,r2_from_both,0.9421920776367188,,
arctic,A1_z16:z,16,r2_gain_past_beyond_z3,0.0118230581283569,,
arctic,A1_z16:z,16,r2_persistence_copy,0.6068357229232788,,
arctic,A1_z16:z,32,r2_from_past_self,0.475670576095581,,
arctic,A1_z16:z,32,r2_from_current_z3,0.9337335824966432,,
arctic,A1_z16:z,32,r2_from_both,0.940272867679596,,
arctic,A1_z16:z,32,r2_gain_past_beyond_z3,0.0065392851829528,,
arctic,A1_z16:z,32,r2_persistence_copy,0.4341678619384765,,
arctic,A2_z16:z,1,displacement_ratio,0.0313889565902651,0.0250449066542303,0.0390482361872606
arctic,A2_z16:z,1,cos_to_frame0,0.9852110586499656,0.9815469674959796,0.9886476609085404
arctic,A2_z16:z,1,autocorrelation,0.9942433834075928,,
arctic,A2_z16:z,2,displacement_ratio,0.0580276950057195,0.046056702075747,0.0721786644932352
arctic,A2_z16:z,2,cos_to_frame0,0.9613008245985996,0.952548053960068,0.9697882000980274
arctic,A2_z16:z,2,autocorrelation,0.9849759340286256,,
arctic,A2_z16:z,4,displacement_ratio,0.103525589956271,0.0818367851214793,0.1288644783444647
arctic,A2_z16:z,4,cos_to_frame0,0.9195417901200632,0.8999083020478292,0.9383560371305432
arctic,A2_z16:z,4,autocorrelation,0.9627141952514648,,
arctic,A2_z16:z,8,displacement_ratio,0.1729099817664152,0.1387555303296892,0.2116862683980346
arctic,A2_z16:z,8,cos_to_frame0,0.848489009484809,0.8117705741690135,0.8845133351044149
arctic,A2_z16:z,8,autocorrelation,0.9231416583061218,,
arctic,A2_z16:z,16,displacement_ratio,0.260419175529512,0.2167858641296957,0.3084155988122487
arctic,A2_z16:z,16,cos_to_frame0,0.8176714490738607,0.7782461806457317,0.8576963965513122
arctic,A2_z16:z,16,autocorrelation,0.8606934547424316,,
arctic,A2_z16:z,32,displacement_ratio,0.3570904102256542,0.3003051102030394,0.4169146150572903
arctic,A2_z16:z,32,cos_to_frame0,0.717617404396816,0.6596819164906226,0.7707536545040178
arctic,A2_z16:z,32,autocorrelation,0.7750759124755859,,
arctic,A2_z16:z,63,displacement_ratio,0.5526479834149922,0.4814665987798176,0.6409495721416653
arctic,A2_z16:z,63,cos_to_frame0,0.6235256393750509,0.5257991372518451,0.7122361372922101
arctic,A2_z16:z,63,autocorrelation,0.4981493353843689,,
arctic,A2_z16:z,1,r2_from_past_self,0.9840547442436218,,
arctic,A2_z16:z,1,r2_from_current_z3,0.7772101163864136,,
arctic,A2_z16:z,1,r2_from_both,0.984975039958954,,
arctic,A2_z16:z,1,r2_gain_past_beyond_z3,0.2077649235725402,,
arctic,A2_z16:z,1,r2_persistence_copy,0.9847469329833984,,
arctic,A2_z16:z,4,r2_from_past_self,0.9212754964828492,,
arctic,A2_z16:z,4,r2_from_current_z3,0.7816376686096191,,
arctic,A2_z16:z,4,r2_from_both,0.9386942982673644,,
arctic,A2_z16:z,4,r2_gain_past_beyond_z3,0.1570566296577453,,
arctic,A2_z16:z,4,r2_persistence_copy,0.9196454882621764,,
arctic,A2_z16:z,8,r2_from_past_self,0.846919059753418,,
arctic,A2_z16:z,8,r2_from_current_z3,0.7826812267303467,,
arctic,A2_z16:z,8,r2_from_both,0.9047079086303712,,
arctic,A2_z16:z,8,r2_gain_past_beyond_z3,0.1220266819000244,,
arctic,A2_z16:z,8,r2_persistence_copy,0.8381860852241516,,
arctic,A2_z16:z,16,r2_from_past_self,0.7407478094100952,,
arctic,A2_z16:z,16,r2_from_current_z3,0.7837493419647217,,
arctic,A2_z16:z,16,r2_from_both,0.8705722689628601,,
arctic,A2_z16:z,16,r2_gain_past_beyond_z3,0.0868229269981384,,
arctic,A2_z16:z,16,r2_persistence_copy,0.7111090421676636,,
arctic,A2_z16:z,32,r2_from_past_self,0.6057166457176208,,
arctic,A2_z16:z,32,r2_from_current_z3,0.7864353656768799,,
arctic,A2_z16:z,32,r2_from_both,0.8418811559677124,,
arctic,A2_z16:z,32,r2_gain_past_beyond_z3,0.0554457902908325,,
arctic,A2_z16:z,32,r2_persistence_copy,0.5482355356216431,,
arctic,A2_z16:r,1,displacement_ratio,0.0727062440847837,0.0654200029629199,0.0803735898461888
arctic,A2_z16:r,1,cos_to_frame0,0.958853425197704,0.951949359884992,0.9646663738183796
arctic,A2_z16:r,1,autocorrelation,0.9903568625450134,,
arctic,A2_z16:r,2,displacement_ratio,0.1276976403489869,0.1148780433619539,0.1414561579069692
arctic,A2_z16:r,2,cos_to_frame0,0.8933524961272875,0.8774984680349392,0.9086627954745674
arctic,A2_z16:r,2,autocorrelation,0.9706423282623292,,
arctic,A2_z16:r,4,displacement_ratio,0.2099427068105308,0.1879179544409373,0.2331397574306768
arctic,A2_z16:r,4,cos_to_frame0,0.8034139065652766,0.7798032955441353,0.8276525348316932
arctic,A2_z16:r,4,autocorrelation,0.9266580939292908,,
arctic,A2_z16:r,8,displacement_ratio,0.3177784227876253,0.2847332147923657,0.3534048894746888
arctic,A2_z16:r,8,cos_to_frame0,0.6929096638034749,0.6604064515918787,0.7266007971210802
arctic,A2_z16:r,8,autocorrelation,0.8492521643638611,,
arctic,A2_z16:r,16,displacement_ratio,0.4403488098052881,0.394006125273606,0.4920762011135273
arctic,A2_z16:r,16,cos_to_frame0,0.586623464100143,0.5419660667837852,0.6355078719226694
arctic,A2_z16:r,16,autocorrelation,0.7402879595756531,,
arctic,A2_z16:r,32,displacement_ratio,0.5578715483187348,0.4942834454996045,0.6253293981003984
arctic,A2_z16:r,32,cos_to_frame0,0.4963940126641142,0.4467265252514197,0.5499201521168049
arctic,A2_z16:r,32,autocorrelation,0.6180004477500916,,
arctic,A2_z16:r,63,displacement_ratio,0.7145859047530159,0.6326494644901777,0.7939616378472166
arctic,A2_z16:r,63,cos_to_frame0,0.4128748188796703,0.3596012720931634,0.4578359447883359
arctic,A2_z16:r,63,autocorrelation,0.3762281537055969,,
arctic,A2_z16:r,1,r2_from_past_self,0.9743545651435852,,
arctic,A2_z16:r,1,r2_from_current_z3,0.2798103094100952,,
arctic,A2_z16:r,1,r2_from_both,0.8741531372070312,,
arctic,A2_z16:r,1,r2_gain_past_beyond_z3,0.594342827796936,,
arctic,A2_z16:r,1,r2_persistence_copy,0.9779559373855592,,
arctic,A2_z16:r,4,r2_from_past_self,0.8208175897598267,,
arctic,A2_z16:r,4,r2_from_current_z3,0.2772994041442871,,
arctic,A2_z16:r,4,r2_from_both,0.7104116678237915,,
arctic,A2_z16:r,4,r2_gain_past_beyond_z3,0.4331122636795044,,
arctic,A2_z16:r,4,r2_persistence_copy,0.8498164415359497,,
arctic,A2_z16:r,8,r2_from_past_self,0.6553833484649658,,
arctic,A2_z16:r,8,r2_from_current_z3,0.2778081893920898,,
arctic,A2_z16:r,8,r2_from_both,0.5751986503601074,,
arctic,A2_z16:r,8,r2_gain_past_beyond_z3,0.2973904609680176,,
arctic,A2_z16:r,8,r2_persistence_copy,0.6994960308074951,,
arctic,A2_z16:r,16,r2_from_past_self,0.461671769618988,,
arctic,A2_z16:r,16,r2_from_current_z3,0.2809808850288391,,
arctic,A2_z16:r,16,r2_from_both,0.4476159811019897,,
arctic,A2_z16:r,16,r2_gain_past_beyond_z3,0.1666350960731506,,
arctic,A2_z16:r,16,r2_persistence_copy,0.4854640960693359,,
arctic,A2_z16:r,32,r2_from_past_self,0.2907239198684692,,
arctic,A2_z16:r,32,r2_from_current_z3,0.2880772948265075,,
arctic,A2_z16:r,32,r2_from_both,0.3661364316940307,,
arctic,A2_z16:r,32,r2_gain_past_beyond_z3,0.0780591368675232,,
arctic,A2_z16:r,32,r2_persistence_copy,0.2336008548736572,,
arctic,A2_z16:resid_z,1,displacement_ratio,0.0800623592960658,0.0669975835416698,0.0947035112523
arctic,A2_z16:resid_z,1,cos_to_frame0,0.9354889533853018,0.921954311401856,0.9463983584137952
arctic,A2_z16:resid_z,1,autocorrelation,0.989866018295288,,
arctic,A2_z16:resid_z,2,displacement_ratio,0.1395089276916077,0.1159126007173552,0.1649450945024614
arctic,A2_z16:resid_z,2,cos_to_frame0,0.836824351981763,0.8074478639110663,0.8633722405775762
arctic,A2_z16:resid_z,2,autocorrelation,0.9673858284950256,,
arctic,A2_z16:resid_z,4,displacement_ratio,0.2278613856422805,0.1890734274104093,0.2686383228344758
arctic,A2_z16:resid_z,4,cos_to_frame0,0.7185273777332998,0.6742452386300947,0.760313030517248
arctic,A2_z16:resid_z,4,autocorrelation,0.9167101979255676,,
arctic,A2_z16:resid_z,8,displacement_ratio,0.3434028077109526,0.2838962034436426,0.4050989515020185
arctic,A2_z16:resid_z,8,cos_to_frame0,0.5630938573990778,0.5107820245263174,0.6166350868509934
arctic,A2_z16:resid_z,8,autocorrelation,0.8252237439155579,,
arctic,A2_z16:resid_z,16,displacement_ratio,0.4700928489447281,0.3912530079142819,0.5557260178172856
arctic,A2_z16:resid_z,16,cos_to_frame0,0.4179428612152415,0.3508866382666138,0.4858264745270375
arctic,A2_z16:resid_z,16,autocorrelation,0.7003049850463867,,
arctic,A2_z16:resid_z,32,displacement_ratio,0.5874372258261648,0.4794786344940941,0.6966053563227947
arctic,A2_z16:resid_z,32,cos_to_frame0,0.3349680446754259,0.2788669100739537,0.3935894578284821
arctic,A2_z16:resid_z,32,autocorrelation,0.5744940042495728,,
arctic,A2_z16:resid_z,63,displacement_ratio,0.7252406100992874,0.597974665002639,0.8687753892361005
arctic,A2_z16:resid_z,63,cos_to_frame0,0.2345340622974539,0.1856766931467452,0.2804896563177301
arctic,A2_z16:resid_z,63,autocorrelation,0.1829616576433181,,
arctic,A2_z16:resid_full,1,displacement_ratio,0.1082466358959835,0.0906029324852961,0.1281219967252326
arctic,A2_z16:resid_full,1,cos_to_frame0,0.8995461409450859,0.8874089247487873,0.912507042815944
arctic,A2_z16:resid_full,1,autocorrelation,0.9829294681549072,,
arctic,A2_z16:resid_full,2,displacement_ratio,0.1809610598370112,0.1509086921676368,0.2141835329566292
arctic,A2_z16:resid_full,2,cos_to_frame0,0.7695738952006063,0.746237780750409,0.7908236047476502
arctic,A2_z16:resid_full,2,autocorrelation,0.948990285396576,,
arctic,A2_z16:resid_full,4,displacement_ratio,0.2865013108058001,0.2391517505778321,0.3389610844569743
arctic,A2_z16:resid_full,4,cos_to_frame0,0.6077632160296523,0.5677509446337194,0.6410052037744054
arctic,A2_z16:resid_full,4,autocorrelation,0.8771262764930725,,
arctic,A2_z16:resid_full,8,displacement_ratio,0.4174725415926146,0.3477428474281095,0.4937567113258782
arctic,A2_z16:resid_full,8,cos_to_frame0,0.4270198985994343,0.379368378733849,0.4728957788836887
arctic,A2_z16:resid_full,8,autocorrelation,0.7570057511329651,,
arctic,A2_z16:resid_full,16,displacement_ratio,0.5538045775786202,0.4602779774356548,0.6548577487792012
arctic,A2_z16:resid_full,16,cos_to_frame0,0.3007170985883442,0.256770013250123,0.3412080125109232
arctic,A2_z16:resid_full,16,autocorrelation,0.6018179655075073,,
arctic,A2_z16:resid_full,32,displacement_ratio,0.6754477492543638,0.5528956537262616,0.8006622919985913
arctic,A2_z16:resid_full,32,cos_to_frame0,0.2213905143391301,0.1749102612282986,0.2680668336825959
arctic,A2_z16:resid_full,32,autocorrelation,0.4417745769023895,,
arctic,A2_z16:resid_full,63,displacement_ratio,0.7254547272478381,0.6077022532749761,0.8553540008109035
arctic,A2_z16:resid_full,63,cos_to_frame0,0.1720733461971645,0.1210551807398004,0.2166645550060921
arctic,A2_z16:resid_full,63,autocorrelation,0.0902924239635467,,
arctic,A3_z16:z,1,displacement_ratio,0.0461599403561683,0.0424862359813826,0.0504689165120114
arctic,A3_z16:z,1,cos_to_frame0,0.9376689923065964,0.9211224552711068,0.9519084320691318
arctic,A3_z16:z,1,autocorrelation,0.99525249004364,,
arctic,A3_z16:z,2,displacement_ratio,0.0838579371251085,0.0767092273205889,0.0920884890679404
arctic,A3_z16:z,2,cos_to_frame0,0.8347588926553726,0.7942992110265779,0.8696609519458515
arctic,A3_z16:z,2,autocorrelation,0.98436176776886,,
arctic,A3_z16:z,4,displacement_ratio,0.1454428138051142,0.1324557031555586,0.1605562382689348
arctic,A3_z16:z,4,cos_to_frame0,0.7107929243275555,0.6476612088092273,0.7651664106310239
arctic,A3_z16:z,4,autocorrelation,0.9568241834640504,,
arctic,A3_z16:z,8,displacement_ratio,0.2384347091278722,0.2160762834536654,0.2642154226705767
arctic,A3_z16:z,8,cos_to_frame0,0.5750598536443806,0.4901263803111264,0.6510213916415496
arctic,A3_z16:z,8,autocorrelation,0.8973872065544128,,
arctic,A3_z16:z,16,displacement_ratio,0.3528443451930759,0.3163749002488679,0.3956785283997296
arctic,A3_z16:z,16,cos_to_frame0,0.5100976907878473,0.414550369861096,0.6010657751793211
arctic,A3_z16:z,16,autocorrelation,0.8041979670524597,,
arctic,A3_z16:z,32,displacement_ratio,0.4591681156908312,0.4028765338593256,0.5222674799326885
arctic,A3_z16:z,32,cos_to_frame0,0.4202831122042831,0.3275824107267104,0.510690115658965
arctic,A3_z16:z,32,autocorrelation,0.691176176071167,,
arctic,A3_z16:z,63,displacement_ratio,0.7526893934976029,0.6853791277529755,0.8281863464386504
arctic,A3_z16:z,63,cos_to_frame0,0.4501909413975813,0.3659272468465431,0.529823982247244
arctic,A3_z16:z,63,autocorrelation,0.2840019762516022,,
arctic,A3_z16:z,1,r2_from_past_self,0.9873450398445128,,
arctic,A3_z16:z,1,r2_from_current_z3,0.929431140422821,,
arctic,A3_z16:z,1,r2_from_both,0.9887336492538452,,
arctic,A3_z16:z,1,r2_gain_past_beyond_z3,0.0593025088310241,,
arctic,A3_z16:z,1,r2_persistence_copy,0.9876463413238524,,
arctic,A3_z16:z,4,r2_from_past_self,0.9037860631942748,,
arctic,A3_z16:z,4,r2_from_current_z3,0.9296976327896118,,
arctic,A3_z16:z,4,r2_from_both,0.96590393781662,,
arctic,A3_z16:z,4,r2_gain_past_beyond_z3,0.036206305027008,,
arctic,A3_z16:z,4,r2_persistence_copy,0.9038881659507751,,
arctic,A3_z16:z,8,r2_from_past_self,0.7918325662612915,,
arctic,A3_z16:z,8,r2_from_current_z3,0.9306961297988892,,
arctic,A3_z16:z,8,r2_from_both,0.9541362524032592,,
arctic,A3_z16:z,8,r2_gain_past_beyond_z3,0.0234401226043701,,
arctic,A3_z16:z,8,r2_persistence_copy,0.7879340648651123,,
arctic,A3_z16:z,16,r2_from_past_self,0.6412538290023804,,
arctic,A3_z16:z,16,r2_from_current_z3,0.9321467876434326,,
arctic,A3_z16:z,16,r2_from_both,0.9459202885627748,,
arctic,A3_z16:z,16,r2_gain_past_beyond_z3,0.013773500919342,,
arctic,A3_z16:z,16,r2_persistence_copy,0.6195831894874573,,
arctic,A3_z16:z,32,r2_from_past_self,0.4896583557128906,,
arctic,A3_z16:z,32,r2_from_current_z3,0.9353811740875244,,
arctic,A3_z16:z,32,r2_from_both,0.9430708885192872,,
arctic,A3_z16:z,32,r2_gain_past_beyond_z3,0.0076897144317626,,
arctic,A3_z16:z,32,r2_persistence_copy,0.4416155219078064,,
arctic,A3_z16:r,1,displacement_ratio,0.0898542991909448,0.0811780719232047,0.0989089551704243
arctic,A3_z16:r,1,cos_to_frame0,0.9346950941829272,0.9221891883549752,0.9460593467250916
arctic,A3_z16:r,1,autocorrelation,0.9871208667755128,,
arctic,A3_z16:r,2,displacement_ratio,0.1551014676850329,0.139756018173479,0.1709013511554759
arctic,A3_z16:r,2,cos_to_frame0,0.8499106373838199,0.8242335271222954,0.8716184152185861
arctic,A3_z16:r,2,autocorrelation,0.9605764150619508,,
arctic,A3_z16:r,4,displacement_ratio,0.2506787718864538,0.2262381991065035,0.2766978566417175
arctic,A3_z16:r,4,cos_to_frame0,0.7435921543548184,0.7043937897910995,0.7762712473183347
arctic,A3_z16:r,4,autocorrelation,0.9039470553398132,,
arctic,A3_z16:r,8,displacement_ratio,0.374005889700305,0.3377786986060652,0.4133469264530231
arctic,A3_z16:r,8,cos_to_frame0,0.6055355841113675,0.557504291090733,0.6526701993072435
arctic,A3_z16:r,8,autocorrelation,0.805894136428833,,
arctic,A3_z16:r,16,displacement_ratio,0.509806939510889,0.456465335382401,0.567743078552488
arctic,A3_z16:r,16,cos_to_frame0,0.4823965367370395,0.4233224883589908,0.5439578127616118
arctic,A3_z16:r,16,autocorrelation,0.6676603555679321,,
arctic,A3_z16:r,32,displacement_ratio,0.648924907128657,0.5761102769739862,0.7272064379837323
arctic,A3_z16:r,32,cos_to_frame0,0.3579021993854273,0.3009905244808447,0.4153863295308875
arctic,A3_z16:r,32,autocorrelation,0.500219464302063,,
arctic,A3_z16:r,63,displacement_ratio,0.7696167990885755,0.6829450857081719,0.8551624697683745
arctic,A3_z16:r,63,cos_to_frame0,0.2510087841631023,0.1999767044160282,0.295128098030239
arctic,A3_z16:r,63,autocorrelation,0.2274049073457718,,
arctic,A3_z16:r,1,r2_from_past_self,0.9630643725395204,,
arctic,A3_z16:r,1,r2_from_current_z3,0.0707880854606628,,
arctic,A3_z16:r,1,r2_from_both,0.6980206966400146,,
arctic,A3_z16:r,1,r2_gain_past_beyond_z3,0.6272326111793518,,
arctic,A3_z16:r,1,r2_persistence_copy,0.9702662229537964,,
arctic,A3_z16:r,4,r2_from_past_self,0.7227268815040588,,
arctic,A3_z16:r,4,r2_from_current_z3,0.0701009631156921,,
arctic,A3_z16:r,4,r2_from_both,0.4709165692329407,,
arctic,A3_z16:r,4,r2_gain_past_beyond_z3,0.4008156061172485,,
arctic,A3_z16:r,4,r2_persistence_copy,0.8111544847488403,,
arctic,A3_z16:r,8,r2_from_past_self,0.4928451180458069,,
arctic,A3_z16:r,8,r2_from_current_z3,0.070360779762268,,
arctic,A3_z16:r,8,r2_from_both,0.3155034780502319,,
arctic,A3_z16:r,8,r2_gain_past_beyond_z3,0.2451426982879638,,
arctic,A3_z16:r,8,r2_persistence_copy,0.6285801529884338,,
arctic,A3_z16:r,16,r2_from_past_self,0.2766640186309814,,
arctic,A3_z16:r,16,r2_from_current_z3,0.0702361464500427,,
arctic,A3_z16:r,16,r2_from_both,0.1925817728042602,,
arctic,A3_z16:r,16,r2_gain_past_beyond_z3,0.1223456263542175,,
arctic,A3_z16:r,16,r2_persistence_copy,0.3704953193664551,,
arctic,A3_z16:r,32,r2_from_past_self,0.1438359022140503,,
arctic,A3_z16:r,32,r2_from_current_z3,0.0691246390342712,,
arctic,A3_z16:r,32,r2_from_both,0.1331501007080078,,
arctic,A3_z16:r,32,r2_gain_past_beyond_z3,0.0640254616737365,,
arctic,A3_z16:r,32,r2_persistence_copy,0.0568727850914001,,
arctic,A3_z16:resid_z,1,displacement_ratio,0.091658087602506,0.0769503475016454,0.108299267932827
arctic,A3_z16:resid_z,1,cos_to_frame0,0.9178687128969418,0.9048869239570596,0.9290658382151926
arctic,A3_z16:resid_z,1,autocorrelation,0.986502766609192,,
arctic,A3_z16:resid_z,2,displacement_ratio,0.1569605560332376,0.1313813297114882,0.1857058792086106
arctic,A3_z16:resid_z,2,cos_to_frame0,0.8098583301248891,0.7839727735616991,0.8334232430076605
arctic,A3_z16:resid_z,2,autocorrelation,0.9573639631271362,,
arctic,A3_z16:resid_z,4,displacement_ratio,0.2525102707447224,0.211014594116258,0.2969448811309886
arctic,A3_z16:resid_z,4,cos_to_frame0,0.6817578173853377,0.6427577416124525,0.7144743805812158
arctic,A3_z16:resid_z,4,autocorrelation,0.8955941796302795,,
arctic,A3_z16:resid_z,8,displacement_ratio,0.3755145162664434,0.3139908577037538,0.4411943742663171
arctic,A3_z16:resid_z,8,cos_to_frame0,0.5227517312973418,0.4767700078880256,0.5697915364266105
arctic,A3_z16:resid_z,8,autocorrelation,0.7887042164802551,,
arctic,A3_z16:resid_z,16,displacement_ratio,0.5125273262220685,0.4275019571062511,0.6043832665393748
arctic,A3_z16:resid_z,16,cos_to_frame0,0.4032138048581058,0.3510798678806508,0.46040684611094
arctic,A3_z16:resid_z,16,autocorrelation,0.6364587545394897,,
arctic,A3_z16:resid_z,32,displacement_ratio,0.6530194282932307,0.5410102395284373,0.7705157971851534
arctic,A3_z16:resid_z,32,cos_to_frame0,0.2787595158442855,0.2171987417665069,0.3364623229843443
arctic,A3_z16:resid_z,32,autocorrelation,0.4560433626174927,,
arctic,A3_z16:resid_z,63,displacement_ratio,0.7220215106643336,0.6106975812495574,0.8469467480361739
arctic,A3_z16:resid_z,63,cos_to_frame0,0.2059384289320298,0.1468759401973528,0.2579394200228632
arctic,A3_z16:resid_z,63,autocorrelation,0.148704782128334,,
arctic,A3_z16:resid_full,1,displacement_ratio,0.1169921036869768,0.0981772448512769,0.1378986742363246
arctic,A3_z16:resid_full,1,cos_to_frame0,0.8741170464343923,0.8576662836713479,0.8907174048727596
arctic,A3_z16:resid_full,1,autocorrelation,0.979584276676178,,
arctic,A3_z16:resid_full,2,displacement_ratio,0.1911156973050486,0.1586922546217832,0.2266456739312977
arctic,A3_z16:resid_full,2,cos_to_frame0,0.7308274816761735,0.700085230804531,0.7606668857909646
arctic,A3_z16:resid_full,2,autocorrelation,0.9427415132522584,,
arctic,A3_z16:resid_full,4,displacement_ratio,0.2972217646818007,0.2464566009196763,0.3532892180710374
arctic,A3_z16:resid_full,4,cos_to_frame0,0.558146265695893,0.5132229191125096,0.6003946667409777
arctic,A3_z16:resid_full,4,autocorrelation,0.8668522834777832,,
arctic,A3_z16:resid_full,8,displacement_ratio,0.4270698893614995,0.3533744251060245,0.5074362010512227
arctic,A3_z16:resid_full,8,cos_to_frame0,0.3835609170397924,0.3364590276119251,0.4282855717722034
arctic,A3_z16:resid_full,8,autocorrelation,0.7422298192977905,,
arctic,A3_z16:resid_full,16,displacement_ratio,0.5596759431064129,0.4619995457496194,0.6652000633213347
arctic,A3_z16:resid_full,16,cos_to_frame0,0.2981593241834993,0.2565250958305936,0.3438985569723985
arctic,A3_z16:resid_full,16,autocorrelation,0.5825289487838745,,
arctic,A3_z16:resid_full,32,displacement_ratio,0.6907518662071677,0.565415548939829,0.8246186520282339
arctic,A3_z16:resid_full,32,cos_to_frame0,0.1892673422617497,0.1479682514182954,0.2315020522755652
arctic,A3_z16:resid_full,32,autocorrelation,0.4092485904693603,,
arctic,A3_z16:resid_full,63,displacement_ratio,0.7260819411365896,0.6097111973789093,0.862215643274598
arctic,A3_z16:resid_full,63,cos_to_frame0,0.1760293527641483,0.1286109590958143,0.2205300238512909
arctic,A3_z16:resid_full,63,autocorrelation,0.0794216617941856,,
