group,metric,ratio,stat,value,lo,hi
box__obj__L,raw,time/take,mean,0.893386721611023,0.8129904205991129,0.9702545474727963
box__obj__L,raw,time/take,median,0.8838371634483337,0.7835376595001472,1.012267045540941
box__obj__L,raw,time/subject,mean,0.875050961971283,0.8008276073280323,0.9515756361973144
box__obj__L,raw,time/subject,median,0.8639964461326599,0.7546727385922432,0.9881747949405302
box__obj__L,raw,subject/take_same_subject,mean,1.1682608127593994,1.0181857878277478,1.3679815114105391
box__obj__L,raw,subject/take_same_subject,median,1.196469783782959,1.0014343528037446,1.4788088268283024
box__obj__L,raw,action/take,mean,1.044629693031311,0.9807974354871865,1.1179678344016926
box__obj__L,raw,action/take,median,1.0535476207733154,0.9645329348723435,1.1736486655093021
box__obj__L,raw,time/floor,mean,2.694084644317627,2.1539045476609613,3.4095376563556634
box__obj__L,raw,time/floor,median,4.609553337097168,2.451653806798161,8.09055067400252
box__obj__L,raw_L1,time/take,mean,0.8382892608642578,0.7434419594111764,0.9487808723710118
box__obj__L,raw_L1,time/take,median,0.8167018294334412,0.6877724449793927,1.0280191475079574
box__obj__L,raw_L1,time/subject,mean,0.8144044280052185,0.7281234235010757,0.9174416317470003
box__obj__L,raw_L1,time/subject,median,0.7704617977142334,0.623178634753519,0.9613859499176431
box__obj__L,raw_L1,subject/take_same_subject,mean,1.213405966758728,1.0364554027214432,1.5128508840726382
box__obj__L,raw_L1,subject/take_same_subject,median,1.329579472541809,0.9905691803737443,1.7212923408707979
box__obj__L,raw_L1,action/take,mean,1.0411702394485474,0.9593217154460225,1.1412616110443292
box__obj__L,raw_L1,action/take,median,1.060510516166687,0.9131919332912828,1.2700532950171672
box__obj__L,raw_L1,time/floor,mean,3.0151045322418213,2.2750351069698715,4.0763007271145435
box__obj__L,raw_L1,time/floor,median,5.391541481018066,2.60579909688621,9.943264948199136
box__obj__L,mass_abs,time/take,mean,1.0362517833709717,0.8867159143819228,1.186518171971782
box__obj__L,mass_abs,time/take,median,0.9560686349868774,0.6769503081692076,1.246152571439582
box__obj__L,mass_abs,time/subject,mean,1.018418788909912,0.8509213845274457,1.1578536612677865
box__obj__L,mass_abs,time/subject,median,0.9472916722297668,0.6535492546327333,1.2396467840216678
box__obj__L,mass_abs,subject/take_same_subject,mean,1.2376168966293335,0.9903391044114271,1.645195330339538
box__obj__L,mass_abs,subject/take_same_subject,median,1.3575913906097412,0.9831292435397798,2.0181055219660666
box__obj__L,mass_abs,action/take,mean,0.982882559299469,0.8993965464785809,1.0695994796362525
box__obj__L,mass_abs,action/take,median,0.9932130575180054,0.861861626970726,1.1404971685171388
box__obj__L,mass_abs,time/floor,mean,2.7450966835021973,1.967456232249253,3.8962577985928677
box__obj__L,mass_abs,time/floor,median,6.039688587188721,3.0132654284776446,11.734587363991304
box__obj__L,mass_log,time/take,mean,1.5189327001571655,1.2439780209020044,1.8253061059768818
box__obj__L,mass_log,time/take,median,1.2433000802993774,0.7773480811963154,1.8470004280449783
box__obj__L,mass_log,time/subject,mean,1.523001790046692,1.2281833426867812,1.828054948841595
box__obj__L,mass_log,time/subject,median,1.2270065546035767,0.7409338842804201,1.820278208616848
box__obj__L,mass_log,subject/take_same_subject,mean,1.1320741176605225,0.9613814419489657,1.3747498180803548
box__obj__L,mass_log,subject/take_same_subject,median,1.2180105447769165,0.8677125711688849,1.9584003472329632
box__obj__L,mass_log,action/take,mean,1.174119234085083,1.0017474031469071,1.395357469611097
box__obj__L,mass_log,action/take,median,0.9564193487167358,0.8347828041154257,1.1474769640251774
box__obj__L,mass_log,time/floor,mean,3.2620720863342285,2.362799152486991,4.7704962558717074
box__obj__L,mass_log,time/floor,median,8.533726692199707,3.325925450419822,18.29556541324848
box__obj__L,pattern_L2,time/take,mean,0.959081768989563,0.8174544477855524,1.0769969029238322
box__obj__L,pattern_L2,time/take,median,0.971259355545044,0.858064695390103,1.0888710871723415
box__obj__L,pattern_L2,time/subject,mean,0.9456725716590881,0.8068638138529082,1.0575054860804238
box__obj__L,pattern_L2,time/subject,median,0.9685423374176025,0.8628868797791508,1.0810021145442803
box__obj__L,pattern_L2,subject/take_same_subject,mean,1.088542103767395,0.95890122563922,1.2841885143353726
box__obj__L,pattern_L2,subject/take_same_subject,median,1.017457365989685,0.9305070875105641,1.2751108615555677
box__obj__L,pattern_L2,action/take,mean,0.9757318496704102,0.9082772555180455,1.0518455580521469
box__obj__L,pattern_L2,action/take,median,0.9569211006164551,0.9118469859404698,1.0136088820295939
box__obj__L,pattern_L2,time/floor,mean,3.019568920135498,2.3658027174350758,4.269117577680589
box__obj__L,pattern_L2,time/floor,median,6.6245551109313965,4.090550004938202,14.053192784861205
box__obj__L,pattern_L1,time/take,mean,0.9428156018257141,0.7967554370303113,1.0795649429953753
box__obj__L,pattern_L1,time/take,median,0.8826464414596558,0.7260561549758022,1.104063290878707
box__obj__L,pattern_L1,time/subject,mean,0.9235309958457947,0.7889826657299954,1.0573580406487915
box__obj__L,pattern_L1,time/subject,median,0.8656960725784302,0.7252707870906284,1.0952513891275761
box__obj__L,pattern_L1,subject/take_same_subject,mean,1.130205750465393,0.9758203385902563,1.3662386161252382
box__obj__L,pattern_L1,subject/take_same_subject,median,1.158575177192688,0.9557523464486756,1.6634328102797955
box__obj__L,pattern_L1,action/take,mean,1.0230188369750977,0.9303508408031075,1.1447820894533765
box__obj__L,pattern_L1,action/take,median,0.9939535856246948,0.8152773810301169,1.1400098857823393
box__obj__L,pattern_L1,time/floor,mean,3.351041793823242,2.527936070760142,5.007448279615244
box__obj__L,pattern_L1,time/floor,median,8.48243236541748,4.887234562211829,19.07109095049958
box__obj__L,pattern_cos,time/take,mean,0.9281153678894043,0.7579133763781551,1.0929105803542822
box__obj__L,pattern_cos,time/take,median,0.8430953621864319,0.5907432777866316,1.124833847569372
box__obj__L,pattern_cos,time/subject,mean,0.9038861393928528,0.7497711574988307,1.0727029877548213
box__obj__L,pattern_cos,time/subject,median,0.8212056756019592,0.5835093025957874,1.1039527113982386
box__obj__L,pattern_cos,subject/take_same_subject,mean,1.1576014757156372,0.9656572229721383,1.4863565422844527
box__obj__L,pattern_cos,subject/take_same_subject,median,1.203908920288086,0.946448818713559,2.233780290177759
box__obj__L,pattern_cos,action/take,mean,1.0256036520004272,0.9059252270307651,1.1804130960406138
box__obj__L,pattern_cos,action/take,median,0.9962674379348755,0.7646172544839694,1.1855434187039695
box__obj__L,pattern_cos,time/floor,mean,4.27972412109375,2.9539195324639502,7.560994921044606
box__obj__L,pattern_cos,time/floor,median,48.60869598388672,16.155624454888773,204.95372168536926
box__obj__L,centroid,time/take,mean,0.9821872235751153,0.7443837325287397,1.3577012309898606
box__obj__L,centroid,time/take,median,0.7153803173313918,0.5235229803067034,1.3265782635082557
box__obj__L,centroid,time/subject,mean,0.9603312866662522,0.7419613437471572,1.3223649642788218
box__obj__L,centroid,time/subject,median,0.6537344564108435,0.4874424445267833,1.2716194610366627
box__obj__L,centroid,subject/take_same_subject,mean,1.175819953302828,0.947114796813518,1.6185811439052737
box__obj__L,centroid,subject/take_same_subject,median,1.5039837860436505,0.8699898187207051,2.419432601919476
box__obj__L,centroid,action/take,mean,1.0921773187755441,0.857652500068307,1.421199760352899
box__obj__L,centroid,action/take,median,1.109967983494238,0.6694067817763141,1.6295507148951582
box__obj__L,centroid,time/floor,mean,4.7743806559635695,3.134500523741588,9.542340001027041
box__obj__L,centroid,time/floor,median,14.785882879467534,7.195571479044656,37.192513498315904
box__obj__R,raw,time/take,mean,0.9743201732635498,0.8806726161070624,1.055015982956165
box__obj__R,raw,time/take,median,0.9843277931213379,0.8984221382776767,1.0679853399422286
box__obj__R,raw,time/subject,mean,0.9629788994789124,0.8635869821618235,1.047921919197759
box__obj__R,raw,time/subject,median,0.9817479848861694,0.8893761256572248,1.0643229764944615
box__obj__R,raw,subject/take_same_subject,mean,1.0837830305099487,0.9767041035826384,1.29766769474695
box__obj__R,raw,subject/take_same_subject,median,1.045087456703186,0.9679635997384908,1.3139059990619297
box__obj__R,raw,action/take,mean,1.1117607355117798,1.0570694882777525,1.1615684993066098
box__obj__R,raw,action/take,median,1.1287504434585571,1.0795743275202814,1.1796623852832033
box__obj__R,raw,time/floor,mean,2.377298593521118,1.8710024423404947,3.103560876830949
box__obj__R,raw,time/floor,median,3.7946019172668457,2.5614890973003495,6.426230981889509
box__obj__R,raw_L1,time/take,mean,0.9169792532920837,0.8072256487130542,1.0298714654271057
box__obj__R,raw_L1,time/take,median,0.9807093143463135,0.8361618056754534,1.0983559803544207
box__obj__R,raw_L1,time/subject,mean,0.9069209098815918,0.7864935554637467,1.0194447525948511
box__obj__R,raw_L1,time/subject,median,0.9724939465522766,0.8369556500429223,1.1042024267625905
box__obj__R,raw_L1,subject/take_same_subject,mean,1.084661602973938,0.9487274426865872,1.3683716588385635
box__obj__R,raw_L1,subject/take_same_subject,median,1.0791468620300293,0.9397452605028958,1.4479109700063564
box__obj__R,raw_L1,action/take,mean,1.1538394689559937,1.0677425387382107,1.2273277789418222
box__obj__R,raw_L1,action/take,median,1.2258111238479614,1.1191257920112967,1.3208248749146307
box__obj__R,raw_L1,time/floor,mean,2.525338888168335,1.8837119170281442,3.5715269891378343
box__obj__R,raw_L1,time/floor,median,4.32827615737915,3.045391083075781,8.197974292900374
box__obj__R,mass_abs,time/take,mean,1.2796512842178345,1.0950746489004985,1.5226383790565061
box__obj__R,mass_abs,time/take,median,1.2728745937347412,1.008731341018283,1.690978951922104
box__obj__R,mass_abs,time/subject,mean,1.2269446849822998,1.0435153651761928,1.4387918679317118
box__obj__R,mass_abs,time/subject,median,1.2294691801071167,0.9884403749237428,1.5972591266396798
box__obj__R,mass_abs,subject/take_same_subject,mean,1.1514743566513062,0.963340717920829,1.4300634217325399
box__obj__R,mass_abs,subject/take_same_subject,median,1.1974202394485474,0.9413827467740995,1.6694664273578326
box__obj__R,mass_abs,action/take,mean,1.172121524810791,1.068261875905482,1.2947441822550054
box__obj__R,mass_abs,action/take,median,1.2644455432891846,1.1299092797008483,1.4731291528645565
box__obj__R,mass_abs,time/floor,mean,2.500195264816284,1.933271656424862,3.361585731762132
box__obj__R,mass_abs,time/floor,median,4.955069065093994,2.546238267917114,8.478388828618403
box__obj__R,mass_log,time/take,mean,1.735223412513733,1.4892330337143516,2.018142899967524
box__obj__R,mass_log,time/take,median,1.6686948537826538,1.1655255197341592,2.177970886596385
box__obj__R,mass_log,time/subject,mean,1.624208927154541,1.3809126445260784,1.8848448544744527
box__obj__R,mass_log,time/subject,median,1.5463396310806274,1.1117667870288126,2.005811653575948
box__obj__R,mass_log,subject/take_same_subject,mean,1.1767826080322266,0.981939708803702,1.3940579197327296
box__obj__R,mass_log,subject/take_same_subject,median,1.2608965635299683,0.9614914039363197,1.731001989860886
box__obj__R,mass_log,action/take,mean,1.25313138961792,1.0709018712439755,1.4611433425426728
box__obj__R,mass_log,action/take,median,1.1420378684997559,0.9685611729946475,1.4144323975022637
box__obj__R,mass_log,time/floor,mean,3.314420700073242,2.3889042890827645,4.607795163917666
box__obj__R,mass_log,time/floor,median,5.7912187576293945,3.4759767749279677,13.121562995395099
box__obj__R,pattern_L2,time/take,mean,0.9798833727836609,0.8444968283981122,1.106091504377995
box__obj__R,pattern_L2,time/take,median,1.0129913091659546,0.8119490977237726,1.0886085032123405
box__obj__R,pattern_L2,time/subject,mean,0.9575579762458801,0.8282519715220603,1.0701840099196431
box__obj__R,pattern_L2,time/subject,median,1.005793571472168,0.8101331597085873,1.0772915718558431
box__obj__R,pattern_L2,subject/take_same_subject,mean,1.109876036643982,0.9913017123165424,1.3297126645720505
box__obj__R,pattern_L2,subject/take_same_subject,median,1.04872465133667,0.9471669952230575,1.3444866067320267
box__obj__R,pattern_L2,action/take,mean,0.9736323356628418,0.9258422852343976,1.0340801972787492
box__obj__R,pattern_L2,action/take,median,0.9709132313728333,0.9190774571620278,1.0232352492587635
box__obj__R,pattern_L2,time/floor,mean,2.7341578006744385,2.1533206712577266,3.5636514444050262
box__obj__R,pattern_L2,time/floor,median,4.435832977294922,2.93392289384381,7.7682576608843785
box__obj__R,pattern_L1,time/take,mean,0.9580889940261841,0.8174070207437868,1.1023087067633246
box__obj__R,pattern_L1,time/take,median,0.913932740688324,0.7669295469141906,1.1527021473922052
box__obj__R,pattern_L1,time/subject,mean,0.9389766454696655,0.8021499614853906,1.0758854498789654
box__obj__R,pattern_L1,time/subject,median,0.9006257057189941,0.7348254331215341,1.1155851751164414
box__obj__R,pattern_L1,subject/take_same_subject,mean,1.1017310619354248,0.9727161300933117,1.3926759132196036
box__obj__R,pattern_L1,subject/take_same_subject,median,1.0845177173614502,0.9106246239247158,1.6845386237730924
box__obj__R,pattern_L1,action/take,mean,1.0556309223175049,0.9862188196019512,1.1446493013779029
box__obj__R,pattern_L1,action/take,median,1.0523370504379272,0.9279369280352857,1.241459371530113
box__obj__R,pattern_L1,time/floor,mean,2.9954559803009033,2.277317304592986,4.075625076079348
box__obj__R,pattern_L1,time/floor,median,5.824502468109131,3.320948478753302,10.60708859586344
box__obj__R,pattern_cos,time/take,mean,0.9445027112960815,0.7665920962152296,1.1295012131807145
box__obj__R,pattern_cos,time/take,median,0.8815838694572449,0.6286141726141335,1.1794189401381574
box__obj__R,pattern_cos,time/subject,mean,0.9211701154708862,0.7512206617072101,1.0926287577429357
box__obj__R,pattern_cos,time/subject,median,0.8662337064743042,0.5841095576234481,1.1493568944555494
box__obj__R,pattern_cos,subject/take_same_subject,mean,1.1205912828445435,0.9551112000701785,1.526718612127504
box__obj__R,pattern_cos,subject/take_same_subject,median,1.1267198324203491,0.8673602817508378,2.3207419684308164
box__obj__R,pattern_cos,action/take,mean,1.0711181163787842,0.9818251986063431,1.1811536132954583
box__obj__R,pattern_cos,action/take,median,1.0782605409622192,0.8969300972423497,1.338794788700232
box__obj__R,pattern_cos,time/floor,mean,4.187780380249023,2.7779376557369138,6.619120265077108
box__obj__R,pattern_cos,time/floor,median,21.989389419555664,8.890917885975277,68.4750162799903
box__obj__R,centroid,time/take,mean,0.991198380802849,0.7590049156509932,1.3753189665334942
box__obj__R,centroid,time/take,median,0.9040107679419904,0.616501510618108,1.3862802116845347
box__obj__R,centroid,time/subject,mean,0.9612332479525341,0.7466377615683826,1.340651057454686
box__obj__R,centroid,time/subject,median,0.8611906246924896,0.5870360111219758,1.3383508264607553
box__obj__R,centroid,subject/take_same_subject,mean,1.1327132760893628,0.9353905593053697,1.6827619520646802
box__obj__R,centroid,subject/take_same_subject,median,1.2300144445561652,0.8255891002669472,2.064778224503441
box__obj__R,centroid,action/take,mean,1.2520213829131983,1.0139090015122292,1.6183334981540265
box__obj__R,centroid,action/take,median,1.2665442711179142,1.0047385624696965,1.819218472199097
box__obj__R,centroid,time/floor,mean,4.421325611871952,2.7684920160711037,7.775749935261262
box__obj__R,centroid,time/floor,median,8.347333369785876,4.672903944114569,21.222996179775347
capsulemachine__obj__L,raw,time/take,mean,0.8133830428123474,0.7128998124325584,0.912220318843065
capsulemachine__obj__L,raw,time/take,median,0.8387246131896973,0.6887807261779497,0.954322086443845
capsulemachine__obj__L,raw,time/subject,mean,0.8274388909339905,0.7325324330680603,0.9228741330595324
capsulemachine__obj__L,raw,time/subject,median,0.8493353128433228,0.702488633442437,0.9588248138929741
capsulemachine__obj__L,raw,subject/take_same_subject,mean,1.041462779045105,0.9289908646835239,1.1777954948445366
capsulemachine__obj__L,raw,subject/take_same_subject,median,1.0383449792861938,0.9028217528434204,1.1859066276652157
capsulemachine__obj__L,raw,action/take,mean,0.9975165128707886,0.9291036166795051,1.0685881737876977
capsulemachine__obj__L,raw,action/take,median,0.9952329993247986,0.9387504636659076,1.0810008510006435
capsulemachine__obj__L,raw,time/floor,mean,2.472374439239502,1.9034310781325292,3.2920199556660377
capsulemachine__obj__L,raw,time/floor,median,5.2446064949035645,2.6215184713178887,8.412212732204292
capsulemachine__obj__L,raw_L1,time/take,mean,0.769497811794281,0.6571822873384873,0.88281170574487
capsulemachine__obj__L,raw_L1,time/take,median,0.789946973323822,0.604400001683473,0.936110852513133
capsulemachine__obj__L,raw_L1,time/subject,mean,0.786385178565979,0.6817192983043038,0.9035584635851641
capsulemachine__obj__L,raw_L1,time/subject,median,0.807194173336029,0.6235059920841454,0.9418401806577601
capsulemachine__obj__L,raw_L1,subject/take_same_subject,mean,1.0530411005020142,0.910166773337975,1.2387535536747818
capsulemachine__obj__L,raw_L1,subject/take_same_subject,median,1.0716670751571655,0.8864422291457769,1.2841414578100447
capsulemachine__obj__L,raw_L1,action/take,mean,1.0083211660385132,0.9060105729594595,1.1142815671571202
capsulemachine__obj__L,raw_L1,action/take,median,0.9865066409111023,0.8871085645337631,1.1242836421854567
capsulemachine__obj__L,raw_L1,time/floor,mean,2.7363345623016357,2.046508821777617,3.7603187537494294
capsulemachine__obj__L,raw_L1,time/floor,median,6.390035152435303,3.6893804253835634,10.408020899878455
capsulemachine__obj__L,mass_abs,time/take,mean,0.9927409887313843,0.7469398843480014,1.2571138304906775
capsulemachine__obj__L,mass_abs,time/take,median,0.8530480265617371,0.5244943795385121,1.2601486256307322
capsulemachine__obj__L,mass_abs,time/subject,mean,0.9878926277160645,0.7546193906221861,1.2442713611792526
capsulemachine__obj__L,mass_abs,time/subject,median,0.8536913990974426,0.5331074601538703,1.2382390156843381
capsulemachine__obj__L,mass_abs,subject/take_same_subject,mean,1.0620067119598389,0.8415952154013641,1.3551002396884635
capsulemachine__obj__L,mass_abs,subject/take_same_subject,median,1.1475639343261719,0.7604306031644645,1.5750292873109895
capsulemachine__obj__L,mass_abs,action/take,mean,1.2349679470062256,1.0934188863844425,1.4430154386039644
capsulemachine__obj__L,mass_abs,action/take,median,1.2657777070999146,1.0682189731337308,1.578668562325018
capsulemachine__obj__L,mass_abs,time/floor,mean,2.330440044403076,1.7125684271621542,3.5976701740061263
capsulemachine__obj__L,mass_abs,time/floor,median,5.744751930236816,3.0765163587072446,14.818241980768194
capsulemachine__obj__L,mass_log,time/take,mean,1.4575203657150269,1.0904964057392716,1.9983597594359974
capsulemachine__obj__L,mass_log,time/take,median,1.0550246238708496,0.6070365688718383,2.0169170956982607
capsulemachine__obj__L,mass_log,time/subject,mean,1.407241702079773,1.0719802631933228,1.8754099929635881
capsulemachine__obj__L,mass_log,time/subject,median,1.029600977897644,0.5973210100344705,1.9334654746721764
capsulemachine__obj__L,mass_log,subject/take_same_subject,mean,1.1122123003005981,0.8517185063630434,1.3726489954072867
capsulemachine__obj__L,mass_log,subject/take_same_subject,median,1.1919149160385132,0.7430166498085502,1.8961646101625993
capsulemachine__obj__L,mass_log,action/take,mean,1.5271881818771362,1.3342903664357966,1.835065869905326
capsulemachine__obj__L,mass_log,action/take,median,1.409893274307251,1.1896536447664532,1.7250577903607691
capsulemachine__obj__L,mass_log,time/floor,mean,2.8099985122680664,1.9015377849329518,4.483625064189547
capsulemachine__obj__L,mass_log,time/floor,median,7.762755870819092,3.6865842575116257,20.14159809720066
capsulemachine__obj__L,pattern_L2,time/take,mean,0.8117765784263611,0.6582840768701461,0.9595411922640484
capsulemachine__obj__L,pattern_L2,time/take,median,0.7192326784133911,0.5472845189841175,1.0257528431691436
capsulemachine__obj__L,pattern_L2,time/subject,mean,0.8035377860069275,0.6539109317038497,0.950913505482013
capsulemachine__obj__L,pattern_L2,time/subject,median,0.7148725390434265,0.5402224340324218,1.0194141838380324
capsulemachine__obj__L,pattern_L2,subject/take_same_subject,mean,1.0867387056350708,0.9474436023035786,1.268368239975762
capsulemachine__obj__L,pattern_L2,subject/take_same_subject,median,1.018594741821289,0.8778458723185779,1.3222272863399742
capsulemachine__obj__L,pattern_L2,action/take,mean,0.9461079239845276,0.8912344100746027,0.9941357626300311
capsulemachine__obj__L,pattern_L2,action/take,median,0.9369902610778809,0.8605938865346682,0.9912188544431283
capsulemachine__obj__L,pattern_L2,time/floor,mean,2.589142084121704,2.092281144429068,3.3923127567377995
capsulemachine__obj__L,pattern_L2,time/floor,median,4.2823100090026855,2.48359315101743,9.235986202047142
capsulemachine__obj__L,pattern_L1,time/take,mean,0.8014442920684814,0.6390143005890216,0.9706756751154668
capsulemachine__obj__L,pattern_L1,time/take,median,0.6362090110778809,0.4619841068038438,1.0187652659586852
capsulemachine__obj__L,pattern_L1,time/subject,mean,0.7993649840354919,0.6360684069055629,0.9666759677521277
capsulemachine__obj__L,pattern_L1,time/subject,median,0.6379655003547668,0.4658318792172534,1.0329389031871323
capsulemachine__obj__L,pattern_L1,subject/take_same_subject,mean,1.078195571899414,0.9511006463415177,1.279702955564874
capsulemachine__obj__L,pattern_L1,subject/take_same_subject,median,1.0293688774108887,0.8732057314338953,1.4728333230985118
capsulemachine__obj__L,pattern_L1,action/take,mean,0.9808323979377747,0.9147894710628146,1.0354074173319183
capsulemachine__obj__L,pattern_L1,action/take,median,0.9347459673881531,0.8492621445673592,1.0018275917226147
capsulemachine__obj__L,pattern_L1,time/floor,mean,2.998241901397705,2.37141859518993,4.0813327759596065
capsulemachine__obj__L,pattern_L1,time/floor,median,5.073625087738037,3.221341569453534,11.091179807019795
capsulemachine__obj__L,pattern_cos,time/take,mean,0.7553238272666931,0.5560745493073309,0.9676901569356909
capsulemachine__obj__L,pattern_cos,time/take,median,0.534937858581543,0.296529931991462,1.035783296124367
capsulemachine__obj__L,pattern_cos,time/subject,mean,0.7522900700569153,0.5543921014001622,0.9656885170803216
capsulemachine__obj__L,pattern_cos,time/subject,median,0.5384729504585266,0.29540563846920337,1.045377824635733
capsulemachine__obj__L,pattern_cos,subject/take_same_subject,mean,1.1094938516616821,0.9444235961690416,1.3697424590954255
capsulemachine__obj__L,pattern_cos,subject/take_same_subject,median,1.0335379838943481,0.8848270112175657,1.7752725945892984
capsulemachine__obj__L,pattern_cos,action/take,mean,0.9836456775665283,0.9003153522139563,1.061617194285151
capsulemachine__obj__L,pattern_cos,action/take,median,0.9154891967773438,0.8162183726053168,1.006678511173799
capsulemachine__obj__L,pattern_cos,time/floor,mean,4.044548034667969,2.9369819307266942,6.390063614482291
capsulemachine__obj__L,pattern_cos,time/floor,median,23.60199546813965,7.933095343377731,82.86170805873307
capsulemachine__obj__L,centroid,time/take,mean,0.774940637253529,0.5594429974514505,0.9888506249543123
capsulemachine__obj__L,centroid,time/take,median,0.5075471194570202,0.3602562325107015,1.0143404909729568
capsulemachine__obj__L,centroid,time/subject,mean,0.7714759624413776,0.5545319048746864,0.992892204897525
capsulemachine__obj__L,centroid,time/subject,median,0.5004972622268571,0.35587763975384185,1.0254940302195967
capsulemachine__obj__L,centroid,subject/take_same_subject,mean,1.017488905288737,0.847146843209251,1.3608046441140458
capsulemachine__obj__L,centroid,subject/take_same_subject,median,1.064767269612871,0.6928078204948261,2.0271766368405695
capsulemachine__obj__L,centroid,action/take,mean,0.9308681576163265,0.8261610903640713,1.0110002768202615
capsulemachine__obj__L,centroid,action/take,median,0.901721077553437,0.7651334106110542,1.0266028141876435
capsulemachine__obj__L,centroid,time/floor,mean,3.9865509434535364,2.8758002862334595,6.219182414609095
capsulemachine__obj__L,centroid,time/floor,median,10.789799965812062,4.834639654967439,25.783082270784163
capsulemachine__obj__R,raw,time/take,mean,0.8704352974891663,0.711307513275531,1.0107954846274554
capsulemachine__obj__R,raw,time/take,median,0.8612444400787354,0.6181051255368797,1.072342339750792
capsulemachine__obj__R,raw,time/subject,mean,0.8749323487281799,0.7174326363443121,1.0094692078486018
capsulemachine__obj__R,raw,time/subject,median,0.8565187454223633,0.6113256595169441,1.0735813626833013
capsulemachine__obj__R,raw,subject/take_same_subject,mean,0.975988507270813,0.8572918048630036,1.200601581869074
capsulemachine__obj__R,raw,subject/take_same_subject,median,0.9952670335769653,0.8352203354330512,1.383517259054799
capsulemachine__obj__R,raw,action/take,mean,1.1112533807754517,1.0258739479234738,1.2137107981318558
capsulemachine__obj__R,raw,action/take,median,1.1398584842681885,1.0112594427196846,1.268986195247355
capsulemachine__obj__R,raw,time/floor,mean,2.563539743423462,1.9302306349399478,3.1555334553702425
capsulemachine__obj__R,raw,time/floor,median,4.741852760314941,2.8276660396889515,7.574011781881051
capsulemachine__obj__R,raw_L1,time/take,mean,0.8417530655860901,0.6634992079137717,1.0121147874537781
capsulemachine__obj__R,raw_L1,time/take,median,0.8170450925827026,0.504614786327384,1.095332195258945
capsulemachine__obj__R,raw_L1,time/subject,mean,0.848755419254303,0.6721010634023415,1.0183558927459049
capsulemachine__obj__R,raw_L1,time/subject,median,0.8096237182617188,0.5081588228223096,1.090558835156349
capsulemachine__obj__R,raw_L1,subject/take_same_subject,mean,0.9419721961021423,0.7955204335762976,1.2699041980472066
capsulemachine__obj__R,raw_L1,subject/take_same_subject,median,0.9862419366836548,0.7494068278015951,1.5629733817299916
capsulemachine__obj__R,raw_L1,action/take,mean,1.149564504623413,1.0357501074510045,1.2983651040448352
capsulemachine__obj__R,raw_L1,action/take,median,1.222030520439148,1.028196449283642,1.4503876763740569
capsulemachine__obj__R,raw_L1,time/floor,mean,2.9105477333068848,2.1296019688363033,3.766621816116986
capsulemachine__obj__R,raw_L1,time/floor,median,5.906623840332031,2.8917109710928735,10.116441459998283
capsulemachine__obj__R,mass_abs,time/take,mean,0.9339430928230286,0.7280615211704055,1.1213371053421188
capsulemachine__obj__R,mass_abs,time/take,median,0.7928492426872253,0.542736516532017,1.018425960730276
capsulemachine__obj__R,mass_abs,time/subject,mean,0.9295172691345215,0.726869848391837,1.1016020489449019
capsulemachine__obj__R,mass_abs,time/subject,median,0.7969766855239868,0.548596355657292,1.007942731291495
capsulemachine__obj__R,mass_abs,subject/take_same_subject,mean,1.1113431453704834,0.8976837380281315,1.3858222947897885
capsulemachine__obj__R,mass_abs,subject/take_same_subject,median,1.161908507347107,0.8438102733149054,1.6294828001504498
capsulemachine__obj__R,mass_abs,action/take,mean,1.2751469612121582,1.1073655069553354,1.4695840203071562
capsulemachine__obj__R,mass_abs,action/take,median,1.3739564418792725,1.0997104099352613,1.6814199775259133
capsulemachine__obj__R,mass_abs,time/floor,mean,2.2619214057922363,1.5741765407983987,2.9852852469786813
capsulemachine__obj__R,mass_abs,time/floor,median,5.087442398071289,2.5026550698344328,11.460700251200905
capsulemachine__obj__R,mass_log,time/take,mean,1.2595762014389038,0.9834327757436765,1.5263191981599433
capsulemachine__obj__R,mass_log,time/take,median,0.8669256567955017,0.5613999691130453,1.2391892339935449
capsulemachine__obj__R,mass_log,time/subject,mean,1.2445390224456787,0.9981119020147364,1.486776627598753
capsulemachine__obj__R,mass_log,time/subject,median,0.8424026370048523,0.5785227709414028,1.201896108037007
capsulemachine__obj__R,mass_log,subject/take_same_subject,mean,1.2155957221984863,0.9897130193448197,1.431857733639166
capsulemachine__obj__R,mass_log,subject/take_same_subject,median,1.2932748794555664,0.8600998334911228,1.622214168915833
capsulemachine__obj__R,mass_log,action/take,mean,1.3990522623062134,1.1770257152890253,1.639190599855204
capsulemachine__obj__R,mass_log,action/take,median,1.3866991996765137,1.0762373875221165,1.671398649358222
capsulemachine__obj__R,mass_log,time/floor,mean,2.8901405334472656,1.7911927278630395,4.431666501923218
capsulemachine__obj__R,mass_log,time/floor,median,4.8455586433410645,2.0363432515341464,12.811073342059883
capsulemachine__obj__R,pattern_L2,time/take,mean,0.8570883870124817,0.672875243057219,0.9932018502942744
capsulemachine__obj__R,pattern_L2,time/take,median,0.8014233112335205,0.580403459096579,0.986077767162335
capsulemachine__obj__R,pattern_L2,time/subject,mean,0.8575413823127747,0.6849425450481047,0.9945747595128175
capsulemachine__obj__R,pattern_L2,time/subject,median,0.8056220412254333,0.5931441343365995,0.9879803091799028
capsulemachine__obj__R,pattern_L2,subject/take_same_subject,mean,1.0651159286499023,0.9448921063892125,1.1953686223529152
capsulemachine__obj__R,pattern_L2,subject/take_same_subject,median,1.0122367143630981,0.8927039190154671,1.281885059227987
capsulemachine__obj__R,pattern_L2,action/take,mean,0.987762451171875,0.9403690893069955,1.0392791264805714
capsulemachine__obj__R,pattern_L2,action/take,median,0.9619337916374207,0.9023970465795984,1.033693805525809
capsulemachine__obj__R,pattern_L2,time/floor,mean,2.6407251358032227,2.0668287250629174,3.2370649130562508
capsulemachine__obj__R,pattern_L2,time/floor,median,3.594862461090088,2.349349855391344,6.232073484525407
capsulemachine__obj__R,pattern_L1,time/take,mean,0.8352099657058716,0.6393963205331393,0.9718000788965799
capsulemachine__obj__R,pattern_L1,time/take,median,0.7490676045417786,0.4472367754693437,0.9774277658854748
capsulemachine__obj__R,pattern_L1,time/subject,mean,0.8368241786956787,0.6467716309628417,0.9749979595909388
capsulemachine__obj__R,pattern_L1,time/subject,median,0.7576578855514526,0.46169361899692724,0.9978945202649573
capsulemachine__obj__R,pattern_L1,subject/take_same_subject,mean,1.0246474742889404,0.900716256072734,1.2188960025727826
capsulemachine__obj__R,pattern_L1,subject/take_same_subject,median,0.9662259221076965,0.8194626482488867,1.5358248106263503
capsulemachine__obj__R,pattern_L1,action/take,mean,1.043550729751587,0.9745210845891041,1.1318954764583644
capsulemachine__obj__R,pattern_L1,action/take,median,1.0054713487625122,0.916394625913603,1.120110746385412
capsulemachine__obj__R,pattern_L1,time/floor,mean,3.0867249965667725,2.3252906864132616,3.8515095656918175
capsulemachine__obj__R,pattern_L1,time/floor,median,4.858004093170166,2.6065108020553525,8.471056651119348
capsulemachine__obj__R,pattern_cos,time/take,mean,0.8043692111968994,0.5703523548901295,0.9768366139401339
capsulemachine__obj__R,pattern_cos,time/take,median,0.6425749659538269,0.2720256013957708,0.9903577003358208
capsulemachine__obj__R,pattern_cos,time/subject,mean,0.8054696917533875,0.5832945247093043,0.976653389585901
capsulemachine__obj__R,pattern_cos,time/subject,median,0.6464781761169434,0.2755837993827924,1.0093543609630515
capsulemachine__obj__R,pattern_cos,subject/take_same_subject,mean,1.0339590311050415,0.8839522789413476,1.290604901040896
capsulemachine__obj__R,pattern_cos,subject/take_same_subject,median,0.9663408398628235,0.8226665096271659,1.8266893609328305
capsulemachine__obj__R,pattern_cos,action/take,mean,1.0677330493927002,0.9761709600691012,1.1864255174561482
capsulemachine__obj__R,pattern_cos,action/take,median,0.9965888857841492,0.8897048290198605,1.146102703042663
capsulemachine__obj__R,pattern_cos,time/floor,mean,4.407350540161133,2.9241213290921566,6.174696833149694
capsulemachine__obj__R,pattern_cos,time/floor,median,16.283300399780273,6.1520252885814894,43.04987900265032
capsulemachine__obj__R,centroid,time/take,mean,0.7807494276356294,0.535213000070847,0.9700799298471635
capsulemachine__obj__R,centroid,time/take,median,0.5937888938096965,0.27018923336190676,0.9833751761038125
capsulemachine__obj__R,centroid,time/subject,mean,0.7855127214121996,0.545583038051499,0.9815751165074513
capsulemachine__obj__R,centroid,time/subject,median,0.6131351497954336,0.28338297834721804,1.0161076861324074
capsulemachine__obj__R,centroid,subject/take_same_subject,mean,0.986543776737558,0.8112053468914432,1.3226501376105606
capsulemachine__obj__R,centroid,subject/take_same_subject,median,0.9333539704798783,0.6142834875343075,2.061364281309394
capsulemachine__obj__R,centroid,action/take,mean,1.000280677880632,0.9049428335666185,1.1296115851011743
capsulemachine__obj__R,centroid,action/take,median,1.0085172209740179,0.8417862839019647,1.2511146178611738
capsulemachine__obj__R,centroid,time/floor,mean,4.337619410896973,3.0608991585359044,5.887884368726832
capsulemachine__obj__R,centroid,time/floor,median,8.193156467700081,3.322315682773485,13.726875164660349
espressomachine__obj__L,raw,time/take,mean,0.8657128810882568,0.7277115938586521,1.009516749001904
espressomachine__obj__L,raw,time/take,median,0.8912016153335571,0.713633427757348,1.0180548774158942
espressomachine__obj__L,raw,time/subject,mean,0.854586124420166,0.7198739698386449,0.9939899466039175
espressomachine__obj__L,raw,time/subject,median,0.8729146718978882,0.6911074240409832,1.0025854464617676
espressomachine__obj__L,raw,subject/take_same_subject,mean,1.1195141077041626,0.9730743545628434,1.3170402291966323
espressomachine__obj__L,raw,subject/take_same_subject,median,1.1617636680603027,0.9515312412330675,1.3834059019735752
espressomachine__obj__L,raw,action/take,mean,1.1548157930374146,1.0579513588905032,1.2753725486498422
espressomachine__obj__L,raw,action/take,median,1.150518774986267,1.0313989274395057,1.2989684423736112
espressomachine__obj__L,raw,time/floor,mean,2.9130802154541016,2.163674084830452,4.165307332850493
espressomachine__obj__L,raw,time/floor,median,7.733397960662842,4.866762696302215,20.091542315733676
espressomachine__obj__L,raw_L1,time/take,mean,0.8421523571014404,0.680428452295745,1.0280438776096774
espressomachine__obj__L,raw_L1,time/take,median,0.8688004612922668,0.6336641949198835,1.0227211551757565
espressomachine__obj__L,raw_L1,time/subject,mean,0.8272131085395813,0.6711702720019304,1.0127837756036664
espressomachine__obj__L,raw_L1,time/subject,median,0.8517037034034729,0.6197569537990731,1.0151648473418633
espressomachine__obj__L,raw_L1,subject/take_same_subject,mean,1.1669508218765259,0.9682939871151974,1.4410013053240298
espressomachine__obj__L,raw_L1,subject/take_same_subject,median,1.1719415187835693,0.9427381088091051,1.4896104903915541
espressomachine__obj__L,raw_L1,action/take,mean,1.2316985130310059,1.0801763553885042,1.4079788448970214
espressomachine__obj__L,raw_L1,action/take,median,1.2086178064346313,1.0533235135895027,1.4463640710134373
espressomachine__obj__L,raw_L1,time/floor,mean,3.168973207473755,2.243996874812458,4.699569498459724
espressomachine__obj__L,raw_L1,time/floor,median,9.97353744506836,5.166644834235084,21.35769504399993
espressomachine__obj__L,mass_abs,time/take,mean,1.087882161140442,0.8981909613867265,1.2855668990198539
espressomachine__obj__L,mass_abs,time/take,median,1.1935960054397583,0.7002591251808546,1.5847572660151688
espressomachine__obj__L,mass_abs,time/subject,mean,1.069531798362732,0.8805849516918642,1.2862293598526353
espressomachine__obj__L,mass_abs,time/subject,median,1.168126106262207,0.6850143010148104,1.586076927847982
espressomachine__obj__L,mass_abs,subject/take_same_subject,mean,1.1661957502365112,0.9272436946927187,1.4984085644350795
espressomachine__obj__L,mass_abs,subject/take_same_subject,median,1.3397408723831177,0.9122935662296702,1.9979165947561415
espressomachine__obj__L,mass_abs,action/take,mean,1.2263767719268799,1.0640171316560676,1.4658196621797164
espressomachine__obj__L,mass_abs,action/take,median,1.3279874324798584,1.065165302613545,1.6630914019655318
espressomachine__obj__L,mass_abs,time/floor,mean,2.6197996139526367,1.7290322502113407,4.233692777633818
espressomachine__obj__L,mass_abs,time/floor,median,16.13339614868164,5.840391179217699,38.529144811745525
espressomachine__obj__L,mass_log,time/take,mean,1.554871916770935,1.3239929230026786,1.8422689843671882
espressomachine__obj__L,mass_log,time/take,median,1.1809889078140259,0.7780517256185793,2.003178431269507
espressomachine__obj__L,mass_log,time/subject,mean,1.5451165437698364,1.3058661307654411,1.8957112430409446
espressomachine__obj__L,mass_log,time/subject,median,1.1562796831130981,0.7704101807544365,1.9081276595348924
espressomachine__obj__L,mass_log,subject/take_same_subject,mean,1.1176626682281494,0.8824385016837385,1.4536677267738685
espressomachine__obj__L,mass_log,subject/take_same_subject,median,1.3442047834396362,0.8695636869462163,2.102930978827835
espressomachine__obj__L,mass_log,action/take,mean,1.245719313621521,1.0040362596325454,1.6707715859588206
espressomachine__obj__L,mass_log,action/take,median,1.2045503854751587,0.9699464370065107,1.6343064389092212
espressomachine__obj__L,mass_log,time/floor,mean,2.836280107498169,1.723237520722467,4.8253509349890935
espressomachine__obj__L,mass_log,time/floor,median,19.312227249145508,6.332076387071204,40.59645415121366
espressomachine__obj__L,pattern_L2,time/take,mean,0.7727388739585876,0.5793652110487629,0.948997965843084
espressomachine__obj__L,pattern_L2,time/take,median,0.7980759143829346,0.5367744966628836,0.9525733686921941
espressomachine__obj__L,pattern_L2,time/subject,mean,0.7678235173225403,0.5838446990540944,0.9315669432559164
espressomachine__obj__L,pattern_L2,time/subject,median,0.7926005125045776,0.5281949412405474,0.9408825584740069
espressomachine__obj__L,pattern_L2,subject/take_same_subject,mean,1.0952211618423462,0.9335599941627251,1.3193986604533998
espressomachine__obj__L,pattern_L2,subject/take_same_subject,median,1.1555302143096924,0.9097635796187772,1.4056815180317481
espressomachine__obj__L,pattern_L2,action/take,mean,1.048941969871521,0.9553915967968366,1.1572840274037972
espressomachine__obj__L,pattern_L2,action/take,median,1.0719153881072998,0.9962139457412302,1.1901141821108625
espressomachine__obj__L,pattern_L2,time/floor,mean,3.18843674659729,1.952585623191451,5.379272601733285
espressomachine__obj__L,pattern_L2,time/floor,median,12.883234977722168,5.0350614575383785,23.568562973060246
espressomachine__obj__L,pattern_L1,time/take,mean,0.7694571614265442,0.5778208806123214,0.9502099440323862
espressomachine__obj__L,pattern_L1,time/take,median,0.7860028743743896,0.46975456144447325,0.9895427244007521
espressomachine__obj__L,pattern_L1,time/subject,mean,0.7599721550941467,0.5660820764364035,0.9350487097021649
espressomachine__obj__L,pattern_L1,time/subject,median,0.7756792306900024,0.46642383800220694,0.9775357476645349
espressomachine__obj__L,pattern_L1,subject/take_same_subject,mean,1.1528838872909546,0.971153675880284,1.4153430173893633
espressomachine__obj__L,pattern_L1,subject/take_same_subject,median,1.2189807891845703,0.9240706513910683,1.567604348894886
espressomachine__obj__L,pattern_L1,action/take,mean,1.1473360061645508,1.0391629287682609,1.2846263174687227
espressomachine__obj__L,pattern_L1,action/take,median,1.200852394104004,1.0427480960356257,1.4056052322538442
espressomachine__obj__L,pattern_L1,time/floor,mean,3.6329965591430664,2.259277142234158,6.135092830074157
espressomachine__obj__L,pattern_L1,time/floor,median,14.104220390319824,5.779593474484824,28.37688126429091
espressomachine__obj__L,pattern_cos,time/take,mean,0.6948081254959106,0.48996928796025047,0.9280738304001006
espressomachine__obj__L,pattern_cos,time/take,median,0.6795675158500671,0.2971786449559266,0.9181787699094751
espressomachine__obj__L,pattern_cos,time/subject,mean,0.6842089295387268,0.48512466233959234,0.9062026372509753
espressomachine__obj__L,pattern_cos,time/subject,median,0.6697887778282166,0.29779189894896263,0.895697454184378
espressomachine__obj__L,pattern_cos,subject/take_same_subject,mean,1.2126543521881104,0.944376070416971,1.6613272825275553
espressomachine__obj__L,pattern_cos,subject/take_same_subject,median,1.3114720582962036,0.8156719535946937,2.0851598099343573
espressomachine__obj__L,pattern_cos,action/take,mean,1.2077758312225342,1.0470043338330592,1.4343639509444017
espressomachine__obj__L,pattern_cos,action/take,median,1.3471271991729736,1.05013112260811,1.7276462568900302
espressomachine__obj__L,pattern_cos,time/floor,mean,5.066403865814209,2.5356412131282995,12.963226133240052
espressomachine__obj__L,pattern_cos,time/floor,median,141.15191650390625,28.60297972973405,624.9206419677384
espressomachine__obj__L,centroid,time/take,mean,0.7520109741376725,0.5244524465578443,0.9829229262787188
espressomachine__obj__L,centroid,time/take,median,0.6975795096873179,0.3535321002413925,1.0833249898998079
espressomachine__obj__L,centroid,time/subject,mean,0.741379706265764,0.5111784206580047,0.9712478367269715
espressomachine__obj__L,centroid,time/subject,median,0.6957132838008677,0.3511996266612609,1.0773844095054868
espressomachine__obj__L,centroid,subject/take_same_subject,mean,1.1917168752592284,0.9617722533218134,1.594257379142723
espressomachine__obj__L,centroid,subject/take_same_subject,median,1.2896779538203513,0.838347646978077,1.8874700258721315
espressomachine__obj__L,centroid,action/take,mean,1.2093521160790575,1.0341675540061266,1.476177224792093
espressomachine__obj__L,centroid,action/take,median,1.3819517428269321,1.1006253660869831,1.8084474868184788
espressomachine__obj__L,centroid,time/floor,mean,4.122126155869395,2.220943678146825,8.450362022418513
espressomachine__obj__L,centroid,time/floor,median,20.86805709059738,8.8595411815438,41.72716624968732
espressomachine__obj__R,raw,time/take,mean,1.1049827337265015,0.8963278033151378,1.3537724861817722
espressomachine__obj__R,raw,time/take,median,1.0645860433578491,0.8713947337640654,1.3522888869609444
espressomachine__obj__R,raw,time/subject,mean,1.0608335733413696,0.8500592141350393,1.3189305008561025
espressomachine__obj__R,raw,time/subject,median,1.016198754310608,0.8254742684570336,1.307778346878312
espressomachine__obj__R,raw,subject/take_same_subject,mean,1.2881056070327759,0.9812713502282044,1.9924960160261604
espressomachine__obj__R,raw,subject/take_same_subject,median,1.319278359413147,0.9456284502971191,3.85393671777945
espressomachine__obj__R,raw,action/take,mean,1.867103099822998,1.4666305348789588,2.2811664194196357
espressomachine__obj__R,raw,action/take,median,2.151650905609131,1.6071293643686861,2.957093453782076
espressomachine__obj__R,raw,time/floor,mean,2.292869806289673,1.5758123871883891,3.199891504775333
espressomachine__obj__R,raw,time/floor,median,3.583151340484619,2.041715969766805,8.405476335057063
espressomachine__obj__R,raw_L1,time/take,mean,1.1527619361877441,0.8387826008845763,1.613635113986278
espressomachine__obj__R,raw_L1,time/take,median,1.1143336296081543,0.6834723687041963,2.0869978227459036
espressomachine__obj__R,raw_L1,time/subject,mean,1.0956555604934692,0.789645302455128,1.5602607078349626
espressomachine__obj__R,raw_L1,time/subject,median,0.9766585826873779,0.564170929482654,1.8662460486746664
espressomachine__obj__R,raw_L1,subject/take_same_subject,mean,1.426365852355957,0.9870543384006043,2.787097049943958
espressomachine__obj__R,raw_L1,subject/take_same_subject,median,1.5979530811309814,0.7997454742282615,4.155068136624893
espressomachine__obj__R,raw_L1,action/take,mean,2.1971213817596436,1.53624266889332,2.921312512141496
espressomachine__obj__R,raw_L1,action/take,median,4.125162601470947,1.9698628509172664,5.947275805349497
espressomachine__obj__R,raw_L1,time/floor,mean,2.5756661891937256,1.6372163599756353,3.7850175220802953
espressomachine__obj__R,raw_L1,time/floor,median,3.1374568939208984,1.2893417948788146,7.007564375721976
espressomachine__obj__R,mass_abs,time/take,mean,1.2196240425109863,0.9314681292666727,1.6358345020840113
espressomachine__obj__R,mass_abs,time/take,median,1.1062121391296387,0.8537077443660266,1.7435191264095187
espressomachine__obj__R,mass_abs,time/subject,mean,1.1238802671432495,0.8477609956159017,1.4890706398202826
espressomachine__obj__R,mass_abs,time/subject,median,1.0327510833740234,0.7744829677390793,1.6265634182171194
espressomachine__obj__R,mass_abs,subject/take_same_subject,mean,1.4179757833480835,1.0654836028167471,2.3135681249937687
espressomachine__obj__R,mass_abs,subject/take_same_subject,median,1.4456359148025513,0.9636102168113717,3.590852148849081
espressomachine__obj__R,mass_abs,action/take,mean,2.512272834777832,1.896251433041686,3.3015279225138205
espressomachine__obj__R,mass_abs,action/take,median,4.072707653045654,2.73666517046281,5.846325072816704
espressomachine__obj__R,mass_abs,time/floor,mean,2.1913533210754395,1.5726718421595678,2.9501836493483236
espressomachine__obj__R,mass_abs,time/floor,median,3.340695858001709,1.744907452060544,6.961761152722719
espressomachine__obj__R,mass_log,time/take,mean,1.3657560348510742,1.1332115633797597,1.6583959209725643
espressomachine__obj__R,mass_log,time/take,median,1.314045786857605,0.9102737157102867,2.065327419625785
espressomachine__obj__R,mass_log,time/subject,mean,1.30628502368927,1.0814362662637098,1.5529884162508667
espressomachine__obj__R,mass_log,time/subject,median,1.1992353200912476,0.8160933997965544,1.7705464601477097
espressomachine__obj__R,mass_log,subject/take_same_subject,mean,1.1653285026550293,0.9701990997977273,1.443907403949857
espressomachine__obj__R,mass_log,subject/take_same_subject,median,1.330172061920166,0.9098066891080605,2.797844851363713
espressomachine__obj__R,mass_log,action/take,mean,1.7101610898971558,1.4778129974803422,1.9987727788979521
espressomachine__obj__R,mass_log,action/take,median,2.3922364711761475,1.78820749939276,3.285654724981006
espressomachine__obj__R,mass_log,time/floor,mean,2.714777946472168,2.0539676855696474,4.035684061556157
espressomachine__obj__R,mass_log,time/floor,median,4.1253509521484375,1.8632613959370148,10.487548805154944
espressomachine__obj__R,pattern_L2,time/take,mean,0.8653104305267334,0.7422502371048456,0.983078355157129
espressomachine__obj__R,pattern_L2,time/take,median,0.8248153328895569,0.599793952948638,1.0551727276637728
espressomachine__obj__R,pattern_L2,time/subject,mean,0.8299680948257446,0.6980739162995528,0.945601232598266
espressomachine__obj__R,pattern_L2,time/subject,median,0.7704992294311523,0.5420492762956576,0.9933910408174583
espressomachine__obj__R,pattern_L2,subject/take_same_subject,mean,1.2014119625091553,0.9413825666510488,1.7865832727940385
espressomachine__obj__R,pattern_L2,subject/take_same_subject,median,1.3406083583831787,0.8849750781764394,2.7620588630559846
espressomachine__obj__R,pattern_L2,action/take,mean,1.4825422763824463,1.266419695659219,1.8270714344783698
espressomachine__obj__R,pattern_L2,action/take,median,1.8312777280807495,1.3188875833003741,2.67396406336946
espressomachine__obj__R,pattern_L2,time/floor,mean,1.8647220134735107,1.2772437185892904,2.732567902547453
espressomachine__obj__R,pattern_L2,time/floor,median,3.184454917907715,1.3685687705487712,5.326635869140977
espressomachine__obj__R,pattern_L1,time/take,mean,0.9400793313980103,0.7683433389604936,1.1127624730708185
espressomachine__obj__R,pattern_L1,time/take,median,0.7961746454238892,0.4772427837659954,1.269731789894135
espressomachine__obj__R,pattern_L1,time/subject,mean,0.9058161973953247,0.718177819799528,1.0642875956750544
espressomachine__obj__R,pattern_L1,time/subject,median,0.7224255204200745,0.4130317680859113,1.1855931242192175
espressomachine__obj__R,pattern_L1,subject/take_same_subject,mean,1.2401047945022583,0.9563469344972,1.9657389238995264
espressomachine__obj__R,pattern_L1,subject/take_same_subject,median,1.6719025373458862,0.909844750608692,4.07171855782927
espressomachine__obj__R,pattern_L1,action/take,mean,1.6075191497802734,1.3751190985607915,1.9620556821105177
espressomachine__obj__R,pattern_L1,action/take,median,1.6292593479156494,1.2755253247474085,2.8155868053174165
espressomachine__obj__R,pattern_L1,time/floor,mean,2.074305772781372,1.3489518689188913,3.1779362621938043
espressomachine__obj__R,pattern_L1,time/floor,median,3.396156072616577,1.220714907792194,6.5139101830755735
espressomachine__obj__R,pattern_cos,time/take,mean,0.9489809274673462,0.6763785781034037,1.2133017208396577
espressomachine__obj__R,pattern_cos,time/take,median,0.7629035115242004,0.10746778321876384,2.571464451827724
espressomachine__obj__R,pattern_cos,time/subject,mean,0.9053981900215149,0.6269889097443392,1.1428286152901341
espressomachine__obj__R,pattern_cos,time/subject,median,0.6263469457626343,0.0901767686262729,1.8418359626372314
espressomachine__obj__R,pattern_cos,subject/take_same_subject,mean,1.3369088172912598,0.9228549127030359,3.185454088452382
espressomachine__obj__R,pattern_cos,subject/take_same_subject,median,5.075360298156738,0.7302095829523841,42.130526290980356
espressomachine__obj__R,pattern_cos,action/take,mean,1.9679439067840576,1.5757753913357602,2.6588904893925327
espressomachine__obj__R,pattern_cos,action/take,median,2.647594451904297,1.4751192877353982,16.98833212206048
espressomachine__obj__R,pattern_cos,time/floor,mean,3.0631465911865234,1.4190841192548196,6.67152838985959
espressomachine__obj__R,pattern_cos,time/floor,median,21.64406394958496,1.7741085073034892,78.06042636366345
espressomachine__obj__R,centroid,time/take,mean,0.9102860146831493,0.7155738089920727,1.114076613618339
espressomachine__obj__R,centroid,time/take,median,0.8350095870334273,0.47243045602220507,1.1997015863441403
espressomachine__obj__R,centroid,time/subject,mean,0.8758068519000237,0.6667573773377142,1.0670855555071856
espressomachine__obj__R,centroid,time/subject,median,0.7919011004435644,0.3859770994714834,1.155671120470897
espressomachine__obj__R,centroid,subject/take_same_subject,mean,1.27909537155524,0.9753589928295959,2.1530570158502735
espressomachine__obj__R,centroid,subject/take_same_subject,median,1.5363884815646558,0.9367472778072533,4.258719455904343
espressomachine__obj__R,centroid,action/take,mean,1.7050907419671044,1.361944954216197,2.1819324185837914
espressomachine__obj__R,centroid,action/take,median,1.8960708305106588,1.5278359439149696,3.01533103520711
espressomachine__obj__R,centroid,time/floor,mean,2.1183459564631923,1.3199587679686373,3.4968202660408125
espressomachine__obj__R,centroid,time/floor,median,4.327442033587947,1.3650386508832253,8.456947697896815
ketchup__obj__L,raw,time/take,mean,0.9109092354774475,0.8129464986690851,1.0079819189508505
ketchup__obj__L,raw,time/take,median,0.8910430669784546,0.7501462881108812,1.0103104300028636
ketchup__obj__L,raw,time/subject,mean,0.9156242609024048,0.8197463336392621,1.002514110884471
ketchup__obj__L,raw,time/subject,median,0.8906567096710205,0.7461631174940546,1.0056781748927888
ketchup__obj__L,raw,subject/take_same_subject,mean,1.0263171195983887,0.908550286243869,1.2588396522176466
ketchup__obj__L,raw,subject/take_same_subject,median,1.0719362497329712,0.8919047355891639,1.340297552068896
ketchup__obj__L,raw,action/take,mean,1.0122326612472534,0.9544191792626934,1.0998610244138
ketchup__obj__L,raw,action/take,median,1.0149344205856323,0.9592408375352017,1.1108896878511552
ketchup__obj__L,raw,time/floor,mean,2.4756574630737305,2.059793034142667,2.993397584088341
ketchup__obj__L,raw,time/floor,median,4.398038864135742,2.7232616706820876,6.384832339952925
ketchup__obj__L,raw_L1,time/take,mean,0.8758776187896729,0.7586370267600349,0.9925468537993657
ketchup__obj__L,raw_L1,time/take,median,0.865077793598175,0.6783956298319864,0.9918547497237334
ketchup__obj__L,raw_L1,time/subject,mean,0.882363498210907,0.7648373507667029,0.9924110705527213
ketchup__obj__L,raw_L1,time/subject,median,0.8665174841880798,0.6838265445278209,0.9868276067804239
ketchup__obj__L,raw_L1,subject/take_same_subject,mean,1.0170108079910278,0.874695375423122,1.331076268054099
ketchup__obj__L,raw_L1,subject/take_same_subject,median,1.0998947620391846,0.8362078878726827,1.5784050618195682
ketchup__obj__L,raw_L1,action/take,mean,1.0140093564987183,0.9376386407072768,1.1365330450881261
ketchup__obj__L,raw_L1,action/take,median,1.016554832458496,0.9342690155093153,1.1777790021249588
ketchup__obj__L,raw_L1,time/floor,mean,2.7285215854644775,2.2143299918612147,3.375104638185179
ketchup__obj__L,raw_L1,time/floor,median,5.203423023223877,3.015175736423816,8.065989144941964
ketchup__obj__L,mass_abs,time/take,mean,1.020621418952942,0.8459740451733907,1.2053343256446585
ketchup__obj__L,mass_abs,time/take,median,0.9691449403762817,0.7350279275660027,1.3631433026369748
ketchup__obj__L,mass_abs,time/subject,mean,1.0347305536270142,0.8663075616919864,1.2103074422786766
ketchup__obj__L,mass_abs,time/subject,median,1.0013642311096191,0.7683283378390867,1.4081990598509961
ketchup__obj__L,mass_abs,subject/take_same_subject,mean,1.0358577966690063,0.8682676620156798,1.2612770132946016
ketchup__obj__L,mass_abs,subject/take_same_subject,median,1.0161298513412476,0.7926737278271273,1.3047533924537684
ketchup__obj__L,mass_abs,action/take,mean,1.0831904411315918,0.9901838290699995,1.1875885272812816
ketchup__obj__L,mass_abs,action/take,median,1.1003330945968628,0.9540538705620382,1.25579526050617
ketchup__obj__L,mass_abs,time/floor,mean,2.4874000549316406,2.0676546066415393,3.068764886370961
ketchup__obj__L,mass_abs,time/floor,median,5.795894622802734,3.35609236463033,11.24641294139445
ketchup__obj__L,mass_log,time/take,mean,1.2433744668960571,1.021678919713924,1.4734932196245683
ketchup__obj__L,mass_log,time/take,median,1.2785038948059082,0.8030971248919102,1.9496028668336567
ketchup__obj__L,mass_log,time/subject,mean,1.2207847833633423,0.9819293626474683,1.4534423769933977
ketchup__obj__L,mass_log,time/subject,median,1.214815378189087,0.7487819540455505,1.8957350358889546
ketchup__obj__L,mass_log,subject/take_same_subject,mean,1.1298205852508545,0.9009099319174728,1.621093044819421
ketchup__obj__L,mass_log,subject/take_same_subject,median,1.216268539428711,0.8397595547306796,1.7387273556676355
ketchup__obj__L,mass_log,action/take,mean,1.1703659296035767,0.9592151294085322,1.3716564326045004
ketchup__obj__L,mass_log,action/take,median,1.1325451135635376,0.786376738601948,1.4797604200643164
ketchup__obj__L,mass_log,time/floor,mean,2.9064104557037354,2.2426015657955,3.8272510847574712
ketchup__obj__L,mass_log,time/floor,median,9.014720916748047,4.146646416805733,20.976894035506895
ketchup__obj__L,pattern_L2,time/take,mean,0.9024810791015625,0.7255036899717685,1.0588344746768512
ketchup__obj__L,pattern_L2,time/take,median,0.8631647229194641,0.6391361834032837,1.0889069551837005
ketchup__obj__L,pattern_L2,time/subject,mean,0.8949503898620605,0.7082797745480814,1.0448519489811428
ketchup__obj__L,pattern_L2,time/subject,median,0.8363721370697021,0.6206199362368021,1.0728131614229683
ketchup__obj__L,pattern_L2,subject/take_same_subject,mean,1.067655324935913,0.9371982271912613,1.2580697317110296
ketchup__obj__L,pattern_L2,subject/take_same_subject,median,1.1384214162826538,0.8316347239282978,1.4468177722384792
ketchup__obj__L,pattern_L2,action/take,mean,0.995609700679779,0.9293964670786944,1.0621118582503297
ketchup__obj__L,pattern_L2,action/take,median,0.9969080090522766,0.8926926663236603,1.1113170648857824
ketchup__obj__L,pattern_L2,time/floor,mean,2.8057913780212402,2.097362738807937,3.8496453069734713
ketchup__obj__L,pattern_L2,time/floor,median,4.1145806312561035,2.507788005252964,6.839886698434369
ketchup__obj__L,pattern_L1,time/take,mean,0.8795024752616882,0.6949743608201986,1.0539349930048698
ketchup__obj__L,pattern_L1,time/take,median,0.7982276678085327,0.5333276969929522,1.112742240749974
ketchup__obj__L,pattern_L1,time/subject,mean,0.8704918622970581,0.6772247312358607,1.0379396111710493
ketchup__obj__L,pattern_L1,time/subject,median,0.778721272945404,0.5133339229121184,1.0867129409553102
ketchup__obj__L,pattern_L1,subject/take_same_subject,mean,1.0718820095062256,0.9308652189332823,1.3418351179481145
ketchup__obj__L,pattern_L1,subject/take_same_subject,median,1.175058364868164,0.7688512403251827,1.681114292023952
ketchup__obj__L,pattern_L1,action/take,mean,1.0109680891036987,0.9305993999649839,1.0984441057954215
ketchup__obj__L,pattern_L1,action/take,median,1.013170599937439,0.8956867778261051,1.1573373245169998
ketchup__obj__L,pattern_L1,time/floor,mean,3.112762212753296,2.291543830239364,4.324866237478986
ketchup__obj__L,pattern_L1,time/floor,median,5.26869010925293,2.78237718545633,9.012220680321446
ketchup__obj__L,pattern_cos,time/take,mean,0.8459126949310303,0.618765483127354,1.0568446238096552
ketchup__obj__L,pattern_cos,time/take,median,0.7130418419837952,0.3552683744932839,1.1785680443637578
ketchup__obj__L,pattern_cos,time/subject,mean,0.8356021046638489,0.6016438943773358,1.0592199549886756
ketchup__obj__L,pattern_cos,time/subject,median,0.6890906095504761,0.34006495824120664,1.147333980830174
ketchup__obj__L,pattern_cos,subject/take_same_subject,mean,1.092618465423584,0.9050739785217157,1.5153305557952756
ketchup__obj__L,pattern_cos,subject/take_same_subject,median,1.306105136871338,0.6931730392638021,2.304989542801962
ketchup__obj__L,pattern_cos,action/take,mean,1.0234930515289307,0.9221933341344031,1.1354941176349895
ketchup__obj__L,pattern_cos,action/take,median,1.0317977666854858,0.8447242065484977,1.2438976073102217
ketchup__obj__L,pattern_cos,time/floor,mean,4.463296890258789,2.9248055226662686,7.203912404247474
ketchup__obj__L,pattern_cos,time/floor,median,21.30201530456543,6.490832410804331,53.816936565956766
ketchup__obj__L,centroid,time/take,mean,0.8208517051793249,0.5701920795016883,1.113284126272678
ketchup__obj__L,centroid,time/take,median,0.642605984192967,0.38791649767535374,1.3192030626167779
ketchup__obj__L,centroid,time/subject,mean,0.8053277000323784,0.5357413473802639,1.0893731360928274
ketchup__obj__L,centroid,time/subject,median,0.6318063414595431,0.34966412225933763,1.2715953235414827
ketchup__obj__L,centroid,subject/take_same_subject,mean,1.0783216109881149,0.8553592952875313,1.5606158199986118
ketchup__obj__L,centroid,subject/take_same_subject,median,1.214627287034146,0.6058203940018443,2.1762191988228716
ketchup__obj__L,centroid,action/take,mean,0.9575440272588981,0.8391660779241824,1.1041744306710473
ketchup__obj__L,centroid,action/take,median,1.0177236560965135,0.8135765625699746,1.2958217330384858
ketchup__obj__L,centroid,time/floor,mean,4.173297822271061,2.717511571743909,6.372919201795988
ketchup__obj__L,centroid,time/floor,median,8.282887664564196,3.7631032684173076,22.88359717943466
ketchup__obj__R,raw,time/take,mean,0.9224578142166138,0.8353890853594743,1.0069926035371783
ketchup__obj__R,raw,time/take,median,0.9266020655632019,0.8016092011780561,1.0236194190665886
ketchup__obj__R,raw,time/subject,mean,0.9110966920852661,0.8214143431042095,1.0011926108656135
ketchup__obj__R,raw,time/subject,median,0.9134806394577026,0.7871024320103708,1.0237006650673541
ketchup__obj__R,raw,subject/take_same_subject,mean,1.1199302673339844,0.9263279121993946,1.4818801498697884
ketchup__obj__R,raw,subject/take_same_subject,median,1.100867509841919,0.8782963150592805,2.3152021306512505
ketchup__obj__R,raw,action/take,mean,0.9752135276794434,0.911234222213987,1.039021319245568
ketchup__obj__R,raw,action/take,median,0.9666509032249451,0.8955791070145033,1.0328024638932387
ketchup__obj__R,raw,time/floor,mean,2.409646511077881,1.9253720071574978,3.032186228778708
ketchup__obj__R,raw,time/floor,median,4.699226379394531,3.0394962681211792,9.815282387688157
ketchup__obj__R,raw_L1,time/take,mean,0.8972506523132324,0.7977003481867333,0.9968955512665815
ketchup__obj__R,raw_L1,time/take,median,0.8944833278656006,0.728615438716823,1.000883429396275
ketchup__obj__R,raw_L1,time/subject,mean,0.8863728642463684,0.7899224881216067,0.9890909070219615
ketchup__obj__R,raw_L1,time/subject,median,0.8896958827972412,0.7144231783085099,1.0162947603271657
ketchup__obj__R,raw_L1,subject/take_same_subject,mean,1.1228712797164917,0.9047199689109838,1.5418933701179607
ketchup__obj__R,raw_L1,subject/take_same_subject,median,1.1281778812408447,0.838152215885691,2.525539735326368
ketchup__obj__R,raw_L1,action/take,mean,0.9528232216835022,0.8780968330076064,1.0277362632613982
ketchup__obj__R,raw_L1,action/take,median,0.944096565246582,0.8513852785714399,1.0281904573009362
ketchup__obj__R,raw_L1,time/floor,mean,2.633967161178589,2.051149897098746,3.415708685624622
ketchup__obj__R,raw_L1,time/floor,median,6.261605739593506,3.5356824105557587,11.169460413851125
ketchup__obj__R,mass_abs,time/take,mean,1.1647660732269287,0.9930909813669144,1.3227004197795145
ketchup__obj__R,mass_abs,time/take,median,1.2063610553741455,0.884195301318031,1.598161234055789
ketchup__obj__R,mass_abs,time/subject,mean,1.1323765516281128,0.9735210955016339,1.298216126618936
ketchup__obj__R,mass_abs,time/subject,median,1.1522560119628906,0.8258286435085866,1.5638266854035987
ketchup__obj__R,mass_abs,subject/take_same_subject,mean,1.1792685985565186,1.0210754699546933,1.4758300391061472
ketchup__obj__R,mass_abs,subject/take_same_subject,median,1.3831406831741333,0.9605470388587554,3.132214918708313
ketchup__obj__R,mass_abs,action/take,mean,1.0964016914367676,1.0074288964315044,1.2160974919943206
ketchup__obj__R,mass_abs,action/take,median,1.091594934463501,0.9470147107395697,1.2701994871690132
ketchup__obj__R,mass_abs,time/floor,mean,2.394303560256958,1.7629775852955,3.3622091977896122
ketchup__obj__R,mass_abs,time/floor,median,8.721298217773438,3.8269109437126607,20.2838486048771
ketchup__obj__R,mass_log,time/take,mean,1.6274361610412598,1.3010865335708208,1.9448777091501532
ketchup__obj__R,mass_log,time/take,median,1.7167447805404663,1.0829255408932672,2.4297409031128
ketchup__obj__R,mass_log,time/subject,mean,1.5588865280151367,1.2545335926566532,1.8554020876792037
ketchup__obj__R,mass_log,time/subject,median,1.585008144378662,0.9855988026701151,2.191688985551746
ketchup__obj__R,mass_log,subject/take_same_subject,mean,1.2122392654418945,1.009958091446156,1.5877820050396354
ketchup__obj__R,mass_log,subject/take_same_subject,median,1.4245959520339966,0.9006048704565722,4.36831682116895
ketchup__obj__R,mass_log,action/take,mean,1.449703574180603,1.213144452999978,1.7319905129339446
ketchup__obj__R,mass_log,action/take,median,1.2649354934692383,1.0052895893410103,1.697316259915739
ketchup__obj__R,mass_log,time/floor,mean,2.2470452785491943,1.5209638057581192,3.5358452084195457
ketchup__obj__R,mass_log,time/floor,median,8.158703804016113,3.2407405137193286,22.74339547716886
ketchup__obj__R,pattern_L2,time/take,mean,0.8922073245048523,0.7469886494781705,1.0341933898713969
ketchup__obj__R,pattern_L2,time/take,median,0.8855199217796326,0.6671721997148296,1.2144457241374198
ketchup__obj__R,pattern_L2,time/subject,mean,0.8671668171882629,0.7240867982414027,1.0097803986547085
ketchup__obj__R,pattern_L2,time/subject,median,0.8502388000488281,0.6317710559917493,1.142868488910031
ketchup__obj__R,pattern_L2,subject/take_same_subject,mean,1.142632007598877,0.9124012365647141,1.9934845743242844
ketchup__obj__R,pattern_L2,subject/take_same_subject,median,1.1772011518478394,0.7916164880771658,3.150065007571513
ketchup__obj__R,pattern_L2,action/take,mean,0.9323325157165527,0.8616619592320451,1.0138179684138728
ketchup__obj__R,pattern_L2,action/take,median,0.9420319199562073,0.819782900903321,1.0670722402975912
ketchup__obj__R,pattern_L2,time/floor,mean,2.5894322395324707,2.0295155628262393,3.4685715662827317
ketchup__obj__R,pattern_L2,time/floor,median,4.101736068725586,2.70730122248417,9.51603668869287
ketchup__obj__R,pattern_L1,time/take,mean,0.8884401321411133,0.7407951256532224,1.0462829509366487
ketchup__obj__R,pattern_L1,time/take,median,0.8476822376251221,0.6228060236402682,1.2462000071070745
ketchup__obj__R,pattern_L1,time/subject,mean,0.8647750616073608,0.7121669111685169,1.0206699045975847
ketchup__obj__R,pattern_L1,time/subject,median,0.8121694922447205,0.5790312493506441,1.150618718590538
ketchup__obj__R,pattern_L1,subject/take_same_subject,mean,1.1478630304336548,0.9063455206858682,2.0268835613123106
ketchup__obj__R,pattern_L1,subject/take_same_subject,median,1.2399747371673584,0.754178136035328,3.3876242276645483
ketchup__obj__R,pattern_L1,action/take,mean,0.9380478262901306,0.8579593215861534,1.0267882460111424
ketchup__obj__R,pattern_L1,action/take,median,0.922052264213562,0.8055762168659516,1.0725528567319194
ketchup__obj__R,pattern_L1,time/floor,mean,2.936677932739258,2.2434704816960305,3.956064230567909
ketchup__obj__R,pattern_L1,time/floor,median,5.078178405761719,3.0023833225055747,11.213310447674715
ketchup__obj__R,pattern_cos,time/take,mean,0.8634665012359619,0.6637665272301221,1.0791260937288303
ketchup__obj__R,pattern_cos,time/take,median,0.7728050351142883,0.47381346554772874,1.3549464634388482
ketchup__obj__R,pattern_cos,time/subject,mean,0.8332896828651428,0.6299502198792403,1.0334463761800778
ketchup__obj__R,pattern_cos,time/subject,median,0.7328696250915527,0.4203213394855738,1.2263446259737645
ketchup__obj__R,pattern_cos,subject/take_same_subject,mean,1.1787217855453491,0.8812036317595368,2.556586465649326
ketchup__obj__R,pattern_cos,subject/take_same_subject,median,1.3699771165847778,0.6729933275273248,9.195724670336455
ketchup__obj__R,pattern_cos,action/take,mean,0.922674834728241,0.8206505218806676,1.0372944064531537
ketchup__obj__R,pattern_cos,action/take,median,0.8962841033935547,0.7209970895157887,1.1286206550520848
ketchup__obj__R,pattern_cos,time/floor,mean,4.022404670715332,2.703686900002164,6.123580372871148
ketchup__obj__R,pattern_cos,time/floor,median,20.5567569732666,7.562710422664371,83.5528946302666
ketchup__obj__R,centroid,time/take,mean,0.8205466291550938,0.6215859434531991,1.0628243922629368
ketchup__obj__R,centroid,time/take,median,0.7845032345122801,0.4436613525865262,1.3600124123368407
ketchup__obj__R,centroid,time/subject,mean,0.7956440244824323,0.6023969882206708,1.0229219438600428
ketchup__obj__R,centroid,time/subject,median,0.7366411093114164,0.41421281619106803,1.1861630929239484
ketchup__obj__R,centroid,subject/take_same_subject,mean,1.1030968218132113,0.8178992378902937,2.1401127900654178
ketchup__obj__R,centroid,subject/take_same_subject,median,1.347272348567064,0.616090918885644,4.264653620044495
ketchup__obj__R,centroid,action/take,mean,0.8569594703385641,0.7521492519924599,0.9864098595300363
ketchup__obj__R,centroid,action/take,median,0.8590425406009494,0.6841120390778535,1.0730606916891932
ketchup__obj__R,centroid,time/floor,mean,3.80733535486654,2.614970149415418,5.801439669652267
ketchup__obj__R,centroid,time/floor,median,10.075343414186813,4.935948684282371,18.257692749321237
laptop__obj__L,raw,time/take,mean,0.9043334126472473,0.8087611406457553,1.0243590907768216
laptop__obj__L,raw,time/take,median,0.8925217390060425,0.7751914618725777,1.0578772501202025
laptop__obj__L,raw,time/subject,mean,0.9090474843978882,0.8130207353288207,1.0420221464710653
laptop__obj__L,raw,time/subject,median,0.9163347482681274,0.7881696533741229,1.0748187596829242
laptop__obj__L,raw,subject/take_same_subject,mean,1.0963349342346191,0.9649891632398547,1.2550505166667285
laptop__obj__L,raw,subject/take_same_subject,median,1.098848819732666,0.9241274199188401,1.3081561401618838
laptop__obj__L,raw,action/take,mean,1.0687875747680664,0.9759239911416876,1.1492986725036567
laptop__obj__L,raw,action/take,median,1.0886121988296509,0.9661772805756432,1.2195731911071674
laptop__obj__L,raw,time/floor,mean,2.3167054653167725,1.7026765377102722,3.1304125654289288
laptop__obj__L,raw,time/floor,median,2.977837085723877,2.1571310112794917,5.893637251650019
laptop__obj__L,raw_L1,time/take,mean,0.8122284412384033,0.6916155620690592,0.9754607477617251
laptop__obj__L,raw_L1,time/take,median,0.7938958406448364,0.6603722517049504,1.0099279773086989
laptop__obj__L,raw_L1,time/subject,mean,0.8135629892349243,0.6942254889059852,0.9736054360093759
laptop__obj__L,raw_L1,time/subject,median,0.8062846064567566,0.6593534313839756,1.0038078848852618
laptop__obj__L,raw_L1,subject/take_same_subject,mean,1.157576084136963,0.9484430855996564,1.420992665931747
laptop__obj__L,raw_L1,subject/take_same_subject,median,1.1865402460098267,0.9443012516466698,1.5222199474926468
laptop__obj__L,raw_L1,action/take,mean,0.9927124977111816,0.8691004406471173,1.1014560179701112
laptop__obj__L,raw_L1,action/take,median,1.0006458759307861,0.8378726571023923,1.1647879064228073
laptop__obj__L,raw_L1,time/floor,mean,2.5738766193389893,1.7276759762825833,3.6963794917633415
laptop__obj__L,raw_L1,time/floor,median,3.554046154022217,2.2812082139887795,7.358037132551158
laptop__obj__L,mass_abs,time/take,mean,0.907802402973175,0.765267163807479,1.1536023526836303
laptop__obj__L,mass_abs,time/take,median,0.96980220079422,0.7983016013845661,1.2325113819347175
laptop__obj__L,mass_abs,time/subject,mean,0.9065728783607483,0.7648602926737689,1.1598874208464771
laptop__obj__L,mass_abs,time/subject,median,0.9644651412963867,0.7779316155777319,1.264371446099569
laptop__obj__L,mass_abs,subject/take_same_subject,mean,1.1712778806686401,0.8857047797507271,1.5298167512724283
laptop__obj__L,mass_abs,subject/take_same_subject,median,1.283604383468628,0.8419494230124389,1.7323088948064076
laptop__obj__L,mass_abs,action/take,mean,0.9072967767715454,0.8411667364062826,1.0140636041680744
laptop__obj__L,mass_abs,action/take,median,1.034143328666687,0.8730375341492007,1.207427276400379
laptop__obj__L,mass_abs,time/floor,mean,2.618238925933838,1.6731358328890562,4.097733112199211
laptop__obj__L,mass_abs,time/floor,median,5.571523189544678,2.7630937285811994,10.905351338617287
laptop__obj__L,mass_log,time/take,mean,1.4470996856689453,1.1987379646294705,1.7167939064122777
laptop__obj__L,mass_log,time/take,median,1.158812165260315,0.8597747942549734,1.693525320311241
laptop__obj__L,mass_log,time/subject,mean,1.4352383613586426,1.1909685624423296,1.6857461241319112
laptop__obj__L,mass_log,time/subject,median,1.1700221300125122,0.8614434094784679,1.666175715108979
laptop__obj__L,mass_log,subject/take_same_subject,mean,1.1054608821868896,0.9279292246326455,1.3019726183353444
laptop__obj__L,mass_log,subject/take_same_subject,median,1.2098287343978882,0.8462654795197521,1.6750268789936684
laptop__obj__L,mass_log,action/take,mean,1.1744977235794067,0.9981885894640701,1.384733906083571
laptop__obj__L,mass_log,action/take,median,1.0274665355682373,0.8890449826944642,1.2025275695168383
laptop__obj__L,mass_log,time/floor,mean,3.0361340045928955,2.084607936043322,4.701587031276713
laptop__obj__L,mass_log,time/floor,median,5.797597408294678,2.6955559793096535,15.833151334296886
laptop__obj__L,pattern_L2,time/take,mean,0.9540932178497314,0.8565259269169329,1.073815531095064
laptop__obj__L,pattern_L2,time/take,median,0.9330829381942749,0.8322305780975308,1.1078707587417675
laptop__obj__L,pattern_L2,time/subject,mean,0.9698432087898254,0.8736896178010645,1.0998476135515787
laptop__obj__L,pattern_L2,time/subject,median,0.9427096247673035,0.8425885060593605,1.1153955331081329
laptop__obj__L,pattern_L2,subject/take_same_subject,mean,1.0438050031661987,0.9576017112681123,1.1631968328193876
laptop__obj__L,pattern_L2,subject/take_same_subject,median,1.0386734008789062,0.9247823128990431,1.213385823656267
laptop__obj__L,pattern_L2,action/take,mean,1.0041215419769287,0.920280206545846,1.1117939677623276
laptop__obj__L,pattern_L2,action/take,median,0.9783872961997986,0.9024813089882484,1.09962679942256
laptop__obj__L,pattern_L2,time/floor,mean,2.4210314750671387,1.835005315077829,3.3888900711412395
laptop__obj__L,pattern_L2,time/floor,median,3.8470726013183594,2.3138226445023533,7.657453819745877
laptop__obj__L,pattern_L1,time/take,mean,0.8999631404876709,0.7952694298923482,1.0347321959760292
laptop__obj__L,pattern_L1,time/take,median,0.8534330725669861,0.6784431128157598,1.1131589969918787
laptop__obj__L,pattern_L1,time/subject,mean,0.9112244248390198,0.8011663196927651,1.0501376120993835
laptop__obj__L,pattern_L1,time/subject,median,0.8574294447898865,0.6750646383717467,1.0961698238073347
laptop__obj__L,pattern_L1,subject/take_same_subject,mean,1.0951261520385742,0.9887972658883348,1.2200696627076737
laptop__obj__L,pattern_L1,subject/take_same_subject,median,1.1227235794067383,0.9575822963306967,1.2956451315981694
laptop__obj__L,pattern_L1,action/take,mean,1.0143628120422363,0.8966203813702276,1.1359183376255721
laptop__obj__L,pattern_L1,action/take,median,1.023368239402771,0.8183841572065557,1.218880415019171
laptop__obj__L,pattern_L1,time/floor,mean,2.5865676403045654,1.8585221839314805,3.762630912098436
laptop__obj__L,pattern_L1,time/floor,median,4.798028945922852,2.7603640341626634,8.465217719203423
laptop__obj__L,pattern_cos,time/take,mean,0.862928569316864,0.7147927015100769,1.0584370508666485
laptop__obj__L,pattern_cos,time/take,median,0.7792209982872009,0.5098176262507905,1.2147302608500234
laptop__obj__L,pattern_cos,time/subject,mean,0.876335620880127,0.7270221028176519,1.0675286030150661
laptop__obj__L,pattern_cos,time/subject,median,0.7740553617477417,0.5180874439141405,1.1809412704967417
laptop__obj__L,pattern_cos,subject/take_same_subject,mean,1.1259961128234863,0.9758281439003267,1.311845589264223
laptop__obj__L,pattern_cos,subject/take_same_subject,median,1.1900885105133057,0.9146567511228855,1.4803273760532336
laptop__obj__L,pattern_cos,action/take,mean,1.0083494186401367,0.8583560711893119,1.172181584428345
laptop__obj__L,pattern_cos,action/take,median,1.0464504957199097,0.7184292563165912,1.3516514561938475
laptop__obj__L,pattern_cos,time/floor,mean,3.253763198852539,2.054036403485049,5.672037899168105
laptop__obj__L,pattern_cos,time/floor,median,18.02602767944336,6.035006265969139,58.13053891958761
laptop__obj__L,centroid,time/take,mean,0.8726702468489531,0.6946327745935061,1.080394477596542
laptop__obj__L,centroid,time/take,median,0.7440629300780981,0.526755708131299,1.1285562691794437
laptop__obj__L,centroid,time/subject,mean,0.8890973673917694,0.7120556341749846,1.0928897893689562
laptop__obj__L,centroid,time/subject,median,0.7442706560934736,0.5273627624656199,1.1367771457903246
laptop__obj__L,centroid,subject/take_same_subject,mean,1.1723562577734097,0.9834963389703242,1.4337386908998289
laptop__obj__L,centroid,subject/take_same_subject,median,1.2281553122792468,0.9307646316478049,1.6738665360394809
laptop__obj__L,centroid,action/take,mean,1.1196781676339755,0.8518642832008656,1.4118438545991736
laptop__obj__L,centroid,action/take,median,1.0193320218607413,0.7068330847958522,1.3725501165047649
laptop__obj__L,centroid,time/floor,mean,3.144142279570467,1.996361089825386,5.083902047394276
laptop__obj__L,centroid,time/floor,median,8.261186332376294,4.262094211007133,17.762369821002178
laptop__obj__R,raw,time/take,mean,0.9732767343521118,0.8524344802514863,1.1332481696891366
laptop__obj__R,raw,time/take,median,0.975460946559906,0.8202486147739109,1.1565228012854982
laptop__obj__R,raw,time/subject,mean,0.9800750613212585,0.8591803261593565,1.127547977115924
laptop__obj__R,raw,time/subject,median,0.9726147055625916,0.8222386946807091,1.1394979337348705
laptop__obj__R,raw,subject/take_same_subject,mean,1.0232118368148804,0.9064303674704494,1.1718716470142354
laptop__obj__R,raw,subject/take_same_subject,median,1.0332911014556885,0.883575523686453,1.1645805321381295
laptop__obj__R,raw,action/take,mean,1.2287156581878662,1.0941312303050474,1.364193392120129
laptop__obj__R,raw,action/take,median,1.3290482759475708,1.149526975826554,1.467028779002371
laptop__obj__R,raw,time/floor,mean,1.986498236656189,1.6656048622215354,2.3509715451243913
laptop__obj__R,raw,time/floor,median,2.3828723430633545,1.850305706902609,3.322186536184876
laptop__obj__R,raw_L1,time/take,mean,0.8998495936393738,0.7734374787115257,1.0774023223976594
laptop__obj__R,raw_L1,time/take,median,0.9129419326782227,0.7693843713820926,1.115029699668449
laptop__obj__R,raw_L1,time/subject,mean,0.913125216960907,0.7732428828201244,1.0850904539334374
laptop__obj__R,raw_L1,time/subject,median,0.9219301342964172,0.7694903296814559,1.1077276651533159
laptop__obj__R,raw_L1,subject/take_same_subject,mean,1.0114624500274658,0.8474663256627215,1.2206023598268154
laptop__obj__R,raw_L1,subject/take_same_subject,median,1.0503597259521484,0.8329374149403698,1.2269573849506044
laptop__obj__R,raw_L1,action/take,mean,1.184725046157837,1.0256124628221668,1.329692730036136
laptop__obj__R,raw_L1,action/take,median,1.2621184587478638,1.0296012441828781,1.438645554424066
laptop__obj__R,raw_L1,time/floor,mean,2.0527288913726807,1.7086071693841522,2.459280939177645
laptop__obj__R,raw_L1,time/floor,median,2.76425838470459,1.9402897836678692,4.144242165213043
laptop__obj__R,mass_abs,time/take,mean,0.9856452941894531,0.8195522590362965,1.1615692593376499
laptop__obj__R,mass_abs,time/take,median,1.0795233249664307,0.8154158579582721,1.3716471948901219
laptop__obj__R,mass_abs,time/subject,mean,0.9670767784118652,0.8102554309524204,1.1482794145643722
laptop__obj__R,mass_abs,time/subject,median,1.0393606424331665,0.7792579187461735,1.288543743916307
laptop__obj__R,mass_abs,subject/take_same_subject,mean,1.0222843885421753,0.7805160935837465,1.393963577756802
laptop__obj__R,mass_abs,subject/take_same_subject,median,1.11446213722229,0.7840852890135872,1.422227151184155
laptop__obj__R,mass_abs,action/take,mean,1.0970534086227417,0.9131165306944852,1.2820760027580318
laptop__obj__R,mass_abs,action/take,median,1.2821741104125977,1.0183444738052099,1.5627150178197005
laptop__obj__R,mass_abs,time/floor,mean,1.7926251888275146,1.3578888708931902,2.455910092180611
laptop__obj__R,mass_abs,time/floor,median,2.7567832469940186,1.680627653212628,5.124218627345987
laptop__obj__R,mass_log,time/take,mean,1.5364997386932373,1.2868074896217465,1.7990687244974266
laptop__obj__R,mass_log,time/take,median,1.3312972784042358,0.8827651648251101,1.7240191426278162
laptop__obj__R,mass_log,time/subject,mean,1.4645745754241943,1.240513543889067,1.732418064128636
laptop__obj__R,mass_log,time/subject,median,1.2902165651321411,0.8681188060599587,1.6848366246939936
laptop__obj__R,mass_log,subject/take_same_subject,mean,1.0582740306854248,0.88995417362272,1.2670281350517196
laptop__obj__R,mass_log,subject/take_same_subject,median,1.075792670249939,0.8024210585776104,1.3549832832327684
laptop__obj__R,mass_log,action/take,mean,1.1564795970916748,0.957474386062473,1.369079884771778
laptop__obj__R,mass_log,action/take,median,1.1108702421188354,0.9198508855016396,1.3052775634359934
laptop__obj__R,mass_log,time/floor,mean,2.3839950561523438,1.707392854693742,3.4923749904302444
laptop__obj__R,mass_log,time/floor,median,3.238365650177002,2.164212591815514,5.960725703894745
laptop__obj__R,pattern_L2,time/take,mean,1.013445258140564,0.863703231633384,1.1196169646870648
laptop__obj__R,pattern_L2,time/take,median,1.0441848039627075,0.8569730426880647,1.1626181420999289
laptop__obj__R,pattern_L2,time/subject,mean,1.0173534154891968,0.8661525647810625,1.1334892067852382
laptop__obj__R,pattern_L2,time/subject,median,1.0502358675003052,0.8453751726079926,1.1872952158691494
laptop__obj__R,pattern_L2,subject/take_same_subject,mean,1.0092042684555054,0.9503247619035167,1.096910131081007
laptop__obj__R,pattern_L2,subject/take_same_subject,median,0.9977578520774841,0.9253283185636169,1.1009154067425793
laptop__obj__R,pattern_L2,action/take,mean,1.0346729755401611,0.9279737455409234,1.1116381737480314
laptop__obj__R,pattern_L2,action/take,median,1.040977954864502,0.9187059821760165,1.1339370698862874
laptop__obj__R,pattern_L2,time/floor,mean,2.286695718765259,1.876257697992281,2.7999384268174468
laptop__obj__R,pattern_L2,time/floor,median,4.058200836181641,2.2806799355877194,5.515809345209328
laptop__obj__R,pattern_L1,time/take,mean,0.9749470949172974,0.8297686093640511,1.093291713023529
laptop__obj__R,pattern_L1,time/take,median,0.9903606176376343,0.7366525177020431,1.1855074681666493
laptop__obj__R,pattern_L1,time/subject,mean,0.9818753600120544,0.8362727965245256,1.111988974532913
laptop__obj__R,pattern_L1,time/subject,median,1.0122736692428589,0.7487071256322617,1.201739423793019
laptop__obj__R,pattern_L1,subject/take_same_subject,mean,1.0158710479736328,0.9390200597262117,1.132589505362231
laptop__obj__R,pattern_L1,subject/take_same_subject,median,0.9945947527885437,0.8763367551200242,1.1848359751240856
laptop__obj__R,pattern_L1,action/take,mean,1.0648491382598877,0.9452157127292325,1.1470969745711073
laptop__obj__R,pattern_L1,action/take,median,1.1007213592529297,0.9174814365834734,1.2091122694098688
laptop__obj__R,pattern_L1,time/floor,mean,2.3261520862579346,1.8331307713488905,2.8918069843529453
laptop__obj__R,pattern_L1,time/floor,median,4.3454484939575195,2.5620497127590642,7.053937237619991
laptop__obj__R,pattern_cos,time/take,mean,0.9674498438835144,0.773079880099379,1.1247574204898465
laptop__obj__R,pattern_cos,time/take,median,0.9732145071029663,0.6559942374146657,1.2748922691103726
laptop__obj__R,pattern_cos,time/subject,mean,0.9764544367790222,0.7811791898849354,1.1527395801305986
laptop__obj__R,pattern_cos,time/subject,median,1.0048595666885376,0.6441781209176682,1.3124165646407482
laptop__obj__R,pattern_cos,subject/take_same_subject,mean,1.0127023458480835,0.9103704984836971,1.1770026148726949
laptop__obj__R,pattern_cos,subject/take_same_subject,median,0.9848619103431702,0.8189134695437514,1.2739735768533411
laptop__obj__R,pattern_cos,action/take,mean,1.0695346593856812,0.9133072083435898,1.1803882299042443
laptop__obj__R,pattern_cos,action/take,median,1.1388568878173828,0.8474114517848048,1.296528188568709
laptop__obj__R,pattern_cos,time/floor,mean,2.884280204772949,2.130201860660051,3.969664517567004
laptop__obj__R,pattern_cos,time/floor,median,13.376859664916992,5.054184174260065,30.205708476946544
laptop__obj__R,centroid,time/take,mean,0.9803066286520036,0.7618640783052106,1.1665521967045562
laptop__obj__R,centroid,time/take,median,0.9419540390515894,0.5862194908579792,1.2866348199625988
laptop__obj__R,centroid,time/subject,mean,1.0043248179868054,0.780858902601831,1.2037124988668342
laptop__obj__R,centroid,time/subject,median,0.9707057483703091,0.5972773478949899,1.2979286505121235
laptop__obj__R,centroid,subject/take_same_subject,mean,1.019892994884521,0.9009198056221491,1.2223526547485604
laptop__obj__R,centroid,subject/take_same_subject,median,0.9869124591210692,0.8282618420400986,1.3473207654600685
laptop__obj__R,centroid,action/take,mean,1.2163556775933833,0.9849771328549728,1.4189269833283369
laptop__obj__R,centroid,action/take,median,1.1542969668632317,0.8550091091670419,1.3589620848976434
laptop__obj__R,centroid,time/floor,mean,2.7486410907268066,1.9677597554979012,3.866128059869217
laptop__obj__R,centroid,time/floor,median,7.130456687945044,3.226851986715854,14.888614453921544
microwave__obj__L,raw,time/take,mean,0.9443573355674744,0.745610867968608,1.2411357025974794
microwave__obj__L,raw,time/take,median,0.9284019470214844,0.6804905407263836,1.2879173842894576
microwave__obj__L,raw,time/subject,mean,0.9202048778533936,0.7199022339927362,1.2189489746359583
microwave__obj__L,raw,time/subject,median,0.8821582198143005,0.6429261538819027,1.2102566173507259
microwave__obj__L,raw,subject/take_same_subject,mean,1.2835239171981812,0.9434292985266606,1.9285328887541364
microwave__obj__L,raw,subject/take_same_subject,median,1.413666844367981,0.8967361710222252,2.0550612042730054
microwave__obj__L,raw,action/take,mean,1.7039344310760498,1.3980254187254093,2.1080563854480516
microwave__obj__L,raw,action/take,median,2.103797435760498,1.5333699316519007,2.7763017515300428
microwave__obj__L,raw,time/floor,mean,2.069688081741333,1.6338116291396108,2.719307125300229
microwave__obj__L,raw,time/floor,median,2.4177515506744385,1.4509450594818665,4.553971189824172
microwave__obj__L,raw_L1,time/take,mean,0.9096762537956238,0.6598873105948441,1.3242997649954271
microwave__obj__L,raw_L1,time/take,median,0.9064494371414185,0.5781012702707848,1.3132536237354053
microwave__obj__L,raw_L1,time/subject,mean,0.8824341893196106,0.6241043918789327,1.2925270022001225
microwave__obj__L,raw_L1,time/subject,median,0.8638753294944763,0.5294941714432818,1.2851626906885973
microwave__obj__L,raw_L1,subject/take_same_subject,mean,1.3765455484390259,0.9156670166761064,2.336281905946117
microwave__obj__L,raw_L1,subject/take_same_subject,median,1.3883572816848755,0.8248802117909955,2.201534118749328
microwave__obj__L,raw_L1,action/take,mean,1.9651927947998047,1.527046040867218,2.6214654067034724
microwave__obj__L,raw_L1,action/take,median,3.084751605987549,1.9154519783436643,4.262860063785006
microwave__obj__L,raw_L1,time/floor,mean,2.2274270057678223,1.6857759028779007,3.132718546040184
microwave__obj__L,raw_L1,time/floor,median,2.3486483097076416,1.3906993369194145,4.105552619652297
microwave__obj__L,mass_abs,time/take,mean,1.1130106449127197,0.7998708654484386,1.6727908744303435
microwave__obj__L,mass_abs,time/take,median,1.065478801727295,0.7402444987880796,1.5538163151560467
microwave__obj__L,mass_abs,time/subject,mean,1.082517385482788,0.7688648459600654,1.650229510930446
microwave__obj__L,mass_abs,time/subject,median,1.01744544506073,0.679510447065653,1.4553371898946523
microwave__obj__L,mass_abs,subject/take_same_subject,mean,1.3334680795669556,0.9152589736380973,2.14526468748363
microwave__obj__L,mass_abs,subject/take_same_subject,median,1.3429266214370728,0.8957907646437232,1.8632229907841436
microwave__obj__L,mass_abs,action/take,mean,1.8948078155517578,1.3254114547867417,2.718235325467294
microwave__obj__L,mass_abs,action/take,median,2.6172192096710205,1.6177380978077869,4.055481505020082
microwave__obj__L,mass_abs,time/floor,mean,2.2746944427490234,1.5836354138491067,3.5602780709552464
microwave__obj__L,mass_abs,time/floor,median,2.6668777465820312,1.654644897515646,6.389420478216962
microwave__obj__L,mass_log,time/take,mean,1.4755653142929077,1.1715117057439104,1.8713332739695778
microwave__obj__L,mass_log,time/take,median,1.241957426071167,0.7952701022729083,1.6753665745076276
microwave__obj__L,mass_log,time/subject,mean,1.4309736490249634,1.136090937659076,1.8689146689706937
microwave__obj__L,mass_log,time/subject,median,1.138735294342041,0.7426673525926154,1.5555565958325828
microwave__obj__L,mass_log,subject/take_same_subject,mean,1.2498518228530884,0.9749931769678436,1.6649296608186865
microwave__obj__L,mass_log,subject/take_same_subject,median,1.393681526184082,1.0332098553284914,2.047539164104319
microwave__obj__L,mass_log,action/take,mean,1.5570635795593262,1.2624757356859924,1.8772853521146318
microwave__obj__L,mass_log,action/take,median,1.982169508934021,1.4519363129587983,2.5918688478632355
microwave__obj__L,mass_log,time/floor,mean,2.562967538833618,1.7667520942348478,4.131395035192603
microwave__obj__L,mass_log,time/floor,median,3.0551626682281494,1.7611469858597928,13.942593537038436
microwave__obj__L,pattern_L2,time/take,mean,0.7808965444564819,0.6133423991736794,0.9316311670432377
microwave__obj__L,pattern_L2,time/take,median,0.7075179219245911,0.4651582031030194,0.9813341278023225
microwave__obj__L,pattern_L2,time/subject,mean,0.7568198442459106,0.5970568546328334,0.9068588658189675
microwave__obj__L,pattern_L2,time/subject,median,0.6693904995918274,0.4511023362305338,0.9342919944567303
microwave__obj__L,pattern_L2,subject/take_same_subject,mean,1.2434765100479126,1.024401953707444,1.6267109008192655
microwave__obj__L,pattern_L2,subject/take_same_subject,median,1.2917557954788208,0.9913594899270812,1.9420829741536254
microwave__obj__L,pattern_L2,action/take,mean,1.3868252038955688,1.1936267740456379,1.62779786871178
microwave__obj__L,pattern_L2,action/take,median,1.4137029647827148,1.121483922542583,1.7714597480580265
microwave__obj__L,pattern_L2,time/floor,mean,1.891514539718628,1.4820952916987689,2.5732022743421386
microwave__obj__L,pattern_L2,time/floor,median,2.174717903137207,1.4325140692560114,5.621361034654726
microwave__obj__L,pattern_L1,time/take,mean,0.767386794090271,0.5712607788817152,0.9723842471443715
microwave__obj__L,pattern_L1,time/take,median,0.7184552550315857,0.37895347349211256,1.017939761238271
microwave__obj__L,pattern_L1,time/subject,mean,0.7366688251495361,0.5484963246428686,0.9285756725561386
microwave__obj__L,pattern_L1,time/subject,median,0.664120078086853,0.3368740539524218,0.9388073153149057
microwave__obj__L,pattern_L1,subject/take_same_subject,mean,1.3406728506088257,1.018158722599049,1.9691346873860687
microwave__obj__L,pattern_L1,subject/take_same_subject,median,1.4448914527893066,0.9006102011229773,2.8027198020458606
microwave__obj__L,pattern_L1,action/take,mean,1.645416021347046,1.3766174551629373,2.0025039488061864
microwave__obj__L,pattern_L1,action/take,median,2.0897321701049805,1.266685262539255,2.6862054674114306
microwave__obj__L,pattern_L1,time/floor,mean,2.023895502090454,1.561149697364284,2.8014040393926765
microwave__obj__L,pattern_L1,time/floor,median,2.332651376724243,1.4179266269738908,5.541540711666963
microwave__obj__L,pattern_cos,time/take,mean,0.6840910911560059,0.418392042899468,0.9773950623710169
microwave__obj__L,pattern_cos,time/take,median,0.45158669352531433,0.1407175383014929,1.166894838321323
microwave__obj__L,pattern_cos,time/subject,mean,0.6467887759208679,0.38440334284454936,0.924324637958232
microwave__obj__L,pattern_cos,time/subject,median,0.36618274450302124,0.11944492800617032,1.0024391804687556
microwave__obj__L,pattern_cos,subject/take_same_subject,mean,1.5551775693893433,0.9998532249686444,3.16525892511245
microwave__obj__L,pattern_cos,subject/take_same_subject,median,2.575761556625366,0.8065339067236601,8.111448779283577
microwave__obj__L,pattern_cos,action/take,mean,1.9611316919326782,1.5231196280684773,2.6889496774977673
microwave__obj__L,pattern_cos,action/take,median,3.3471415042877197,1.3490686028290328,6.692653675279005
microwave__obj__L,pattern_cos,time/floor,mean,2.7694013118743896,1.8583881405182392,4.512064581080264
microwave__obj__L,pattern_cos,time/floor,median,3.5757343769073486,2.1195928295657662,22.18666448052389
microwave__obj__L,centroid,time/take,mean,0.7009633037548446,0.44596069001851,0.9904587082038625
microwave__obj__L,centroid,time/take,median,0.5847436438203439,0.23602314166838986,1.0934374302410592
microwave__obj__L,centroid,time/subject,mean,0.6605059099407992,0.41078837365970217,0.9391229144222427
microwave__obj__L,centroid,time/subject,median,0.5031237145985176,0.18059859874789785,1.023425579859114
microwave__obj__L,centroid,subject/take_same_subject,mean,1.6255170504935603,1.0332347828845225,3.187357325300533
microwave__obj__L,centroid,subject/take_same_subject,median,1.9683606469623225,0.9050976800648046,5.360212454616537
microwave__obj__L,centroid,action/take,mean,2.123593216300415,1.6195158731498658,2.967551470387085
microwave__obj__L,centroid,action/take,median,3.8466807323621093,1.5757689299562982,6.053303488224914
microwave__obj__L,centroid,time/floor,mean,2.5827446582549176,1.8544250946635004,3.8966149221621094
microwave__obj__L,centroid,time/floor,median,2.38065041063108,1.6519619487095554,6.101636450768929
microwave__obj__R,raw,time/take,mean,0.7896468043327332,0.6388583120188384,0.906674929079737
microwave__obj__R,raw,time/take,median,0.8408588171005249,0.5993487842733886,0.9353108660693691
microwave__obj__R,raw,time/subject,mean,0.7714265584945679,0.6216182181273469,0.8952919804182394
microwave__obj__R,raw,time/subject,median,0.8211129903793335,0.5917725419966452,0.9373751972485416
microwave__obj__R,raw,subject/take_same_subject,mean,1.2774581909179688,1.0422782862878615,1.5921420923370098
microwave__obj__R,raw,subject/take_same_subject,median,1.2359505891799927,1.0329329420520004,1.7197834496710798
microwave__obj__R,raw,action/take,mean,1.0949044227600098,0.9873638548176117,1.2320308042507209
microwave__obj__R,raw,action/take,median,1.1103037595748901,0.984786857587398,1.2847358025945819
microwave__obj__R,raw,time/floor,mean,3.804164171218872,2.7627122124104946,5.486579645193991
microwave__obj__R,raw,time/floor,median,9.214496612548828,5.502595938969359,15.391666822836712
microwave__obj__R,raw_L1,time/take,mean,0.7167174816131592,0.5685248445515305,0.8481016128475908
microwave__obj__R,raw_L1,time/take,median,0.7305886149406433,0.5059029167437281,0.8695227183240757
microwave__obj__R,raw_L1,time/subject,mean,0.6988816261291504,0.550257111501465,0.8331912001468373
microwave__obj__R,raw_L1,time/subject,median,0.7097926139831543,0.48268173940552683,0.8743254962128153
microwave__obj__R,raw_L1,subject/take_same_subject,mean,1.3420205116271973,1.0218093914766149,1.820154612475235
microwave__obj__R,raw_L1,subject/take_same_subject,median,1.2910432815551758,1.0150491161416988,1.9343325542308456
microwave__obj__R,raw_L1,action/take,mean,1.1120524406433105,0.9647419585207013,1.3139259740315734
microwave__obj__R,raw_L1,action/take,median,1.1470471620559692,0.9589641142609663,1.3754035741281043
microwave__obj__R,raw_L1,time/floor,mean,4.3665924072265625,3.0048435551554356,6.616604959188674
microwave__obj__R,raw_L1,time/floor,median,10.08184814453125,6.148403253583549,17.167936542621113
microwave__obj__R,mass_abs,time/take,mean,0.9375731348991394,0.7344304018193303,1.1431174222231733
microwave__obj__R,mass_abs,time/take,median,0.7855646014213562,0.4152215048308637,1.1700248754104912
microwave__obj__R,mass_abs,time/subject,mean,0.891153872013092,0.6792791598156441,1.1179924344832228
microwave__obj__R,mass_abs,time/subject,median,0.7285469174385071,0.35964219277976445,1.1613013711445828
microwave__obj__R,mass_abs,subject/take_same_subject,mean,1.4418065547943115,1.0430119669858233,2.045272995964275
microwave__obj__R,mass_abs,subject/take_same_subject,median,1.7292124032974243,0.9473601523391868,2.818024573253967
microwave__obj__R,mass_abs,action/take,mean,0.9397231936454773,0.8619837918478259,1.034140778035692
microwave__obj__R,mass_abs,action/take,median,0.9101752042770386,0.8026864498520587,1.0705224629224452
microwave__obj__R,mass_abs,time/floor,mean,4.339926719665527,2.7001606362506663,7.0952469501289634
microwave__obj__R,mass_abs,time/floor,median,14.96191120147705,7.145999909919467,25.582081750118483
microwave__obj__R,mass_log,time/take,mean,1.50224769115448,1.2043871831121005,1.8591220030765907
microwave__obj__R,mass_log,time/take,median,1.1852459907531738,0.520933035108761,1.8325570030245042
microwave__obj__R,mass_log,time/subject,mean,1.4293692111968994,1.113135854903285,1.821735518120049
microwave__obj__R,mass_log,time/subject,median,1.0929878950119019,0.45297466336357756,1.779122879960435
microwave__obj__R,mass_log,subject/take_same_subject,mean,1.4606388807296753,1.0606026676424987,2.066470289486519
microwave__obj__R,mass_log,subject/take_same_subject,median,1.8243684768676758,0.9237203331956303,3.5933265933422662
microwave__obj__R,mass_log,action/take,mean,1.0469229221343994,0.879578636289895,1.3110682096975665
microwave__obj__R,mass_log,action/take,median,0.8651162981987,0.7171977772430173,1.1419966068494545
microwave__obj__R,mass_log,time/floor,mean,4.36101770401001,2.7407173029641476,7.773277902597289
microwave__obj__R,mass_log,time/floor,median,25.857789993286133,8.75243563093581,45.41044864078247
microwave__obj__R,pattern_L2,time/take,mean,0.7383322715759277,0.5331683429971611,0.9338942103955036
microwave__obj__R,pattern_L2,time/take,median,0.713890016078949,0.366874500074783,0.9635815643569358
microwave__obj__R,pattern_L2,time/subject,mean,0.7146064043045044,0.5203028479078005,0.9159478506775812
microwave__obj__R,pattern_L2,time/subject,median,0.705377995967865,0.3627306372812064,0.949126989343611
microwave__obj__R,pattern_L2,subject/take_same_subject,mean,1.3771090507507324,1.0371465749541375,1.8473163779447088
microwave__obj__R,pattern_L2,subject/take_same_subject,median,1.5903360843658447,1.0328424225961577,2.210445309436739
microwave__obj__R,pattern_L2,action/take,mean,1.0693130493164062,0.9554432692335353,1.229474100740385
microwave__obj__R,pattern_L2,action/take,median,1.0399736166000366,0.9688590401273418,1.1809228476903302
microwave__obj__R,pattern_L2,time/floor,mean,3.972109079360962,2.628306882580853,6.026086986650234
microwave__obj__R,pattern_L2,time/floor,median,10.182167053222656,4.748614524414436,17.168110387143685
microwave__obj__R,pattern_L1,time/take,mean,0.6999754309654236,0.49437957063000465,0.8886294502036967
microwave__obj__R,pattern_L1,time/take,median,0.5794312953948975,0.2709936507069649,0.8652776323857893
microwave__obj__R,pattern_L1,time/subject,mean,0.6798516511917114,0.4756203860722393,0.8770660177528151
microwave__obj__R,pattern_L1,time/subject,median,0.5662699937820435,0.26883741927216503,0.858248656776648
microwave__obj__R,pattern_L1,subject/take_same_subject,mean,1.4334803819656372,1.1004726210514246,1.91268441091699
microwave__obj__R,pattern_L1,subject/take_same_subject,median,1.818991780281067,1.033638293078397,2.5622748248201
microwave__obj__R,pattern_L1,action/take,mean,1.1230792999267578,0.9828800177770161,1.3203629773230001
microwave__obj__R,pattern_L1,action/take,median,1.1060993671417236,0.9829633249387244,1.4404606372663944
microwave__obj__R,pattern_L1,time/floor,mean,4.744746685028076,3.076857694599333,7.325019884616483
microwave__obj__R,pattern_L1,time/floor,median,11.09146499633789,5.042604781154815,20.433282091233647
microwave__obj__R,pattern_cos,time/take,mean,0.6445099115371704,0.40514242751998325,0.8872840540390496
microwave__obj__R,pattern_cos,time/take,median,0.44921180605888367,0.11059440764766787,0.8722134940368435
microwave__obj__R,pattern_cos,time/subject,mean,0.6199924945831299,0.39215808113504275,0.8644867619762057
microwave__obj__R,pattern_cos,time/subject,median,0.4334368109703064,0.10963404629330548,0.8652912944019625
microwave__obj__R,pattern_cos,subject/take_same_subject,mean,1.65407395362854,1.1345058535866979,2.517960740404858
microwave__obj__R,pattern_cos,subject/take_same_subject,median,2.533430337905884,1.1010007057989724,5.197292888354107
microwave__obj__R,pattern_cos,action/take,mean,1.1682196855545044,0.9815618152655566,1.462180435056496
microwave__obj__R,pattern_cos,action/take,median,1.1695988178253174,0.9808649599096593,1.7067908454808753
microwave__obj__R,pattern_cos,time/floor,mean,8.436163902282715,4.377910607851091,15.764256321553482
microwave__obj__R,pattern_cos,time/floor,median,94.58440399169922,19.52144532510338,307.86276802586883
microwave__obj__R,centroid,time/take,mean,0.6316842347292887,0.41828160651303115,0.8353321041788005
microwave__obj__R,centroid,time/take,median,0.4769314666056614,0.1776006841841463,0.8167778301956312
microwave__obj__R,centroid,time/subject,mean,0.6101482212028582,0.40030107430226336,0.8138690008722094
microwave__obj__R,centroid,time/subject,median,0.46580083192221333,0.16934679901753552,0.8088578985621243
microwave__obj__R,centroid,subject/take_same_subject,mean,1.525056528336798,1.1310799429966305,2.099221836805003
microwave__obj__R,centroid,subject/take_same_subject,median,1.8704266300693981,1.1111708595778764,3.0391084382044085
microwave__obj__R,centroid,action/take,mean,1.146904835662724,0.9736195343299519,1.4103524854567895
microwave__obj__R,centroid,action/take,median,1.155643459054261,0.9506003706813564,1.5703441217368395
microwave__obj__R,centroid,time/floor,mean,6.492094580252248,3.912021545730425,10.747054497547392
microwave__obj__R,centroid,time/floor,median,15.938152631712647,5.065689510727102,31.076184475984114
mixer__obj__L,raw,time/take,mean,0.9067235589027405,0.8002617864758493,1.013366411650639
mixer__obj__L,raw,time/take,median,0.906991720199585,0.8015261153502945,1.026972915895001
mixer__obj__L,raw,time/subject,mean,0.9010087251663208,0.7975462038106842,1.013432192727555
mixer__obj__L,raw,time/subject,median,0.9016051292419434,0.8046966494642754,1.0235743596876368
mixer__obj__L,raw,subject/take_same_subject,mean,1.0598329305648804,0.9229685835251583,1.3269177820252365
mixer__obj__L,raw,subject/take_same_subject,median,1.0362637042999268,0.8401435939572351,1.531250092024661
mixer__obj__L,raw,action/take,mean,0.982850968837738,0.9285300253741531,1.0431155085134582
mixer__obj__L,raw,action/take,median,0.9687944650650024,0.9081596441821111,1.0233525073346403
mixer__obj__L,raw,time/floor,mean,3.461188554763794,2.657823234471325,4.372206333205835
mixer__obj__L,raw,time/floor,median,5.871569633483887,4.2351022127642075,7.8567936658707715
mixer__obj__L,raw_L1,time/take,mean,0.8838515877723694,0.7546928332269341,1.024737111199753
mixer__obj__L,raw_L1,time/take,median,0.8559848070144653,0.7059457316697604,1.0263418089856906
mixer__obj__L,raw_L1,time/subject,mean,0.8799998164176941,0.7555377787484626,1.0262216007243143
mixer__obj__L,raw_L1,time/subject,median,0.8516706228256226,0.7135216377111275,1.0334089130298818
mixer__obj__L,raw_L1,subject/take_same_subject,mean,1.04640531539917,0.8781464456320806,1.3903131217525218
mixer__obj__L,raw_L1,subject/take_same_subject,median,1.0667195320129395,0.7748909702464218,1.7919583646520902
mixer__obj__L,raw_L1,action/take,mean,0.980292797088623,0.9015727812766338,1.0625250420765955
mixer__obj__L,raw_L1,action/take,median,0.9857345223426819,0.8873588104988018,1.0717103297698338
mixer__obj__L,raw_L1,time/floor,mean,4.241698741912842,3.108634181539858,5.61236706530311
mixer__obj__L,raw_L1,time/floor,median,7.344560146331787,5.31021367085022,10.417922275066699
mixer__obj__L,mass_abs,time/take,mean,1.1159782409667969,0.9467375359313381,1.3054389709231091
mixer__obj__L,mass_abs,time/take,median,1.1033047437667847,0.8481692968249079,1.3942184275562401
mixer__obj__L,mass_abs,time/subject,mean,1.0912941694259644,0.9326554488571609,1.2598068832944995
mixer__obj__L,mass_abs,time/subject,median,1.0323492288589478,0.8086234749904668,1.3183787383338816
mixer__obj__L,mass_abs,subject/take_same_subject,mean,1.1030819416046143,0.9382660349357945,1.3938431715117883
mixer__obj__L,mass_abs,subject/take_same_subject,median,1.2399470806121826,0.9154784037555631,1.9457502945615417
mixer__obj__L,mass_abs,action/take,mean,1.1223578453063965,1.0392798053356878,1.2122784522102592
mixer__obj__L,mass_abs,action/take,median,1.124671459197998,0.9639601124441723,1.2559535935889805
mixer__obj__L,mass_abs,time/floor,mean,3.465380907058716,2.186477266116693,5.251256526622168
mixer__obj__L,mass_abs,time/floor,median,9.886114120483398,4.160127706469921,15.859851437419099
mixer__obj__L,mass_log,time/take,mean,1.5318896770477295,1.2612289724244934,1.800275655446479
mixer__obj__L,mass_log,time/take,median,1.2855850458145142,1.007625171781345,1.6436443517852835
mixer__obj__L,mass_log,time/subject,mean,1.5273127555847168,1.2253386420348273,1.8404072017484396
mixer__obj__L,mass_log,time/subject,median,1.2424812316894531,0.9650575152034006,1.5953203249922898
mixer__obj__L,mass_log,subject/take_same_subject,mean,1.1644930839538574,1.0223601652944905,1.379111202021695
mixer__obj__L,mass_log,subject/take_same_subject,median,1.2943743467330933,0.88957624187129,2.0733856548407372
mixer__obj__L,mass_log,action/take,mean,1.3019545078277588,1.0925250807393885,1.537402239331497
mixer__obj__L,mass_log,action/take,median,1.2007625102996826,0.9689361163272061,1.4419938081515131
mixer__obj__L,mass_log,time/floor,mean,3.426238536834717,1.9093662659326651,5.975956135520561
mixer__obj__L,mass_log,time/floor,median,11.575425148010254,4.873206626330628,19.35763751053763
mixer__obj__L,pattern_L2,time/take,mean,0.9092727899551392,0.727708861456007,1.0525390047136218
mixer__obj__L,pattern_L2,time/take,median,0.9333277344703674,0.6704724882193939,1.0949110168809613
mixer__obj__L,pattern_L2,time/subject,mean,0.8998158574104309,0.7280494644041711,1.0486947792094359
mixer__obj__L,pattern_L2,time/subject,median,0.9218416810035706,0.6680356593831891,1.0715873131019564
mixer__obj__L,pattern_L2,subject/take_same_subject,mean,1.1636635065078735,1.005826326841006,1.4522717459776953
mixer__obj__L,pattern_L2,subject/take_same_subject,median,1.1259973049163818,0.9748867812163977,1.7285731051966209
mixer__obj__L,pattern_L2,action/take,mean,0.9629538059234619,0.8769877180830914,1.0539383866479852
mixer__obj__L,pattern_L2,action/take,median,0.9445507526397705,0.8820572721946749,1.0177211102741102
mixer__obj__L,pattern_L2,time/floor,mean,3.71960711479187,2.937296296696302,5.3014294965168585
mixer__obj__L,pattern_L2,time/floor,median,7.3615946769714355,4.884892871853844,9.820456398622282
mixer__obj__L,pattern_L1,time/take,mean,0.9125088453292847,0.7113355422687279,1.0766376136369868
mixer__obj__L,pattern_L1,time/take,median,0.932074248790741,0.5385390898875628,1.0677309690073444
mixer__obj__L,pattern_L1,time/subject,mean,0.9045345187187195,0.7100478000254413,1.0606387541491422
mixer__obj__L,pattern_L1,time/subject,median,0.9304481744766235,0.5480200341090622,1.0555827420955037
mixer__obj__L,pattern_L1,subject/take_same_subject,mean,1.1517456769943237,0.9775695928333338,1.4808262652252155
mixer__obj__L,pattern_L1,subject/take_same_subject,median,1.0800052881240845,0.9593799763139438,2.3863184655897416
mixer__obj__L,pattern_L1,action/take,mean,0.9762353301048279,0.9047725750071441,1.0380104999189665
mixer__obj__L,pattern_L1,action/take,median,0.9361306428909302,0.8753425643087894,0.9879542008825284
mixer__obj__L,pattern_L1,time/floor,mean,4.4185333251953125,3.2536594649960886,6.424386273466397
mixer__obj__L,pattern_L1,time/floor,median,11.016302108764648,6.192934009658322,15.084983619986122
mixer__obj__L,pattern_cos,time/take,mean,0.9046444892883301,0.6626222953359944,1.1020460164034733
mixer__obj__L,pattern_cos,time/take,median,0.9514382481575012,0.4361524535628804,1.055644974632199
mixer__obj__L,pattern_cos,time/subject,mean,0.8949135541915894,0.6633071136408905,1.0837106888908217
mixer__obj__L,pattern_cos,time/subject,median,0.949679970741272,0.4401301443002262,1.0480374215096757
mixer__obj__L,pattern_cos,subject/take_same_subject,mean,1.1883594989776611,0.9739419081946729,1.6320835097456379
mixer__obj__L,pattern_cos,subject/take_same_subject,median,1.1026482582092285,0.9662464380700415,3.7610778051160443
mixer__obj__L,pattern_cos,action/take,mean,0.9857163429260254,0.89471191280315,1.063205656714152
mixer__obj__L,pattern_cos,action/take,median,0.9357957243919373,0.8695434701706033,0.9962049370964835
mixer__obj__L,pattern_cos,time/floor,mean,6.936779499053955,4.36287886500237,13.058939922020496
mixer__obj__L,pattern_cos,time/floor,median,69.53705596923828,23.657355451211842,124.58624978417026
mixer__obj__L,centroid,time/take,mean,0.8986496611259137,0.6659431008706119,1.1288745622338103
mixer__obj__L,centroid,time/take,median,0.8126446553410429,0.36897095682692965,1.1950138335351592
mixer__obj__L,centroid,time/subject,mean,0.8890244162863072,0.6700026133426235,1.1030546731630109
mixer__obj__L,centroid,time/subject,median,0.8048207301004592,0.36706073754171925,1.1508871005169574
mixer__obj__L,centroid,subject/take_same_subject,mean,1.162696489221615,0.9393791612152731,1.5806033958287333
mixer__obj__L,centroid,subject/take_same_subject,median,1.18129649439911,0.9197179127151747,3.8383376627909596
mixer__obj__L,centroid,action/take,mean,0.9069533742071205,0.8255250199014222,0.9902306154778372
mixer__obj__L,centroid,action/take,median,0.8812635297201769,0.7450586205895108,0.9965818004570535
mixer__obj__L,centroid,time/floor,mean,6.424373108938584,4.064779768519368,11.264830562627198
mixer__obj__L,centroid,time/floor,median,21.983216718856394,9.26640389269971,37.97408052885885
mixer__obj__R,raw,time/take,mean,0.8992199301719666,0.7395371120196411,1.0449133640180135
mixer__obj__R,raw,time/take,median,0.9109002351760864,0.6857595914785946,1.0938731697838255
mixer__obj__R,raw,time/subject,mean,0.8981016874313354,0.7412437610805279,1.0374724521595835
mixer__obj__R,raw,time/subject,median,0.906303882598877,0.6923780231959635,1.075294806085508
mixer__obj__R,raw,subject/take_same_subject,mean,1.054709792137146,0.9559949038060959,1.2482161510199898
mixer__obj__R,raw,subject/take_same_subject,median,1.067723274230957,0.9168859386548802,1.5202906584499676
mixer__obj__R,raw,action/take,mean,1.0373512506484985,0.9465229940893491,1.1191451370410241
mixer__obj__R,raw,action/take,median,1.0590440034866333,0.9594431964682532,1.1612096721106229
mixer__obj__R,raw,time/floor,mean,2.8286402225494385,2.148326622035883,3.7581133951579
mixer__obj__R,raw,time/floor,median,4.996984004974365,3.2520790227245513,7.670430887760029
mixer__obj__R,raw_L1,time/take,mean,0.8814123272895813,0.6774363049245472,1.0685570720103064
mixer__obj__R,raw_L1,time/take,median,0.8732272982597351,0.4931078988911976,1.1477788149729296
mixer__obj__R,raw_L1,time/subject,mean,0.8810991644859314,0.6820290460358223,1.0557049540742682
mixer__obj__R,raw_L1,time/subject,median,0.8741875886917114,0.49111105846024716,1.1116923451950997
mixer__obj__R,raw_L1,subject/take_same_subject,mean,1.0637911558151245,0.9232065322333327,1.3348397285043354
mixer__obj__R,raw_L1,subject/take_same_subject,median,1.1183708906173706,0.8662278775385756,1.875841165497516
mixer__obj__R,raw_L1,action/take,mean,1.0621780157089233,0.9216978803317559,1.1976495837809609
mixer__obj__R,raw_L1,action/take,median,1.1444990634918213,0.9332172037612678,1.3540534715753958
mixer__obj__R,raw_L1,time/floor,mean,3.278571605682373,2.290417859084188,4.644911384873236
mixer__obj__R,raw_L1,time/floor,median,6.503175735473633,3.6369239718727946,10.970784128807233
mixer__obj__R,mass_abs,time/take,mean,1.1687321662902832,0.911064164737942,1.4217247246110467
mixer__obj__R,mass_abs,time/take,median,1.1013940572738647,0.8554598689109983,1.5691198574287857
mixer__obj__R,mass_abs,time/subject,mean,1.1589264869689941,0.9091174084164436,1.3829468012273822
mixer__obj__R,mass_abs,time/subject,median,1.0730993747711182,0.854104274830657,1.4778774508299268
mixer__obj__R,mass_abs,subject/take_same_subject,mean,0.9969375729560852,0.8183104280385921,1.3497735188862947
mixer__obj__R,mass_abs,subject/take_same_subject,median,1.0255402326583862,0.7432841569258017,1.6888389486908648
mixer__obj__R,mass_abs,action/take,mean,1.1084444522857666,0.9885834505913939,1.278424596281648
mixer__obj__R,mass_abs,action/take,median,1.1365083456039429,0.9593856665819852,1.4049930229173706
mixer__obj__R,mass_abs,time/floor,mean,2.7491562366485596,2.024621510355645,3.986855014230682
mixer__obj__R,mass_abs,time/floor,median,9.091180801391602,4.924669542317443,14.373416956548198
mixer__obj__R,mass_log,time/take,mean,1.6375536918640137,1.3113438860143947,1.9550015245304468
mixer__obj__R,mass_log,time/take,median,1.4384825229644775,0.9012734975834712,1.8502295733054666
mixer__obj__R,mass_log,time/subject,mean,1.6507525444030762,1.3197842111013436,1.9879658401121925
mixer__obj__R,mass_log,time/subject,median,1.4526270627975464,0.9685977909950944,1.8154518229565468
mixer__obj__R,mass_log,subject/take_same_subject,mean,1.0036412477493286,0.8330281160287214,1.290956055514353
mixer__obj__R,mass_log,subject/take_same_subject,median,0.9254321455955505,0.6750728453578665,1.692462301659612
mixer__obj__R,mass_log,action/take,mean,1.2723668813705444,1.0575962190385366,1.5971342074929693
mixer__obj__R,mass_log,action/take,median,1.1665185689926147,0.9918616841726849,1.3807131792097547
mixer__obj__R,mass_log,time/floor,mean,2.623420000076294,1.8480563878405174,3.9709970653565403
mixer__obj__R,mass_log,time/floor,median,11.633089065551758,5.821906676476889,28.360248073738028
mixer__obj__R,pattern_L2,time/take,mean,0.8598775267601013,0.6820902168628323,1.0201627000138596
mixer__obj__R,pattern_L2,time/take,median,0.8792328238487244,0.6007435921605361,1.0752637252374277
mixer__obj__R,pattern_L2,time/subject,mean,0.8503873944282532,0.6707494803205561,1.008748384533921
mixer__obj__R,pattern_L2,time/subject,median,0.8678966164588928,0.5762791772226693,1.05516790391584
mixer__obj__R,pattern_L2,subject/take_same_subject,mean,1.0691802501678467,0.9350806655049722,1.3144454549585858
mixer__obj__R,pattern_L2,subject/take_same_subject,median,1.0495556592941284,0.8768828458627143,1.4043860083552995
mixer__obj__R,pattern_L2,action/take,mean,1.0135815143585205,0.9583946468277027,1.1048053417936259
mixer__obj__R,pattern_L2,action/take,median,1.0046576261520386,0.9353454642157623,1.1047072243282354
mixer__obj__R,pattern_L2,time/floor,mean,3.306978464126587,2.247679238614971,4.82275608711897
mixer__obj__R,pattern_L2,time/floor,median,6.607702255249023,4.212213054347168,9.838706686219515
mixer__obj__R,pattern_L1,time/take,mean,0.8653778433799744,0.6615584501287605,1.0551508312396762
mixer__obj__R,pattern_L1,time/take,median,0.8519293665885925,0.40312160315709195,1.0910390720633827
mixer__obj__R,pattern_L1,time/subject,mean,0.8588129281997681,0.65037650371832,1.0341783168080096
mixer__obj__R,pattern_L1,time/subject,median,0.8427901268005371,0.3996958402824116,1.0603795246960646
mixer__obj__R,pattern_L1,subject/take_same_subject,mean,1.0941616296768188,0.9528825927822389,1.3821173366733681
mixer__obj__R,pattern_L1,subject/take_same_subject,median,1.0874650478363037,0.9070109370210847,2.1231244001125362
mixer__obj__R,pattern_L1,action/take,mean,1.062670350074768,0.9989775582237146,1.13351294108738
mixer__obj__R,pattern_L1,action/take,median,0.9912769794464111,0.9366246537839797,1.0741437195899541
mixer__obj__R,pattern_L1,time/floor,mean,3.6728899478912354,2.394300968783969,5.64808832128577
mixer__obj__R,pattern_L1,time/floor,median,9.03660774230957,4.477126344739153,13.7326197403673
mixer__obj__R,pattern_cos,time/take,mean,0.8441784977912903,0.5824325114514096,1.07343459374499
mixer__obj__R,pattern_cos,time/take,median,0.8162121772766113,0.24796923005503202,1.063706800018028
mixer__obj__R,pattern_cos,time/subject,mean,0.8360745906829834,0.5791328459071208,1.0447157949181776
mixer__obj__R,pattern_cos,time/subject,median,0.810087263584137,0.2403021620685977,1.0471750437581226
mixer__obj__R,pattern_cos,subject/take_same_subject,mean,1.1256103515625,0.9495104794910577,1.4930629324240954
mixer__obj__R,pattern_cos,subject/take_same_subject,median,1.0966355800628662,0.9245402296214172,2.9031529401604432
mixer__obj__R,pattern_cos,action/take,mean,1.092477798461914,1.0110015768380773,1.187467606845563
mixer__obj__R,pattern_cos,action/take,median,0.9910102486610413,0.9405118329837073,1.0757052602957082
mixer__obj__R,pattern_cos,time/floor,mean,5.170778274536133,2.898520757874309,9.854073981472672
mixer__obj__R,pattern_cos,time/floor,median,50.609004974365234,14.000958074122282,112.23802559066297
mixer__obj__R,centroid,time/take,mean,0.840343315812315,0.5732192428194303,1.1125144005656662
mixer__obj__R,centroid,time/take,median,0.7325430059002714,0.25875395025501263,1.2852815017939148
mixer__obj__R,centroid,time/subject,mean,0.8305318203905843,0.5728612924496831,1.0899354750161179
mixer__obj__R,centroid,time/subject,median,0.712424028039989,0.24702871758169342,1.2144629474462556
mixer__obj__R,centroid,subject/take_same_subject,mean,1.1026713321760504,0.8823739598597106,1.5598421927624473
mixer__obj__R,centroid,subject/take_same_subject,median,1.1945999708183006,0.7560246113749258,3.839319564438103
mixer__obj__R,centroid,action/take,mean,1.0392349089072395,0.9519627267288974,1.1592824830967832
mixer__obj__R,centroid,action/take,median,1.017900206534944,0.8856001890197438,1.2192117126609197
mixer__obj__R,centroid,time/floor,mean,4.962966742982044,2.8791464126453916,8.988848058786532
mixer__obj__R,centroid,time/floor,median,18.972418638780283,6.8946944564921235,35.98841098919894
notebook__obj__L,raw,time/take,mean,0.930939257144928,0.8135449803517781,1.020293485342334
notebook__obj__L,raw,time/take,median,0.950672447681427,0.7722955434135874,1.0597588675554894
notebook__obj__L,raw,time/subject,mean,0.9162445664405823,0.8027507015233796,1.0071069461129085
notebook__obj__L,raw,time/subject,median,0.9353631734848022,0.7626399091243925,1.044859773664029
notebook__obj__L,raw,subject/take_same_subject,mean,1.129560947418213,1.024756885072736,1.3222772861068544
notebook__obj__L,raw,subject/take_same_subject,median,1.1558969020843506,1.0144063147454259,1.3551837261920663
notebook__obj__L,raw,action/take,mean,1.0252023935317993,0.9435875818344692,1.1548151184315956
notebook__obj__L,raw,action/take,median,1.03274405002594,0.9482601787907774,1.1644514640288408
notebook__obj__L,raw,time/floor,mean,2.201136827468872,1.838383374575225,2.7350583157706545
notebook__obj__L,raw,time/floor,median,3.125675916671753,2.2155815562409873,5.274394819135578
notebook__obj__L,raw_L1,time/take,mean,0.8982317447662354,0.7765530599114684,1.014670264329593
notebook__obj__L,raw_L1,time/take,median,0.8938230872154236,0.6989975235137015,1.0583171873011465
notebook__obj__L,raw_L1,time/subject,mean,0.8864879608154297,0.7553198579143046,1.0006591622976488
notebook__obj__L,raw_L1,time/subject,median,0.8824954628944397,0.6831538357587734,1.043760403557724
notebook__obj__L,raw_L1,subject/take_same_subject,mean,1.12759530544281,0.9935183730446829,1.3777158298904248
notebook__obj__L,raw_L1,subject/take_same_subject,median,1.1811871528625488,0.9986626906010804,1.4951850761252028
notebook__obj__L,raw_L1,action/take,mean,0.9936756491661072,0.8879263464351942,1.1540578969830753
notebook__obj__L,raw_L1,action/take,median,0.9888390898704529,0.8677858428914951,1.1733682899573854
notebook__obj__L,raw_L1,time/floor,mean,2.443194627761841,1.9794118693841467,3.1035688068111718
notebook__obj__L,raw_L1,time/floor,median,3.8297133445739746,2.4577972745717167,7.150609133631606
notebook__obj__L,mass_abs,time/take,mean,1.115491509437561,0.9580478376443337,1.2761933581276932
notebook__obj__L,mass_abs,time/take,median,1.0529334545135498,0.8522552900714057,1.3482022525927182
notebook__obj__L,mass_abs,time/subject,mean,1.0898433923721313,0.9133106355587988,1.2594248750424129
notebook__obj__L,mass_abs,time/subject,median,1.068028450012207,0.8341455941057765,1.3581904834812355
notebook__obj__L,mass_abs,subject/take_same_subject,mean,1.1174052953720093,0.9612222501235097,1.3259569510794036
notebook__obj__L,mass_abs,subject/take_same_subject,median,1.1550530195236206,0.9424760337049066,1.5478095016537734
notebook__obj__L,mass_abs,action/take,mean,1.082062005996704,0.9624469317542762,1.2227552915413737
notebook__obj__L,mass_abs,action/take,median,1.0597312450408936,0.9232891192067113,1.2490041045446438
notebook__obj__L,mass_abs,time/floor,mean,2.248133659362793,1.696760607684911,3.023678929368772
notebook__obj__L,mass_abs,time/floor,median,4.658281326293945,1.9465263570128148,10.481619791792411
notebook__obj__L,mass_log,time/take,mean,1.6910375356674194,1.3630709040600602,2.0871759377343655
notebook__obj__L,mass_log,time/take,median,1.4996278285980225,1.0125107747902529,1.9257729622464719
notebook__obj__L,mass_log,time/subject,mean,1.5972051620483398,1.2756036626833187,2.0164034681410787
notebook__obj__L,mass_log,time/subject,median,1.4321955442428589,0.9253890155742466,1.9005876636407226
notebook__obj__L,mass_log,subject/take_same_subject,mean,1.1329237222671509,0.9796981335905436,1.380728043186775
notebook__obj__L,mass_log,subject/take_same_subject,median,1.1237289905548096,0.910744838115422,1.458693701536651
notebook__obj__L,mass_log,action/take,mean,1.6447869539260864,1.2199636896718764,2.1857140360059573
notebook__obj__L,mass_log,action/take,median,1.4137240648269653,1.1069934170326203,2.0143830751450253
notebook__obj__L,mass_log,time/floor,mean,2.405790328979492,1.689593596899369,3.749000416342637
notebook__obj__L,mass_log,time/floor,median,4.484546661376953,2.141509124277035,13.001691255377457
notebook__obj__L,pattern_L2,time/take,mean,0.9557586312294006,0.8134190379153821,1.0776437536207404
notebook__obj__L,pattern_L2,time/take,median,0.9384533166885376,0.7652604743537648,1.1217620546146267
notebook__obj__L,pattern_L2,time/subject,mean,0.94688481092453,0.795386134657661,1.069549054350581
notebook__obj__L,pattern_L2,time/subject,median,0.9144931435585022,0.7369967321737858,1.10105067918029
notebook__obj__L,pattern_L2,subject/take_same_subject,mean,1.1055684089660645,0.977055826618985,1.3534151518771709
notebook__obj__L,pattern_L2,subject/take_same_subject,median,1.109174370765686,0.9561740608601553,1.4446400293514632
notebook__obj__L,pattern_L2,action/take,mean,1.1302926540374756,1.0088643469524388,1.277914991208166
notebook__obj__L,pattern_L2,action/take,median,1.1972651481628418,1.0140913272222352,1.3766499232799891
notebook__obj__L,pattern_L2,time/floor,mean,2.268024444580078,1.841843802481695,2.8100759863614075
notebook__obj__L,pattern_L2,time/floor,median,3.2045340538024902,2.1897614791446895,5.042156042744665
notebook__obj__L,pattern_L1,time/take,mean,0.9269461631774902,0.7651287553749271,1.0491662821108925
notebook__obj__L,pattern_L1,time/take,median,0.9195529818534851,0.692019707683331,1.0993361800620807
notebook__obj__L,pattern_L1,time/subject,mean,0.9203780889511108,0.74805097145341,1.05156934714753
notebook__obj__L,pattern_L1,time/subject,median,0.900679349899292,0.6505500654484415,1.0886314709313258
notebook__obj__L,pattern_L1,subject/take_same_subject,mean,1.107640027999878,0.9941860219476607,1.3607210219236747
notebook__obj__L,pattern_L1,subject/take_same_subject,median,1.127985954284668,0.9572290633923577,1.5348629206529254
notebook__obj__L,pattern_L1,action/take,mean,1.1083712577819824,0.9529161276840701,1.2907109044232685
notebook__obj__L,pattern_L1,action/take,median,1.1710487604141235,0.9256289227104372,1.399633574213868
notebook__obj__L,pattern_L1,time/floor,mean,2.4708592891693115,1.9565571991477908,3.0986719334225854
notebook__obj__L,pattern_L1,time/floor,median,3.9808120727539062,2.5847705494592152,6.913523422893454
notebook__obj__L,pattern_cos,time/take,mean,0.9020649790763855,0.6875261280356528,1.0730231994038606
notebook__obj__L,pattern_cos,time/take,median,0.8509166240692139,0.5401988314717168,1.1463756641816827
notebook__obj__L,pattern_cos,time/subject,mean,0.8909082412719727,0.6725699132793838,1.0753426420075263
notebook__obj__L,pattern_cos,time/subject,median,0.8234657645225525,0.48866159815947385,1.1398549575669568
notebook__obj__L,pattern_cos,subject/take_same_subject,mean,1.147114634513855,0.990742380206472,1.4721723611492754
notebook__obj__L,pattern_cos,subject/take_same_subject,median,1.2159569263458252,0.9516023471424362,2.0610721457936374
notebook__obj__L,pattern_cos,action/take,mean,1.1498098373413086,0.9295903283626108,1.4006244173231759
notebook__obj__L,pattern_cos,action/take,median,1.286738634109497,0.8629021296418912,1.6762283747126339
notebook__obj__L,pattern_cos,time/floor,mean,3.255080461502075,2.318020047079543,4.671356435105445
notebook__obj__L,pattern_cos,time/floor,median,11.65613079071045,4.959577866117072,25.007603205786186
notebook__obj__L,centroid,time/take,mean,0.9532943367677198,0.7322659697721096,1.1375587877656625
notebook__obj__L,centroid,time/take,median,0.9235656347648665,0.5348718692940201,1.1751147243544542
notebook__obj__L,centroid,time/subject,mean,0.9494744769979224,0.714036343381666,1.1594478078625636
notebook__obj__L,centroid,time/subject,median,0.8976814473783393,0.48009281678738225,1.1633737742631078
notebook__obj__L,centroid,subject/take_same_subject,mean,1.12414640990695,0.9528878450657071,1.4643258179962255
notebook__obj__L,centroid,subject/take_same_subject,median,1.1891095330794412,0.9281382803501224,2.0046840396293315
notebook__obj__L,centroid,action/take,mean,1.2774181011026473,0.9675497295112201,1.6713751461390414
notebook__obj__L,centroid,action/take,median,1.3029236847419505,0.9235329811585749,1.7406933824545177
notebook__obj__L,centroid,time/floor,mean,3.0918765859026367,2.3174377315017063,4.250637686572128
notebook__obj__L,centroid,time/floor,median,6.015447696338781,3.9275097998074933,10.36064765949523
notebook__obj__R,raw,time/take,mean,0.9050606489181519,0.8170348396003659,0.9829693496091584
notebook__obj__R,raw,time/take,median,0.8735235929489136,0.7449260624094993,0.9985380983061931
notebook__obj__R,raw,time/subject,mean,0.9124877452850342,0.8253816231429077,0.9818696182514044
notebook__obj__R,raw,time/subject,median,0.8783791065216064,0.7472737812886885,0.9947770991111322
notebook__obj__R,raw,subject/take_same_subject,mean,1.08474862575531,0.9813684139841911,1.208024716505166
notebook__obj__R,raw,subject/take_same_subject,median,1.0928889513015747,0.9610554427480896,1.2681861583141683
notebook__obj__R,raw,action/take,mean,1.0955926179885864,1.0496618236019515,1.1629266738667463
notebook__obj__R,raw,action/take,median,1.1155879497528076,1.0530163634498566,1.2169956680548892
notebook__obj__R,raw,time/floor,mean,2.1898176670074463,1.7745064512234527,2.8567608699657026
notebook__obj__R,raw,time/floor,median,2.570064067840576,1.9670369998658335,3.6970722196237467
notebook__obj__R,raw_L1,time/take,mean,0.8621981739997864,0.7598762534749635,0.9648766233383275
notebook__obj__R,raw_L1,time/take,median,0.8184048533439636,0.6599525942465532,0.9361916575800484
notebook__obj__R,raw_L1,time/subject,mean,0.8723431825637817,0.777302475679462,0.962461821054637
notebook__obj__R,raw_L1,time/subject,median,0.8276345729827881,0.6763267260623779,0.9247839075043075
notebook__obj__R,raw_L1,subject/take_same_subject,mean,1.0946629047393799,0.9589186747518688,1.2608989647182447
notebook__obj__R,raw_L1,subject/take_same_subject,median,1.089617133140564,0.9145277091941142,1.3236411571301092
notebook__obj__R,raw_L1,action/take,mean,1.0833674669265747,1.0225816341056406,1.1790710736386736
notebook__obj__R,raw_L1,action/take,median,1.0937482118606567,1.0014738449629945,1.2569393416204375
notebook__obj__R,raw_L1,time/floor,mean,2.3703033924102783,1.7856682465540352,3.2246352570920966
notebook__obj__R,raw_L1,time/floor,median,2.9982821941375732,2.0803984775064,4.435419616881985
notebook__obj__R,mass_abs,time/take,mean,1.005781650543213,0.8243121456973729,1.1919136085459388
notebook__obj__R,mass_abs,time/take,median,0.9709620475769043,0.7383171015115779,1.2602357871487042
notebook__obj__R,mass_abs,time/subject,mean,1.0179344415664673,0.840805479931708,1.1876341992888169
notebook__obj__R,mass_abs,time/subject,median,0.9800707697868347,0.7470362234885288,1.2513582054094123
notebook__obj__R,mass_abs,subject/take_same_subject,mean,1.0229039192199707,0.8224706615779573,1.271091795296439
notebook__obj__R,mass_abs,subject/take_same_subject,median,1.0176078081130981,0.7710273767241014,1.3885214223170645
notebook__obj__R,mass_abs,action/take,mean,0.9353322982788086,0.8431501996254225,1.0242865229990994
notebook__obj__R,mass_abs,action/take,median,0.9479745030403137,0.842793000028438,1.0856504794201034
notebook__obj__R,mass_abs,time/floor,mean,2.5843591690063477,1.7713078071846506,3.9204251830348222
notebook__obj__R,mass_abs,time/floor,median,4.003523349761963,2.062867343081205,7.144914729472279
notebook__obj__R,mass_log,time/take,mean,1.5210143327713013,1.2081696495238585,1.9062951068672234
notebook__obj__R,mass_log,time/take,median,1.082883596420288,0.8391854965236348,1.6047493584597479
notebook__obj__R,mass_log,time/subject,mean,1.5154359340667725,1.2165736914224996,1.841696800480787
notebook__obj__R,mass_log,time/subject,median,1.0835049152374268,0.8519381674557762,1.624087923438894
notebook__obj__R,mass_log,subject/take_same_subject,mean,1.0867260694503784,0.8897783889180038,1.2838587128285466
notebook__obj__R,mass_log,subject/take_same_subject,median,1.1346509456634521,0.7726369407090683,1.543720793993252
notebook__obj__R,mass_log,action/take,mean,1.0654499530792236,0.8818647356408771,1.2412211661558628
notebook__obj__R,mass_log,action/take,median,0.9261646866798401,0.7545540235141408,1.0563377057536696
notebook__obj__R,mass_log,time/floor,mean,3.255882740020752,2.19741861752988,5.213640256895627
notebook__obj__R,mass_log,time/floor,median,4.051412582397461,2.529969352776365,8.077310417452432
notebook__obj__R,pattern_L2,time/take,mean,0.937070369720459,0.8361396391242365,1.0586040207111667
notebook__obj__R,pattern_L2,time/take,median,0.909096896648407,0.7801801154437886,1.051779962223467
notebook__obj__R,pattern_L2,time/subject,mean,0.9408793449401855,0.8460555274489904,1.0604649752207482
notebook__obj__R,pattern_L2,time/subject,median,0.9157082438468933,0.7851017244498157,1.0621434746579348
notebook__obj__R,pattern_L2,subject/take_same_subject,mean,1.1290520429611206,0.9896215112765169,1.3303181508411852
notebook__obj__R,pattern_L2,subject/take_same_subject,median,1.1579594612121582,0.9856619325393827,1.3979007489109039
notebook__obj__R,pattern_L2,action/take,mean,1.0668193101882935,1.0129477643282787,1.1409440580251016
notebook__obj__R,pattern_L2,action/take,median,1.051994800567627,0.988304027785768,1.149028346179936
notebook__obj__R,pattern_L2,time/floor,mean,2.0669968128204346,1.6723587060267706,2.626695128252658
notebook__obj__R,pattern_L2,time/floor,median,2.7941534519195557,2.014284392061805,4.080295431451872
notebook__obj__R,pattern_L1,time/take,mean,0.900385320186615,0.7908793798067117,1.0138489013420875
notebook__obj__R,pattern_L1,time/take,median,0.8740051984786987,0.6951266115554079,1.0290586885086241
notebook__obj__R,pattern_L1,time/subject,mean,0.9080946445465088,0.8056477458565673,1.0337639751283951
notebook__obj__R,pattern_L1,time/subject,median,0.8846678733825684,0.7040129599357668,1.0473199127685775
notebook__obj__R,pattern_L1,subject/take_same_subject,mean,1.1377893686294556,0.9926590662093969,1.332596021319651
notebook__obj__R,pattern_L1,subject/take_same_subject,median,1.1886167526245117,0.981280190252949,1.4053819735810915
notebook__obj__R,pattern_L1,action/take,mean,1.0807185173034668,1.0275215419076018,1.175100815748632
notebook__obj__R,pattern_L1,action/take,median,1.0790458917617798,1.0103739102365576,1.1916950251100087
notebook__obj__R,pattern_L1,time/floor,mean,2.1955249309539795,1.7251734729795276,2.75028817913144
notebook__obj__R,pattern_L1,time/floor,median,2.980912685394287,2.1575520489085616,3.7823016788817054
notebook__obj__R,pattern_cos,time/take,mean,0.8582186102867126,0.7070044929446597,1.0245723969534763
notebook__obj__R,pattern_cos,time/take,median,0.7712236642837524,0.5412727138354297,1.0225751261871414
notebook__obj__R,pattern_cos,time/subject,mean,0.86774742603302,0.7208890935671303,1.0399193828743558
notebook__obj__R,pattern_cos,time/subject,median,0.7762969136238098,0.5529818899413578,1.051759590796379
notebook__obj__R,pattern_cos,subject/take_same_subject,mean,1.219849944114685,0.9935257659964603,1.5418483504397982
notebook__obj__R,pattern_cos,subject/take_same_subject,median,1.3949788808822632,0.9810489842276072,1.8715044651113146
notebook__obj__R,pattern_cos,action/take,mean,1.1138596534729004,1.033663298346401,1.2460659370856098
notebook__obj__R,pattern_cos,action/take,median,1.1550968885421753,1.0126051716656284,1.346766765615905
notebook__obj__R,pattern_cos,time/floor,mean,2.883803367614746,1.9957763413374963,4.2394741475304425
notebook__obj__R,pattern_cos,time/floor,median,7.605514049530029,4.156971912450557,12.266180494131696
notebook__obj__R,centroid,time/take,mean,0.9216313415172536,0.7625368678003427,1.147179092261772
notebook__obj__R,centroid,time/take,median,0.770169241766744,0.564885709389838,1.0577117178882265
notebook__obj__R,centroid,time/subject,mean,0.9332490901629533,0.7686881082405569,1.181630445684668
notebook__obj__R,centroid,time/subject,median,0.7956468471548687,0.5885160762074959,1.0986711830763434
notebook__obj__R,centroid,subject/take_same_subject,mean,1.1660929216909846,0.969198383436917,1.5164617701848562
notebook__obj__R,centroid,subject/take_same_subject,median,1.2267752122108986,0.9270767451076836,1.649267203797384
notebook__obj__R,centroid,action/take,mean,1.1966121854631098,1.0860765279749867,1.3860964146339627
notebook__obj__R,centroid,action/take,median,1.1988999085444798,1.0695939878442373,1.4372822045977505
notebook__obj__R,centroid,time/floor,mean,2.830341591466074,1.9058224088551332,4.044424391510786
notebook__obj__R,centroid,time/floor,median,4.697146983571219,2.726104919328463,8.1374746860036
phone__obj__L,raw,time/take,mean,0.9241679310798645,0.8147193908611093,1.024773302896748
phone__obj__L,raw,time/take,median,0.9195742607116699,0.8290446238988768,1.08437562349843
phone__obj__L,raw,time/subject,mean,0.9255730509757996,0.8190875458395013,1.0336729585990985
phone__obj__L,raw,time/subject,median,0.9194526076316833,0.8250991028517377,1.0881596253110144
phone__obj__L,raw,subject/take_same_subject,mean,1.0621141195297241,0.9939489330416725,1.1340992879721676
phone__obj__L,raw,subject/take_same_subject,median,1.0633841753005981,0.9811435881745593,1.1711216252966927
phone__obj__L,raw,action/take,mean,0.9964161515235901,0.9224260266799447,1.0618709878751436
phone__obj__L,raw,action/take,median,0.9847188591957092,0.9119741163765566,1.044201737720796
phone__obj__L,raw,time/floor,mean,1.943172574043274,1.6257301186053594,2.4403284004514765
phone__obj__L,raw,time/floor,median,2.4017446041107178,1.6607585981302795,4.0043395431197775
phone__obj__L,raw_L1,time/take,mean,0.8993514180183411,0.7823574414823191,1.016644304630778
phone__obj__L,raw_L1,time/take,median,0.8987396955490112,0.7518140027068514,1.0604752590894901
phone__obj__L,raw_L1,time/subject,mean,0.8998368382453918,0.7830751747359681,1.0231196750622504
phone__obj__L,raw_L1,time/subject,median,0.8943794965744019,0.7481940251424545,1.0595085924575889
phone__obj__L,raw_L1,subject/take_same_subject,mean,1.0660456418991089,0.9838116332734189,1.1588096324377741
phone__obj__L,raw_L1,subject/take_same_subject,median,1.079707384109497,0.9617215189010643,1.2141306499815
phone__obj__L,raw_L1,action/take,mean,0.9907369017601013,0.8997607177466248,1.0737675219468388
phone__obj__L,raw_L1,action/take,median,0.965251088142395,0.865600221083023,1.056314890253445
phone__obj__L,raw_L1,time/floor,mean,2.0001254081726074,1.6406907900465728,2.5370567623208315
phone__obj__L,raw_L1,time/floor,median,2.481146812438965,1.8293865794881812,4.223402354198041
phone__obj__L,mass_abs,time/take,mean,0.9323285222053528,0.7975749362633198,1.1125752888279399
phone__obj__L,mass_abs,time/take,median,0.9065515398979187,0.7393873174740581,1.1233119728562846
phone__obj__L,mass_abs,time/subject,mean,0.9454139471054077,0.8153531322436596,1.1284047513642619
phone__obj__L,mass_abs,time/subject,median,0.9297744035720825,0.7673097931152678,1.152274458432817
phone__obj__L,mass_abs,subject/take_same_subject,mean,1.1123334169387817,0.9609929472179183,1.2776171817734343
phone__obj__L,mass_abs,subject/take_same_subject,median,1.1601043939590454,0.9672355991961321,1.3500354361571656
phone__obj__L,mass_abs,action/take,mean,1.0487768650054932,0.9604712075019416,1.162543447879316
phone__obj__L,mass_abs,action/take,median,1.0775210857391357,0.927870325406783,1.2544398690351397
phone__obj__L,mass_abs,time/floor,mean,1.890747308731079,1.5142434633430248,2.505985619804413
phone__obj__L,mass_abs,time/floor,median,3.2113285064697266,1.687716584126939,5.866759534348628
phone__obj__L,mass_log,time/take,mean,1.3284178972244263,1.0233902390993288,1.699276837244694
phone__obj__L,mass_log,time/take,median,1.1292543411254883,0.852916331859315,1.3839325141715972
phone__obj__L,mass_log,time/subject,mean,1.3396059274673462,1.0357734981680038,1.7288189904277675
phone__obj__L,mass_log,time/subject,median,1.1848204135894775,0.913222696688971,1.453198422432234
phone__obj__L,mass_log,subject/take_same_subject,mean,1.148597240447998,0.859757764685572,1.4613340201591278
phone__obj__L,mass_log,subject/take_same_subject,median,1.1773595809936523,0.9654617218678945,1.3932682544541193
phone__obj__L,mass_log,action/take,mean,1.356652855873108,1.0303965329595428,1.8279443404866689
phone__obj__L,mass_log,action/take,median,1.2636510133743286,1.0512979899846662,1.6963670502196522
phone__obj__L,mass_log,time/floor,mean,2.952619791030884,2.0371475212994414,4.556563826710948
phone__obj__L,mass_log,time/floor,median,3.473355531692505,2.0259293899866324,8.684099623479888
phone__obj__L,pattern_L2,time/take,mean,1.0048598051071167,0.8726913859847955,1.162868813437556
phone__obj__L,pattern_L2,time/take,median,0.9657267332077026,0.8613297838119828,1.2639478934851052
phone__obj__L,pattern_L2,time/subject,mean,1.0094656944274902,0.872005179296839,1.1726850394323538
phone__obj__L,pattern_L2,time/subject,median,0.9739189743995667,0.8538294007496298,1.2903658593043932
phone__obj__L,pattern_L2,subject/take_same_subject,mean,1.0844138860702515,0.9906032041965178,1.2081382833163503
phone__obj__L,pattern_L2,subject/take_same_subject,median,1.068878173828125,0.9641678959819928,1.2067789918258316
phone__obj__L,pattern_L2,action/take,mean,1.1107019186019897,1.022387863649646,1.2351972796743416
phone__obj__L,pattern_L2,action/take,median,1.1265398263931274,1.0190748690715412,1.2883349889140887
phone__obj__L,pattern_L2,time/floor,mean,2.2635254859924316,1.8638031812546438,2.892292110347175
phone__obj__L,pattern_L2,time/floor,median,2.6324312686920166,2.0680090382460823,4.049889096746362
phone__obj__L,pattern_L1,time/take,mean,0.9868273735046387,0.8424093652061586,1.1496680341256076
phone__obj__L,pattern_L1,time/take,median,0.9554840922355652,0.807191716356039,1.3154459184983889
phone__obj__L,pattern_L1,time/subject,mean,0.9905664920806885,0.8411992991353054,1.1598954061563493
phone__obj__L,pattern_L1,time/subject,median,0.9632365107536316,0.81003232895039,1.3346947690638458
phone__obj__L,pattern_L1,subject/take_same_subject,mean,1.0807757377624512,1.0005857719457398,1.2075205494848051
phone__obj__L,pattern_L1,subject/take_same_subject,median,1.063011884689331,0.9725523255945187,1.2345864374878412
phone__obj__L,pattern_L1,action/take,mean,1.0956569910049438,1.021684214330407,1.187697807077933
phone__obj__L,pattern_L1,action/take,median,1.1128641366958618,1.0116955608062785,1.2454749675392667
phone__obj__L,pattern_L1,time/floor,mean,2.3528201580047607,1.9158520434981494,3.0970303097294707
phone__obj__L,pattern_L1,time/floor,median,2.743908166885376,2.154142643716872,5.156572789939951
phone__obj__L,pattern_cos,time/take,mean,0.9944349527359009,0.7834256167395137,1.2590733418415447
phone__obj__L,pattern_cos,time/take,median,0.9181910157203674,0.6637575806574201,1.566276058886172
phone__obj__L,pattern_cos,time/subject,mean,1.0001341104507446,0.7762408565007773,1.273447603927955
phone__obj__L,pattern_cos,time/subject,median,0.9256255030632019,0.6653976989178264,1.6511522974198614
phone__obj__L,pattern_cos,subject/take_same_subject,mean,1.117204189300537,0.9836663986121966,1.3369034242929887
phone__obj__L,pattern_cos,subject/take_same_subject,median,1.108920693397522,0.9268676466326417,1.4796592817364054
phone__obj__L,pattern_cos,action/take,mean,1.1236892938613892,1.022200512339598,1.2589408019957589
phone__obj__L,pattern_cos,action/take,median,1.1402102708816528,0.9720795634609827,1.3559298880636714
phone__obj__L,pattern_cos,time/floor,mean,3.509126901626587,2.4243723842973863,5.439604492168547
phone__obj__L,pattern_cos,time/floor,median,6.934394359588623,3.9007795930711837,18.90019102111767
phone__obj__L,centroid,time/take,mean,0.9736170479450659,0.8134800214232485,1.2296009522254572
phone__obj__L,centroid,time/take,median,0.8934062353170983,0.7543786259032301,1.0925773631970632
phone__obj__L,centroid,time/subject,mean,0.9836124825627264,0.8187234376426796,1.2347873854071398
phone__obj__L,centroid,time/subject,median,0.9127536809638865,0.7722492483338375,1.1292860604434698
phone__obj__L,centroid,subject/take_same_subject,mean,1.033360932203921,0.952196834615114,1.1733809446570111
phone__obj__L,centroid,subject/take_same_subject,median,1.0722779473302386,0.9731115204409374,1.2131524503447833
phone__obj__L,centroid,action/take,mean,1.1905386837507255,0.9796833958854826,1.3736311188936425
phone__obj__L,centroid,action/take,median,1.2361407411542569,0.9810086614709945,1.504355816779416
phone__obj__L,centroid,time/floor,mean,2.2407405256810446,1.7033552438273147,3.2325072133767607
phone__obj__L,centroid,time/floor,median,2.800763525749881,2.100501462483035,4.437768828524535
phone__obj__R,raw,time/take,mean,0.9733452796936035,0.8724181025930727,1.0603926202317446
phone__obj__R,raw,time/take,median,0.9796546101570129,0.8204306746750097,1.1149257123974332
phone__obj__R,raw,time/subject,mean,0.9602555632591248,0.8564687508103523,1.0510165120533954
phone__obj__R,raw,time/subject,median,0.9582177996635437,0.7935551761477748,1.100945791928981
phone__obj__R,raw,subject/take_same_subject,mean,1.0759645700454712,0.9915192557068548,1.1942575078702362
phone__obj__R,raw,subject/take_same_subject,median,1.082586646080017,0.9788653933325878,1.221455011907484
phone__obj__R,raw,action/take,mean,1.06416916847229,1.0026824996700971,1.130697127264068
phone__obj__R,raw,action/take,median,1.0739619731903076,0.9976064352621901,1.1708379282503387
phone__obj__R,raw,time/floor,mean,2.207763910293579,1.8037380809757033,2.751972216018764
phone__obj__R,raw,time/floor,median,2.8758034706115723,2.0769521539660545,3.806534085743387
phone__obj__R,raw_L1,time/take,mean,0.9734679460525513,0.8606918842313899,1.074150886432569
phone__obj__R,raw_L1,time/take,median,0.950145423412323,0.7664731649799122,1.1330107747262856
phone__obj__R,raw_L1,time/subject,mean,0.9584358930587769,0.8449054447403708,1.0648399744097063
phone__obj__R,raw_L1,time/subject,median,0.9299209117889404,0.7492091319070258,1.1195147498395204
phone__obj__R,raw_L1,subject/take_same_subject,mean,1.0754872560501099,0.9829114086570855,1.2083681140929674
phone__obj__R,raw_L1,subject/take_same_subject,median,1.0862069129943848,0.9664877728163441,1.2215447923798324
phone__obj__R,raw_L1,action/take,mean,1.0633678436279297,0.9913103337168886,1.141470226415505
phone__obj__R,raw_L1,action/take,median,1.0655404329299927,0.9743766140175427,1.1694356372134458
phone__obj__R,raw_L1,time/floor,mean,2.4004509449005127,1.9322700320426571,3.0635098082806724
phone__obj__R,raw_L1,time/floor,median,3.1774983406066895,2.2442846446349143,4.528020943802459
phone__obj__R,mass_abs,time/take,mean,1.155481219291687,0.9431040369702873,1.3638711372995707
phone__obj__R,mass_abs,time/take,median,1.1131209135055542,0.7932431159682582,1.4317897687961965
phone__obj__R,mass_abs,time/subject,mean,1.1242667436599731,0.9040970290918289,1.319596245398197
phone__obj__R,mass_abs,time/subject,median,1.0636225938796997,0.7537767037658827,1.3378749567407564
phone__obj__R,mass_abs,subject/take_same_subject,mean,1.0891770124435425,0.9508758651527525,1.3012403642328243
phone__obj__R,mass_abs,subject/take_same_subject,median,1.1323059797286987,0.9270647524498699,1.4845875836125613
phone__obj__R,mass_abs,action/take,mean,1.2170896530151367,1.0653805827626128,1.3728543559399928
phone__obj__R,mass_abs,action/take,median,1.2774014472961426,1.0476577465551387,1.5282511061657331
phone__obj__R,mass_abs,time/floor,mean,2.673220634460449,1.9808986351926858,3.5872339437222682
phone__obj__R,mass_abs,time/floor,median,3.4626858234405518,2.081872669332815,5.746857728072047
phone__obj__R,mass_log,time/take,mean,1.8951579332351685,1.4508010302479033,2.4105731534291635
phone__obj__R,mass_log,time/take,median,1.3032681941986084,0.8768170848407267,1.7337317360683984
phone__obj__R,mass_log,time/subject,mean,1.8105262517929077,1.3431289034843066,2.235940007408022
phone__obj__R,mass_log,time/subject,median,1.2303358316421509,0.8523876973033734,1.6491695227101208
phone__obj__R,mass_log,subject/take_same_subject,mean,1.1878489255905151,1.008552926831375,1.4820874965190611
phone__obj__R,mass_log,subject/take_same_subject,median,1.2188183069229126,0.9425792100908791,1.6722083805979904
phone__obj__R,mass_log,action/take,mean,1.5604043006896973,1.253317428076787,1.9568334132163463
phone__obj__R,mass_log,action/take,median,1.5653833150863647,1.1889438071517027,1.9166587134906057
phone__obj__R,mass_log,time/floor,mean,3.36907958984375,1.9810616240905143,5.773707028202783
phone__obj__R,mass_log,time/floor,median,3.694878578186035,2.2714856734764957,6.478723893897121
phone__obj__R,pattern_L2,time/take,mean,0.9676550626754761,0.7889860234294374,1.144097375298896
phone__obj__R,pattern_L2,time/take,median,0.8178142309188843,0.661507856576606,1.2428834164394607
phone__obj__R,pattern_L2,time/subject,mean,0.9576860070228577,0.7790606312112033,1.1441173608322734
phone__obj__R,pattern_L2,time/subject,median,0.7895135283470154,0.6480884448576825,1.2332048248454188
phone__obj__R,pattern_L2,subject/take_same_subject,mean,1.1303133964538574,0.9832509910734335,1.339203385123853
phone__obj__R,pattern_L2,subject/take_same_subject,median,1.1787406206130981,0.957443447798282,1.4618105686686886
phone__obj__R,pattern_L2,action/take,mean,1.151326060295105,1.0116701301107451,1.2882577431227225
phone__obj__R,pattern_L2,action/take,median,1.2161786556243896,1.0206558992737156,1.4102694920635674
phone__obj__R,pattern_L2,time/floor,mean,2.1249613761901855,1.6334482879089152,2.923113708727504
phone__obj__R,pattern_L2,time/floor,median,2.061765670776367,1.5950920590979214,3.606111296565391
phone__obj__R,pattern_L1,time/take,mean,0.9499685168266296,0.7669196904495315,1.1408326324327491
phone__obj__R,pattern_L1,time/take,median,0.8121941089630127,0.6496491640227663,1.2507368032493524
phone__obj__R,pattern_L1,time/subject,mean,0.9391137361526489,0.7577800256992961,1.139621252872251
phone__obj__R,pattern_L1,time/subject,median,0.7753869891166687,0.6200634964424356,1.2224342999203324
phone__obj__R,pattern_L1,subject/take_same_subject,mean,1.1322280168533325,0.981262092848449,1.3376473655194903
phone__obj__R,pattern_L1,subject/take_same_subject,median,1.1692110300064087,0.9460938571040779,1.4501778432135728
phone__obj__R,pattern_L1,action/take,mean,1.132745385169983,1.001456716002991,1.260564732737435
phone__obj__R,pattern_L1,action/take,median,1.203995943069458,0.991666843682861,1.3645380049257527
phone__obj__R,pattern_L1,time/floor,mean,2.2213151454925537,1.6855128205988952,3.0871456556692647
phone__obj__R,pattern_L1,time/floor,median,2.1833832263946533,1.6232238332381481,4.044067829758529
phone__obj__R,pattern_cos,time/take,mean,0.9495573043823242,0.689081922904626,1.2521492550619333
phone__obj__R,pattern_cos,time/take,median,0.6972795128822327,0.4675736426595823,1.4987937394879014
phone__obj__R,pattern_cos,time/subject,mean,0.9383974671363831,0.6772716150582075,1.2546568522682353
phone__obj__R,pattern_cos,time/subject,median,0.6497740149497986,0.4299521108294129,1.4376250101906873
phone__obj__R,pattern_cos,subject/take_same_subject,mean,1.2008206844329834,0.9491982441819564,1.5776346117248
phone__obj__R,pattern_cos,subject/take_same_subject,median,1.3069958686828613,0.9053904712276467,1.9492887266703212
phone__obj__R,pattern_cos,action/take,mean,1.201984167098999,1.0070811196762444,1.4032021443922846
phone__obj__R,pattern_cos,action/take,median,1.3465917110443115,0.9819491948782486,1.6974072584932636
phone__obj__R,pattern_cos,time/floor,mean,3.1881234645843506,1.9794123683357885,5.836179009550046
phone__obj__R,pattern_cos,time/floor,median,4.456427097320557,2.5928742991705516,13.175492637833047
phone__obj__R,centroid,time/take,mean,0.9411868920666122,0.7183902874836195,1.167664008686504
phone__obj__R,centroid,time/take,median,0.9065398294693257,0.5738771040340711,1.1898995317362802
phone__obj__R,centroid,time/subject,mean,0.9039196644908477,0.6952333053687271,1.1257613893587175
phone__obj__R,centroid,time/subject,median,0.8453122771768358,0.5405490368667503,1.1359402177051052
phone__obj__R,centroid,subject/take_same_subject,mean,1.1665210788661287,0.9519456367660197,1.4313534572443503
phone__obj__R,centroid,subject/take_same_subject,median,1.2195187600202069,0.955364722805677,1.5761425849400728
phone__obj__R,centroid,action/take,mean,1.1601174388760371,0.9878046641172181,1.3630202558718343
phone__obj__R,centroid,action/take,median,1.1657591076255722,1.000476355282664,1.4251497993280822
phone__obj__R,centroid,time/floor,mean,2.168125472429932,1.556849258577781,3.046488469339221
phone__obj__R,centroid,time/floor,median,3.075096039583543,1.8481681244656611,5.0535228704564625
scissors__obj__L,raw,time/take,mean,1.0054218769073486,0.788615496162825,1.2663134029578533
scissors__obj__L,raw,time/take,median,1.0802899599075317,0.7962689848321091,1.5004396850365374
scissors__obj__L,raw,time/subject,mean,0.9917065501213074,0.7943978497961824,1.2455815121202836
scissors__obj__L,raw,time/subject,median,1.078201174736023,0.8062109389495941,1.46576539001595
scissors__obj__L,raw,subject/take_same_subject,mean,1.3659664392471313,1.0169448845478495,1.7052139799788733
scissors__obj__L,raw,subject/take_same_subject,median,1.2187739610671997,1.0074174746880937,1.6482198971729505
scissors__obj__L,raw,action/take,mean,1.6348652839660645,1.266994494331716,2.2124736250794395
scissors__obj__L,raw,action/take,median,2.276010274887085,1.8926777861037838,2.6960308641820565
scissors__obj__L,raw,time/floor,mean,2.3127896785736084,1.7484167874925483,3.2399685638760336
scissors__obj__L,raw,time/floor,median,3.026118278503418,2.0830653732819515,4.810435200724717
scissors__obj__L,raw_L1,time/take,mean,0.951296329498291,0.6873406763813866,1.2675088600967137
scissors__obj__L,raw_L1,time/take,median,1.0749914646148682,0.6732860319843195,1.5554540241109374
scissors__obj__L,raw_L1,time/subject,mean,0.9341174960136414,0.6892236814061561,1.2476015684886326
scissors__obj__L,raw_L1,time/subject,median,1.0666513442993164,0.6986212143027046,1.5036382305310203
scissors__obj__L,raw_L1,subject/take_same_subject,mean,1.5021125078201294,1.0103892477366687,1.9607690264783346
scissors__obj__L,raw_L1,subject/take_same_subject,median,1.218222975730896,0.9906035007276447,1.6981293934840425
scissors__obj__L,raw_L1,action/take,mean,1.5663295984268188,1.13692005754768,2.3410625063171477
scissors__obj__L,raw_L1,action/take,median,2.536454677581787,2.056293204801204,3.053691616060363
scissors__obj__L,raw_L1,time/floor,mean,2.453650951385498,1.7151172162665975,3.8210793478551763
scissors__obj__L,raw_L1,time/floor,median,3.1480867862701416,2.092573264765103,5.3033425723727685
scissors__obj__L,mass_abs,time/take,mean,0.9287824034690857,0.7033796538426993,1.2047536425615173
scissors__obj__L,mass_abs,time/take,median,0.9930972456932068,0.6268522830879006,1.4207911137193923
scissors__obj__L,mass_abs,time/subject,mean,0.9143686890602112,0.692469874236593,1.19241877219085
scissors__obj__L,mass_abs,time/subject,median,1.0126395225524902,0.6465487178978243,1.4403289486391773
scissors__obj__L,mass_abs,subject/take_same_subject,mean,1.4380605220794678,0.9686903835525277,1.9220482855427916
scissors__obj__L,mass_abs,subject/take_same_subject,median,1.2330914735794067,0.9433017241838005,2.125430191668695
scissors__obj__L,mass_abs,action/take,mean,1.0916470289230347,0.8449344722706024,1.548364918078382
scissors__obj__L,mass_abs,action/take,median,1.3958712816238403,1.035577155589902,1.8264098592483065
scissors__obj__L,mass_abs,time/floor,mean,2.2496256828308105,1.5485055332780155,3.796041655658917
scissors__obj__L,mass_abs,time/floor,median,3.8654112815856934,2.162046507722672,8.85772579035812
scissors__obj__L,mass_log,time/take,mean,1.2273378372192383,1.0107111179282855,1.4765940990506663
scissors__obj__L,mass_log,time/take,median,1.1333245038986206,0.7157239459277751,1.630925104494392
scissors__obj__L,mass_log,time/subject,mean,1.2261978387832642,1.0176810110036647,1.4466692051718724
scissors__obj__L,mass_log,time/subject,median,1.1044294834136963,0.7109039796934286,1.5779680821878148
scissors__obj__L,mass_log,subject/take_same_subject,mean,1.0838223695755005,0.8932908752373102,1.5165166336743514
scissors__obj__L,mass_log,subject/take_same_subject,median,1.2829540967941284,0.9112963363415552,2.395606793139708
scissors__obj__L,mass_log,action/take,mean,1.0911729335784912,0.9536589668946298,1.3125773746590683
scissors__obj__L,mass_log,action/take,median,0.9958675503730774,0.8352689946005973,1.3408955269430083
scissors__obj__L,mass_log,time/floor,mean,2.585749626159668,1.8130808881976317,3.9827020755969604
scissors__obj__L,mass_log,time/floor,median,4.923559665679932,2.6375540026605955,13.404767787736336
scissors__obj__L,pattern_L2,time/take,mean,1.0220342874526978,0.7603156253093807,1.271463411538501
scissors__obj__L,pattern_L2,time/take,median,1.051094651222229,0.5722171314426067,1.466964879972824
scissors__obj__L,pattern_L2,time/subject,mean,1.0021178722381592,0.7659889186794334,1.222222241543315
scissors__obj__L,pattern_L2,time/subject,median,1.0486071109771729,0.58547270201635,1.4203537134397284
scissors__obj__L,pattern_L2,subject/take_same_subject,mean,1.319515347480774,1.032616953899508,1.9261177234959121
scissors__obj__L,pattern_L2,subject/take_same_subject,median,1.333662748336792,1.0052924976753628,2.6050220592705613
scissors__obj__L,pattern_L2,action/take,mean,1.8090146780014038,1.5379651507353245,2.1694735973452928
scissors__obj__L,pattern_L2,action/take,median,2.133424758911133,1.7034044139772235,2.658980713762553
scissors__obj__L,pattern_L2,time/floor,mean,3.3096041679382324,2.4013453637246767,4.668978578927262
scissors__obj__L,pattern_L2,time/floor,median,4.22150182723999,2.392464843494156,7.601790761098133
scissors__obj__L,pattern_L1,time/take,mean,1.0187617540359497,0.7380366374703904,1.3027222080941316
scissors__obj__L,pattern_L1,time/take,median,0.9854187369346619,0.5247609867984917,1.5795472934563914
scissors__obj__L,pattern_L1,time/subject,mean,1.0009030103683472,0.7625121522694653,1.2442563206043395
scissors__obj__L,pattern_L1,time/subject,median,0.9925141930580139,0.5423585213658398,1.545980058929571
scissors__obj__L,pattern_L1,subject/take_same_subject,mean,1.3814607858657837,1.0198853144502544,2.0523946203752863
scissors__obj__L,pattern_L1,subject/take_same_subject,median,1.3212600946426392,1.009881138073133,2.5445243390237713
scissors__obj__L,pattern_L1,action/take,mean,2.026979684829712,1.6244912272569934,2.6038306677405765
scissors__obj__L,pattern_L1,action/take,median,2.6364142894744873,2.0778782633718724,3.198360221983241
scissors__obj__L,pattern_L1,time/floor,mean,3.4281394481658936,2.3588967750441605,5.113238170542637
scissors__obj__L,pattern_L1,time/floor,median,4.109107971191406,2.2998394231553365,8.043302554797298
scissors__obj__L,pattern_cos,time/take,mean,1.112391710281372,0.7145470896412185,1.6234570441328595
scissors__obj__L,pattern_cos,time/take,median,0.9672983884811401,0.3215090175656961,2.675907481526488
scissors__obj__L,pattern_cos,time/subject,mean,1.0756700038909912,0.7128590595202241,1.5497088026376962
scissors__obj__L,pattern_cos,time/subject,median,0.9644516706466675,0.34238993835816617,2.4465043480869384
scissors__obj__L,pattern_cos,subject/take_same_subject,mean,1.7562822103500366,1.0369756805683472,3.1350703406845652
scissors__obj__L,pattern_cos,subject/take_same_subject,median,1.787729024887085,0.9793397596596667,6.199326577357344
scissors__obj__L,pattern_cos,action/take,mean,2.743851900100708,1.9256423312677848,4.30880607630385
scissors__obj__L,pattern_cos,action/take,median,5.640809059143066,3.390325088841927,8.386410819818343
scissors__obj__L,pattern_cos,time/floor,mean,7.074808120727539,3.9397880589322587,13.269275042097785
scissors__obj__L,pattern_cos,time/floor,median,15.512421607971191,4.9386946558857385,56.98425585350621
scissors__obj__L,centroid,time/take,mean,0.9788502511933824,0.6327362256724957,1.3224880012965599
scissors__obj__L,centroid,time/take,median,0.8251541187878164,0.35381057126805227,1.5729892325486925
scissors__obj__L,centroid,time/subject,mean,0.963866203559165,0.6563125922430021,1.2888038405933995
scissors__obj__L,centroid,time/subject,median,0.8315906408783965,0.3711276806422716,1.547814671448959
scissors__obj__L,centroid,subject/take_same_subject,mean,1.455251312931431,0.9361051287408536,2.425582977515448
scissors__obj__L,centroid,subject/take_same_subject,median,1.3959883269635347,0.9415207649327222,3.270215520869924
scissors__obj__L,centroid,action/take,mean,2.246727967483403,1.6588125707692691,3.3136276426584037
scissors__obj__L,centroid,action/take,median,3.2000237220806453,2.40778118052122,4.182660874767886
scissors__obj__L,centroid,time/floor,mean,4.408949160770185,2.504501851029215,7.435976114323909
scissors__obj__L,centroid,time/floor,median,5.5656140433324355,2.510206023118147,14.992517989357056
scissors__obj__R,raw,time/take,mean,1.5463809967041016,1.2285535413816357,1.90452693027788
scissors__obj__R,raw,time/take,median,1.8215471506118774,0.9636395655815035,3.110078554431764
scissors__obj__R,raw,time/subject,mean,1.5521862506866455,1.2295628881648677,1.925308998614849
scissors__obj__R,raw,time/subject,median,1.8093523979187012,0.9590947254584605,3.2135128631985914
scissors__obj__R,raw,subject/take_same_subject,mean,1.432293176651001,0.9778593321522436,2.0857794416587248
scissors__obj__R,raw,subject/take_same_subject,median,2.0371601581573486,0.8401042942904586,2.9918346788445493
scissors__obj__R,raw,action/take,mean,2.2079172134399414,1.7788921614601507,2.606817866564714
scissors__obj__R,raw,action/take,median,2.771998405456543,2.3260920136580343,4.115021593648405
scissors__obj__R,raw,time/floor,mean,4.300078392028809,3.097564356592636,6.176332809807454
scissors__obj__R,raw,time/floor,median,7.1328020095825195,3.348171967002117,12.55089393329888
scissors__obj__R,raw_L1,time/take,mean,1.6124720573425293,1.2443807930345165,2.0376252188248722
scissors__obj__R,raw_L1,time/take,median,1.850403070449829,0.9394767007589145,3.177775475773572
scissors__obj__R,raw_L1,time/subject,mean,1.6165151596069336,1.2626009575716621,2.0567245740755142
scissors__obj__R,raw_L1,time/subject,median,1.8181570768356323,0.9379389855428466,3.3298097720703965
scissors__obj__R,raw_L1,subject/take_same_subject,mean,1.4356577396392822,0.971100327185924,2.1030812828467407
scissors__obj__R,raw_L1,subject/take_same_subject,median,2.151982069015503,0.8154750652220185,3.1616159919174684
scissors__obj__R,raw_L1,action/take,mean,2.313007116317749,1.8446458788178624,2.7720344248123556
scissors__obj__R,raw_L1,action/take,median,2.9969964027404785,2.4519941365056526,4.6637041052173736
scissors__obj__R,raw_L1,time/floor,mean,4.794108867645264,3.4020889887305343,7.083671105364919
scissors__obj__R,raw_L1,time/floor,median,7.5611348152160645,3.4824751640305034,13.157539179520512
scissors__obj__R,mass_abs,time/take,mean,2.0819149017333984,1.5889004840687475,2.7022155602380518
scissors__obj__R,mass_abs,time/take,median,3.181403398513794,1.471355749571454,5.608213184177043
scissors__obj__R,mass_abs,time/subject,mean,2.091427803039551,1.5991327961675001,2.779249842427893
scissors__obj__R,mass_abs,time/subject,median,3.0790581703186035,1.4833368894612677,5.6174341224318205
scissors__obj__R,mass_abs,subject/take_same_subject,mean,1.4412171840667725,0.8740002484468977,2.1527417821556964
scissors__obj__R,mass_abs,subject/take_same_subject,median,2.7541420459747314,0.623732077511401,4.733762177900913
scissors__obj__R,mass_abs,action/take,mean,2.842740297317505,2.211489558215046,3.543614141061709
scissors__obj__R,mass_abs,action/take,median,5.455451488494873,3.8409883766336654,8.243005971825788
scissors__obj__R,mass_abs,time/floor,mean,6.415555000305176,3.9332093162486714,11.490150525081626
scissors__obj__R,mass_abs,time/floor,median,21.2288761138916,8.758607509687074,42.70154851701805
scissors__obj__R,mass_log,time/take,mean,2.792480230331421,2.0371659539092133,3.6264660931044084
scissors__obj__R,mass_log,time/take,median,5.906546592712402,1.9534486761513425,9.297669618583198
scissors__obj__R,mass_log,time/subject,mean,2.870018243789673,1.9522188653714654,3.8979045430286674
scissors__obj__R,mass_log,time/subject,median,5.7225823402404785,1.940888180799098,9.399153460027497
scissors__obj__R,mass_log,subject/take_same_subject,mean,1.3510266542434692,0.9387927978276939,2.202732299649972
scissors__obj__R,mass_log,subject/take_same_subject,median,2.8745956420898438,0.6772992149099015,5.243465258163607
scissors__obj__R,mass_log,action/take,mean,2.290879011154175,1.5916583117544492,3.1457773822462065
scissors__obj__R,mass_log,action/take,median,8.013107299804688,5.173770860352633,12.615283369698965
scissors__obj__R,mass_log,time/floor,mean,5.434032440185547,2.8532508569148853,12.341462229541381
scissors__obj__R,mass_log,time/floor,median,34.90763473510742,10.958103412328862,59.93898109753509
scissors__obj__R,pattern_L2,time/take,mean,1.4000024795532227,0.9778964051715721,1.87153121312094
scissors__obj__R,pattern_L2,time/take,median,1.078209638595581,0.7328839386780309,2.773863634209433
scissors__obj__R,pattern_L2,time/subject,mean,1.3886231184005737,0.9847272473261147,1.8336776950639035
scissors__obj__R,pattern_L2,time/subject,median,1.060271143913269,0.7228013600029124,2.8572590963914886
scissors__obj__R,pattern_L2,subject/take_same_subject,mean,1.7915257215499878,1.0449666741497787,3.7581364566583626
scissors__obj__R,pattern_L2,subject/take_same_subject,median,2.008848190307617,0.8252755173556894,3.3049229439188377
scissors__obj__R,pattern_L2,action/take,mean,2.6129918098449707,1.6564919120679316,3.659030732354555
scissors__obj__R,pattern_L2,action/take,median,3.7434117794036865,2.861100327838813,5.732304461395459
scissors__obj__R,pattern_L2,time/floor,mean,4.120040416717529,2.595536936591846,6.656704318924893
scissors__obj__R,pattern_L2,time/floor,median,3.6601996421813965,2.3711899841194013,9.474577708960686
scissors__obj__R,pattern_L1,time/take,mean,1.3498637676239014,0.9373772900420472,1.8218759098707882
scissors__obj__R,pattern_L1,time/take,median,1.0114514827728271,0.709139734655512,2.8115999600038664
scissors__obj__R,pattern_L1,time/subject,mean,1.3376762866973877,0.9303491294720974,1.7748655660053232
scissors__obj__R,pattern_L1,time/subject,median,0.9861889481544495,0.6933037562056834,2.849332539618121
scissors__obj__R,pattern_L1,subject/take_same_subject,mean,1.793531894683838,1.0249729399156546,3.7951668923097226
scissors__obj__R,pattern_L1,subject/take_same_subject,median,2.263279676437378,0.7770969187065351,3.512614651756819
scissors__obj__R,pattern_L1,action/take,mean,2.602283000946045,1.689038342375632,3.5940263036728415
scissors__obj__R,pattern_L1,action/take,median,3.690983772277832,2.832787408783744,5.994093640584806
scissors__obj__R,pattern_L1,time/floor,mean,4.201760768890381,2.6288865268594357,6.794824390036521
scissors__obj__R,pattern_L1,time/floor,median,3.8421661853790283,2.5010086650743384,10.549707582324396
scissors__obj__R,pattern_cos,time/take,mean,1.5836896896362305,0.9071985663793142,2.4587638642166687
scissors__obj__R,pattern_cos,time/take,median,1.0806777477264404,0.5117006335718122,7.187119129881462
scissors__obj__R,pattern_cos,time/subject,mean,1.5591330528259277,0.884973486752794,2.3776489204668465
scissors__obj__R,pattern_cos,time/subject,median,1.0454826354980469,0.4794281777332414,6.958550305182977
scissors__obj__R,pattern_cos,subject/take_same_subject,mean,2.411900758743286,1.006690919826465,11.816713149793141
scissors__obj__R,pattern_cos,subject/take_same_subject,median,3.9052860736846924,0.6879460949259834,9.916221235845303
scissors__obj__R,pattern_cos,action/take,mean,3.37156081199646,1.7227880634828616,6.51980309679808
scissors__obj__R,pattern_cos,action/take,median,10.25732421875,6.377763341653452,24.04681957838586
scissors__obj__R,pattern_cos,time/floor,mean,9.084371566772461,3.930434778976178,21.278931102841973
scissors__obj__R,pattern_cos,time/floor,median,12.843283653259277,5.438542617220852,78.99702021032202
scissors__obj__R,centroid,time/take,mean,1.2315653975599534,0.7709348393444745,1.9827589603340108
scissors__obj__R,centroid,time/take,median,0.7616027971056992,0.3554728885882037,3.1982560925538213
scissors__obj__R,centroid,time/subject,mean,1.1815931372741002,0.7370391044062228,1.846492437799408
scissors__obj__R,centroid,time/subject,median,0.7180520253520305,0.3508840996528297,3.09209970005407
scissors__obj__R,centroid,subject/take_same_subject,mean,2.1224136747409243,0.9330018569817747,7.466979768262151
scissors__obj__R,centroid,subject/take_same_subject,median,3.368038246613017,0.5769209219299831,8.0222952245471
scissors__obj__R,centroid,action/take,mean,2.3970537750265954,1.4914462675434652,3.9551063689036696
scissors__obj__R,centroid,action/take,median,3.2544612035596048,2.1684095772522185,8.130960808810835
scissors__obj__R,centroid,time/floor,mean,5.402934352403657,2.517539293910197,12.831310367852408
scissors__obj__R,centroid,time/floor,median,5.761520768687044,2.3184236022076994,18.119911197490033
waffleiron__obj__L,raw,time/take,mean,0.9259741306304932,0.8009455944600817,1.0410123514435192
waffleiron__obj__L,raw,time/take,median,0.9265307784080505,0.7746664934615461,1.0567192527666516
waffleiron__obj__L,raw,time/subject,mean,0.9235343933105469,0.8034893952022706,1.037201869627841
waffleiron__obj__L,raw,time/subject,median,0.9191632270812988,0.7797156977828994,1.051904252605507
waffleiron__obj__L,raw,subject/take_same_subject,mean,1.0804169178009033,0.9883571192674871,1.1823690371209572
waffleiron__obj__L,raw,subject/take_same_subject,median,1.1042624711990356,0.9603049667956008,1.2254756194081888
waffleiron__obj__L,raw,action/take,mean,0.9728509783744812,0.920732289551233,1.022878287103201
waffleiron__obj__L,raw,action/take,median,0.9755801558494568,0.8998983001498455,1.034201782879489
waffleiron__obj__L,raw,time/floor,mean,2.2833597660064697,1.9349917006791761,2.66813403960806
waffleiron__obj__L,raw,time/floor,median,2.904737710952759,2.1882075904076714,4.088348736226146
waffleiron__obj__L,raw_L1,time/take,mean,0.8852266073226929,0.7217065655495567,1.0194063688462953
waffleiron__obj__L,raw_L1,time/take,median,0.8544107675552368,0.6482556001338645,1.047286812448752
waffleiron__obj__L,raw_L1,time/subject,mean,0.8812287449836731,0.7222799701966719,1.0209629642265436
waffleiron__obj__L,raw_L1,time/subject,median,0.8455119132995605,0.6428837490451704,1.0424201471519265
waffleiron__obj__L,raw_L1,subject/take_same_subject,mean,1.1017067432403564,0.9753756077696583,1.2555566712068424
waffleiron__obj__L,raw_L1,subject/take_same_subject,median,1.1380515098571777,0.9525790403888167,1.3177645329122318
waffleiron__obj__L,raw_L1,action/take,mean,0.9355705380439758,0.8699399958553629,0.9951311046512041
waffleiron__obj__L,raw_L1,action/take,median,0.9301058650016785,0.8200397160838713,1.0082139462041795
waffleiron__obj__L,raw_L1,time/floor,mean,2.3951048851013184,1.9956695484806364,2.872956872561375
waffleiron__obj__L,raw_L1,time/floor,median,3.3247504234313965,2.4253481636442675,5.299858438068153
waffleiron__obj__L,mass_abs,time/take,mean,0.9510437250137329,0.7155982982237328,1.1570174563411073
waffleiron__obj__L,mass_abs,time/take,median,0.8909994959831238,0.5606672506324666,1.1660698933702673
waffleiron__obj__L,mass_abs,time/subject,mean,0.957645833492279,0.7256977196222535,1.1804051107892861
waffleiron__obj__L,mass_abs,time/subject,median,0.8960904479026794,0.5903310181020452,1.2032295293322972
waffleiron__obj__L,mass_abs,subject/take_same_subject,mean,1.094478964805603,0.914385302124786,1.3457491083770683
waffleiron__obj__L,mass_abs,subject/take_same_subject,median,1.141883373260498,0.905391627098548,1.5751897376557527
waffleiron__obj__L,mass_abs,action/take,mean,0.9741711020469666,0.8734410186280075,1.1227234789127074
waffleiron__obj__L,mass_abs,action/take,median,0.9349777102470398,0.789091226277637,1.1490922979481708
waffleiron__obj__L,mass_abs,time/floor,mean,2.21112322807312,1.649935208073448,2.8335531534631575
waffleiron__obj__L,mass_abs,time/floor,median,3.5681653022766113,2.1571580855196966,5.929803045688559
waffleiron__obj__L,mass_log,time/take,mean,1.4725942611694336,1.2093884201974976,1.8177637306497179
waffleiron__obj__L,mass_log,time/take,median,1.206223726272583,0.8121334407444162,1.7355976489687426
waffleiron__obj__L,mass_log,time/subject,mean,1.5420341491699219,1.2623820017364151,1.8938021074833402
waffleiron__obj__L,mass_log,time/subject,median,1.2276073694229126,0.8339909119686532,1.7869108212432439
waffleiron__obj__L,mass_log,subject/take_same_subject,mean,1.0199204683303833,0.8048577786597944,1.2421478429029296
waffleiron__obj__L,mass_log,subject/take_same_subject,median,1.1036827564239502,0.7365293871655318,1.6142549519656206
waffleiron__obj__L,mass_log,action/take,mean,1.1940748691558838,1.0059178768626544,1.4344083234277438
waffleiron__obj__L,mass_log,action/take,median,1.1259548664093018,0.9055384105112437,1.5100040671411328
waffleiron__obj__L,mass_log,time/floor,mean,3.1264989376068115,2.2046861129148505,4.519412125411372
waffleiron__obj__L,mass_log,time/floor,median,4.716542720794678,3.276827950507701,7.110257383234661
waffleiron__obj__L,pattern_L2,time/take,mean,1.0281851291656494,0.8904921622494427,1.163812165464297
waffleiron__obj__L,pattern_L2,time/take,median,1.0378508567810059,0.8676955174049145,1.2049314054044853
waffleiron__obj__L,pattern_L2,time/subject,mean,1.0377284288406372,0.8932874678120436,1.1797014770813719
waffleiron__obj__L,pattern_L2,time/subject,median,1.0502355098724365,0.8845030001576363,1.219856630867667
waffleiron__obj__L,pattern_L2,subject/take_same_subject,mean,1.0509028434753418,0.957030213097048,1.2374828082545979
waffleiron__obj__L,pattern_L2,subject/take_same_subject,median,1.0502876043319702,0.9501825992189605,1.300534420945744
waffleiron__obj__L,pattern_L2,action/take,mean,1.1198608875274658,0.987606423777782,1.2645955486151994
waffleiron__obj__L,pattern_L2,action/take,median,1.0856150388717651,0.9507478289316376,1.2562011576777206
waffleiron__obj__L,pattern_L2,time/floor,mean,2.7237534523010254,2.1891180119012073,3.2587375964717786
waffleiron__obj__L,pattern_L2,time/floor,median,3.534804582595825,2.6265554934227735,4.847096328611389
waffleiron__obj__L,pattern_L1,time/take,mean,1.023762583732605,0.8680829447525108,1.157596740234187
waffleiron__obj__L,pattern_L1,time/take,median,1.0433870553970337,0.8226016801860823,1.1973484434789998
waffleiron__obj__L,pattern_L1,time/subject,mean,1.0259644985198975,0.8743366036889236,1.1550880859147425
waffleiron__obj__L,pattern_L1,time/subject,median,1.045743465423584,0.8248754409314175,1.2059142178493776
waffleiron__obj__L,pattern_L1,subject/take_same_subject,mean,1.0809537172317505,1.001098529443056,1.2201776292943936
waffleiron__obj__L,pattern_L1,subject/take_same_subject,median,1.109912633895874,1.0083955322396185,1.3027879133694977
waffleiron__obj__L,pattern_L1,action/take,mean,1.0868107080459595,0.9857727120465916,1.187696232754012
waffleiron__obj__L,pattern_L1,action/take,median,1.0546095371246338,0.9566360037895576,1.1697723903557034
waffleiron__obj__L,pattern_L1,time/floor,mean,2.9323275089263916,2.4153768772195714,3.5549991984026525
waffleiron__obj__L,pattern_L1,time/floor,median,3.927351474761963,2.718153777759346,5.955247284549265
waffleiron__obj__L,pattern_cos,time/take,mean,1.0461275577545166,0.8396025316570367,1.2425280382120196
waffleiron__obj__L,pattern_cos,time/take,median,1.0643947124481201,0.720987554337531,1.339121781983814
waffleiron__obj__L,pattern_cos,time/subject,mean,1.048652172088623,0.8329308740829906,1.236937368960448
waffleiron__obj__L,pattern_cos,time/subject,median,1.0750463008880615,0.7198797714176358,1.3499634906404416
waffleiron__obj__L,pattern_cos,subject/take_same_subject,mean,1.1180260181427002,1.0009000965812052,1.3327574252846677
waffleiron__obj__L,pattern_cos,subject/take_same_subject,median,1.1922755241394043,0.9982007235781448,1.58138862923616
waffleiron__obj__L,pattern_cos,action/take,mean,1.1114468574523926,0.9764805565450247,1.2524782363041478
waffleiron__obj__L,pattern_cos,action/take,median,1.074523687362671,0.934088526587822,1.2671272379272043
waffleiron__obj__L,pattern_cos,time/floor,mean,4.559249401092529,3.4519835809599737,5.957491895656791
waffleiron__obj__L,pattern_cos,time/floor,median,11.640334129333496,6.532949436351738,24.113999166817646
waffleiron__obj__L,centroid,time/take,mean,1.0948644250923867,0.87706716345643,1.3556133331724163
waffleiron__obj__L,centroid,time/take,median,1.0570704622525353,0.7286218065385721,1.4524766586191664
waffleiron__obj__L,centroid,time/subject,mean,1.0987129249301213,0.8856938356046525,1.3515247044213474
waffleiron__obj__L,centroid,time/subject,median,1.0670906696801885,0.7503058541329348,1.462233309014802
waffleiron__obj__L,centroid,subject/take_same_subject,mean,1.1254289224766976,1.0057632713416254,1.359454627581927
waffleiron__obj__L,centroid,subject/take_same_subject,median,1.1655885101426702,0.9712949474484791,1.4997467846520671
waffleiron__obj__L,centroid,action/take,mean,1.242562307099605,1.0378088772287237,1.4753164632741143
waffleiron__obj__L,centroid,action/take,median,1.2253890777082073,1.0548649599684496,1.4902113375745991
waffleiron__obj__L,centroid,time/floor,mean,3.8630736975854485,2.931909054933159,5.124536103670877
waffleiron__obj__L,centroid,time/floor,median,7.079612949233283,4.427502893573493,10.94709086545306
waffleiron__obj__R,raw,time/take,mean,0.962340772151947,0.8680407571382351,1.0826506638420599
waffleiron__obj__R,raw,time/take,median,0.9750247597694397,0.8955360549914559,1.1094704727091764
waffleiron__obj__R,raw,time/subject,mean,0.9605964422225952,0.8643479125807796,1.0835704331050726
waffleiron__obj__R,raw,time/subject,median,0.9718606472015381,0.890771699044831,1.0941630686261323
waffleiron__obj__R,raw,subject/take_same_subject,mean,1.0318257808685303,0.9290191902079415,1.1503616680938116
waffleiron__obj__R,raw,subject/take_same_subject,median,1.0471729040145874,0.9302192973262042,1.168658955595939
waffleiron__obj__R,raw,action/take,mean,1.047810435295105,0.9817095890863478,1.1220001806533937
waffleiron__obj__R,raw,action/take,median,1.072086215019226,1.0022481568428387,1.1655535240188017
waffleiron__obj__R,raw,time/floor,mean,2.3539726734161377,1.939991811658572,2.8854536300177096
waffleiron__obj__R,raw,time/floor,median,3.0720818042755127,2.3499642479188596,4.198804703428689
waffleiron__obj__R,raw_L1,time/take,mean,0.9203519821166992,0.8078845957304731,1.0714208817518107
waffleiron__obj__R,raw_L1,time/take,median,0.935127854347229,0.8249912332027748,1.1022526991987927
waffleiron__obj__R,raw_L1,time/subject,mean,0.9235814213752747,0.8075773008001913,1.072470713473959
waffleiron__obj__R,raw_L1,time/subject,median,0.9315451979637146,0.820213217289604,1.101640587539325
waffleiron__obj__R,raw_L1,subject/take_same_subject,mean,1.0216875076293945,0.8879179242048062,1.1798315045339904
waffleiron__obj__R,raw_L1,subject/take_same_subject,median,1.0622555017471313,0.8904405876288612,1.2331593178893412
waffleiron__obj__R,raw_L1,action/take,mean,1.0143176317214966,0.9280219194448814,1.1142164250765874
waffleiron__obj__R,raw_L1,action/take,median,1.079798698425293,0.9741549397361681,1.228185614944147
waffleiron__obj__R,raw_L1,time/floor,mean,2.482853889465332,1.985973899958768,3.1028563744638755
waffleiron__obj__R,raw_L1,time/floor,median,3.547790765762329,2.3600911339294663,4.718724676036194
waffleiron__obj__R,mass_abs,time/take,mean,1.0381689071655273,0.8639009184187306,1.2521530617557948
waffleiron__obj__R,mass_abs,time/take,median,1.0681672096252441,0.8070627136269429,1.4056980906925376
waffleiron__obj__R,mass_abs,time/subject,mean,1.053445816040039,0.8720165481430596,1.2846473396072597
waffleiron__obj__R,mass_abs,time/subject,median,1.1083698272705078,0.8416232934407017,1.4353227076519697
waffleiron__obj__R,mass_abs,subject/take_same_subject,mean,1.0479239225387573,0.8697915374666144,1.283817344128041
waffleiron__obj__R,mass_abs,subject/take_same_subject,median,1.054862141609192,0.8777338101065079,1.3177600848753968
waffleiron__obj__R,mass_abs,action/take,mean,0.94554603099823,0.8629142693566633,1.0446970285244392
waffleiron__obj__R,mass_abs,action/take,median,0.9331609010696411,0.8080212776360569,1.0901063904440274
waffleiron__obj__R,mass_abs,time/floor,mean,2.2539563179016113,1.8797240378354874,3.0500386075299026
waffleiron__obj__R,mass_abs,time/floor,median,3.32865834236145,2.0519412832701622,5.966147361924827
waffleiron__obj__R,mass_log,time/take,mean,1.7466771602630615,1.4109956257107552,2.1323470615303024
waffleiron__obj__R,mass_log,time/take,median,1.4057981967926025,0.954974638357559,2.05000233560917
waffleiron__obj__R,mass_log,time/subject,mean,1.6846256256103516,1.3636896923190116,2.0117562011806776
waffleiron__obj__R,mass_log,time/subject,median,1.377177119255066,0.9426415076876944,1.9859412989671208
waffleiron__obj__R,mass_log,subject/take_same_subject,mean,1.0789742469787598,0.9273247876620643,1.2906418855039583
waffleiron__obj__R,mass_log,subject/take_same_subject,median,1.1135830879211426,0.8634256330967485,1.565873769804668
waffleiron__obj__R,mass_log,action/take,mean,1.1282391548156738,0.9522071692945853,1.3512895289030689
waffleiron__obj__R,mass_log,action/take,median,1.0546187162399292,0.8928954275177925,1.2395106961389692
waffleiron__obj__R,mass_log,time/floor,mean,3.878251791000366,2.5899267510314012,5.588221272824283
waffleiron__obj__R,mass_log,time/floor,median,4.064576625823975,2.5546605369681727,6.641971450037222
waffleiron__obj__R,pattern_L2,time/take,mean,1.0807613134384155,0.9445019776876907,1.192475705800883
waffleiron__obj__R,pattern_L2,time/take,median,1.086927056312561,0.930064133776535,1.2181349392787049
waffleiron__obj__R,pattern_L2,time/subject,mean,1.067333459854126,0.9237853416771415,1.1860996916479436
waffleiron__obj__R,pattern_L2,time/subject,median,1.0798412561416626,0.9153312132365724,1.2162655992505553
waffleiron__obj__R,pattern_L2,subject/take_same_subject,mean,1.0546973943710327,0.9474663471846789,1.2325816537363565
waffleiron__obj__R,pattern_L2,subject/take_same_subject,median,1.0354939699172974,0.9324665228310475,1.314847303269863
waffleiron__obj__R,pattern_L2,action/take,mean,1.140554428100586,1.0806662949617099,1.2057907424785728
waffleiron__obj__R,pattern_L2,action/take,median,1.1060839891433716,1.0412836868723234,1.1774945117976474
waffleiron__obj__R,pattern_L2,time/floor,mean,2.714076519012451,2.0618829362756648,3.419428713468973
waffleiron__obj__R,pattern_L2,time/floor,median,3.5938026905059814,2.740510245622827,4.893445032753547
waffleiron__obj__R,pattern_L1,time/take,mean,1.0583692789077759,0.9147199605576102,1.1841760668360746
waffleiron__obj__R,pattern_L1,time/take,median,1.0976104736328125,0.821348509864105,1.2449612845426514
waffleiron__obj__R,pattern_L1,time/subject,mean,1.0479720830917358,0.8987345120149643,1.1765827446914807
waffleiron__obj__R,pattern_L1,time/subject,median,1.100145697593689,0.8101287382564074,1.2505295718895393
waffleiron__obj__R,pattern_L1,subject/take_same_subject,mean,1.0542911291122437,0.9479438456747638,1.2100343190729452
waffleiron__obj__R,pattern_L1,subject/take_same_subject,median,1.0332374572753906,0.9104718328588001,1.3039709498660166
waffleiron__obj__R,pattern_L1,action/take,mean,1.1313679218292236,1.0661302890977424,1.193148260529124
waffleiron__obj__R,pattern_L1,action/take,median,1.0837562084197998,1.0159836264633175,1.175894135882042
waffleiron__obj__R,pattern_L1,time/floor,mean,2.9142465591430664,2.1719309656587233,3.7775779402152563
waffleiron__obj__R,pattern_L1,time/floor,median,4.244941234588623,2.844085691207021,5.653677759040449
waffleiron__obj__R,pattern_cos,time/take,mean,1.077545166015625,0.8851396084919081,1.2584128033277633
waffleiron__obj__R,pattern_cos,time/take,median,1.1502481698989868,0.7157638521972801,1.3986780670987284
waffleiron__obj__R,pattern_cos,time/subject,mean,1.0637199878692627,0.8567870420702685,1.249769521164782
waffleiron__obj__R,pattern_cos,time/subject,median,1.1503345966339111,0.7159809666143261,1.3940953139265546
waffleiron__obj__R,pattern_cos,subject/take_same_subject,mean,1.069494366645813,0.9189654233240591,1.291883268354387
waffleiron__obj__R,pattern_cos,subject/take_same_subject,median,1.0660184621810913,0.8564398970640638,1.6262080437649313
waffleiron__obj__R,pattern_cos,action/take,mean,1.177542805671692,1.0869153126336164,1.2703439299886874
waffleiron__obj__R,pattern_cos,action/take,median,1.1253095865249634,1.004409975886779,1.2597150210693129
waffleiron__obj__R,pattern_cos,time/floor,mean,4.549534797668457,2.8600445977374265,6.987269279077715
waffleiron__obj__R,pattern_cos,time/floor,median,13.741571426391602,7.333799454917258,26.991490582408648
waffleiron__obj__R,centroid,time/take,mean,1.150534856204986,0.9245628719932405,1.3627255243356922
waffleiron__obj__R,centroid,time/take,median,1.0535431471789762,0.7958444871082601,1.4352691622249283
waffleiron__obj__R,centroid,time/subject,mean,1.1371724632899969,0.9013447287767169,1.3652466854484764
waffleiron__obj__R,centroid,time/subject,median,1.0376141670736665,0.7680168767081035,1.4473912055402487
waffleiron__obj__R,centroid,subject/take_same_subject,mean,1.07669830092365,0.9186678317798731,1.3120314256786942
waffleiron__obj__R,centroid,subject/take_same_subject,median,1.0716773762450649,0.8687737300808502,1.5341828395118289
waffleiron__obj__R,centroid,action/take,mean,1.3084601524600528,1.1676699496831744,1.4675039086630224
waffleiron__obj__R,centroid,action/take,median,1.3202795460896455,1.1639601267548874,1.503965830871877
waffleiron__obj__R,centroid,time/floor,mean,3.9832599641019835,2.6267273668454196,5.775520399451856
waffleiron__obj__R,centroid,time/floor,median,6.180526766285795,4.31106496620134,9.979056979716951
