split,model,K,metric,t,value,n
fixed,gtinit_vf,0,derr,0,0.18550162765183556,201.0
fixed,gtinit_vf,0,derr,1,0.17955802107665372,201.0
fixed,gtinit_vf,0,derr,2,0.16551906508463088,201.0
fixed,gtinit_vf,0,derr,3,0.1621661133674988,201.0
fixed,gtinit_vf,0,derr,4,0.1572085846521294,201.0
fixed,gtinit_vf,0,derr,5,0.15730305528036545,201.0
fixed,gtinit_vf,0,derr,6,0.1460829536611242,201.0
fixed,gtinit_vf,0,derr,7,0.14471030012885136,201.0
fixed,gtinit_vf,0,derr,8,0.15621341935901054,201.0
fixed,gtinit_vf,0,derr,9,0.15970124706477667,201.0
fixed,gtinit_vf,0,derr,10,0.14416442026583412,201.0
fixed,gtinit_vf,0,derr,11,0.1485263009078393,201.0
fixed,gtinit_vf,0,derr,12,0.1409477675333619,201.0
fixed,gtinit_vf,0,derr,13,0.13202224448508587,201.0
fixed,gtinit_vf,0,derr,14,0.13289392051004356,201.0
fixed,gtinit_vf,0,derr,15,0.12833730485382958,201.0
fixed,gtinit_vf,0,derr,16,0.14305843313720393,201.0
fixed,gtinit_vf,0,derr,17,0.13271664518547888,201.0
fixed,gtinit_vf,0,derr,18,0.14143158308234974,201.0
fixed,gtinit_vf,0,derr,19,0.14261636617523965,201.0
fixed,gtinit_vf,0,derr,20,0.14067174459979012,201.0
fixed,gtinit_vf,0,derr,21,0.1486804101115732,201.0
fixed,gtinit_vf,0,derr,22,0.1419629256254924,201.0
fixed,gtinit_vf,0,derr,23,0.14861929984253586,201.0
fixed,gtinit_vf,0,derr,24,0.15472030954259397,201.0
fixed,gtinit_vf,0,derr,25,0.1403785670704361,201.0
fixed,gtinit_vf,0,derr,26,0.14412720076072572,201.0
fixed,gtinit_vf,0,derr,27,0.15375966668610846,201.0
fixed,gtinit_vf,0,derr,28,0.1364600665227913,201.0
fixed,gtinit_vf,0,derr,29,0.15179898570852346,201.0
fixed,gtinit_vf,0,derr,30,0.13281936717882234,201.0
fixed,gtinit_vf,0,derr,31,0.12795660480745694,201.0
fixed,gtinit_vf,0,derr,32,0.13623251425871505,201.0
fixed,gtinit_vf,0,derr,33,0.15812122633226625,201.0
fixed,gtinit_vf,0,derr,34,0.14292197585087363,201.0
fixed,gtinit_vf,0,derr,35,0.1312563799284584,201.0
fixed,gtinit_vf,0,derr,36,0.14148565941022254,201.0
fixed,gtinit_vf,0,derr,37,0.1449553333825214,201.0
fixed,gtinit_vf,0,derr,38,0.15511713427171778,201.0
fixed,gtinit_vf,0,derr,39,0.14061281990852967,201.0
fixed,gtinit_vf,0,derr,40,0.1559837927013191,201.0
fixed,gtinit_vf,0,derr,41,0.14338288223139237,201.0
fixed,gtinit_vf,0,derr,42,0.13639520269480362,201.0
fixed,gtinit_vf,0,derr,43,0.12396145666676078,201.0
fixed,gtinit_vf,0,derr,44,0.14318294696213296,201.0
fixed,gtinit_vf,0,derr,45,0.1425770841983717,201.0
fixed,gtinit_vf,0,derr,46,0.15341571309321111,201.0
fixed,gtinit_vf,0,derr,47,0.13974763627687645,201.0
fixed,gtinit_vf,0,derr,48,0.1441504926564385,201.0
fixed,gtinit_vf,0,derr,49,0.14370422677336195,201.0
fixed,gtinit_vf,0,derr,50,0.1364262524009937,201.0
fixed,gtinit_vf,0,derr,51,0.14205105315004266,201.0
fixed,gtinit_vf,0,derr,52,0.12766602421318418,201.0
fixed,gtinit_vf,0,derr,53,0.12058646157754595,201.0
fixed,gtinit_vf,0,derr,54,0.1298960926826691,201.0
fixed,gtinit_vf,0,derr,55,0.13708322310810955,201.0
fixed,gtinit_vf,0,derr,56,0.13267895647449723,201.0
fixed,gtinit_vf,0,derr,57,0.137828643832226,201.0
fixed,gtinit_vf,0,derr,58,0.13233107107862904,201.0
fixed,gtinit_vf,0,derr,59,0.13285680958973384,201.0
fixed,gtinit_vf,0,derr,60,0.13813309602216997,201.0
fixed,gtinit_vf,0,derr,61,0.1370911060447865,201.0
fixed,gtinit_vf,0,derr,62,0.13521932775794127,201.0
fixed,gtinit_vf,0,dmag,0,0.05479534041479378,201.0
fixed,gtinit_vf,0,dmag,1,0.0521221551418638,201.0
fixed,gtinit_vf,0,dmag,2,0.05044321020351565,201.0
fixed,gtinit_vf,0,dmag,3,0.04829213181417899,201.0
fixed,gtinit_vf,0,dmag,4,0.04709975922535827,201.0
fixed,gtinit_vf,0,dmag,5,0.045291226255285796,201.0
fixed,gtinit_vf,0,dmag,6,0.043680583833443434,201.0
fixed,gtinit_vf,0,dmag,7,0.040462337767899925,201.0
fixed,gtinit_vf,0,dmag,8,0.04076290293480849,201.0
fixed,gtinit_vf,0,dmag,9,0.03920029879858097,201.0
fixed,gtinit_vf,0,dmag,10,0.03890677247965588,201.0
fixed,gtinit_vf,0,dmag,11,0.03947189089318561,201.0
fixed,gtinit_vf,0,dmag,12,0.03803170237236133,201.0
fixed,gtinit_vf,0,dmag,13,0.03463626249846238,201.0
fixed,gtinit_vf,0,dmag,14,0.03299613763573603,201.0
fixed,gtinit_vf,0,dmag,15,0.031117032289004594,201.0
fixed,gtinit_vf,0,dmag,16,0.03036920537023031,201.0
fixed,gtinit_vf,0,dmag,17,0.030183385369548604,201.0
fixed,gtinit_vf,0,dmag,18,0.031040399099019036,201.0
fixed,gtinit_vf,0,dmag,19,0.030308704489647453,201.0
fixed,gtinit_vf,0,dmag,20,0.029813644624505174,201.0
fixed,gtinit_vf,0,dmag,21,0.026815489768537124,201.0
fixed,gtinit_vf,0,dmag,22,0.027829414022743554,201.0
fixed,gtinit_vf,0,dmag,23,0.026243867178850654,201.0
fixed,gtinit_vf,0,dmag,24,0.027044050235634866,201.0
fixed,gtinit_vf,0,dmag,25,0.025520043871573993,201.0
fixed,gtinit_vf,0,dmag,26,0.02481768631251223,201.0
fixed,gtinit_vf,0,dmag,27,0.02439645921524188,201.0
fixed,gtinit_vf,0,dmag,28,0.0248974039803134,201.0
fixed,gtinit_vf,0,dmag,29,0.02430850584106288,201.0
fixed,gtinit_vf,0,dmag,30,0.024375094661479864,201.0
fixed,gtinit_vf,0,dmag,31,0.022550756051506273,201.0
fixed,gtinit_vf,0,dmag,32,0.023211617113104953,201.0
fixed,gtinit_vf,0,dmag,33,0.023467286561722336,201.0
fixed,gtinit_vf,0,dmag,34,0.02216860024138025,201.0
fixed,gtinit_vf,0,dmag,35,0.02241294720066498,201.0
fixed,gtinit_vf,0,dmag,36,0.02248743926383444,201.0
fixed,gtinit_vf,0,dmag,37,0.022311516854430165,201.0
fixed,gtinit_vf,0,dmag,38,0.024005197959289473,201.0
fixed,gtinit_vf,0,dmag,39,0.02504450006790422,201.0
fixed,gtinit_vf,0,dmag,40,0.024916953592565818,201.0
fixed,gtinit_vf,0,dmag,41,0.02402681453774373,201.0
fixed,gtinit_vf,0,dmag,42,0.02288016113012436,201.0
fixed,gtinit_vf,0,dmag,43,0.02303512837385657,201.0
fixed,gtinit_vf,0,dmag,44,0.023553545834654153,201.0
fixed,gtinit_vf,0,dmag,45,0.0241343343296825,201.0
fixed,gtinit_vf,0,dmag,46,0.022516152999868887,201.0
fixed,gtinit_vf,0,dmag,47,0.021663267964691812,201.0
fixed,gtinit_vf,0,dmag,48,0.021199247913333167,201.0
fixed,gtinit_vf,0,dmag,49,0.021548174073762118,201.0
fixed,gtinit_vf,0,dmag,50,0.020565971016272236,201.0
fixed,gtinit_vf,0,dmag,51,0.02050851952673784,201.0
fixed,gtinit_vf,0,dmag,52,0.020291847327436826,201.0
fixed,gtinit_vf,0,dmag,53,0.02135824307159924,201.0
fixed,gtinit_vf,0,dmag,54,0.0215047026395946,201.0
fixed,gtinit_vf,0,dmag,55,0.021841226933310875,201.0
fixed,gtinit_vf,0,dmag,56,0.022120385588290385,201.0
fixed,gtinit_vf,0,dmag,57,0.021674752837760533,201.0
fixed,gtinit_vf,0,dmag,58,0.022473845016952623,201.0
fixed,gtinit_vf,0,dmag,59,0.022851676814517573,201.0
fixed,gtinit_vf,0,dmag,60,0.021703439403269718,201.0
fixed,gtinit_vf,0,dmag,61,0.02239338731374684,201.0
fixed,gtinit_vf,0,dmag,62,0.02091209916861274,201.0
fixed,gtinit_vf,0,err,0,1.0989350303158454e-07,201.0
fixed,gtinit_vf,0,err,1,0.18550162770743692,201.0
fixed,gtinit_vf,0,err,2,0.3112850086624498,201.0
fixed,gtinit_vf,0,err,3,0.4079112072489155,201.0
fixed,gtinit_vf,0,err,4,0.49728612064277355,201.0
fixed,gtinit_vf,0,err,5,0.5733242429681679,201.0
fixed,gtinit_vf,0,err,6,0.648718190411875,201.0
fixed,gtinit_vf,0,err,7,0.7070032660084874,201.0
fixed,gtinit_vf,0,err,8,0.7588171999326986,201.0
fixed,gtinit_vf,0,err,9,0.8064189483944456,201.0
fixed,gtinit_vf,0,err,10,0.8515609877916118,201.0
fixed,gtinit_vf,0,err,11,0.8871621694508477,201.0
fixed,gtinit_vf,0,err,12,0.9325324147569006,201.0
fixed,gtinit_vf,0,err,13,0.9659429806011233,201.0
fixed,gtinit_vf,0,err,14,0.9841214902513656,201.0
fixed,gtinit_vf,0,err,15,1.0134411403788857,201.0
fixed,gtinit_vf,0,err,16,1.0411063234011333,201.0
fixed,gtinit_vf,0,err,17,1.0790248149959603,201.0
fixed,gtinit_vf,0,err,18,1.1077642273250503,201.0
fixed,gtinit_vf,0,err,19,1.1316743001564225,201.0
fixed,gtinit_vf,0,err,20,1.158899647160549,201.0
fixed,gtinit_vf,0,err,21,1.1743354213178454,201.0
fixed,gtinit_vf,0,err,22,1.1951635304226804,201.0
fixed,gtinit_vf,0,err,23,1.2109089855530961,201.0
fixed,gtinit_vf,0,err,24,1.2277544954819466,201.0
fixed,gtinit_vf,0,err,25,1.2510184245323068,201.0
fixed,gtinit_vf,0,err,26,1.2792631409209758,201.0
fixed,gtinit_vf,0,err,27,1.3003028107074956,201.0
fixed,gtinit_vf,0,err,28,1.3274936082202997,201.0
fixed,gtinit_vf,0,err,29,1.3462555739120465,201.0
fixed,gtinit_vf,0,err,30,1.342840979422503,201.0
fixed,gtinit_vf,0,err,31,1.3633814728378657,201.0
fixed,gtinit_vf,0,err,32,1.3701175172530597,201.0
fixed,gtinit_vf,0,err,33,1.3821389861960909,201.0
fixed,gtinit_vf,0,err,34,1.3973490079837059,201.0
fixed,gtinit_vf,0,err,35,1.4089393313251324,201.0
fixed,gtinit_vf,0,err,36,1.4270448213192954,201.0
fixed,gtinit_vf,0,err,37,1.4533832561020827,201.0
fixed,gtinit_vf,0,err,38,1.4554764097602806,201.0
fixed,gtinit_vf,0,err,39,1.4588559585720746,201.0
fixed,gtinit_vf,0,err,40,1.461183961054579,201.0
fixed,gtinit_vf,0,err,41,1.469546658630988,201.0
fixed,gtinit_vf,0,err,42,1.488432587527517,201.0
fixed,gtinit_vf,0,err,43,1.5042196574495799,201.0
fixed,gtinit_vf,0,err,44,1.5149959107833122,201.0
fixed,gtinit_vf,0,err,45,1.5229452790609046,201.0
fixed,gtinit_vf,0,err,46,1.53148268333715,201.0
fixed,gtinit_vf,0,err,47,1.5475552789310911,201.0
fixed,gtinit_vf,0,err,48,1.5582646564464664,201.0
fixed,gtinit_vf,0,err,49,1.566110725278285,201.0
fixed,gtinit_vf,0,err,50,1.5803641223195772,201.0
fixed,gtinit_vf,0,err,51,1.5879911156139563,201.0
fixed,gtinit_vf,0,err,52,1.6006576008168025,201.0
fixed,gtinit_vf,0,err,53,1.6140554619962304,201.0
fixed,gtinit_vf,0,err,54,1.6256048319055074,201.0
fixed,gtinit_vf,0,err,55,1.6341986445645196,201.0
fixed,gtinit_vf,0,err,56,1.6387778565065185,201.0
fixed,gtinit_vf,0,err,57,1.6346705864317974,201.0
fixed,gtinit_vf,0,err,58,1.6472536405520652,201.0
fixed,gtinit_vf,0,err,59,1.656472683694232,201.0
fixed,gtinit_vf,0,err,60,1.6628178967468774,201.0
fixed,gtinit_vf,0,err,61,1.6779354423729342,201.0
fixed,gtinit_vf,0,err,62,1.6833423562903902,201.0
fixed,gtinit_vf,0,err,63,1.703791192366709,201.0
fixed,samplerGT_static,-1,derr,0,0.18794822857821758,201.0
fixed,samplerGT_static,-1,derr,1,0.18324321045989717,201.0
fixed,samplerGT_static,-1,derr,2,0.16352031217304183,201.0
fixed,samplerGT_static,-1,derr,3,0.15898016127132214,201.0
fixed,samplerGT_static,-1,derr,4,0.15500409340495197,201.0
fixed,samplerGT_static,-1,derr,5,0.15485638922627143,201.0
fixed,samplerGT_static,-1,derr,6,0.1472549286175204,201.0
fixed,samplerGT_static,-1,derr,7,0.14401959507397158,201.0
fixed,samplerGT_static,-1,derr,8,0.15601334089543023,201.0
fixed,samplerGT_static,-1,derr,9,0.1581362899629149,201.0
fixed,samplerGT_static,-1,derr,10,0.14272454464854442,201.0
fixed,samplerGT_static,-1,derr,11,0.15182934779284604,201.0
fixed,samplerGT_static,-1,derr,12,0.1393849386124691,201.0
fixed,samplerGT_static,-1,derr,13,0.1320755262882333,201.0
fixed,samplerGT_static,-1,derr,14,0.13243926301209338,201.0
fixed,samplerGT_static,-1,derr,15,0.12724211058621085,201.0
fixed,samplerGT_static,-1,derr,16,0.14202787535292888,201.0
fixed,samplerGT_static,-1,derr,17,0.13422808004311512,201.0
fixed,samplerGT_static,-1,derr,18,0.13946774183999544,201.0
fixed,samplerGT_static,-1,derr,19,0.14132899859808942,201.0
fixed,samplerGT_static,-1,derr,20,0.13728414310967152,201.0
fixed,samplerGT_static,-1,derr,21,0.14534646436219933,201.0
fixed,samplerGT_static,-1,derr,22,0.1373735974213822,201.0
fixed,samplerGT_static,-1,derr,23,0.14677718600990317,201.0
fixed,samplerGT_static,-1,derr,24,0.1497291664532687,201.0
fixed,samplerGT_static,-1,derr,25,0.13873377789405003,201.0
fixed,samplerGT_static,-1,derr,26,0.1439318391818794,201.0
fixed,samplerGT_static,-1,derr,27,0.15408261187967673,201.0
fixed,samplerGT_static,-1,derr,28,0.1359869609749065,201.0
fixed,samplerGT_static,-1,derr,29,0.1508150560368983,201.0
fixed,samplerGT_static,-1,derr,30,0.13275057941313778,201.0
fixed,samplerGT_static,-1,derr,31,0.12922997438622202,201.0
fixed,samplerGT_static,-1,derr,32,0.1373331661878237,201.0
fixed,samplerGT_static,-1,derr,33,0.15656044184512907,201.0
fixed,samplerGT_static,-1,derr,34,0.14048177460023198,201.0
fixed,samplerGT_static,-1,derr,35,0.13139452407627705,201.0
fixed,samplerGT_static,-1,derr,36,0.14167739886012096,201.0
fixed,samplerGT_static,-1,derr,37,0.14371680066137765,201.0
fixed,samplerGT_static,-1,derr,38,0.1526468586760448,201.0
fixed,samplerGT_static,-1,derr,39,0.14030394583143554,201.0
fixed,samplerGT_static,-1,derr,40,0.15272535382774635,201.0
fixed,samplerGT_static,-1,derr,41,0.13949898489523882,201.0
fixed,samplerGT_static,-1,derr,42,0.13035058691189508,201.0
fixed,samplerGT_static,-1,derr,43,0.12019285753795608,201.0
fixed,samplerGT_static,-1,derr,44,0.14120584439523332,201.0
fixed,samplerGT_static,-1,derr,45,0.14391174046693378,201.0
fixed,samplerGT_static,-1,derr,46,0.15131546815032537,201.0
fixed,samplerGT_static,-1,derr,47,0.1380078665754614,201.0
fixed,samplerGT_static,-1,derr,48,0.14151885359089322,201.0
fixed,samplerGT_static,-1,derr,49,0.14147562063322286,201.0
fixed,samplerGT_static,-1,derr,50,0.1335868604842629,201.0
fixed,samplerGT_static,-1,derr,51,0.13985992897885727,201.0
fixed,samplerGT_static,-1,derr,52,0.12640855115240635,201.0
fixed,samplerGT_static,-1,derr,53,0.12015329694736805,201.0
fixed,samplerGT_static,-1,derr,54,0.12959511227562875,201.0
fixed,samplerGT_static,-1,derr,55,0.13645559840312052,201.0
fixed,samplerGT_static,-1,derr,56,0.13357422428103674,201.0
fixed,samplerGT_static,-1,derr,57,0.13789556595260527,201.0
fixed,samplerGT_static,-1,derr,58,0.13200964789318653,201.0
fixed,samplerGT_static,-1,derr,59,0.1324784200017651,201.0
fixed,samplerGT_static,-1,derr,60,0.13891145049719444,201.0
fixed,samplerGT_static,-1,derr,61,0.13702236744227694,201.0
fixed,samplerGT_static,-1,derr,62,0.13371256065429815,201.0
fixed,samplerGT_static,-1,dmag,0,0.0,201.0
fixed,samplerGT_static,-1,dmag,1,0.0,201.0
fixed,samplerGT_static,-1,dmag,2,0.0,201.0
fixed,samplerGT_static,-1,dmag,3,0.0,201.0
fixed,samplerGT_static,-1,dmag,4,0.0,201.0
fixed,samplerGT_static,-1,dmag,5,0.0,201.0
fixed,samplerGT_static,-1,dmag,6,0.0,201.0
fixed,samplerGT_static,-1,dmag,7,0.0,201.0
fixed,samplerGT_static,-1,dmag,8,0.0,201.0
fixed,samplerGT_static,-1,dmag,9,0.0,201.0
fixed,samplerGT_static,-1,dmag,10,0.0,201.0
fixed,samplerGT_static,-1,dmag,11,0.0,201.0
fixed,samplerGT_static,-1,dmag,12,0.0,201.0
fixed,samplerGT_static,-1,dmag,13,0.0,201.0
fixed,samplerGT_static,-1,dmag,14,0.0,201.0
fixed,samplerGT_static,-1,dmag,15,0.0,201.0
fixed,samplerGT_static,-1,dmag,16,0.0,201.0
fixed,samplerGT_static,-1,dmag,17,0.0,201.0
fixed,samplerGT_static,-1,dmag,18,0.0,201.0
fixed,samplerGT_static,-1,dmag,19,0.0,201.0
fixed,samplerGT_static,-1,dmag,20,0.0,201.0
fixed,samplerGT_static,-1,dmag,21,0.0,201.0
fixed,samplerGT_static,-1,dmag,22,0.0,201.0
fixed,samplerGT_static,-1,dmag,23,0.0,201.0
fixed,samplerGT_static,-1,dmag,24,0.0,201.0
fixed,samplerGT_static,-1,dmag,25,0.0,201.0
fixed,samplerGT_static,-1,dmag,26,0.0,201.0
fixed,samplerGT_static,-1,dmag,27,0.0,201.0
fixed,samplerGT_static,-1,dmag,28,0.0,201.0
fixed,samplerGT_static,-1,dmag,29,0.0,201.0
fixed,samplerGT_static,-1,dmag,30,0.0,201.0
fixed,samplerGT_static,-1,dmag,31,0.0,201.0
fixed,samplerGT_static,-1,dmag,32,0.0,201.0
fixed,samplerGT_static,-1,dmag,33,0.0,201.0
fixed,samplerGT_static,-1,dmag,34,0.0,201.0
fixed,samplerGT_static,-1,dmag,35,0.0,201.0
fixed,samplerGT_static,-1,dmag,36,0.0,201.0
fixed,samplerGT_static,-1,dmag,37,0.0,201.0
fixed,samplerGT_static,-1,dmag,38,0.0,201.0
fixed,samplerGT_static,-1,dmag,39,0.0,201.0
fixed,samplerGT_static,-1,dmag,40,0.0,201.0
fixed,samplerGT_static,-1,dmag,41,0.0,201.0
fixed,samplerGT_static,-1,dmag,42,0.0,201.0
fixed,samplerGT_static,-1,dmag,43,0.0,201.0
fixed,samplerGT_static,-1,dmag,44,0.0,201.0
fixed,samplerGT_static,-1,dmag,45,0.0,201.0
fixed,samplerGT_static,-1,dmag,46,0.0,201.0
fixed,samplerGT_static,-1,dmag,47,0.0,201.0
fixed,samplerGT_static,-1,dmag,48,0.0,201.0
fixed,samplerGT_static,-1,dmag,49,0.0,201.0
fixed,samplerGT_static,-1,dmag,50,0.0,201.0
fixed,samplerGT_static,-1,dmag,51,0.0,201.0
fixed,samplerGT_static,-1,dmag,52,0.0,201.0
fixed,samplerGT_static,-1,dmag,53,0.0,201.0
fixed,samplerGT_static,-1,dmag,54,0.0,201.0
fixed,samplerGT_static,-1,dmag,55,0.0,201.0
fixed,samplerGT_static,-1,dmag,56,0.0,201.0
fixed,samplerGT_static,-1,dmag,57,0.0,201.0
fixed,samplerGT_static,-1,dmag,58,0.0,201.0
fixed,samplerGT_static,-1,dmag,59,0.0,201.0
fixed,samplerGT_static,-1,dmag,60,0.0,201.0
fixed,samplerGT_static,-1,dmag,61,0.0,201.0
fixed,samplerGT_static,-1,dmag,62,0.0,201.0
fixed,samplerGT_static,-1,err,0,3.82498116297508,201.0
fixed,samplerGT_static,-1,err,1,3.832068119357473,201.0
fixed,samplerGT_static,-1,err,2,3.843142822103121,201.0
fixed,samplerGT_static,-1,err,3,3.8390795949086627,201.0
fixed,samplerGT_static,-1,err,4,3.8556133065057594,201.0
fixed,samplerGT_static,-1,err,5,3.865196790979868,201.0
fixed,samplerGT_static,-1,err,6,3.8820576100503668,201.0
fixed,samplerGT_static,-1,err,7,3.8936354433126126,201.0
fixed,samplerGT_static,-1,err,8,3.8968615870570678,201.0
fixed,samplerGT_static,-1,err,9,3.903581080448568,201.0
fixed,samplerGT_static,-1,err,10,3.9021704438907014,201.0
fixed,samplerGT_static,-1,err,11,3.90711004283298,201.0
fixed,samplerGT_static,-1,err,12,3.913589419239196,201.0
fixed,samplerGT_static,-1,err,13,3.9198722164132676,201.0
fixed,samplerGT_static,-1,err,14,3.925362018358648,201.0
fixed,samplerGT_static,-1,err,15,3.9347533070329397,201.0
fixed,samplerGT_static,-1,err,16,3.9450943444498727,201.0
fixed,samplerGT_static,-1,err,17,3.9555596257027097,201.0
fixed,samplerGT_static,-1,err,18,3.964236754030729,201.0
fixed,samplerGT_static,-1,err,19,3.962826169545379,201.0
fixed,samplerGT_static,-1,err,20,3.9674730805911866,201.0
fixed,samplerGT_static,-1,err,21,3.9717472660304303,201.0
fixed,samplerGT_static,-1,err,22,3.9762873327850703,201.0
fixed,samplerGT_static,-1,err,23,3.9758347598177886,201.0
fixed,samplerGT_static,-1,err,24,3.9726642230256872,201.0
fixed,samplerGT_static,-1,err,25,3.9746651660447077,201.0
fixed,samplerGT_static,-1,err,26,3.982950025085194,201.0
fixed,samplerGT_static,-1,err,27,3.9849046347746184,201.0
fixed,samplerGT_static,-1,err,28,3.989269908743712,201.0
fixed,samplerGT_static,-1,err,29,3.9977371409757794,201.0
fixed,samplerGT_static,-1,err,30,4.0055265484757685,201.0
fixed,samplerGT_static,-1,err,31,4.007694063880548,201.0
fixed,samplerGT_static,-1,err,32,4.0078868360661755,201.0
fixed,samplerGT_static,-1,err,33,4.015032123689035,201.0
fixed,samplerGT_static,-1,err,34,4.010943901983661,201.0
fixed,samplerGT_static,-1,err,35,4.015124763214768,201.0
fixed,samplerGT_static,-1,err,36,4.020888344743357,201.0
fixed,samplerGT_static,-1,err,37,4.031723049090276,201.0
fixed,samplerGT_static,-1,err,38,4.0349124574839195,201.0
fixed,samplerGT_static,-1,err,39,4.040945445483001,201.0
fixed,samplerGT_static,-1,err,40,4.046457559433743,201.0
fixed,samplerGT_static,-1,err,41,4.054711394049042,201.0
fixed,samplerGT_static,-1,err,42,4.055345208253431,201.0
fixed,samplerGT_static,-1,err,43,4.051708186058264,201.0
fixed,samplerGT_static,-1,err,44,4.045783446202822,201.0
fixed,samplerGT_static,-1,err,45,4.040466408438942,201.0
fixed,samplerGT_static,-1,err,46,4.031254453089702,201.0
fixed,samplerGT_static,-1,err,47,4.02374063614589,201.0
fixed,samplerGT_static,-1,err,48,4.0175536886673076,201.0
fixed,samplerGT_static,-1,err,49,4.015778470751067,201.0
fixed,samplerGT_static,-1,err,50,4.017572860338203,201.0
fixed,samplerGT_static,-1,err,51,4.019889902445806,201.0
fixed,samplerGT_static,-1,err,52,4.023300530335205,201.0
fixed,samplerGT_static,-1,err,53,4.021582499013019,201.0
fixed,samplerGT_static,-1,err,54,4.0234704704427,201.0
fixed,samplerGT_static,-1,err,55,4.016701911960668,201.0
fixed,samplerGT_static,-1,err,56,4.024277297744703,201.0
fixed,samplerGT_static,-1,err,57,4.029841422589858,201.0
fixed,samplerGT_static,-1,err,58,4.036848714369449,201.0
fixed,samplerGT_static,-1,err,59,4.0442165406189154,201.0
fixed,samplerGT_static,-1,err,60,4.052587668367877,201.0
fixed,samplerGT_static,-1,err,61,4.06356718015315,201.0
fixed,samplerGT_static,-1,err,62,4.060732352585341,201.0
fixed,samplerGT_static,-1,err,63,4.062732880684868,201.0
fixed,samplerGT_static,1,derr,0,0.18794822857821758,201.0
fixed,samplerGT_static,1,derr,1,0.18324321045989717,201.0
fixed,samplerGT_static,1,derr,2,0.16352031217304183,201.0
fixed,samplerGT_static,1,derr,3,0.15898016127132214,201.0
fixed,samplerGT_static,1,derr,4,0.15500409340495197,201.0
fixed,samplerGT_static,1,derr,5,0.15485638922627143,201.0
fixed,samplerGT_static,1,derr,6,0.1472549286175204,201.0
fixed,samplerGT_static,1,derr,7,0.14401959507397158,201.0
fixed,samplerGT_static,1,derr,8,0.15601334089543023,201.0
fixed,samplerGT_static,1,derr,9,0.1581362899629149,201.0
fixed,samplerGT_static,1,derr,10,0.14272454464854442,201.0
fixed,samplerGT_static,1,derr,11,0.15182934779284604,201.0
fixed,samplerGT_static,1,derr,12,0.1393849386124691,201.0
fixed,samplerGT_static,1,derr,13,0.1320755262882333,201.0
fixed,samplerGT_static,1,derr,14,0.13243926301209338,201.0
fixed,samplerGT_static,1,derr,15,0.12724211058621085,201.0
fixed,samplerGT_static,1,derr,16,0.14202787535292888,201.0
fixed,samplerGT_static,1,derr,17,0.13422808004311512,201.0
fixed,samplerGT_static,1,derr,18,0.13946774183999544,201.0
fixed,samplerGT_static,1,derr,19,0.14132899859808942,201.0
fixed,samplerGT_static,1,derr,20,0.13728414310967152,201.0
fixed,samplerGT_static,1,derr,21,0.14534646436219933,201.0
fixed,samplerGT_static,1,derr,22,0.1373735974213822,201.0
fixed,samplerGT_static,1,derr,23,0.14677718600990317,201.0
fixed,samplerGT_static,1,derr,24,0.1497291664532687,201.0
fixed,samplerGT_static,1,derr,25,0.13873377789405003,201.0
fixed,samplerGT_static,1,derr,26,0.1439318391818794,201.0
fixed,samplerGT_static,1,derr,27,0.15408261187967673,201.0
fixed,samplerGT_static,1,derr,28,0.1359869609749065,201.0
fixed,samplerGT_static,1,derr,29,0.1508150560368983,201.0
fixed,samplerGT_static,1,derr,30,0.13275057941313778,201.0
fixed,samplerGT_static,1,derr,31,0.12922997438622202,201.0
fixed,samplerGT_static,1,derr,32,0.1373331661878237,201.0
fixed,samplerGT_static,1,derr,33,0.15656044184512907,201.0
fixed,samplerGT_static,1,derr,34,0.14048177460023198,201.0
fixed,samplerGT_static,1,derr,35,0.13139452407627705,201.0
fixed,samplerGT_static,1,derr,36,0.14167739886012096,201.0
fixed,samplerGT_static,1,derr,37,0.14371680066137765,201.0
fixed,samplerGT_static,1,derr,38,0.1526468586760448,201.0
fixed,samplerGT_static,1,derr,39,0.14030394583143554,201.0
fixed,samplerGT_static,1,derr,40,0.15272535382774635,201.0
fixed,samplerGT_static,1,derr,41,0.13949898489523882,201.0
fixed,samplerGT_static,1,derr,42,0.13035058691189508,201.0
fixed,samplerGT_static,1,derr,43,0.12019285753795608,201.0
fixed,samplerGT_static,1,derr,44,0.14120584439523332,201.0
fixed,samplerGT_static,1,derr,45,0.14391174046693378,201.0
fixed,samplerGT_static,1,derr,46,0.15131546815032537,201.0
fixed,samplerGT_static,1,derr,47,0.1380078665754614,201.0
fixed,samplerGT_static,1,derr,48,0.14151885359089322,201.0
fixed,samplerGT_static,1,derr,49,0.14147562063322286,201.0
fixed,samplerGT_static,1,derr,50,0.1335868604842629,201.0
fixed,samplerGT_static,1,derr,51,0.13985992897885727,201.0
fixed,samplerGT_static,1,derr,52,0.12640855115240635,201.0
fixed,samplerGT_static,1,derr,53,0.12015329694736805,201.0
fixed,samplerGT_static,1,derr,54,0.12959511227562875,201.0
fixed,samplerGT_static,1,derr,55,0.13645559840312052,201.0
fixed,samplerGT_static,1,derr,56,0.13357422428103674,201.0
fixed,samplerGT_static,1,derr,57,0.13789556595260527,201.0
fixed,samplerGT_static,1,derr,58,0.13200964789318653,201.0
fixed,samplerGT_static,1,derr,59,0.1324784200017651,201.0
fixed,samplerGT_static,1,derr,60,0.13891145049719444,201.0
fixed,samplerGT_static,1,derr,61,0.13702236744227694,201.0
fixed,samplerGT_static,1,derr,62,0.13371256065429815,201.0
fixed,samplerGT_static,1,dmag,0,0.0,201.0
fixed,samplerGT_static,1,dmag,1,0.0,201.0
fixed,samplerGT_static,1,dmag,2,0.0,201.0
fixed,samplerGT_static,1,dmag,3,0.0,201.0
fixed,samplerGT_static,1,dmag,4,0.0,201.0
fixed,samplerGT_static,1,dmag,5,0.0,201.0
fixed,samplerGT_static,1,dmag,6,0.0,201.0
fixed,samplerGT_static,1,dmag,7,0.0,201.0
fixed,samplerGT_static,1,dmag,8,0.0,201.0
fixed,samplerGT_static,1,dmag,9,0.0,201.0
fixed,samplerGT_static,1,dmag,10,0.0,201.0
fixed,samplerGT_static,1,dmag,11,0.0,201.0
fixed,samplerGT_static,1,dmag,12,0.0,201.0
fixed,samplerGT_static,1,dmag,13,0.0,201.0
fixed,samplerGT_static,1,dmag,14,0.0,201.0
fixed,samplerGT_static,1,dmag,15,0.0,201.0
fixed,samplerGT_static,1,dmag,16,0.0,201.0
fixed,samplerGT_static,1,dmag,17,0.0,201.0
fixed,samplerGT_static,1,dmag,18,0.0,201.0
fixed,samplerGT_static,1,dmag,19,0.0,201.0
fixed,samplerGT_static,1,dmag,20,0.0,201.0
fixed,samplerGT_static,1,dmag,21,0.0,201.0
fixed,samplerGT_static,1,dmag,22,0.0,201.0
fixed,samplerGT_static,1,dmag,23,0.0,201.0
fixed,samplerGT_static,1,dmag,24,0.0,201.0
fixed,samplerGT_static,1,dmag,25,0.0,201.0
fixed,samplerGT_static,1,dmag,26,0.0,201.0
fixed,samplerGT_static,1,dmag,27,0.0,201.0
fixed,samplerGT_static,1,dmag,28,0.0,201.0
fixed,samplerGT_static,1,dmag,29,0.0,201.0
fixed,samplerGT_static,1,dmag,30,0.0,201.0
fixed,samplerGT_static,1,dmag,31,0.0,201.0
fixed,samplerGT_static,1,dmag,32,0.0,201.0
fixed,samplerGT_static,1,dmag,33,0.0,201.0
fixed,samplerGT_static,1,dmag,34,0.0,201.0
fixed,samplerGT_static,1,dmag,35,0.0,201.0
fixed,samplerGT_static,1,dmag,36,0.0,201.0
fixed,samplerGT_static,1,dmag,37,0.0,201.0
fixed,samplerGT_static,1,dmag,38,0.0,201.0
fixed,samplerGT_static,1,dmag,39,0.0,201.0
fixed,samplerGT_static,1,dmag,40,0.0,201.0
fixed,samplerGT_static,1,dmag,41,0.0,201.0
fixed,samplerGT_static,1,dmag,42,0.0,201.0
fixed,samplerGT_static,1,dmag,43,0.0,201.0
fixed,samplerGT_static,1,dmag,44,0.0,201.0
fixed,samplerGT_static,1,dmag,45,0.0,201.0
fixed,samplerGT_static,1,dmag,46,0.0,201.0
fixed,samplerGT_static,1,dmag,47,0.0,201.0
fixed,samplerGT_static,1,dmag,48,0.0,201.0
fixed,samplerGT_static,1,dmag,49,0.0,201.0
fixed,samplerGT_static,1,dmag,50,0.0,201.0
fixed,samplerGT_static,1,dmag,51,0.0,201.0
fixed,samplerGT_static,1,dmag,52,0.0,201.0
fixed,samplerGT_static,1,dmag,53,0.0,201.0
fixed,samplerGT_static,1,dmag,54,0.0,201.0
fixed,samplerGT_static,1,dmag,55,0.0,201.0
fixed,samplerGT_static,1,dmag,56,0.0,201.0
fixed,samplerGT_static,1,dmag,57,0.0,201.0
fixed,samplerGT_static,1,dmag,58,0.0,201.0
fixed,samplerGT_static,1,dmag,59,0.0,201.0
fixed,samplerGT_static,1,dmag,60,0.0,201.0
fixed,samplerGT_static,1,dmag,61,0.0,201.0
fixed,samplerGT_static,1,dmag,62,0.0,201.0
fixed,samplerGT_static,1,err,0,3.7693621095140184,201.0
fixed,samplerGT_static,1,err,1,3.772090269855006,201.0
fixed,samplerGT_static,1,err,2,3.7818962531303293,201.0
fixed,samplerGT_static,1,err,3,3.777668831953362,201.0
fixed,samplerGT_static,1,err,4,3.793351329084653,201.0
fixed,samplerGT_static,1,err,5,3.801074711837579,201.0
fixed,samplerGT_static,1,err,6,3.8148541744075604,201.0
fixed,samplerGT_static,1,err,7,3.8309816593554484,201.0
fixed,samplerGT_static,1,err,8,3.8373346607483443,201.0
fixed,samplerGT_static,1,err,9,3.848653663153672,201.0
fixed,samplerGT_static,1,err,10,3.8484826381526775,201.0
fixed,samplerGT_static,1,err,11,3.8540102557756413,201.0
fixed,samplerGT_static,1,err,12,3.8654769667938575,201.0
fixed,samplerGT_static,1,err,13,3.8713570296467834,201.0
fixed,samplerGT_static,1,err,14,3.8818214443785632,201.0
fixed,samplerGT_static,1,err,15,3.893903685446402,201.0
fixed,samplerGT_static,1,err,16,3.904522233341464,201.0
fixed,samplerGT_static,1,err,17,3.9178743148917583,201.0
fixed,samplerGT_static,1,err,18,3.9241307395607676,201.0
fixed,samplerGT_static,1,err,19,3.9184121400562684,201.0
fixed,samplerGT_static,1,err,20,3.9269571218324537,201.0
fixed,samplerGT_static,1,err,21,3.929894131511005,201.0
fixed,samplerGT_static,1,err,22,3.935071694613689,201.0
fixed,samplerGT_static,1,err,23,3.9363956217149005,201.0
fixed,samplerGT_static,1,err,24,3.9302723449261032,201.0
fixed,samplerGT_static,1,err,25,3.934950793857005,201.0
fixed,samplerGT_static,1,err,26,3.944670896031963,201.0
fixed,samplerGT_static,1,err,27,3.9496227063942904,201.0
fixed,samplerGT_static,1,err,28,3.9575659567443884,201.0
fixed,samplerGT_static,1,err,29,3.965688776614061,201.0
fixed,samplerGT_static,1,err,30,3.975727119849096,201.0
fixed,samplerGT_static,1,err,31,3.9777947056352794,201.0
fixed,samplerGT_static,1,err,32,3.9813397342885906,201.0
fixed,samplerGT_static,1,err,33,3.9934394632405903,201.0
fixed,samplerGT_static,1,err,34,3.9909293102980845,201.0
fixed,samplerGT_static,1,err,35,3.9968530473424426,201.0
fixed,samplerGT_static,1,err,36,4.003797106185362,201.0
fixed,samplerGT_static,1,err,37,4.015677450011618,201.0
fixed,samplerGT_static,1,err,38,4.019397309170434,201.0
fixed,samplerGT_static,1,err,39,4.025647987477222,201.0
fixed,samplerGT_static,1,err,40,4.030073165893555,201.0
fixed,samplerGT_static,1,err,41,4.042329200168155,201.0
fixed,samplerGT_static,1,err,42,4.042076854563471,201.0
fixed,samplerGT_static,1,err,43,4.0381472128540725,201.0
fixed,samplerGT_static,1,err,44,4.033486499715207,201.0
fixed,samplerGT_static,1,err,45,4.026709043861029,201.0
fixed,samplerGT_static,1,err,46,4.014089005503489,201.0
fixed,samplerGT_static,1,err,47,3.999327522605213,201.0
fixed,samplerGT_static,1,err,48,3.993330913989698,201.0
fixed,samplerGT_static,1,err,49,3.989594355151428,201.0
fixed,samplerGT_static,1,err,50,3.99267780069095,201.0
fixed,samplerGT_static,1,err,51,3.993351828103042,201.0
fixed,samplerGT_static,1,err,52,3.993844839767437,201.0
fixed,samplerGT_static,1,err,53,3.995148510482181,201.0
fixed,samplerGT_static,1,err,54,3.994621506377832,201.0
fixed,samplerGT_static,1,err,55,3.9871747983035757,201.0
fixed,samplerGT_static,1,err,56,3.9962131739848883,201.0
fixed,samplerGT_static,1,err,57,4.002867722985757,201.0
fixed,samplerGT_static,1,err,58,4.007613717026971,201.0
fixed,samplerGT_static,1,err,59,4.013975762905766,201.0
fixed,samplerGT_static,1,err,60,4.025522387146356,201.0
fixed,samplerGT_static,1,err,61,4.034714603008916,201.0
fixed,samplerGT_static,1,err,62,4.032578360975085,201.0
fixed,samplerGT_static,1,err,63,4.036202934547443,201.0
fixed,samplerGT_static,5,derr,0,0.18794822857821758,201.0
fixed,samplerGT_static,5,derr,1,0.18324321045989717,201.0
fixed,samplerGT_static,5,derr,2,0.16352031217304183,201.0
fixed,samplerGT_static,5,derr,3,0.15898016127132214,201.0
fixed,samplerGT_static,5,derr,4,0.15500409340495197,201.0
fixed,samplerGT_static,5,derr,5,0.15485638922627143,201.0
fixed,samplerGT_static,5,derr,6,0.1472549286175204,201.0
fixed,samplerGT_static,5,derr,7,0.14401959507397158,201.0
fixed,samplerGT_static,5,derr,8,0.15601334089543023,201.0
fixed,samplerGT_static,5,derr,9,0.1581362899629149,201.0
fixed,samplerGT_static,5,derr,10,0.14272454464854442,201.0
fixed,samplerGT_static,5,derr,11,0.15182934779284604,201.0
fixed,samplerGT_static,5,derr,12,0.1393849386124691,201.0
fixed,samplerGT_static,5,derr,13,0.1320755262882333,201.0
fixed,samplerGT_static,5,derr,14,0.13243926301209338,201.0
fixed,samplerGT_static,5,derr,15,0.12724211058621085,201.0
fixed,samplerGT_static,5,derr,16,0.14202787535292888,201.0
fixed,samplerGT_static,5,derr,17,0.13422808004311512,201.0
fixed,samplerGT_static,5,derr,18,0.13946774183999544,201.0
fixed,samplerGT_static,5,derr,19,0.14132899859808942,201.0
fixed,samplerGT_static,5,derr,20,0.13728414310967152,201.0
fixed,samplerGT_static,5,derr,21,0.14534646436219933,201.0
fixed,samplerGT_static,5,derr,22,0.1373735974213822,201.0
fixed,samplerGT_static,5,derr,23,0.14677718600990317,201.0
fixed,samplerGT_static,5,derr,24,0.1497291664532687,201.0
fixed,samplerGT_static,5,derr,25,0.13873377789405003,201.0
fixed,samplerGT_static,5,derr,26,0.1439318391818794,201.0
fixed,samplerGT_static,5,derr,27,0.15408261187967673,201.0
fixed,samplerGT_static,5,derr,28,0.1359869609749065,201.0
fixed,samplerGT_static,5,derr,29,0.1508150560368983,201.0
fixed,samplerGT_static,5,derr,30,0.13275057941313778,201.0
fixed,samplerGT_static,5,derr,31,0.12922997438622202,201.0
fixed,samplerGT_static,5,derr,32,0.1373331661878237,201.0
fixed,samplerGT_static,5,derr,33,0.15656044184512907,201.0
fixed,samplerGT_static,5,derr,34,0.14048177460023198,201.0
fixed,samplerGT_static,5,derr,35,0.13139452407627705,201.0
fixed,samplerGT_static,5,derr,36,0.14167739886012096,201.0
fixed,samplerGT_static,5,derr,37,0.14371680066137765,201.0
fixed,samplerGT_static,5,derr,38,0.1526468586760448,201.0
fixed,samplerGT_static,5,derr,39,0.14030394583143554,201.0
fixed,samplerGT_static,5,derr,40,0.15272535382774635,201.0
fixed,samplerGT_static,5,derr,41,0.13949898489523882,201.0
fixed,samplerGT_static,5,derr,42,0.13035058691189508,201.0
fixed,samplerGT_static,5,derr,43,0.12019285753795608,201.0
fixed,samplerGT_static,5,derr,44,0.14120584439523332,201.0
fixed,samplerGT_static,5,derr,45,0.14391174046693378,201.0
fixed,samplerGT_static,5,derr,46,0.15131546815032537,201.0
fixed,samplerGT_static,5,derr,47,0.1380078665754614,201.0
fixed,samplerGT_static,5,derr,48,0.14151885359089322,201.0
fixed,samplerGT_static,5,derr,49,0.14147562063322286,201.0
fixed,samplerGT_static,5,derr,50,0.1335868604842629,201.0
fixed,samplerGT_static,5,derr,51,0.13985992897885727,201.0
fixed,samplerGT_static,5,derr,52,0.12640855115240635,201.0
fixed,samplerGT_static,5,derr,53,0.12015329694736805,201.0
fixed,samplerGT_static,5,derr,54,0.12959511227562875,201.0
fixed,samplerGT_static,5,derr,55,0.13645559840312052,201.0
fixed,samplerGT_static,5,derr,56,0.13357422428103674,201.0
fixed,samplerGT_static,5,derr,57,0.13789556595260527,201.0
fixed,samplerGT_static,5,derr,58,0.13200964789318653,201.0
fixed,samplerGT_static,5,derr,59,0.1324784200017651,201.0
fixed,samplerGT_static,5,derr,60,0.13891145049719444,201.0
fixed,samplerGT_static,5,derr,61,0.13702236744227694,201.0
fixed,samplerGT_static,5,derr,62,0.13371256065429815,201.0
fixed,samplerGT_static,5,dmag,0,0.0,201.0
fixed,samplerGT_static,5,dmag,1,0.0,201.0
fixed,samplerGT_static,5,dmag,2,0.0,201.0
fixed,samplerGT_static,5,dmag,3,0.0,201.0
fixed,samplerGT_static,5,dmag,4,0.0,201.0
fixed,samplerGT_static,5,dmag,5,0.0,201.0
fixed,samplerGT_static,5,dmag,6,0.0,201.0
fixed,samplerGT_static,5,dmag,7,0.0,201.0
fixed,samplerGT_static,5,dmag,8,0.0,201.0
fixed,samplerGT_static,5,dmag,9,0.0,201.0
fixed,samplerGT_static,5,dmag,10,0.0,201.0
fixed,samplerGT_static,5,dmag,11,0.0,201.0
fixed,samplerGT_static,5,dmag,12,0.0,201.0
fixed,samplerGT_static,5,dmag,13,0.0,201.0
fixed,samplerGT_static,5,dmag,14,0.0,201.0
fixed,samplerGT_static,5,dmag,15,0.0,201.0
fixed,samplerGT_static,5,dmag,16,0.0,201.0
fixed,samplerGT_static,5,dmag,17,0.0,201.0
fixed,samplerGT_static,5,dmag,18,0.0,201.0
fixed,samplerGT_static,5,dmag,19,0.0,201.0
fixed,samplerGT_static,5,dmag,20,0.0,201.0
fixed,samplerGT_static,5,dmag,21,0.0,201.0
fixed,samplerGT_static,5,dmag,22,0.0,201.0
fixed,samplerGT_static,5,dmag,23,0.0,201.0
fixed,samplerGT_static,5,dmag,24,0.0,201.0
fixed,samplerGT_static,5,dmag,25,0.0,201.0
fixed,samplerGT_static,5,dmag,26,0.0,201.0
fixed,samplerGT_static,5,dmag,27,0.0,201.0
fixed,samplerGT_static,5,dmag,28,0.0,201.0
fixed,samplerGT_static,5,dmag,29,0.0,201.0
fixed,samplerGT_static,5,dmag,30,0.0,201.0
fixed,samplerGT_static,5,dmag,31,0.0,201.0
fixed,samplerGT_static,5,dmag,32,0.0,201.0
fixed,samplerGT_static,5,dmag,33,0.0,201.0
fixed,samplerGT_static,5,dmag,34,0.0,201.0
fixed,samplerGT_static,5,dmag,35,0.0,201.0
fixed,samplerGT_static,5,dmag,36,0.0,201.0
fixed,samplerGT_static,5,dmag,37,0.0,201.0
fixed,samplerGT_static,5,dmag,38,0.0,201.0
fixed,samplerGT_static,5,dmag,39,0.0,201.0
fixed,samplerGT_static,5,dmag,40,0.0,201.0
fixed,samplerGT_static,5,dmag,41,0.0,201.0
fixed,samplerGT_static,5,dmag,42,0.0,201.0
fixed,samplerGT_static,5,dmag,43,0.0,201.0
fixed,samplerGT_static,5,dmag,44,0.0,201.0
fixed,samplerGT_static,5,dmag,45,0.0,201.0
fixed,samplerGT_static,5,dmag,46,0.0,201.0
fixed,samplerGT_static,5,dmag,47,0.0,201.0
fixed,samplerGT_static,5,dmag,48,0.0,201.0
fixed,samplerGT_static,5,dmag,49,0.0,201.0
fixed,samplerGT_static,5,dmag,50,0.0,201.0
fixed,samplerGT_static,5,dmag,51,0.0,201.0
fixed,samplerGT_static,5,dmag,52,0.0,201.0
fixed,samplerGT_static,5,dmag,53,0.0,201.0
fixed,samplerGT_static,5,dmag,54,0.0,201.0
fixed,samplerGT_static,5,dmag,55,0.0,201.0
fixed,samplerGT_static,5,dmag,56,0.0,201.0
fixed,samplerGT_static,5,dmag,57,0.0,201.0
fixed,samplerGT_static,5,dmag,58,0.0,201.0
fixed,samplerGT_static,5,dmag,59,0.0,201.0
fixed,samplerGT_static,5,dmag,60,0.0,201.0
fixed,samplerGT_static,5,dmag,61,0.0,201.0
fixed,samplerGT_static,5,dmag,62,0.0,201.0
fixed,samplerGT_static,5,err,0,3.0053340519838665,201.0
fixed,samplerGT_static,5,err,1,3.003404085315875,201.0
fixed,samplerGT_static,5,err,2,3.0062632575557005,201.0
fixed,samplerGT_static,5,err,3,2.9972770569929437,201.0
fixed,samplerGT_static,5,err,4,3.007416294285314,201.0
fixed,samplerGT_static,5,err,5,3.0151239108683456,201.0
fixed,samplerGT_static,5,err,6,3.026182099361325,201.0
fixed,samplerGT_static,5,err,7,3.034347565909523,201.0
fixed,samplerGT_static,5,err,8,3.0316152445119413,201.0
fixed,samplerGT_static,5,err,9,3.0413092101984356,201.0
fixed,samplerGT_static,5,err,10,3.0400339655615203,201.0
fixed,samplerGT_static,5,err,11,3.0449786328557713,201.0
fixed,samplerGT_static,5,err,12,3.0464988792713603,201.0
fixed,samplerGT_static,5,err,13,3.0535686401585442,201.0
fixed,samplerGT_static,5,err,14,3.0604720833289685,201.0
fixed,samplerGT_static,5,err,15,3.070601859199467,201.0
fixed,samplerGT_static,5,err,16,3.079111959210676,201.0
fixed,samplerGT_static,5,err,17,3.0903636994053474,201.0
fixed,samplerGT_static,5,err,18,3.096481943011877,201.0
fixed,samplerGT_static,5,err,19,3.0930042068163552,201.0
fixed,samplerGT_static,5,err,20,3.0948338173515166,201.0
fixed,samplerGT_static,5,err,21,3.0983040540372553,201.0
fixed,samplerGT_static,5,err,22,3.097473168551032,201.0
fixed,samplerGT_static,5,err,23,3.0939818484273123,201.0
fixed,samplerGT_static,5,err,24,3.0835529263339825,201.0
fixed,samplerGT_static,5,err,25,3.086810758161308,201.0
fixed,samplerGT_static,5,err,26,3.096346202477887,201.0
fixed,samplerGT_static,5,err,27,3.0994120477443903,201.0
fixed,samplerGT_static,5,err,28,3.1017770432121123,201.0
fixed,samplerGT_static,5,err,29,3.110983079345665,201.0
fixed,samplerGT_static,5,err,30,3.116794624435368,201.0
fixed,samplerGT_static,5,err,31,3.1193301431575224,201.0
fixed,samplerGT_static,5,err,32,3.1202740704835352,201.0
fixed,samplerGT_static,5,err,33,3.1245243451488554,201.0
fixed,samplerGT_static,5,err,34,3.1192689852334965,201.0
fixed,samplerGT_static,5,err,35,3.127590532919661,201.0
fixed,samplerGT_static,5,err,36,3.1360377114803635,201.0
fixed,samplerGT_static,5,err,37,3.1511571345044604,201.0
fixed,samplerGT_static,5,err,38,3.1530185656167973,201.0
fixed,samplerGT_static,5,err,39,3.1576258178374066,201.0
fixed,samplerGT_static,5,err,40,3.16186707174007,201.0
fixed,samplerGT_static,5,err,41,3.1713931023778015,201.0
fixed,samplerGT_static,5,err,42,3.172058012355026,201.0
fixed,samplerGT_static,5,err,43,3.1661163983653435,201.0
fixed,samplerGT_static,5,err,44,3.157814817049017,201.0
fixed,samplerGT_static,5,err,45,3.1521985634642453,201.0
fixed,samplerGT_static,5,err,46,3.145404020945231,201.0
fixed,samplerGT_static,5,err,47,3.137071935691644,201.0
fixed,samplerGT_static,5,err,48,3.128418235339929,201.0
fixed,samplerGT_static,5,err,49,3.1303806527337033,201.0
fixed,samplerGT_static,5,err,50,3.1332060181679418,201.0
fixed,samplerGT_static,5,err,51,3.135964121391524,201.0
fixed,samplerGT_static,5,err,52,3.1434936553091553,201.0
fixed,samplerGT_static,5,err,53,3.1447721227484555,201.0
fixed,samplerGT_static,5,err,54,3.1476685603459678,201.0
fixed,samplerGT_static,5,err,55,3.144700012396817,201.0
fixed,samplerGT_static,5,err,56,3.157339444207908,201.0
fixed,samplerGT_static,5,err,57,3.165270453365288,201.0
fixed,samplerGT_static,5,err,58,3.179136468996456,201.0
fixed,samplerGT_static,5,err,59,3.1871645382387723,201.0
fixed,samplerGT_static,5,err,60,3.197119909732496,201.0
fixed,samplerGT_static,5,err,61,3.2132891920668567,201.0
fixed,samplerGT_static,5,err,62,3.2125087884528125,201.0
fixed,samplerGT_static,5,err,63,3.217276761187843,201.0
fixed,samplerGT_static,10,derr,0,0.18794822857821758,201.0
fixed,samplerGT_static,10,derr,1,0.18324321045989717,201.0
fixed,samplerGT_static,10,derr,2,0.16352031217304183,201.0
fixed,samplerGT_static,10,derr,3,0.15898016127132214,201.0
fixed,samplerGT_static,10,derr,4,0.15500409340495197,201.0
fixed,samplerGT_static,10,derr,5,0.15485638922627143,201.0
fixed,samplerGT_static,10,derr,6,0.1472549286175204,201.0
fixed,samplerGT_static,10,derr,7,0.14401959507397158,201.0
fixed,samplerGT_static,10,derr,8,0.15601334089543023,201.0
fixed,samplerGT_static,10,derr,9,0.1581362899629149,201.0
fixed,samplerGT_static,10,derr,10,0.14272454464854442,201.0
fixed,samplerGT_static,10,derr,11,0.15182934779284604,201.0
fixed,samplerGT_static,10,derr,12,0.1393849386124691,201.0
fixed,samplerGT_static,10,derr,13,0.1320755262882333,201.0
fixed,samplerGT_static,10,derr,14,0.13243926301209338,201.0
fixed,samplerGT_static,10,derr,15,0.12724211058621085,201.0
fixed,samplerGT_static,10,derr,16,0.14202787535292888,201.0
fixed,samplerGT_static,10,derr,17,0.13422808004311512,201.0
fixed,samplerGT_static,10,derr,18,0.13946774183999544,201.0
fixed,samplerGT_static,10,derr,19,0.14132899859808942,201.0
fixed,samplerGT_static,10,derr,20,0.13728414310967152,201.0
fixed,samplerGT_static,10,derr,21,0.14534646436219933,201.0
fixed,samplerGT_static,10,derr,22,0.1373735974213822,201.0
fixed,samplerGT_static,10,derr,23,0.14677718600990317,201.0
fixed,samplerGT_static,10,derr,24,0.1497291664532687,201.0
fixed,samplerGT_static,10,derr,25,0.13873377789405003,201.0
fixed,samplerGT_static,10,derr,26,0.1439318391818794,201.0
fixed,samplerGT_static,10,derr,27,0.15408261187967673,201.0
fixed,samplerGT_static,10,derr,28,0.1359869609749065,201.0
fixed,samplerGT_static,10,derr,29,0.1508150560368983,201.0
fixed,samplerGT_static,10,derr,30,0.13275057941313778,201.0
fixed,samplerGT_static,10,derr,31,0.12922997438622202,201.0
fixed,samplerGT_static,10,derr,32,0.1373331661878237,201.0
fixed,samplerGT_static,10,derr,33,0.15656044184512907,201.0
fixed,samplerGT_static,10,derr,34,0.14048177460023198,201.0
fixed,samplerGT_static,10,derr,35,0.13139452407627705,201.0
fixed,samplerGT_static,10,derr,36,0.14167739886012096,201.0
fixed,samplerGT_static,10,derr,37,0.14371680066137765,201.0
fixed,samplerGT_static,10,derr,38,0.1526468586760448,201.0
fixed,samplerGT_static,10,derr,39,0.14030394583143554,201.0
fixed,samplerGT_static,10,derr,40,0.15272535382774635,201.0
fixed,samplerGT_static,10,derr,41,0.13949898489523882,201.0
fixed,samplerGT_static,10,derr,42,0.13035058691189508,201.0
fixed,samplerGT_static,10,derr,43,0.12019285753795608,201.0
fixed,samplerGT_static,10,derr,44,0.14120584439523332,201.0
fixed,samplerGT_static,10,derr,45,0.14391174046693378,201.0
fixed,samplerGT_static,10,derr,46,0.15131546815032537,201.0
fixed,samplerGT_static,10,derr,47,0.1380078665754614,201.0
fixed,samplerGT_static,10,derr,48,0.14151885359089322,201.0
fixed,samplerGT_static,10,derr,49,0.14147562063322286,201.0
fixed,samplerGT_static,10,derr,50,0.1335868604842629,201.0
fixed,samplerGT_static,10,derr,51,0.13985992897885727,201.0
fixed,samplerGT_static,10,derr,52,0.12640855115240635,201.0
fixed,samplerGT_static,10,derr,53,0.12015329694736805,201.0
fixed,samplerGT_static,10,derr,54,0.12959511227562875,201.0
fixed,samplerGT_static,10,derr,55,0.13645559840312052,201.0
fixed,samplerGT_static,10,derr,56,0.13357422428103674,201.0
fixed,samplerGT_static,10,derr,57,0.13789556595260527,201.0
fixed,samplerGT_static,10,derr,58,0.13200964789318653,201.0
fixed,samplerGT_static,10,derr,59,0.1324784200017651,201.0
fixed,samplerGT_static,10,derr,60,0.13891145049719444,201.0
fixed,samplerGT_static,10,derr,61,0.13702236744227694,201.0
fixed,samplerGT_static,10,derr,62,0.13371256065429815,201.0
fixed,samplerGT_static,10,dmag,0,0.0,201.0
fixed,samplerGT_static,10,dmag,1,0.0,201.0
fixed,samplerGT_static,10,dmag,2,0.0,201.0
fixed,samplerGT_static,10,dmag,3,0.0,201.0
fixed,samplerGT_static,10,dmag,4,0.0,201.0
fixed,samplerGT_static,10,dmag,5,0.0,201.0
fixed,samplerGT_static,10,dmag,6,0.0,201.0
fixed,samplerGT_static,10,dmag,7,0.0,201.0
fixed,samplerGT_static,10,dmag,8,0.0,201.0
fixed,samplerGT_static,10,dmag,9,0.0,201.0
fixed,samplerGT_static,10,dmag,10,0.0,201.0
fixed,samplerGT_static,10,dmag,11,0.0,201.0
fixed,samplerGT_static,10,dmag,12,0.0,201.0
fixed,samplerGT_static,10,dmag,13,0.0,201.0
fixed,samplerGT_static,10,dmag,14,0.0,201.0
fixed,samplerGT_static,10,dmag,15,0.0,201.0
fixed,samplerGT_static,10,dmag,16,0.0,201.0
fixed,samplerGT_static,10,dmag,17,0.0,201.0
fixed,samplerGT_static,10,dmag,18,0.0,201.0
fixed,samplerGT_static,10,dmag,19,0.0,201.0
fixed,samplerGT_static,10,dmag,20,0.0,201.0
fixed,samplerGT_static,10,dmag,21,0.0,201.0
fixed,samplerGT_static,10,dmag,22,0.0,201.0
fixed,samplerGT_static,10,dmag,23,0.0,201.0
fixed,samplerGT_static,10,dmag,24,0.0,201.0
fixed,samplerGT_static,10,dmag,25,0.0,201.0
fixed,samplerGT_static,10,dmag,26,0.0,201.0
fixed,samplerGT_static,10,dmag,27,0.0,201.0
fixed,samplerGT_static,10,dmag,28,0.0,201.0
fixed,samplerGT_static,10,dmag,29,0.0,201.0
fixed,samplerGT_static,10,dmag,30,0.0,201.0
fixed,samplerGT_static,10,dmag,31,0.0,201.0
fixed,samplerGT_static,10,dmag,32,0.0,201.0
fixed,samplerGT_static,10,dmag,33,0.0,201.0
fixed,samplerGT_static,10,dmag,34,0.0,201.0
fixed,samplerGT_static,10,dmag,35,0.0,201.0
fixed,samplerGT_static,10,dmag,36,0.0,201.0
fixed,samplerGT_static,10,dmag,37,0.0,201.0
fixed,samplerGT_static,10,dmag,38,0.0,201.0
fixed,samplerGT_static,10,dmag,39,0.0,201.0
fixed,samplerGT_static,10,dmag,40,0.0,201.0
fixed,samplerGT_static,10,dmag,41,0.0,201.0
fixed,samplerGT_static,10,dmag,42,0.0,201.0
fixed,samplerGT_static,10,dmag,43,0.0,201.0
fixed,samplerGT_static,10,dmag,44,0.0,201.0
fixed,samplerGT_static,10,dmag,45,0.0,201.0
fixed,samplerGT_static,10,dmag,46,0.0,201.0
fixed,samplerGT_static,10,dmag,47,0.0,201.0
fixed,samplerGT_static,10,dmag,48,0.0,201.0
fixed,samplerGT_static,10,dmag,49,0.0,201.0
fixed,samplerGT_static,10,dmag,50,0.0,201.0
fixed,samplerGT_static,10,dmag,51,0.0,201.0
fixed,samplerGT_static,10,dmag,52,0.0,201.0
fixed,samplerGT_static,10,dmag,53,0.0,201.0
fixed,samplerGT_static,10,dmag,54,0.0,201.0
fixed,samplerGT_static,10,dmag,55,0.0,201.0
fixed,samplerGT_static,10,dmag,56,0.0,201.0
fixed,samplerGT_static,10,dmag,57,0.0,201.0
fixed,samplerGT_static,10,dmag,58,0.0,201.0
fixed,samplerGT_static,10,dmag,59,0.0,201.0
fixed,samplerGT_static,10,dmag,60,0.0,201.0
fixed,samplerGT_static,10,dmag,61,0.0,201.0
fixed,samplerGT_static,10,dmag,62,0.0,201.0
fixed,samplerGT_static,10,err,0,2.794353423723534,201.0
fixed,samplerGT_static,10,err,1,2.7850287138526117,201.0
fixed,samplerGT_static,10,err,2,2.7817670204746188,201.0
fixed,samplerGT_static,10,err,3,2.765724615374608,201.0
fixed,samplerGT_static,10,err,4,2.770647925227436,201.0
fixed,samplerGT_static,10,err,5,2.7699312784185457,201.0
fixed,samplerGT_static,10,err,6,2.7765400305909305,201.0
fixed,samplerGT_static,10,err,7,2.778123154569028,201.0
fixed,samplerGT_static,10,err,8,2.772234976588197,201.0
fixed,samplerGT_static,10,err,9,2.7767268348096024,201.0
fixed,samplerGT_static,10,err,10,2.771262980515684,201.0
fixed,samplerGT_static,10,err,11,2.7683744647016573,201.0
fixed,samplerGT_static,10,err,12,2.7695961004465968,201.0
fixed,samplerGT_static,10,err,13,2.7701889451463426,201.0
fixed,samplerGT_static,10,err,14,2.773043972046221,201.0
fixed,samplerGT_static,10,err,15,2.780599871678139,201.0
fixed,samplerGT_static,10,err,16,2.787900647120689,201.0
fixed,samplerGT_static,10,err,17,2.7983241060479958,201.0
fixed,samplerGT_static,10,err,18,2.8056221909783967,201.0
fixed,samplerGT_static,10,err,19,2.8029750422458743,201.0
fixed,samplerGT_static,10,err,20,2.806800439286588,201.0
fixed,samplerGT_static,10,err,21,2.8090812801128595,201.0
fixed,samplerGT_static,10,err,22,2.805798552522612,201.0
fixed,samplerGT_static,10,err,23,2.804614440422153,201.0
fixed,samplerGT_static,10,err,24,2.8001343243157684,201.0
fixed,samplerGT_static,10,err,25,2.8070069833181392,201.0
fixed,samplerGT_static,10,err,26,2.819008821278662,201.0
fixed,samplerGT_static,10,err,27,2.821171578483202,201.0
fixed,samplerGT_static,10,err,28,2.8311704145142094,201.0
fixed,samplerGT_static,10,err,29,2.840823937411332,201.0
fixed,samplerGT_static,10,err,30,2.8420424348679347,201.0
fixed,samplerGT_static,10,err,31,2.8461527430002964,201.0
fixed,samplerGT_static,10,err,32,2.8473207390130457,201.0
fixed,samplerGT_static,10,err,33,2.850257051228291,201.0
fixed,samplerGT_static,10,err,34,2.8473565904655267,201.0
fixed,samplerGT_static,10,err,35,2.857070928782373,201.0
fixed,samplerGT_static,10,err,36,2.866407899121147,201.0
fixed,samplerGT_static,10,err,37,2.881347810451071,201.0
fixed,samplerGT_static,10,err,38,2.886323342572397,201.0
fixed,samplerGT_static,10,err,39,2.888476029557375,201.0
fixed,samplerGT_static,10,err,40,2.8953288823217895,201.0
fixed,samplerGT_static,10,err,41,2.9046414897809574,201.0
fixed,samplerGT_static,10,err,42,2.9062248865763345,201.0
fixed,samplerGT_static,10,err,43,2.903430513185055,201.0
fixed,samplerGT_static,10,err,44,2.896071431648672,201.0
fixed,samplerGT_static,10,err,45,2.8886421474058235,201.0
fixed,samplerGT_static,10,err,46,2.8832716559296223,201.0
fixed,samplerGT_static,10,err,47,2.874481520249476,201.0
fixed,samplerGT_static,10,err,48,2.870144415850663,201.0
fixed,samplerGT_static,10,err,49,2.8730415369740765,201.0
fixed,samplerGT_static,10,err,50,2.8817355437065237,201.0
fixed,samplerGT_static,10,err,51,2.885614359556739,201.0
fixed,samplerGT_static,10,err,52,2.895627416781525,201.0
fixed,samplerGT_static,10,err,53,2.8986419160567705,201.0
fixed,samplerGT_static,10,err,54,2.9027580168116747,201.0
fixed,samplerGT_static,10,err,55,2.9002949669586484,201.0
fixed,samplerGT_static,10,err,56,2.913902955268746,201.0
fixed,samplerGT_static,10,err,57,2.921197608039154,201.0
fixed,samplerGT_static,10,err,58,2.935648471858371,201.0
fixed,samplerGT_static,10,err,59,2.944304335769729,201.0
fixed,samplerGT_static,10,err,60,2.9563427938157645,201.0
fixed,samplerGT_static,10,err,61,2.9709737769406828,201.0
fixed,samplerGT_static,10,err,62,2.9673116687518446,201.0
fixed,samplerGT_static,10,err,63,2.96995010957196,201.0
fixed,samplerGT_vf,-1,derr,0,0.19182100638061453,201.0
fixed,samplerGT_vf,-1,derr,1,0.18496648026815618,201.0
fixed,samplerGT_vf,-1,derr,2,0.1689940069639935,201.0
fixed,samplerGT_vf,-1,derr,3,0.16412106860447576,201.0
fixed,samplerGT_vf,-1,derr,4,0.15924402100094295,201.0
fixed,samplerGT_vf,-1,derr,5,0.15859814679889528,201.0
fixed,samplerGT_vf,-1,derr,6,0.14865264251448243,201.0
fixed,samplerGT_vf,-1,derr,7,0.1459288976127421,201.0
fixed,samplerGT_vf,-1,derr,8,0.1578379291429449,201.0
fixed,samplerGT_vf,-1,derr,9,0.15945340403035946,201.0
fixed,samplerGT_vf,-1,derr,10,0.14534588740184093,201.0
fixed,samplerGT_vf,-1,derr,11,0.1536466156767301,201.0
fixed,samplerGT_vf,-1,derr,12,0.14457557052234885,201.0
fixed,samplerGT_vf,-1,derr,13,0.13464517451971023,201.0
fixed,samplerGT_vf,-1,derr,14,0.1350108090389649,201.0
fixed,samplerGT_vf,-1,derr,15,0.1296056199591811,201.0
fixed,samplerGT_vf,-1,derr,16,0.14564931784937182,201.0
fixed,samplerGT_vf,-1,derr,17,0.1348567062785006,201.0
fixed,samplerGT_vf,-1,derr,18,0.14216393085511692,201.0
fixed,samplerGT_vf,-1,derr,19,0.14353880750812328,201.0
fixed,samplerGT_vf,-1,derr,20,0.1404974536789553,201.0
fixed,samplerGT_vf,-1,derr,21,0.1483375095905949,201.0
fixed,samplerGT_vf,-1,derr,22,0.14188563465488263,201.0
fixed,samplerGT_vf,-1,derr,23,0.1495110630822271,201.0
fixed,samplerGT_vf,-1,derr,24,0.15400031891498547,201.0
fixed,samplerGT_vf,-1,derr,25,0.14101309651573793,201.0
fixed,samplerGT_vf,-1,derr,26,0.14574884582769623,201.0
fixed,samplerGT_vf,-1,derr,27,0.15518962833289046,201.0
fixed,samplerGT_vf,-1,derr,28,0.13681642073461434,201.0
fixed,samplerGT_vf,-1,derr,29,0.15282002984226414,201.0
fixed,samplerGT_vf,-1,derr,30,0.13520028566552403,201.0
fixed,samplerGT_vf,-1,derr,31,0.1301196031684788,201.0
fixed,samplerGT_vf,-1,derr,32,0.13721638143766868,201.0
fixed,samplerGT_vf,-1,derr,33,0.15892381379566162,201.0
fixed,samplerGT_vf,-1,derr,34,0.14274383390424272,201.0
fixed,samplerGT_vf,-1,derr,35,0.1337571830516542,201.0
fixed,samplerGT_vf,-1,derr,36,0.14191506743773966,201.0
fixed,samplerGT_vf,-1,derr,37,0.1457314766202103,201.0
fixed,samplerGT_vf,-1,derr,38,0.1556061552091506,201.0
fixed,samplerGT_vf,-1,derr,39,0.14200299657112117,201.0
fixed,samplerGT_vf,-1,derr,40,0.1562817117750682,201.0
fixed,samplerGT_vf,-1,derr,41,0.14403159225878498,201.0
fixed,samplerGT_vf,-1,derr,42,0.13631296148987032,201.0
fixed,samplerGT_vf,-1,derr,43,0.12599511470932934,201.0
fixed,samplerGT_vf,-1,derr,44,0.14557613300400504,201.0
fixed,samplerGT_vf,-1,derr,45,0.14479835997358786,201.0
fixed,samplerGT_vf,-1,derr,46,0.15410114177664855,201.0
fixed,samplerGT_vf,-1,derr,47,0.14182916963982636,201.0
fixed,samplerGT_vf,-1,derr,48,0.14447682858328914,201.0
fixed,samplerGT_vf,-1,derr,49,0.14440304863577094,201.0
fixed,samplerGT_vf,-1,derr,50,0.13766773568179028,201.0
fixed,samplerGT_vf,-1,derr,51,0.1431280831384718,201.0
fixed,samplerGT_vf,-1,derr,52,0.12884503982692436,201.0
fixed,samplerGT_vf,-1,derr,53,0.12184923543358474,201.0
fixed,samplerGT_vf,-1,derr,54,0.1306155484090953,201.0
fixed,samplerGT_vf,-1,derr,55,0.13787390341361352,201.0
fixed,samplerGT_vf,-1,derr,56,0.13384654074675634,201.0
fixed,samplerGT_vf,-1,derr,57,0.13867939985519392,201.0
fixed,samplerGT_vf,-1,derr,58,0.13349991773825085,201.0
fixed,samplerGT_vf,-1,derr,59,0.1330626114721025,201.0
fixed,samplerGT_vf,-1,derr,60,0.1389243896290735,201.0
fixed,samplerGT_vf,-1,derr,61,0.1381434800126474,201.0
fixed,samplerGT_vf,-1,derr,62,0.13457680341199182,201.0
fixed,samplerGT_vf,-1,dmag,0,0.05758839846004856,201.0
fixed,samplerGT_vf,-1,dmag,1,0.05327070647530925,201.0
fixed,samplerGT_vf,-1,dmag,2,0.05049951447368557,201.0
fixed,samplerGT_vf,-1,dmag,3,0.04691281681231674,201.0
fixed,samplerGT_vf,-1,dmag,4,0.0447716352960734,201.0
fixed,samplerGT_vf,-1,dmag,5,0.04178779469478635,201.0
fixed,samplerGT_vf,-1,dmag,6,0.04079503032578092,201.0
fixed,samplerGT_vf,-1,dmag,7,0.03704685212914549,201.0
fixed,samplerGT_vf,-1,dmag,8,0.036848073185361284,201.0
fixed,samplerGT_vf,-1,dmag,9,0.03563580026975208,201.0
fixed,samplerGT_vf,-1,dmag,10,0.037200818141106866,201.0
fixed,samplerGT_vf,-1,dmag,11,0.038629734037972215,201.0
fixed,samplerGT_vf,-1,dmag,12,0.03735012384780232,201.0
fixed,samplerGT_vf,-1,dmag,13,0.03395704166750559,201.0
fixed,samplerGT_vf,-1,dmag,14,0.0317601748216267,201.0
fixed,samplerGT_vf,-1,dmag,15,0.029274086674573412,201.0
fixed,samplerGT_vf,-1,dmag,16,0.028217917472698643,201.0
fixed,samplerGT_vf,-1,dmag,17,0.027517005766450026,201.0
fixed,samplerGT_vf,-1,dmag,18,0.028166757814993892,201.0
fixed,samplerGT_vf,-1,dmag,19,0.027459333330365043,201.0
fixed,samplerGT_vf,-1,dmag,20,0.027518693858813198,201.0
fixed,samplerGT_vf,-1,dmag,21,0.025874062913205865,201.0
fixed,samplerGT_vf,-1,dmag,22,0.026713674573635496,201.0
fixed,samplerGT_vf,-1,dmag,23,0.025215458260172657,201.0
fixed,samplerGT_vf,-1,dmag,24,0.025328349121684097,201.0
fixed,samplerGT_vf,-1,dmag,25,0.02402133636236823,201.0
fixed,samplerGT_vf,-1,dmag,26,0.023620458462493346,201.0
fixed,samplerGT_vf,-1,dmag,27,0.023634466114894143,201.0
fixed,samplerGT_vf,-1,dmag,28,0.02475343135542317,201.0
fixed,samplerGT_vf,-1,dmag,29,0.02398883797812153,201.0
fixed,samplerGT_vf,-1,dmag,30,0.024836912817456088,201.0
fixed,samplerGT_vf,-1,dmag,31,0.022622275928647,201.0
fixed,samplerGT_vf,-1,dmag,32,0.023592426471727237,201.0
fixed,samplerGT_vf,-1,dmag,33,0.02297076250157732,201.0
fixed,samplerGT_vf,-1,dmag,34,0.021869562667289472,201.0
fixed,samplerGT_vf,-1,dmag,35,0.022105402900925383,201.0
fixed,samplerGT_vf,-1,dmag,36,0.021865142625177383,201.0
fixed,samplerGT_vf,-1,dmag,37,0.022175020351079267,201.0
fixed,samplerGT_vf,-1,dmag,38,0.023976263492391327,201.0
fixed,samplerGT_vf,-1,dmag,39,0.024789689026254034,201.0
fixed,samplerGT_vf,-1,dmag,40,0.024412558915844165,201.0
fixed,samplerGT_vf,-1,dmag,41,0.023758587201556835,201.0
fixed,samplerGT_vf,-1,dmag,42,0.023121957987574732,201.0
fixed,samplerGT_vf,-1,dmag,43,0.023634137278330053,201.0
fixed,samplerGT_vf,-1,dmag,44,0.024400364714141795,201.0
fixed,samplerGT_vf,-1,dmag,45,0.02474552125100102,201.0
fixed,samplerGT_vf,-1,dmag,46,0.021961843526102035,201.0
fixed,samplerGT_vf,-1,dmag,47,0.020923165063749062,201.0
fixed,samplerGT_vf,-1,dmag,48,0.020068809722054437,201.0
fixed,samplerGT_vf,-1,dmag,49,0.020975695819876596,201.0
fixed,samplerGT_vf,-1,dmag,50,0.020308510017632255,201.0
fixed,samplerGT_vf,-1,dmag,51,0.020514289519995173,201.0
fixed,samplerGT_vf,-1,dmag,52,0.021205683893741886,201.0
fixed,samplerGT_vf,-1,dmag,53,0.021857860616283198,201.0
fixed,samplerGT_vf,-1,dmag,54,0.021796926224502317,201.0
fixed,samplerGT_vf,-1,dmag,55,0.02204996937705176,201.0
fixed,samplerGT_vf,-1,dmag,56,0.02189651213549262,201.0
fixed,samplerGT_vf,-1,dmag,57,0.02069530299104824,201.0
fixed,samplerGT_vf,-1,dmag,58,0.020514111475907818,201.0
fixed,samplerGT_vf,-1,dmag,59,0.020243069567990993,201.0
fixed,samplerGT_vf,-1,dmag,60,0.019283167395592486,201.0
fixed,samplerGT_vf,-1,dmag,61,0.01962005461251077,201.0
fixed,samplerGT_vf,-1,dmag,62,0.018529445889280804,201.0
fixed,samplerGT_vf,-1,err,0,3.82498116297508,201.0
fixed,samplerGT_vf,-1,err,1,3.8277743422273387,201.0
fixed,samplerGT_vf,-1,err,2,3.8334817325297874,201.0
fixed,samplerGT_vf,-1,err,3,3.8237729082653154,201.0
fixed,samplerGT_vf,-1,err,4,3.834601735712878,201.0
fixed,samplerGT_vf,-1,err,5,3.8377431210593778,201.0
fixed,samplerGT_vf,-1,err,6,3.8495032602281705,201.0
fixed,samplerGT_vf,-1,err,7,3.8544740877341277,201.0
fixed,samplerGT_vf,-1,err,8,3.853189215375418,201.0
fixed,samplerGT_vf,-1,err,9,3.8566949639450847,201.0
fixed,samplerGT_vf,-1,err,10,3.8524823766146117,201.0
fixed,samplerGT_vf,-1,err,11,3.852962618235923,201.0
fixed,samplerGT_vf,-1,err,12,3.85307742627106,201.0
fixed,samplerGT_vf,-1,err,13,3.8572771878681373,201.0
fixed,samplerGT_vf,-1,err,14,3.860462094242893,201.0
fixed,samplerGT_vf,-1,err,15,3.868026161401426,201.0
fixed,samplerGT_vf,-1,err,16,3.878163138284019,201.0
fixed,samplerGT_vf,-1,err,17,3.887425359594287,201.0
fixed,samplerGT_vf,-1,err,18,3.8910936163135994,201.0
fixed,samplerGT_vf,-1,err,19,3.8893634801480266,201.0
fixed,samplerGT_vf,-1,err,20,3.889576819613205,201.0
fixed,samplerGT_vf,-1,err,21,3.8889201306585046,201.0
fixed,samplerGT_vf,-1,err,22,3.8890594155337674,201.0
fixed,samplerGT_vf,-1,err,23,3.885433289423511,201.0
fixed,samplerGT_vf,-1,err,24,3.8765705253947447,201.0
fixed,samplerGT_vf,-1,err,25,3.8775366318759636,201.0
fixed,samplerGT_vf,-1,err,26,3.8820533434253437,201.0
fixed,samplerGT_vf,-1,err,27,3.881382643672364,201.0
fixed,samplerGT_vf,-1,err,28,3.8824894686243416,201.0
fixed,samplerGT_vf,-1,err,29,3.8872630105386317,201.0
fixed,samplerGT_vf,-1,err,30,3.889411393682752,201.0
fixed,samplerGT_vf,-1,err,31,3.8898189962799856,201.0
fixed,samplerGT_vf,-1,err,32,3.888363629490581,201.0
fixed,samplerGT_vf,-1,err,33,3.8907832374916733,201.0
fixed,samplerGT_vf,-1,err,34,3.8877516842896673,201.0
fixed,samplerGT_vf,-1,err,35,3.8865463301613543,201.0
fixed,samplerGT_vf,-1,err,36,3.8911037381312146,201.0
fixed,samplerGT_vf,-1,err,37,3.902798123116514,201.0
fixed,samplerGT_vf,-1,err,38,3.903598036872809,201.0
fixed,samplerGT_vf,-1,err,39,3.907106920290942,201.0
fixed,samplerGT_vf,-1,err,40,3.907583718780259,201.0
fixed,samplerGT_vf,-1,err,41,3.9144098202684035,201.0
fixed,samplerGT_vf,-1,err,42,3.916587383533592,201.0
fixed,samplerGT_vf,-1,err,43,3.9163909797644734,201.0
fixed,samplerGT_vf,-1,err,44,3.91081922193665,201.0
fixed,samplerGT_vf,-1,err,45,3.907683699107289,201.0
fixed,samplerGT_vf,-1,err,46,3.898772740779232,201.0
fixed,samplerGT_vf,-1,err,47,3.889698124139462,201.0
fixed,samplerGT_vf,-1,err,48,3.880882677569318,201.0
fixed,samplerGT_vf,-1,err,49,3.872236214081445,201.0
fixed,samplerGT_vf,-1,err,50,3.8719843267208325,201.0
fixed,samplerGT_vf,-1,err,51,3.8741463321951497,201.0
fixed,samplerGT_vf,-1,err,52,3.874688554818357,201.0
fixed,samplerGT_vf,-1,err,53,3.8749878261219832,201.0
fixed,samplerGT_vf,-1,err,54,3.8736343384975194,201.0
fixed,samplerGT_vf,-1,err,55,3.862130014101664,201.0
fixed,samplerGT_vf,-1,err,56,3.862911650227079,201.0
fixed,samplerGT_vf,-1,err,57,3.857275278858877,201.0
fixed,samplerGT_vf,-1,err,58,3.8589633462144386,201.0
fixed,samplerGT_vf,-1,err,59,3.8608090315292136,201.0
fixed,samplerGT_vf,-1,err,60,3.8647996492943357,201.0
fixed,samplerGT_vf,-1,err,61,3.871695187850973,201.0
fixed,samplerGT_vf,-1,err,62,3.8686819177954934,201.0
fixed,samplerGT_vf,-1,err,63,3.8722773423538857,201.0
fixed,samplerGT_vf,1,derr,0,0.1893704563509024,201.0
fixed,samplerGT_vf,1,derr,1,0.18250407617705972,201.0
fixed,samplerGT_vf,1,derr,2,0.16859414690262198,201.0
fixed,samplerGT_vf,1,derr,3,0.16350415526004278,201.0
fixed,samplerGT_vf,1,derr,4,0.15912486001181958,201.0
fixed,samplerGT_vf,1,derr,5,0.15873372646057932,201.0
fixed,samplerGT_vf,1,derr,6,0.14789316164728125,201.0
fixed,samplerGT_vf,1,derr,7,0.1452684766839986,201.0
fixed,samplerGT_vf,1,derr,8,0.15629155813387377,201.0
fixed,samplerGT_vf,1,derr,9,0.15970342231923668,201.0
fixed,samplerGT_vf,1,derr,10,0.14433421959071907,201.0
fixed,samplerGT_vf,1,derr,11,0.15331197383614323,201.0
fixed,samplerGT_vf,1,derr,12,0.14441276872669584,201.0
fixed,samplerGT_vf,1,derr,13,0.13356119672309108,201.0
fixed,samplerGT_vf,1,derr,14,0.13475576375810364,201.0
fixed,samplerGT_vf,1,derr,15,0.12850241072994856,201.0
fixed,samplerGT_vf,1,derr,16,0.14445882943454222,201.0
fixed,samplerGT_vf,1,derr,17,0.13324703783056333,201.0
fixed,samplerGT_vf,1,derr,18,0.1403791688345558,201.0
fixed,samplerGT_vf,1,derr,19,0.14185642542326776,201.0
fixed,samplerGT_vf,1,derr,20,0.1399905316031246,201.0
fixed,samplerGT_vf,1,derr,21,0.14817682218584996,201.0
fixed,samplerGT_vf,1,derr,22,0.14075885695956686,201.0
fixed,samplerGT_vf,1,derr,23,0.14997608484746658,201.0
fixed,samplerGT_vf,1,derr,24,0.1539067077260483,201.0
fixed,samplerGT_vf,1,derr,25,0.14044877753792265,201.0
fixed,samplerGT_vf,1,derr,26,0.14516667609765607,201.0
fixed,samplerGT_vf,1,derr,27,0.1547001793850862,201.0
fixed,samplerGT_vf,1,derr,28,0.13532128571463165,201.0
fixed,samplerGT_vf,1,derr,29,0.15220340546591216,201.0
fixed,samplerGT_vf,1,derr,30,0.13489333204739723,201.0
fixed,samplerGT_vf,1,derr,31,0.13043684279777815,201.0
fixed,samplerGT_vf,1,derr,32,0.13753405072035926,201.0
fixed,samplerGT_vf,1,derr,33,0.15951711171542976,201.0
fixed,samplerGT_vf,1,derr,34,0.1434418915803382,201.0
fixed,samplerGT_vf,1,derr,35,0.13408031992484531,201.0
fixed,samplerGT_vf,1,derr,36,0.1419142751736724,201.0
fixed,samplerGT_vf,1,derr,37,0.14572010944546454,201.0
fixed,samplerGT_vf,1,derr,38,0.15430045636620984,201.0
fixed,samplerGT_vf,1,derr,39,0.14153350271117776,201.0
fixed,samplerGT_vf,1,derr,40,0.1558620027030137,201.0
fixed,samplerGT_vf,1,derr,41,0.14370940360634482,201.0
fixed,samplerGT_vf,1,derr,42,0.13656377293799646,201.0
fixed,samplerGT_vf,1,derr,43,0.12574195944291738,201.0
fixed,samplerGT_vf,1,derr,44,0.14616754079765792,201.0
fixed,samplerGT_vf,1,derr,45,0.1453646945938542,201.0
fixed,samplerGT_vf,1,derr,46,0.15365068485209746,201.0
fixed,samplerGT_vf,1,derr,47,0.1406622789892836,201.0
fixed,samplerGT_vf,1,derr,48,0.1439100053643261,201.0
fixed,samplerGT_vf,1,derr,49,0.14417588543517523,201.0
fixed,samplerGT_vf,1,derr,50,0.1374002706342891,201.0
fixed,samplerGT_vf,1,derr,51,0.14262744949769174,201.0
fixed,samplerGT_vf,1,derr,52,0.12861208104301447,201.0
fixed,samplerGT_vf,1,derr,53,0.12180743536063984,201.0
fixed,samplerGT_vf,1,derr,54,0.13042948789320033,201.0
fixed,samplerGT_vf,1,derr,55,0.1377649518026419,201.0
fixed,samplerGT_vf,1,derr,56,0.13415931357969693,201.0
fixed,samplerGT_vf,1,derr,57,0.13826996955872323,201.0
fixed,samplerGT_vf,1,derr,58,0.13359718298103976,201.0
fixed,samplerGT_vf,1,derr,59,0.13296543399511435,201.0
fixed,samplerGT_vf,1,derr,60,0.1385614710086169,201.0
fixed,samplerGT_vf,1,derr,61,0.1379092198597332,201.0
fixed,samplerGT_vf,1,derr,62,0.13376165866685003,201.0
fixed,samplerGT_vf,1,dmag,0,0.06015047765990247,201.0
fixed,samplerGT_vf,1,dmag,1,0.05540875685100087,201.0
fixed,samplerGT_vf,1,dmag,2,0.0521675696832809,201.0
fixed,samplerGT_vf,1,dmag,3,0.047736034262925386,201.0
fixed,samplerGT_vf,1,dmag,4,0.04526390697325195,201.0
fixed,samplerGT_vf,1,dmag,5,0.04185403347367523,201.0
fixed,samplerGT_vf,1,dmag,6,0.040409447384340255,201.0
fixed,samplerGT_vf,1,dmag,7,0.037291293361442004,201.0
fixed,samplerGT_vf,1,dmag,8,0.03734296434257754,201.0
fixed,samplerGT_vf,1,dmag,9,0.03535662316462368,201.0
fixed,samplerGT_vf,1,dmag,10,0.03531868032536548,201.0
fixed,samplerGT_vf,1,dmag,11,0.03753393893338629,201.0
fixed,samplerGT_vf,1,dmag,12,0.03677764409152207,201.0
fixed,samplerGT_vf,1,dmag,13,0.033661076574312956,201.0
fixed,samplerGT_vf,1,dmag,14,0.031763371404501334,201.0
fixed,samplerGT_vf,1,dmag,15,0.029442253860816434,201.0
fixed,samplerGT_vf,1,dmag,16,0.02897917654884247,201.0
fixed,samplerGT_vf,1,dmag,17,0.027780859997560876,201.0
fixed,samplerGT_vf,1,dmag,18,0.02847601706162095,201.0
fixed,samplerGT_vf,1,dmag,19,0.027385829333957303,201.0
fixed,samplerGT_vf,1,dmag,20,0.02728092917634999,201.0
fixed,samplerGT_vf,1,dmag,21,0.026067458866951772,201.0
fixed,samplerGT_vf,1,dmag,22,0.026558786697815456,201.0
fixed,samplerGT_vf,1,dmag,23,0.025571646854577967,201.0
fixed,samplerGT_vf,1,dmag,24,0.02596537318933218,201.0
fixed,samplerGT_vf,1,dmag,25,0.02458573006028634,201.0
fixed,samplerGT_vf,1,dmag,26,0.023957241335837404,201.0
fixed,samplerGT_vf,1,dmag,27,0.02356713092121393,201.0
fixed,samplerGT_vf,1,dmag,28,0.023704534329344235,201.0
fixed,samplerGT_vf,1,dmag,29,0.023898144910547568,201.0
fixed,samplerGT_vf,1,dmag,30,0.02459577259501044,201.0
fixed,samplerGT_vf,1,dmag,31,0.02254513120371385,201.0
fixed,samplerGT_vf,1,dmag,32,0.023311238430106816,201.0
fixed,samplerGT_vf,1,dmag,33,0.023346524435415197,201.0
fixed,samplerGT_vf,1,dmag,34,0.022297663887527155,201.0
fixed,samplerGT_vf,1,dmag,35,0.022518708868721378,201.0
fixed,samplerGT_vf,1,dmag,36,0.0218604679835673,201.0
fixed,samplerGT_vf,1,dmag,37,0.02150511129560014,201.0
fixed,samplerGT_vf,1,dmag,38,0.02259419808414445,201.0
fixed,samplerGT_vf,1,dmag,39,0.022989377729242564,201.0
fixed,samplerGT_vf,1,dmag,40,0.022843909829817897,201.0
fixed,samplerGT_vf,1,dmag,41,0.02296958260460576,201.0
fixed,samplerGT_vf,1,dmag,42,0.022815888907426772,201.0
fixed,samplerGT_vf,1,dmag,43,0.023241939303460555,201.0
fixed,samplerGT_vf,1,dmag,44,0.02427952668736156,201.0
fixed,samplerGT_vf,1,dmag,45,0.024848554248629667,201.0
fixed,samplerGT_vf,1,dmag,46,0.022080109924986144,201.0
fixed,samplerGT_vf,1,dmag,47,0.021275140803807706,201.0
fixed,samplerGT_vf,1,dmag,48,0.020198786392604088,201.0
fixed,samplerGT_vf,1,dmag,49,0.02074589394727972,201.0
fixed,samplerGT_vf,1,dmag,50,0.019757643603807808,201.0
fixed,samplerGT_vf,1,dmag,51,0.019617580933802163,201.0
fixed,samplerGT_vf,1,dmag,52,0.019881944938919587,201.0
fixed,samplerGT_vf,1,dmag,53,0.02014407479616614,201.0
fixed,samplerGT_vf,1,dmag,54,0.020501881355966502,201.0
fixed,samplerGT_vf,1,dmag,55,0.02113933834381661,201.0
fixed,samplerGT_vf,1,dmag,56,0.021831410855925944,201.0
fixed,samplerGT_vf,1,dmag,57,0.02142026414863061,201.0
fixed,samplerGT_vf,1,dmag,58,0.02203273956909479,201.0
fixed,samplerGT_vf,1,dmag,59,0.021599033319238407,201.0
fixed,samplerGT_vf,1,dmag,60,0.02015786719466768,201.0
fixed,samplerGT_vf,1,dmag,61,0.019751325460493713,201.0
fixed,samplerGT_vf,1,dmag,62,0.018244099877404038,201.0
fixed,samplerGT_vf,1,err,0,3.7693621095140184,201.0
fixed,samplerGT_vf,1,err,1,3.7655677252741,201.0
fixed,samplerGT_vf,1,err,2,3.766687921920226,201.0
fixed,samplerGT_vf,1,err,3,3.7528451544728445,201.0
fixed,samplerGT_vf,1,err,4,3.7586999746104377,201.0
fixed,samplerGT_vf,1,err,5,3.757347220805154,201.0
fixed,samplerGT_vf,1,err,6,3.7640079594963227,201.0
fixed,samplerGT_vf,1,err,7,3.769889118363015,201.0
fixed,samplerGT_vf,1,err,8,3.768160045146942,201.0
fixed,samplerGT_vf,1,err,9,3.7715624339544953,201.0
fixed,samplerGT_vf,1,err,10,3.7661490464091893,201.0
fixed,samplerGT_vf,1,err,11,3.7650716453049315,201.0
fixed,samplerGT_vf,1,err,12,3.7687502791039384,201.0
fixed,samplerGT_vf,1,err,13,3.7714244162858424,201.0
fixed,samplerGT_vf,1,err,14,3.777995128536699,201.0
fixed,samplerGT_vf,1,err,15,3.786628762880961,201.0
fixed,samplerGT_vf,1,err,16,3.793902330730685,201.0
fixed,samplerGT_vf,1,err,17,3.804804529420179,201.0
fixed,samplerGT_vf,1,err,18,3.8057752625266117,201.0
fixed,samplerGT_vf,1,err,19,3.7985593454161686,201.0
fixed,samplerGT_vf,1,err,20,3.8023004730542502,201.0
fixed,samplerGT_vf,1,err,21,3.8008324026468383,201.0
fixed,samplerGT_vf,1,err,22,3.8023949769598926,201.0
fixed,samplerGT_vf,1,err,23,3.8018424576194727,201.0
fixed,samplerGT_vf,1,err,24,3.793902274091445,201.0
fixed,samplerGT_vf,1,err,25,3.7987774055988632,201.0
fixed,samplerGT_vf,1,err,26,3.80546742914921,201.0
fixed,samplerGT_vf,1,err,27,3.806207232214325,201.0
fixed,samplerGT_vf,1,err,28,3.810368898496106,201.0
fixed,samplerGT_vf,1,err,29,3.8147490727367686,201.0
fixed,samplerGT_vf,1,err,30,3.819386224248516,201.0
fixed,samplerGT_vf,1,err,31,3.8219563471737192,201.0
fixed,samplerGT_vf,1,err,32,3.823770703367926,201.0
fixed,samplerGT_vf,1,err,33,3.829740847817701,201.0
fixed,samplerGT_vf,1,err,34,3.829172000066558,201.0
fixed,samplerGT_vf,1,err,35,3.82960720026671,201.0
fixed,samplerGT_vf,1,err,36,3.835278905742797,201.0
fixed,samplerGT_vf,1,err,37,3.8486293192526593,201.0
fixed,samplerGT_vf,1,err,38,3.8510696621083502,201.0
fixed,samplerGT_vf,1,err,39,3.85238947559945,201.0
fixed,samplerGT_vf,1,err,40,3.8518710266891403,201.0
fixed,samplerGT_vf,1,err,41,3.85939198109641,201.0
fixed,samplerGT_vf,1,err,42,3.858809410339564,201.0
fixed,samplerGT_vf,1,err,43,3.858021747117019,201.0
fixed,samplerGT_vf,1,err,44,3.8538987520915358,201.0
fixed,samplerGT_vf,1,err,45,3.850069358870758,201.0
fixed,samplerGT_vf,1,err,46,3.840864657466091,201.0
fixed,samplerGT_vf,1,err,47,3.8283677581530897,201.0
fixed,samplerGT_vf,1,err,48,3.822949274558926,201.0
fixed,samplerGT_vf,1,err,49,3.8164403951583217,201.0
fixed,samplerGT_vf,1,err,50,3.8182073834523633,201.0
fixed,samplerGT_vf,1,err,51,3.8192448583408374,201.0
fixed,samplerGT_vf,1,err,52,3.8192632788449377,201.0
fixed,samplerGT_vf,1,err,53,3.821256553355734,201.0
fixed,samplerGT_vf,1,err,54,3.817231349684113,201.0
fixed,samplerGT_vf,1,err,55,3.8075715653338835,201.0
fixed,samplerGT_vf,1,err,56,3.8089768963666697,201.0
fixed,samplerGT_vf,1,err,57,3.8054662868751223,201.0
fixed,samplerGT_vf,1,err,58,3.808128901975072,201.0
fixed,samplerGT_vf,1,err,59,3.8108536411280656,201.0
fixed,samplerGT_vf,1,err,60,3.815493409016832,201.0
fixed,samplerGT_vf,1,err,61,3.818449643713918,201.0
fixed,samplerGT_vf,1,err,62,3.816345344135417,201.0
fixed,samplerGT_vf,1,err,63,3.8188308928143324,201.0
fixed,samplerGT_vf,5,derr,0,0.19029328619032654,201.0
fixed,samplerGT_vf,5,derr,1,0.18357860784403127,201.0
fixed,samplerGT_vf,5,derr,2,0.17134178618423232,201.0
fixed,samplerGT_vf,5,derr,3,0.16359437438682536,201.0
fixed,samplerGT_vf,5,derr,4,0.15994402187047016,201.0
fixed,samplerGT_vf,5,derr,5,0.15890773090149335,201.0
fixed,samplerGT_vf,5,derr,6,0.14766020932007784,201.0
fixed,samplerGT_vf,5,derr,7,0.14544431566358057,201.0
fixed,samplerGT_vf,5,derr,8,0.1574540441364643,201.0
fixed,samplerGT_vf,5,derr,9,0.159774433158857,201.0
fixed,samplerGT_vf,5,derr,10,0.1443202450584194,201.0
fixed,samplerGT_vf,5,derr,11,0.15161818804784646,201.0
fixed,samplerGT_vf,5,derr,12,0.14361149068940338,201.0
fixed,samplerGT_vf,5,derr,13,0.1333755873495815,201.0
fixed,samplerGT_vf,5,derr,14,0.13424507565611038,201.0
fixed,samplerGT_vf,5,derr,15,0.12902704483148322,201.0
fixed,samplerGT_vf,5,derr,16,0.14398363960526922,201.0
fixed,samplerGT_vf,5,derr,17,0.13399608745077504,201.0
fixed,samplerGT_vf,5,derr,18,0.14148151249490418,201.0
fixed,samplerGT_vf,5,derr,19,0.14284656148644823,201.0
fixed,samplerGT_vf,5,derr,20,0.14162636080302707,201.0
fixed,samplerGT_vf,5,derr,21,0.149123765319697,201.0
fixed,samplerGT_vf,5,derr,22,0.14203559729590345,201.0
fixed,samplerGT_vf,5,derr,23,0.15035669496792614,201.0
fixed,samplerGT_vf,5,derr,24,0.1544727540264527,201.0
fixed,samplerGT_vf,5,derr,25,0.14069770756108102,201.0
fixed,samplerGT_vf,5,derr,26,0.14516101701101705,201.0
fixed,samplerGT_vf,5,derr,27,0.15512084868268586,201.0
fixed,samplerGT_vf,5,derr,28,0.13630504319583303,201.0
fixed,samplerGT_vf,5,derr,29,0.15184815580590597,201.0
fixed,samplerGT_vf,5,derr,30,0.13390134823096184,201.0
fixed,samplerGT_vf,5,derr,31,0.12907235073250029,201.0
fixed,samplerGT_vf,5,derr,32,0.13676196022598602,201.0
fixed,samplerGT_vf,5,derr,33,0.15773292529438412,201.0
fixed,samplerGT_vf,5,derr,34,0.1427430599344088,201.0
fixed,samplerGT_vf,5,derr,35,0.13243360152996297,201.0
fixed,samplerGT_vf,5,derr,36,0.14217003076267776,201.0
fixed,samplerGT_vf,5,derr,37,0.1447558212812193,201.0
fixed,samplerGT_vf,5,derr,38,0.15523325895139975,201.0
fixed,samplerGT_vf,5,derr,39,0.14099593026405988,201.0
fixed,samplerGT_vf,5,derr,40,0.15569118382084873,201.0
fixed,samplerGT_vf,5,derr,41,0.1433739124968722,201.0
fixed,samplerGT_vf,5,derr,42,0.13644441359430848,201.0
fixed,samplerGT_vf,5,derr,43,0.12559392687804366,201.0
fixed,samplerGT_vf,5,derr,44,0.14494860750525745,201.0
fixed,samplerGT_vf,5,derr,45,0.1448078491303384,201.0
fixed,samplerGT_vf,5,derr,46,0.15321976067359322,201.0
fixed,samplerGT_vf,5,derr,47,0.1402932591272972,201.0
fixed,samplerGT_vf,5,derr,48,0.14406670332974314,201.0
fixed,samplerGT_vf,5,derr,49,0.14403306644650835,201.0
fixed,samplerGT_vf,5,derr,50,0.13715492712973215,201.0
fixed,samplerGT_vf,5,derr,51,0.142627384986228,201.0
fixed,samplerGT_vf,5,derr,52,0.1283609868393312,201.0
fixed,samplerGT_vf,5,derr,53,0.12120747431389876,201.0
fixed,samplerGT_vf,5,derr,54,0.1306202240167788,201.0
fixed,samplerGT_vf,5,derr,55,0.1378162624777772,201.0
fixed,samplerGT_vf,5,derr,56,0.13396403104975005,201.0
fixed,samplerGT_vf,5,derr,57,0.1385906724009051,201.0
fixed,samplerGT_vf,5,derr,58,0.13250357410244978,201.0
fixed,samplerGT_vf,5,derr,59,0.13349699379588983,201.0
fixed,samplerGT_vf,5,derr,60,0.13865512309697878,201.0
fixed,samplerGT_vf,5,derr,61,0.13855166969107308,201.0
fixed,samplerGT_vf,5,derr,62,0.13464495730099837,201.0
fixed,samplerGT_vf,5,dmag,0,0.058263208408983636,201.0
fixed,samplerGT_vf,5,dmag,1,0.05335878323189062,201.0
fixed,samplerGT_vf,5,dmag,2,0.05146769351506634,201.0
fixed,samplerGT_vf,5,dmag,3,0.048200425511198255,201.0
fixed,samplerGT_vf,5,dmag,4,0.045685163701407204,201.0
fixed,samplerGT_vf,5,dmag,5,0.04196741313103642,201.0
fixed,samplerGT_vf,5,dmag,6,0.04078575998628095,201.0
fixed,samplerGT_vf,5,dmag,7,0.03729293627469842,201.0
fixed,samplerGT_vf,5,dmag,8,0.037385423966586145,201.0
fixed,samplerGT_vf,5,dmag,9,0.03574901236341664,201.0
fixed,samplerGT_vf,5,dmag,10,0.03652767106816543,201.0
fixed,samplerGT_vf,5,dmag,11,0.037561624313227425,201.0
fixed,samplerGT_vf,5,dmag,12,0.036554726985148826,201.0
fixed,samplerGT_vf,5,dmag,13,0.03308980691649798,201.0
fixed,samplerGT_vf,5,dmag,14,0.031149262212568998,201.0
fixed,samplerGT_vf,5,dmag,15,0.029243591595997116,201.0
fixed,samplerGT_vf,5,dmag,16,0.028746502881693604,201.0
fixed,samplerGT_vf,5,dmag,17,0.028279440167049568,201.0
fixed,samplerGT_vf,5,dmag,18,0.028943226586990244,201.0
fixed,samplerGT_vf,5,dmag,19,0.02862326168126209,201.0
fixed,samplerGT_vf,5,dmag,20,0.02886342819066561,201.0
fixed,samplerGT_vf,5,dmag,21,0.026577052044038155,201.0
fixed,samplerGT_vf,5,dmag,22,0.027336167989400636,201.0
fixed,samplerGT_vf,5,dmag,23,0.025368420536912496,201.0
fixed,samplerGT_vf,5,dmag,24,0.025351926552326376,201.0
fixed,samplerGT_vf,5,dmag,25,0.0240339364819414,201.0
fixed,samplerGT_vf,5,dmag,26,0.02357034669002861,201.0
fixed,samplerGT_vf,5,dmag,27,0.023407771094558546,201.0
fixed,samplerGT_vf,5,dmag,28,0.02371975226994993,201.0
fixed,samplerGT_vf,5,dmag,29,0.02290684146927067,201.0
fixed,samplerGT_vf,5,dmag,30,0.022794495649468987,201.0
fixed,samplerGT_vf,5,dmag,31,0.020775562673529136,201.0
fixed,samplerGT_vf,5,dmag,32,0.0211159299516967,201.0
fixed,samplerGT_vf,5,dmag,33,0.020930360768694634,201.0
fixed,samplerGT_vf,5,dmag,34,0.02080196386379241,201.0
fixed,samplerGT_vf,5,dmag,35,0.020914588635555696,201.0
fixed,samplerGT_vf,5,dmag,36,0.02074794669575359,201.0
fixed,samplerGT_vf,5,dmag,37,0.020706474945523697,201.0
fixed,samplerGT_vf,5,dmag,38,0.02218519831632278,201.0
fixed,samplerGT_vf,5,dmag,39,0.02340832779841933,201.0
fixed,samplerGT_vf,5,dmag,40,0.023604884854893187,201.0
fixed,samplerGT_vf,5,dmag,41,0.023166893145060215,201.0
fixed,samplerGT_vf,5,dmag,42,0.022272563641381204,201.0
fixed,samplerGT_vf,5,dmag,43,0.022754353610103698,201.0
fixed,samplerGT_vf,5,dmag,44,0.023441551758245152,201.0
fixed,samplerGT_vf,5,dmag,45,0.02407347116230139,201.0
fixed,samplerGT_vf,5,dmag,46,0.02183678886616853,201.0
fixed,samplerGT_vf,5,dmag,47,0.020937251730993464,201.0
fixed,samplerGT_vf,5,dmag,48,0.02011685827005636,201.0
fixed,samplerGT_vf,5,dmag,49,0.020570028350869223,201.0
fixed,samplerGT_vf,5,dmag,50,0.019661889575996357,201.0
fixed,samplerGT_vf,5,dmag,51,0.01958039320949743,201.0
fixed,samplerGT_vf,5,dmag,52,0.019922881614212965,201.0
fixed,samplerGT_vf,5,dmag,53,0.020676103612843586,201.0
fixed,samplerGT_vf,5,dmag,54,0.020901060051548837,201.0
fixed,samplerGT_vf,5,dmag,55,0.021781525412453942,201.0
fixed,samplerGT_vf,5,dmag,56,0.022889111418073153,201.0
fixed,samplerGT_vf,5,dmag,57,0.022242056465341678,201.0
fixed,samplerGT_vf,5,dmag,58,0.022728067818120937,201.0
fixed,samplerGT_vf,5,dmag,59,0.02253739762152383,201.0
fixed,samplerGT_vf,5,dmag,60,0.02114199561331032,201.0
fixed,samplerGT_vf,5,dmag,61,0.021408240547153488,201.0
fixed,samplerGT_vf,5,dmag,62,0.020027789097297844,201.0
fixed,samplerGT_vf,5,err,0,2.990640528166472,201.0
fixed,samplerGT_vf,5,err,1,2.986513528064709,201.0
fixed,samplerGT_vf,5,err,2,2.9856273377712688,201.0
fixed,samplerGT_vf,5,err,3,2.9706189077884995,201.0
fixed,samplerGT_vf,5,err,4,2.974705260784472,201.0
fixed,samplerGT_vf,5,err,5,2.977285544077555,201.0
fixed,samplerGT_vf,5,err,6,2.9841650448628325,201.0
fixed,samplerGT_vf,5,err,7,2.984952456025935,201.0
fixed,samplerGT_vf,5,err,8,2.9783369614117183,201.0
fixed,samplerGT_vf,5,err,9,2.983978839359473,201.0
fixed,samplerGT_vf,5,err,10,2.9810501348913014,201.0
fixed,samplerGT_vf,5,err,11,2.982564588091267,201.0
fixed,samplerGT_vf,5,err,12,2.981645810366863,201.0
fixed,samplerGT_vf,5,err,13,2.9882946014404297,201.0
fixed,samplerGT_vf,5,err,14,2.993712875973526,201.0
fixed,samplerGT_vf,5,err,15,3.003761309592878,201.0
fixed,samplerGT_vf,5,err,16,3.0138593645238165,201.0
fixed,samplerGT_vf,5,err,17,3.027298486944455,201.0
fixed,samplerGT_vf,5,err,18,3.0318521907673546,201.0
fixed,samplerGT_vf,5,err,19,3.0322547439318983,201.0
fixed,samplerGT_vf,5,err,20,3.032979570811068,201.0
fixed,samplerGT_vf,5,err,21,3.03256480729402,201.0
fixed,samplerGT_vf,5,err,22,3.0306180244061482,201.0
fixed,samplerGT_vf,5,err,23,3.030427611289333,201.0
fixed,samplerGT_vf,5,err,24,3.020348384902252,201.0
fixed,samplerGT_vf,5,err,25,3.0267227123032754,201.0
fixed,samplerGT_vf,5,err,26,3.0359326636613306,201.0
fixed,samplerGT_vf,5,err,27,3.036983069495775,201.0
fixed,samplerGT_vf,5,err,28,3.0396725923860846,201.0
fixed,samplerGT_vf,5,err,29,3.0463853792764652,201.0
fixed,samplerGT_vf,5,err,30,3.0506927285028334,201.0
fixed,samplerGT_vf,5,err,31,3.0498009955705103,201.0
fixed,samplerGT_vf,5,err,32,3.0506746161043345,201.0
fixed,samplerGT_vf,5,err,33,3.0518006643845665,201.0
fixed,samplerGT_vf,5,err,34,3.0460727211847827,201.0
fixed,samplerGT_vf,5,err,35,3.049748221736642,201.0
fixed,samplerGT_vf,5,err,36,3.057488209869138,201.0
fixed,samplerGT_vf,5,err,37,3.0721586177598184,201.0
fixed,samplerGT_vf,5,err,38,3.0730176339695108,201.0
fixed,samplerGT_vf,5,err,39,3.0779569303218404,201.0
fixed,samplerGT_vf,5,err,40,3.0780346796880313,201.0
fixed,samplerGT_vf,5,err,41,3.087098455844234,201.0
fixed,samplerGT_vf,5,err,42,3.0914027557444217,201.0
fixed,samplerGT_vf,5,err,43,3.090015662250234,201.0
fixed,samplerGT_vf,5,err,44,3.085839037278398,201.0
fixed,samplerGT_vf,5,err,45,3.0865661982280104,201.0
fixed,samplerGT_vf,5,err,46,3.0818468382702537,201.0
fixed,samplerGT_vf,5,err,47,3.075938524891488,201.0
fixed,samplerGT_vf,5,err,48,3.0694081706194143,201.0
fixed,samplerGT_vf,5,err,49,3.0626810454017486,201.0
fixed,samplerGT_vf,5,err,50,3.0628796913730563,201.0
fixed,samplerGT_vf,5,err,51,3.0668111393107704,201.0
fixed,samplerGT_vf,5,err,52,3.0696454045191333,201.0
fixed,samplerGT_vf,5,err,53,3.074074332393817,201.0
fixed,samplerGT_vf,5,err,54,3.0738245794429115,201.0
fixed,samplerGT_vf,5,err,55,3.0659899103700816,201.0
fixed,samplerGT_vf,5,err,56,3.0695253806327707,201.0
fixed,samplerGT_vf,5,err,57,3.065325465368394,201.0
fixed,samplerGT_vf,5,err,58,3.070826194179592,201.0
fixed,samplerGT_vf,5,err,59,3.074436780825183,201.0
fixed,samplerGT_vf,5,err,60,3.0799717339710218,201.0
fixed,samplerGT_vf,5,err,61,3.08923147566876,201.0
fixed,samplerGT_vf,5,err,62,3.087499843604529,201.0
fixed,samplerGT_vf,5,err,63,3.0925311084410443,201.0
fixed,samplerGT_vf,10,derr,0,0.19196408057576092,201.0
fixed,samplerGT_vf,10,derr,1,0.18490886290682784,201.0
fixed,samplerGT_vf,10,derr,2,0.1720308465605129,201.0
fixed,samplerGT_vf,10,derr,3,0.1647577202179242,201.0
fixed,samplerGT_vf,10,derr,4,0.16076990534824814,201.0
fixed,samplerGT_vf,10,derr,5,0.15948151694193705,201.0
fixed,samplerGT_vf,10,derr,6,0.14689535267224804,201.0
fixed,samplerGT_vf,10,derr,7,0.1457800268709882,201.0
fixed,samplerGT_vf,10,derr,8,0.1578966976416793,201.0
fixed,samplerGT_vf,10,derr,9,0.1595590304842784,201.0
fixed,samplerGT_vf,10,derr,10,0.14485834168260964,201.0
fixed,samplerGT_vf,10,derr,11,0.15195637420097838,201.0
fixed,samplerGT_vf,10,derr,12,0.1446291542662984,201.0
fixed,samplerGT_vf,10,derr,13,0.13383999319552486,201.0
fixed,samplerGT_vf,10,derr,14,0.1347355218094528,201.0
fixed,samplerGT_vf,10,derr,15,0.12982026464885,201.0
fixed,samplerGT_vf,10,derr,16,0.14472378732923843,201.0
fixed,samplerGT_vf,10,derr,17,0.13436980185502057,201.0
fixed,samplerGT_vf,10,derr,18,0.14133070863838962,201.0
fixed,samplerGT_vf,10,derr,19,0.14287768307591403,201.0
fixed,samplerGT_vf,10,derr,20,0.14174455673948153,201.0
fixed,samplerGT_vf,10,derr,21,0.14887778934054263,201.0
fixed,samplerGT_vf,10,derr,22,0.1417232723860302,201.0
fixed,samplerGT_vf,10,derr,23,0.1502292887238202,201.0
fixed,samplerGT_vf,10,derr,24,0.15495770599285316,201.0
fixed,samplerGT_vf,10,derr,25,0.14060892000219863,201.0
fixed,samplerGT_vf,10,derr,26,0.1449820498996113,201.0
fixed,samplerGT_vf,10,derr,27,0.15427491016482092,201.0
fixed,samplerGT_vf,10,derr,28,0.13589376620762977,201.0
fixed,samplerGT_vf,10,derr,29,0.15182533005799226,201.0
fixed,samplerGT_vf,10,derr,30,0.13364921936959917,201.0
fixed,samplerGT_vf,10,derr,31,0.1289623008429337,201.0
fixed,samplerGT_vf,10,derr,32,0.13660672251413117,201.0
fixed,samplerGT_vf,10,derr,33,0.1574821251013608,201.0
fixed,samplerGT_vf,10,derr,34,0.14264658963613547,201.0
fixed,samplerGT_vf,10,derr,35,0.132308755588917,201.0
fixed,samplerGT_vf,10,derr,36,0.14212332285051024,201.0
fixed,samplerGT_vf,10,derr,37,0.14459202224527723,201.0
fixed,samplerGT_vf,10,derr,38,0.1551734544568468,201.0
fixed,samplerGT_vf,10,derr,39,0.14126320840299722,201.0
fixed,samplerGT_vf,10,derr,40,0.1555441892636356,201.0
fixed,samplerGT_vf,10,derr,41,0.14328712080396824,201.0
fixed,samplerGT_vf,10,derr,42,0.1363607376433946,201.0
fixed,samplerGT_vf,10,derr,43,0.1251008514574363,201.0
fixed,samplerGT_vf,10,derr,44,0.1450662269391379,201.0
fixed,samplerGT_vf,10,derr,45,0.1446142095414486,201.0
fixed,samplerGT_vf,10,derr,46,0.1535698907144034,201.0
fixed,samplerGT_vf,10,derr,47,0.14036862229678168,201.0
fixed,samplerGT_vf,10,derr,48,0.14418473160496695,201.0
fixed,samplerGT_vf,10,derr,49,0.14388463470565888,201.0
fixed,samplerGT_vf,10,derr,50,0.13725128755974236,201.0
fixed,samplerGT_vf,10,derr,51,0.14243748927238717,201.0
fixed,samplerGT_vf,10,derr,52,0.1281219840615024,201.0
fixed,samplerGT_vf,10,derr,53,0.1213552465671627,201.0
fixed,samplerGT_vf,10,derr,54,0.1304900102660208,201.0
fixed,samplerGT_vf,10,derr,55,0.13763609337643604,201.0
fixed,samplerGT_vf,10,derr,56,0.1338378976409634,201.0
fixed,samplerGT_vf,10,derr,57,0.13852932293023637,201.0
fixed,samplerGT_vf,10,derr,58,0.13238358850688187,201.0
fixed,samplerGT_vf,10,derr,59,0.1333340538007703,201.0
fixed,samplerGT_vf,10,derr,60,0.13859279211425218,201.0
fixed,samplerGT_vf,10,derr,61,0.1382987984822164,201.0
fixed,samplerGT_vf,10,derr,62,0.13466335587963388,201.0
fixed,samplerGT_vf,10,dmag,0,0.05849413927968832,201.0
fixed,samplerGT_vf,10,dmag,1,0.05425676692332795,201.0
fixed,samplerGT_vf,10,dmag,2,0.0528042179541616,201.0
fixed,samplerGT_vf,10,dmag,3,0.04995776699457447,201.0
fixed,samplerGT_vf,10,dmag,4,0.04775728527410188,201.0
fixed,samplerGT_vf,10,dmag,5,0.0437391672158308,201.0
fixed,samplerGT_vf,10,dmag,6,0.04225850844551897,201.0
fixed,samplerGT_vf,10,dmag,7,0.03861616615817618,201.0
fixed,samplerGT_vf,10,dmag,8,0.038329682963904904,201.0
fixed,samplerGT_vf,10,dmag,9,0.035796127928448704,201.0
fixed,samplerGT_vf,10,dmag,10,0.03669126932300738,201.0
fixed,samplerGT_vf,10,dmag,11,0.0384194828403085,201.0
fixed,samplerGT_vf,10,dmag,12,0.03788191643520374,201.0
fixed,samplerGT_vf,10,dmag,13,0.033951032322956556,201.0
fixed,samplerGT_vf,10,dmag,14,0.03214293162324535,201.0
fixed,samplerGT_vf,10,dmag,15,0.02970284125559143,201.0
fixed,samplerGT_vf,10,dmag,16,0.028942431123992102,201.0
fixed,samplerGT_vf,10,dmag,17,0.028403812421680386,201.0
fixed,samplerGT_vf,10,dmag,18,0.029311820116375956,201.0
fixed,samplerGT_vf,10,dmag,19,0.02871012984455299,201.0
fixed,samplerGT_vf,10,dmag,20,0.028683853571984306,201.0
fixed,samplerGT_vf,10,dmag,21,0.026560090637455385,201.0
fixed,samplerGT_vf,10,dmag,22,0.02720862685410834,201.0
fixed,samplerGT_vf,10,dmag,23,0.025522753682024592,201.0
fixed,samplerGT_vf,10,dmag,24,0.02561955558441913,201.0
fixed,samplerGT_vf,10,dmag,25,0.024093235120066066,201.0
fixed,samplerGT_vf,10,dmag,26,0.023144837475812703,201.0
fixed,samplerGT_vf,10,dmag,27,0.02289112016503046,201.0
fixed,samplerGT_vf,10,dmag,28,0.023501545763041694,201.0
fixed,samplerGT_vf,10,dmag,29,0.02300748570975083,201.0
fixed,samplerGT_vf,10,dmag,30,0.022874850272409507,201.0
fixed,samplerGT_vf,10,dmag,31,0.020911465950347298,201.0
fixed,samplerGT_vf,10,dmag,32,0.02125620790780406,201.0
fixed,samplerGT_vf,10,dmag,33,0.020925384918366794,201.0
fixed,samplerGT_vf,10,dmag,34,0.020896369359683042,201.0
fixed,samplerGT_vf,10,dmag,35,0.020790021000105647,201.0
fixed,samplerGT_vf,10,dmag,36,0.0205511810207063,201.0
fixed,samplerGT_vf,10,dmag,37,0.020496171419578258,201.0
fixed,samplerGT_vf,10,dmag,38,0.022140243032771113,201.0
fixed,samplerGT_vf,10,dmag,39,0.023358507084182988,201.0
fixed,samplerGT_vf,10,dmag,40,0.02343116007717465,201.0
fixed,samplerGT_vf,10,dmag,41,0.023086050321436048,201.0
fixed,samplerGT_vf,10,dmag,42,0.022136497971560084,201.0
fixed,samplerGT_vf,10,dmag,43,0.022786535927330823,201.0
fixed,samplerGT_vf,10,dmag,44,0.02335072123672609,201.0
fixed,samplerGT_vf,10,dmag,45,0.024054408492752123,201.0
fixed,samplerGT_vf,10,dmag,46,0.02211656352152946,201.0
fixed,samplerGT_vf,10,dmag,47,0.021177220158278942,201.0
fixed,samplerGT_vf,10,dmag,48,0.020208220338143075,201.0
fixed,samplerGT_vf,10,dmag,49,0.020589546388506297,201.0
fixed,samplerGT_vf,10,dmag,50,0.01934269098425979,201.0
fixed,samplerGT_vf,10,dmag,51,0.019313396719187054,201.0
fixed,samplerGT_vf,10,dmag,52,0.01983106613798595,201.0
fixed,samplerGT_vf,10,dmag,53,0.020494317798064418,201.0
fixed,samplerGT_vf,10,dmag,54,0.020725972273975463,201.0
fixed,samplerGT_vf,10,dmag,55,0.021462778586301193,201.0
fixed,samplerGT_vf,10,dmag,56,0.02254387607742379,201.0
fixed,samplerGT_vf,10,dmag,57,0.021885769534392738,201.0
fixed,samplerGT_vf,10,dmag,58,0.022528498706903623,201.0
fixed,samplerGT_vf,10,dmag,59,0.02243820039221822,201.0
fixed,samplerGT_vf,10,dmag,60,0.021024192982255968,201.0
fixed,samplerGT_vf,10,dmag,61,0.0213790180147695,201.0
fixed,samplerGT_vf,10,dmag,62,0.0200024567780766,201.0
fixed,samplerGT_vf,10,err,0,2.752526154565574,201.0
fixed,samplerGT_vf,10,err,1,2.74419902064907,201.0
fixed,samplerGT_vf,10,err,2,2.741729775471474,201.0
fixed,samplerGT_vf,10,err,3,2.724495840013324,201.0
fixed,samplerGT_vf,10,err,4,2.7289400412075557,201.0
fixed,samplerGT_vf,10,err,5,2.728532393180316,201.0
fixed,samplerGT_vf,10,err,6,2.736597511898819,201.0
fixed,samplerGT_vf,10,err,7,2.736152127014464,201.0
fixed,samplerGT_vf,10,err,8,2.7294385127760283,201.0
fixed,samplerGT_vf,10,err,9,2.733774763731221,201.0
fixed,samplerGT_vf,10,err,10,2.7296683921742795,201.0
fixed,samplerGT_vf,10,err,11,2.7278001323268186,201.0
fixed,samplerGT_vf,10,err,12,2.727159081999935,201.0
fixed,samplerGT_vf,10,err,13,2.7299016728923093,201.0
fixed,samplerGT_vf,10,err,14,2.732027456238495,201.0
fixed,samplerGT_vf,10,err,15,2.740390488757423,201.0
fixed,samplerGT_vf,10,err,16,2.750937525609239,201.0
fixed,samplerGT_vf,10,err,17,2.764911676520732,201.0
fixed,samplerGT_vf,10,err,18,2.771542663004861,201.0
fixed,samplerGT_vf,10,err,19,2.7715272289603505,201.0
fixed,samplerGT_vf,10,err,20,2.7743590622398986,201.0
fixed,samplerGT_vf,10,err,21,2.772438354160062,201.0
fixed,samplerGT_vf,10,err,22,2.769351577580865,201.0
fixed,samplerGT_vf,10,err,23,2.770131039085673,201.0
fixed,samplerGT_vf,10,err,24,2.765588408382378,201.0
fixed,samplerGT_vf,10,err,25,2.7723343016496345,201.0
fixed,samplerGT_vf,10,err,26,2.7836967380485724,201.0
fixed,samplerGT_vf,10,err,27,2.7850636392090453,201.0
fixed,samplerGT_vf,10,err,28,2.7931435876224766,201.0
fixed,samplerGT_vf,10,err,29,2.7993649804770055,201.0
fixed,samplerGT_vf,10,err,30,2.800340613025931,201.0
fixed,samplerGT_vf,10,err,31,2.801250466956428,201.0
fixed,samplerGT_vf,10,err,32,2.802715136637142,201.0
fixed,samplerGT_vf,10,err,33,2.8020119269688926,201.0
fixed,samplerGT_vf,10,err,34,2.798272768063332,201.0
fixed,samplerGT_vf,10,err,35,2.8004150049603402,201.0
fixed,samplerGT_vf,10,err,36,2.8086351340089863,201.0
fixed,samplerGT_vf,10,err,37,2.8249520419248895,201.0
fixed,samplerGT_vf,10,err,38,2.8251081562753932,201.0
fixed,samplerGT_vf,10,err,39,2.8274569932501112,201.0
fixed,samplerGT_vf,10,err,40,2.8289498514796962,201.0
fixed,samplerGT_vf,10,err,41,2.8373274417658942,201.0
fixed,samplerGT_vf,10,err,42,2.841520450008449,201.0
fixed,samplerGT_vf,10,err,43,2.841635636725829,201.0
fixed,samplerGT_vf,10,err,44,2.8385719223995114,201.0
fixed,samplerGT_vf,10,err,45,2.8390539496099176,201.0
fixed,samplerGT_vf,10,err,46,2.8361754963053993,201.0
fixed,samplerGT_vf,10,err,47,2.829261665913596,201.0
fixed,samplerGT_vf,10,err,48,2.8251452819624943,201.0
fixed,samplerGT_vf,10,err,49,2.8192223698938665,201.0
fixed,samplerGT_vf,10,err,50,2.8230261093941493,201.0
fixed,samplerGT_vf,10,err,51,2.827433189942469,201.0
fixed,samplerGT_vf,10,err,52,2.832596236200475,201.0
fixed,samplerGT_vf,10,err,53,2.838534761720629,201.0
fixed,samplerGT_vf,10,err,54,2.83939489203306,201.0
fixed,samplerGT_vf,10,err,55,2.8321813641495965,201.0
fixed,samplerGT_vf,10,err,56,2.83718557767014,201.0
fixed,samplerGT_vf,10,err,57,2.8330918802550777,201.0
fixed,samplerGT_vf,10,err,58,2.841015874746427,201.0
fixed,samplerGT_vf,10,err,59,2.8452326960824617,201.0
fixed,samplerGT_vf,10,err,60,2.853654746985554,201.0
fixed,samplerGT_vf,10,err,61,2.8627182550691255,201.0
fixed,samplerGT_vf,10,err,62,2.861084096467317,201.0
fixed,samplerGT_vf,10,err,63,2.867969467272213,201.0
fixed,samplerG_static,-1,derr,0,0.18794822857821758,201.0
fixed,samplerG_static,-1,derr,1,0.18324321045989717,201.0
fixed,samplerG_static,-1,derr,2,0.16352031217304183,201.0
fixed,samplerG_static,-1,derr,3,0.15898016127132214,201.0
fixed,samplerG_static,-1,derr,4,0.15500409340495197,201.0
fixed,samplerG_static,-1,derr,5,0.15485638922627143,201.0
fixed,samplerG_static,-1,derr,6,0.1472549286175204,201.0
fixed,samplerG_static,-1,derr,7,0.14401959507397158,201.0
fixed,samplerG_static,-1,derr,8,0.15601334089543023,201.0
fixed,samplerG_static,-1,derr,9,0.1581362899629149,201.0
fixed,samplerG_static,-1,derr,10,0.14272454464854442,201.0
fixed,samplerG_static,-1,derr,11,0.15182934779284604,201.0
fixed,samplerG_static,-1,derr,12,0.1393849386124691,201.0
fixed,samplerG_static,-1,derr,13,0.1320755262882333,201.0
fixed,samplerG_static,-1,derr,14,0.13243926301209338,201.0
fixed,samplerG_static,-1,derr,15,0.12724211058621085,201.0
fixed,samplerG_static,-1,derr,16,0.14202787535292888,201.0
fixed,samplerG_static,-1,derr,17,0.13422808004311512,201.0
fixed,samplerG_static,-1,derr,18,0.13946774183999544,201.0
fixed,samplerG_static,-1,derr,19,0.14132899859808942,201.0
fixed,samplerG_static,-1,derr,20,0.13728414310967152,201.0
fixed,samplerG_static,-1,derr,21,0.14534646436219933,201.0
fixed,samplerG_static,-1,derr,22,0.1373735974213822,201.0
fixed,samplerG_static,-1,derr,23,0.14677718600990317,201.0
fixed,samplerG_static,-1,derr,24,0.1497291664532687,201.0
fixed,samplerG_static,-1,derr,25,0.13873377789405003,201.0
fixed,samplerG_static,-1,derr,26,0.1439318391818794,201.0
fixed,samplerG_static,-1,derr,27,0.15408261187967673,201.0
fixed,samplerG_static,-1,derr,28,0.1359869609749065,201.0
fixed,samplerG_static,-1,derr,29,0.1508150560368983,201.0
fixed,samplerG_static,-1,derr,30,0.13275057941313778,201.0
fixed,samplerG_static,-1,derr,31,0.12922997438622202,201.0
fixed,samplerG_static,-1,derr,32,0.1373331661878237,201.0
fixed,samplerG_static,-1,derr,33,0.15656044184512907,201.0
fixed,samplerG_static,-1,derr,34,0.14048177460023198,201.0
fixed,samplerG_static,-1,derr,35,0.13139452407627705,201.0
fixed,samplerG_static,-1,derr,36,0.14167739886012096,201.0
fixed,samplerG_static,-1,derr,37,0.14371680066137765,201.0
fixed,samplerG_static,-1,derr,38,0.1526468586760448,201.0
fixed,samplerG_static,-1,derr,39,0.14030394583143554,201.0
fixed,samplerG_static,-1,derr,40,0.15272535382774635,201.0
fixed,samplerG_static,-1,derr,41,0.13949898489523882,201.0
fixed,samplerG_static,-1,derr,42,0.13035058691189508,201.0
fixed,samplerG_static,-1,derr,43,0.12019285753795608,201.0
fixed,samplerG_static,-1,derr,44,0.14120584439523332,201.0
fixed,samplerG_static,-1,derr,45,0.14391174046693378,201.0
fixed,samplerG_static,-1,derr,46,0.15131546815032537,201.0
fixed,samplerG_static,-1,derr,47,0.1380078665754614,201.0
fixed,samplerG_static,-1,derr,48,0.14151885359089322,201.0
fixed,samplerG_static,-1,derr,49,0.14147562063322286,201.0
fixed,samplerG_static,-1,derr,50,0.1335868604842629,201.0
fixed,samplerG_static,-1,derr,51,0.13985992897885727,201.0
fixed,samplerG_static,-1,derr,52,0.12640855115240635,201.0
fixed,samplerG_static,-1,derr,53,0.12015329694736805,201.0
fixed,samplerG_static,-1,derr,54,0.12959511227562875,201.0
fixed,samplerG_static,-1,derr,55,0.13645559840312052,201.0
fixed,samplerG_static,-1,derr,56,0.13357422428103674,201.0
fixed,samplerG_static,-1,derr,57,0.13789556595260527,201.0
fixed,samplerG_static,-1,derr,58,0.13200964789318653,201.0
fixed,samplerG_static,-1,derr,59,0.1324784200017651,201.0
fixed,samplerG_static,-1,derr,60,0.13891145049719444,201.0
fixed,samplerG_static,-1,derr,61,0.13702236744227694,201.0
fixed,samplerG_static,-1,derr,62,0.13371256065429815,201.0
fixed,samplerG_static,-1,dmag,0,0.0,201.0
fixed,samplerG_static,-1,dmag,1,0.0,201.0
fixed,samplerG_static,-1,dmag,2,0.0,201.0
fixed,samplerG_static,-1,dmag,3,0.0,201.0
fixed,samplerG_static,-1,dmag,4,0.0,201.0
fixed,samplerG_static,-1,dmag,5,0.0,201.0
fixed,samplerG_static,-1,dmag,6,0.0,201.0
fixed,samplerG_static,-1,dmag,7,0.0,201.0
fixed,samplerG_static,-1,dmag,8,0.0,201.0
fixed,samplerG_static,-1,dmag,9,0.0,201.0
fixed,samplerG_static,-1,dmag,10,0.0,201.0
fixed,samplerG_static,-1,dmag,11,0.0,201.0
fixed,samplerG_static,-1,dmag,12,0.0,201.0
fixed,samplerG_static,-1,dmag,13,0.0,201.0
fixed,samplerG_static,-1,dmag,14,0.0,201.0
fixed,samplerG_static,-1,dmag,15,0.0,201.0
fixed,samplerG_static,-1,dmag,16,0.0,201.0
fixed,samplerG_static,-1,dmag,17,0.0,201.0
fixed,samplerG_static,-1,dmag,18,0.0,201.0
fixed,samplerG_static,-1,dmag,19,0.0,201.0
fixed,samplerG_static,-1,dmag,20,0.0,201.0
fixed,samplerG_static,-1,dmag,21,0.0,201.0
fixed,samplerG_static,-1,dmag,22,0.0,201.0
fixed,samplerG_static,-1,dmag,23,0.0,201.0
fixed,samplerG_static,-1,dmag,24,0.0,201.0
fixed,samplerG_static,-1,dmag,25,0.0,201.0
fixed,samplerG_static,-1,dmag,26,0.0,201.0
fixed,samplerG_static,-1,dmag,27,0.0,201.0
fixed,samplerG_static,-1,dmag,28,0.0,201.0
fixed,samplerG_static,-1,dmag,29,0.0,201.0
fixed,samplerG_static,-1,dmag,30,0.0,201.0
fixed,samplerG_static,-1,dmag,31,0.0,201.0
fixed,samplerG_static,-1,dmag,32,0.0,201.0
fixed,samplerG_static,-1,dmag,33,0.0,201.0
fixed,samplerG_static,-1,dmag,34,0.0,201.0
fixed,samplerG_static,-1,dmag,35,0.0,201.0
fixed,samplerG_static,-1,dmag,36,0.0,201.0
fixed,samplerG_static,-1,dmag,37,0.0,201.0
fixed,samplerG_static,-1,dmag,38,0.0,201.0
fixed,samplerG_static,-1,dmag,39,0.0,201.0
fixed,samplerG_static,-1,dmag,40,0.0,201.0
fixed,samplerG_static,-1,dmag,41,0.0,201.0
fixed,samplerG_static,-1,dmag,42,0.0,201.0
fixed,samplerG_static,-1,dmag,43,0.0,201.0
fixed,samplerG_static,-1,dmag,44,0.0,201.0
fixed,samplerG_static,-1,dmag,45,0.0,201.0
fixed,samplerG_static,-1,dmag,46,0.0,201.0
fixed,samplerG_static,-1,dmag,47,0.0,201.0
fixed,samplerG_static,-1,dmag,48,0.0,201.0
fixed,samplerG_static,-1,dmag,49,0.0,201.0
fixed,samplerG_static,-1,dmag,50,0.0,201.0
fixed,samplerG_static,-1,dmag,51,0.0,201.0
fixed,samplerG_static,-1,dmag,52,0.0,201.0
fixed,samplerG_static,-1,dmag,53,0.0,201.0
fixed,samplerG_static,-1,dmag,54,0.0,201.0
fixed,samplerG_static,-1,dmag,55,0.0,201.0
fixed,samplerG_static,-1,dmag,56,0.0,201.0
fixed,samplerG_static,-1,dmag,57,0.0,201.0
fixed,samplerG_static,-1,dmag,58,0.0,201.0
fixed,samplerG_static,-1,dmag,59,0.0,201.0
fixed,samplerG_static,-1,dmag,60,0.0,201.0
fixed,samplerG_static,-1,dmag,61,0.0,201.0
fixed,samplerG_static,-1,dmag,62,0.0,201.0
fixed,samplerG_static,-1,err,0,4.228385599142876,201.0
fixed,samplerG_static,-1,err,1,4.231759563355304,201.0
fixed,samplerG_static,-1,err,2,4.2412838234682,201.0
fixed,samplerG_static,-1,err,3,4.236900719970614,201.0
fixed,samplerG_static,-1,err,4,4.250778145517284,201.0
fixed,samplerG_static,-1,err,5,4.25355111993664,201.0
fixed,samplerG_static,-1,err,6,4.2631437653629325,201.0
fixed,samplerG_static,-1,err,7,4.26741658633028,201.0
fixed,samplerG_static,-1,err,8,4.266398263185178,201.0
fixed,samplerG_static,-1,err,9,4.270705503966677,201.0
fixed,samplerG_static,-1,err,10,4.268308906116298,201.0
fixed,samplerG_static,-1,err,11,4.271846338083491,201.0
fixed,samplerG_static,-1,err,12,4.268520757200112,201.0
fixed,samplerG_static,-1,err,13,4.2680071781672035,201.0
fixed,samplerG_static,-1,err,14,4.26452497672382,201.0
fixed,samplerG_static,-1,err,15,4.261511874895786,201.0
fixed,samplerG_static,-1,err,16,4.264099433929178,201.0
fixed,samplerG_static,-1,err,17,4.271007471001563,201.0
fixed,samplerG_static,-1,err,18,4.272186967478463,201.0
fixed,samplerG_static,-1,err,19,4.268963260348164,201.0
fixed,samplerG_static,-1,err,20,4.270110936826139,201.0
fixed,samplerG_static,-1,err,21,4.274107674357311,201.0
fixed,samplerG_static,-1,err,22,4.280163151114737,201.0
fixed,samplerG_static,-1,err,23,4.283400857715464,201.0
fixed,samplerG_static,-1,err,24,4.285852904862429,201.0
fixed,samplerG_static,-1,err,25,4.29223648677418,201.0
fixed,samplerG_static,-1,err,26,4.306383669628435,201.0
fixed,samplerG_static,-1,err,27,4.309703201411376,201.0
fixed,samplerG_static,-1,err,28,4.315061694161216,201.0
fixed,samplerG_static,-1,err,29,4.32084159653875,201.0
fixed,samplerG_static,-1,err,30,4.322590949449371,201.0
fixed,samplerG_static,-1,err,31,4.3247511311253515,201.0
fixed,samplerG_static,-1,err,32,4.324117906814191,201.0
fixed,samplerG_static,-1,err,33,4.323402166070035,201.0
fixed,samplerG_static,-1,err,34,4.321407395630929,201.0
fixed,samplerG_static,-1,err,35,4.318152548024308,201.0
fixed,samplerG_static,-1,err,36,4.321336900031389,201.0
fixed,samplerG_static,-1,err,37,4.327788355590692,201.0
fixed,samplerG_static,-1,err,38,4.321108832910879,201.0
fixed,samplerG_static,-1,err,39,4.322470440200313,201.0
fixed,samplerG_static,-1,err,40,4.317815931282231,201.0
fixed,samplerG_static,-1,err,41,4.316716682466109,201.0
fixed,samplerG_static,-1,err,42,4.314281906669411,201.0
fixed,samplerG_static,-1,err,43,4.31155337252427,201.0
fixed,samplerG_static,-1,err,44,4.305885046824291,201.0
fixed,samplerG_static,-1,err,45,4.30483408183304,201.0
fixed,samplerG_static,-1,err,46,4.30431501072141,201.0
fixed,samplerG_static,-1,err,47,4.309951611285778,201.0
fixed,samplerG_static,-1,err,48,4.31606071213288,201.0
fixed,samplerG_static,-1,err,49,4.31983723968119,201.0
fixed,samplerG_static,-1,err,50,4.32246231891919,201.0
fixed,samplerG_static,-1,err,51,4.324994315926117,201.0
fixed,samplerG_static,-1,err,52,4.326433335207586,201.0
fixed,samplerG_static,-1,err,53,4.331354500034557,201.0
fixed,samplerG_static,-1,err,54,4.330234399141364,201.0
fixed,samplerG_static,-1,err,55,4.322680952077482,201.0
fixed,samplerG_static,-1,err,56,4.322295098295854,201.0
fixed,samplerG_static,-1,err,57,4.3149128102099725,201.0
fixed,samplerG_static,-1,err,58,4.314616625270441,201.0
fixed,samplerG_static,-1,err,59,4.31536349682369,201.0
fixed,samplerG_static,-1,err,60,4.315579248631177,201.0
fixed,samplerG_static,-1,err,61,4.313723473881014,201.0
fixed,samplerG_static,-1,err,62,4.308941022480897,201.0
fixed,samplerG_static,-1,err,63,4.310221674549048,201.0
fixed,samplerG_static,1,derr,0,0.18794822857821758,201.0
fixed,samplerG_static,1,derr,1,0.18324321045989717,201.0
fixed,samplerG_static,1,derr,2,0.16352031217304183,201.0
fixed,samplerG_static,1,derr,3,0.15898016127132214,201.0
fixed,samplerG_static,1,derr,4,0.15500409340495197,201.0
fixed,samplerG_static,1,derr,5,0.15485638922627143,201.0
fixed,samplerG_static,1,derr,6,0.1472549286175204,201.0
fixed,samplerG_static,1,derr,7,0.14401959507397158,201.0
fixed,samplerG_static,1,derr,8,0.15601334089543023,201.0
fixed,samplerG_static,1,derr,9,0.1581362899629149,201.0
fixed,samplerG_static,1,derr,10,0.14272454464854442,201.0
fixed,samplerG_static,1,derr,11,0.15182934779284604,201.0
fixed,samplerG_static,1,derr,12,0.1393849386124691,201.0
fixed,samplerG_static,1,derr,13,0.1320755262882333,201.0
fixed,samplerG_static,1,derr,14,0.13243926301209338,201.0
fixed,samplerG_static,1,derr,15,0.12724211058621085,201.0
fixed,samplerG_static,1,derr,16,0.14202787535292888,201.0
fixed,samplerG_static,1,derr,17,0.13422808004311512,201.0
fixed,samplerG_static,1,derr,18,0.13946774183999544,201.0
fixed,samplerG_static,1,derr,19,0.14132899859808942,201.0
fixed,samplerG_static,1,derr,20,0.13728414310967152,201.0
fixed,samplerG_static,1,derr,21,0.14534646436219933,201.0
fixed,samplerG_static,1,derr,22,0.1373735974213822,201.0
fixed,samplerG_static,1,derr,23,0.14677718600990317,201.0
fixed,samplerG_static,1,derr,24,0.1497291664532687,201.0
fixed,samplerG_static,1,derr,25,0.13873377789405003,201.0
fixed,samplerG_static,1,derr,26,0.1439318391818794,201.0
fixed,samplerG_static,1,derr,27,0.15408261187967673,201.0
fixed,samplerG_static,1,derr,28,0.1359869609749065,201.0
fixed,samplerG_static,1,derr,29,0.1508150560368983,201.0
fixed,samplerG_static,1,derr,30,0.13275057941313778,201.0
fixed,samplerG_static,1,derr,31,0.12922997438622202,201.0
fixed,samplerG_static,1,derr,32,0.1373331661878237,201.0
fixed,samplerG_static,1,derr,33,0.15656044184512907,201.0
fixed,samplerG_static,1,derr,34,0.14048177460023198,201.0
fixed,samplerG_static,1,derr,35,0.13139452407627705,201.0
fixed,samplerG_static,1,derr,36,0.14167739886012096,201.0
fixed,samplerG_static,1,derr,37,0.14371680066137765,201.0
fixed,samplerG_static,1,derr,38,0.1526468586760448,201.0
fixed,samplerG_static,1,derr,39,0.14030394583143554,201.0
fixed,samplerG_static,1,derr,40,0.15272535382774635,201.0
fixed,samplerG_static,1,derr,41,0.13949898489523882,201.0
fixed,samplerG_static,1,derr,42,0.13035058691189508,201.0
fixed,samplerG_static,1,derr,43,0.12019285753795608,201.0
fixed,samplerG_static,1,derr,44,0.14120584439523332,201.0
fixed,samplerG_static,1,derr,45,0.14391174046693378,201.0
fixed,samplerG_static,1,derr,46,0.15131546815032537,201.0
fixed,samplerG_static,1,derr,47,0.1380078665754614,201.0
fixed,samplerG_static,1,derr,48,0.14151885359089322,201.0
fixed,samplerG_static,1,derr,49,0.14147562063322286,201.0
fixed,samplerG_static,1,derr,50,0.1335868604842629,201.0
fixed,samplerG_static,1,derr,51,0.13985992897885727,201.0
fixed,samplerG_static,1,derr,52,0.12640855115240635,201.0
fixed,samplerG_static,1,derr,53,0.12015329694736805,201.0
fixed,samplerG_static,1,derr,54,0.12959511227562875,201.0
fixed,samplerG_static,1,derr,55,0.13645559840312052,201.0
fixed,samplerG_static,1,derr,56,0.13357422428103674,201.0
fixed,samplerG_static,1,derr,57,0.13789556595260527,201.0
fixed,samplerG_static,1,derr,58,0.13200964789318653,201.0
fixed,samplerG_static,1,derr,59,0.1324784200017651,201.0
fixed,samplerG_static,1,derr,60,0.13891145049719444,201.0
fixed,samplerG_static,1,derr,61,0.13702236744227694,201.0
fixed,samplerG_static,1,derr,62,0.13371256065429815,201.0
fixed,samplerG_static,1,dmag,0,0.0,201.0
fixed,samplerG_static,1,dmag,1,0.0,201.0
fixed,samplerG_static,1,dmag,2,0.0,201.0
fixed,samplerG_static,1,dmag,3,0.0,201.0
fixed,samplerG_static,1,dmag,4,0.0,201.0
fixed,samplerG_static,1,dmag,5,0.0,201.0
fixed,samplerG_static,1,dmag,6,0.0,201.0
fixed,samplerG_static,1,dmag,7,0.0,201.0
fixed,samplerG_static,1,dmag,8,0.0,201.0
fixed,samplerG_static,1,dmag,9,0.0,201.0
fixed,samplerG_static,1,dmag,10,0.0,201.0
fixed,samplerG_static,1,dmag,11,0.0,201.0
fixed,samplerG_static,1,dmag,12,0.0,201.0
fixed,samplerG_static,1,dmag,13,0.0,201.0
fixed,samplerG_static,1,dmag,14,0.0,201.0
fixed,samplerG_static,1,dmag,15,0.0,201.0
fixed,samplerG_static,1,dmag,16,0.0,201.0
fixed,samplerG_static,1,dmag,17,0.0,201.0
fixed,samplerG_static,1,dmag,18,0.0,201.0
fixed,samplerG_static,1,dmag,19,0.0,201.0
fixed,samplerG_static,1,dmag,20,0.0,201.0
fixed,samplerG_static,1,dmag,21,0.0,201.0
fixed,samplerG_static,1,dmag,22,0.0,201.0
fixed,samplerG_static,1,dmag,23,0.0,201.0
fixed,samplerG_static,1,dmag,24,0.0,201.0
fixed,samplerG_static,1,dmag,25,0.0,201.0
fixed,samplerG_static,1,dmag,26,0.0,201.0
fixed,samplerG_static,1,dmag,27,0.0,201.0
fixed,samplerG_static,1,dmag,28,0.0,201.0
fixed,samplerG_static,1,dmag,29,0.0,201.0
fixed,samplerG_static,1,dmag,30,0.0,201.0
fixed,samplerG_static,1,dmag,31,0.0,201.0
fixed,samplerG_static,1,dmag,32,0.0,201.0
fixed,samplerG_static,1,dmag,33,0.0,201.0
fixed,samplerG_static,1,dmag,34,0.0,201.0
fixed,samplerG_static,1,dmag,35,0.0,201.0
fixed,samplerG_static,1,dmag,36,0.0,201.0
fixed,samplerG_static,1,dmag,37,0.0,201.0
fixed,samplerG_static,1,dmag,38,0.0,201.0
fixed,samplerG_static,1,dmag,39,0.0,201.0
fixed,samplerG_static,1,dmag,40,0.0,201.0
fixed,samplerG_static,1,dmag,41,0.0,201.0
fixed,samplerG_static,1,dmag,42,0.0,201.0
fixed,samplerG_static,1,dmag,43,0.0,201.0
fixed,samplerG_static,1,dmag,44,0.0,201.0
fixed,samplerG_static,1,dmag,45,0.0,201.0
fixed,samplerG_static,1,dmag,46,0.0,201.0
fixed,samplerG_static,1,dmag,47,0.0,201.0
fixed,samplerG_static,1,dmag,48,0.0,201.0
fixed,samplerG_static,1,dmag,49,0.0,201.0
fixed,samplerG_static,1,dmag,50,0.0,201.0
fixed,samplerG_static,1,dmag,51,0.0,201.0
fixed,samplerG_static,1,dmag,52,0.0,201.0
fixed,samplerG_static,1,dmag,53,0.0,201.0
fixed,samplerG_static,1,dmag,54,0.0,201.0
fixed,samplerG_static,1,dmag,55,0.0,201.0
fixed,samplerG_static,1,dmag,56,0.0,201.0
fixed,samplerG_static,1,dmag,57,0.0,201.0
fixed,samplerG_static,1,dmag,58,0.0,201.0
fixed,samplerG_static,1,dmag,59,0.0,201.0
fixed,samplerG_static,1,dmag,60,0.0,201.0
fixed,samplerG_static,1,dmag,61,0.0,201.0
fixed,samplerG_static,1,dmag,62,0.0,201.0
fixed,samplerG_static,1,err,0,4.122380513753464,201.0
fixed,samplerG_static,1,err,1,4.12799620094584,201.0
fixed,samplerG_static,1,err,2,4.134499574182046,201.0
fixed,samplerG_static,1,err,3,4.128134437164857,201.0
fixed,samplerG_static,1,err,4,4.142775970608441,201.0
fixed,samplerG_static,1,err,5,4.144145647091652,201.0
fixed,samplerG_static,1,err,6,4.154604425774285,201.0
fixed,samplerG_static,1,err,7,4.158213291891772,201.0
fixed,samplerG_static,1,err,8,4.154879746448934,201.0
fixed,samplerG_static,1,err,9,4.161245355855173,201.0
fixed,samplerG_static,1,err,10,4.161172088402421,201.0
fixed,samplerG_static,1,err,11,4.1660965684041456,201.0
fixed,samplerG_static,1,err,12,4.160129510792927,201.0
fixed,samplerG_static,1,err,13,4.160720178885247,201.0
fixed,samplerG_static,1,err,14,4.157193661180894,201.0
fixed,samplerG_static,1,err,15,4.149258161658671,201.0
fixed,samplerG_static,1,err,16,4.151140995731401,201.0
fixed,samplerG_static,1,err,17,4.1590909480455505,201.0
fixed,samplerG_static,1,err,18,4.16137412561113,201.0
fixed,samplerG_static,1,err,19,4.1602321117375025,201.0
fixed,samplerG_static,1,err,20,4.16308595440281,201.0
fixed,samplerG_static,1,err,21,4.166982699389481,201.0
fixed,samplerG_static,1,err,22,4.173003853701833,201.0
fixed,samplerG_static,1,err,23,4.1777141722873665,201.0
fixed,samplerG_static,1,err,24,4.185299037997402,201.0
fixed,samplerG_static,1,err,25,4.194603397033701,201.0
fixed,samplerG_static,1,err,26,4.204200901498842,201.0
fixed,samplerG_static,1,err,27,4.218821159642728,201.0
fixed,samplerG_static,1,err,28,4.228981933190455,201.0
fixed,samplerG_static,1,err,29,4.238253532209207,201.0
fixed,samplerG_static,1,err,30,4.245727581764335,201.0
fixed,samplerG_static,1,err,31,4.252219650727599,201.0
fixed,samplerG_static,1,err,32,4.251142206624966,201.0
fixed,samplerG_static,1,err,33,4.254308632357204,201.0
fixed,samplerG_static,1,err,34,4.254082615250971,201.0
fixed,samplerG_static,1,err,35,4.25057943291332,201.0
fixed,samplerG_static,1,err,36,4.251535220674021,201.0
fixed,samplerG_static,1,err,37,4.259013589490112,201.0
fixed,samplerG_static,1,err,38,4.248660962231717,201.0
fixed,samplerG_static,1,err,39,4.244065162850849,201.0
fixed,samplerG_static,1,err,40,4.230253943163364,201.0
fixed,samplerG_static,1,err,41,4.226748562274287,201.0
fixed,samplerG_static,1,err,42,4.216765124851198,201.0
fixed,samplerG_static,1,err,43,4.215099204090698,201.0
fixed,samplerG_static,1,err,44,4.215963699479602,201.0
fixed,samplerG_static,1,err,45,4.22384796910618,201.0
fixed,samplerG_static,1,err,46,4.23252903510682,201.0
fixed,samplerG_static,1,err,47,4.251664767662684,201.0
fixed,samplerG_static,1,err,48,4.265094734098188,201.0
fixed,samplerG_static,1,err,49,4.267888120750882,201.0
fixed,samplerG_static,1,err,50,4.271572004651549,201.0
fixed,samplerG_static,1,err,51,4.26870297762885,201.0
fixed,samplerG_static,1,err,52,4.2711115776009825,201.0
fixed,samplerG_static,1,err,53,4.2771829070143434,201.0
fixed,samplerG_static,1,err,54,4.2742789945199124,201.0
fixed,samplerG_static,1,err,55,4.268788970821532,201.0
fixed,samplerG_static,1,err,56,4.257465946733655,201.0
fixed,samplerG_static,1,err,57,4.2431132688154625,201.0
fixed,samplerG_static,1,err,58,4.237497636631353,201.0
fixed,samplerG_static,1,err,59,4.2295303356588185,201.0
fixed,samplerG_static,1,err,60,4.220440480098202,201.0
fixed,samplerG_static,1,err,61,4.2103344649817815,201.0
fixed,samplerG_static,1,err,62,4.206010277591535,201.0
fixed,samplerG_static,1,err,63,4.211301471463483,201.0
fixed,samplerG_static,5,derr,0,0.18794822857821758,201.0
fixed,samplerG_static,5,derr,1,0.18324321045989717,201.0
fixed,samplerG_static,5,derr,2,0.16352031217304183,201.0
fixed,samplerG_static,5,derr,3,0.15898016127132214,201.0
fixed,samplerG_static,5,derr,4,0.15500409340495197,201.0
fixed,samplerG_static,5,derr,5,0.15485638922627143,201.0
fixed,samplerG_static,5,derr,6,0.1472549286175204,201.0
fixed,samplerG_static,5,derr,7,0.14401959507397158,201.0
fixed,samplerG_static,5,derr,8,0.15601334089543023,201.0
fixed,samplerG_static,5,derr,9,0.1581362899629149,201.0
fixed,samplerG_static,5,derr,10,0.14272454464854442,201.0
fixed,samplerG_static,5,derr,11,0.15182934779284604,201.0
fixed,samplerG_static,5,derr,12,0.1393849386124691,201.0
fixed,samplerG_static,5,derr,13,0.1320755262882333,201.0
fixed,samplerG_static,5,derr,14,0.13243926301209338,201.0
fixed,samplerG_static,5,derr,15,0.12724211058621085,201.0
fixed,samplerG_static,5,derr,16,0.14202787535292888,201.0
fixed,samplerG_static,5,derr,17,0.13422808004311512,201.0
fixed,samplerG_static,5,derr,18,0.13946774183999544,201.0
fixed,samplerG_static,5,derr,19,0.14132899859808942,201.0
fixed,samplerG_static,5,derr,20,0.13728414310967152,201.0
fixed,samplerG_static,5,derr,21,0.14534646436219933,201.0
fixed,samplerG_static,5,derr,22,0.1373735974213822,201.0
fixed,samplerG_static,5,derr,23,0.14677718600990317,201.0
fixed,samplerG_static,5,derr,24,0.1497291664532687,201.0
fixed,samplerG_static,5,derr,25,0.13873377789405003,201.0
fixed,samplerG_static,5,derr,26,0.1439318391818794,201.0
fixed,samplerG_static,5,derr,27,0.15408261187967673,201.0
fixed,samplerG_static,5,derr,28,0.1359869609749065,201.0
fixed,samplerG_static,5,derr,29,0.1508150560368983,201.0
fixed,samplerG_static,5,derr,30,0.13275057941313778,201.0
fixed,samplerG_static,5,derr,31,0.12922997438622202,201.0
fixed,samplerG_static,5,derr,32,0.1373331661878237,201.0
fixed,samplerG_static,5,derr,33,0.15656044184512907,201.0
fixed,samplerG_static,5,derr,34,0.14048177460023198,201.0
fixed,samplerG_static,5,derr,35,0.13139452407627705,201.0
fixed,samplerG_static,5,derr,36,0.14167739886012096,201.0
fixed,samplerG_static,5,derr,37,0.14371680066137765,201.0
fixed,samplerG_static,5,derr,38,0.1526468586760448,201.0
fixed,samplerG_static,5,derr,39,0.14030394583143554,201.0
fixed,samplerG_static,5,derr,40,0.15272535382774635,201.0
fixed,samplerG_static,5,derr,41,0.13949898489523882,201.0
fixed,samplerG_static,5,derr,42,0.13035058691189508,201.0
fixed,samplerG_static,5,derr,43,0.12019285753795608,201.0
fixed,samplerG_static,5,derr,44,0.14120584439523332,201.0
fixed,samplerG_static,5,derr,45,0.14391174046693378,201.0
fixed,samplerG_static,5,derr,46,0.15131546815032537,201.0
fixed,samplerG_static,5,derr,47,0.1380078665754614,201.0
fixed,samplerG_static,5,derr,48,0.14151885359089322,201.0
fixed,samplerG_static,5,derr,49,0.14147562063322286,201.0
fixed,samplerG_static,5,derr,50,0.1335868604842629,201.0
fixed,samplerG_static,5,derr,51,0.13985992897885727,201.0
fixed,samplerG_static,5,derr,52,0.12640855115240635,201.0
fixed,samplerG_static,5,derr,53,0.12015329694736805,201.0
fixed,samplerG_static,5,derr,54,0.12959511227562875,201.0
fixed,samplerG_static,5,derr,55,0.13645559840312052,201.0
fixed,samplerG_static,5,derr,56,0.13357422428103674,201.0
fixed,samplerG_static,5,derr,57,0.13789556595260527,201.0
fixed,samplerG_static,5,derr,58,0.13200964789318653,201.0
fixed,samplerG_static,5,derr,59,0.1324784200017651,201.0
fixed,samplerG_static,5,derr,60,0.13891145049719444,201.0
fixed,samplerG_static,5,derr,61,0.13702236744227694,201.0
fixed,samplerG_static,5,derr,62,0.13371256065429815,201.0
fixed,samplerG_static,5,dmag,0,0.0,201.0
fixed,samplerG_static,5,dmag,1,0.0,201.0
fixed,samplerG_static,5,dmag,2,0.0,201.0
fixed,samplerG_static,5,dmag,3,0.0,201.0
fixed,samplerG_static,5,dmag,4,0.0,201.0
fixed,samplerG_static,5,dmag,5,0.0,201.0
fixed,samplerG_static,5,dmag,6,0.0,201.0
fixed,samplerG_static,5,dmag,7,0.0,201.0
fixed,samplerG_static,5,dmag,8,0.0,201.0
fixed,samplerG_static,5,dmag,9,0.0,201.0
fixed,samplerG_static,5,dmag,10,0.0,201.0
fixed,samplerG_static,5,dmag,11,0.0,201.0
fixed,samplerG_static,5,dmag,12,0.0,201.0
fixed,samplerG_static,5,dmag,13,0.0,201.0
fixed,samplerG_static,5,dmag,14,0.0,201.0
fixed,samplerG_static,5,dmag,15,0.0,201.0
fixed,samplerG_static,5,dmag,16,0.0,201.0
fixed,samplerG_static,5,dmag,17,0.0,201.0
fixed,samplerG_static,5,dmag,18,0.0,201.0
fixed,samplerG_static,5,dmag,19,0.0,201.0
fixed,samplerG_static,5,dmag,20,0.0,201.0
fixed,samplerG_static,5,dmag,21,0.0,201.0
fixed,samplerG_static,5,dmag,22,0.0,201.0
fixed,samplerG_static,5,dmag,23,0.0,201.0
fixed,samplerG_static,5,dmag,24,0.0,201.0
fixed,samplerG_static,5,dmag,25,0.0,201.0
fixed,samplerG_static,5,dmag,26,0.0,201.0
fixed,samplerG_static,5,dmag,27,0.0,201.0
fixed,samplerG_static,5,dmag,28,0.0,201.0
fixed,samplerG_static,5,dmag,29,0.0,201.0
fixed,samplerG_static,5,dmag,30,0.0,201.0
fixed,samplerG_static,5,dmag,31,0.0,201.0
fixed,samplerG_static,5,dmag,32,0.0,201.0
fixed,samplerG_static,5,dmag,33,0.0,201.0
fixed,samplerG_static,5,dmag,34,0.0,201.0
fixed,samplerG_static,5,dmag,35,0.0,201.0
fixed,samplerG_static,5,dmag,36,0.0,201.0
fixed,samplerG_static,5,dmag,37,0.0,201.0
fixed,samplerG_static,5,dmag,38,0.0,201.0
fixed,samplerG_static,5,dmag,39,0.0,201.0
fixed,samplerG_static,5,dmag,40,0.0,201.0
fixed,samplerG_static,5,dmag,41,0.0,201.0
fixed,samplerG_static,5,dmag,42,0.0,201.0
fixed,samplerG_static,5,dmag,43,0.0,201.0
fixed,samplerG_static,5,dmag,44,0.0,201.0
fixed,samplerG_static,5,dmag,45,0.0,201.0
fixed,samplerG_static,5,dmag,46,0.0,201.0
fixed,samplerG_static,5,dmag,47,0.0,201.0
fixed,samplerG_static,5,dmag,48,0.0,201.0
fixed,samplerG_static,5,dmag,49,0.0,201.0
fixed,samplerG_static,5,dmag,50,0.0,201.0
fixed,samplerG_static,5,dmag,51,0.0,201.0
fixed,samplerG_static,5,dmag,52,0.0,201.0
fixed,samplerG_static,5,dmag,53,0.0,201.0
fixed,samplerG_static,5,dmag,54,0.0,201.0
fixed,samplerG_static,5,dmag,55,0.0,201.0
fixed,samplerG_static,5,dmag,56,0.0,201.0
fixed,samplerG_static,5,dmag,57,0.0,201.0
fixed,samplerG_static,5,dmag,58,0.0,201.0
fixed,samplerG_static,5,dmag,59,0.0,201.0
fixed,samplerG_static,5,dmag,60,0.0,201.0
fixed,samplerG_static,5,dmag,61,0.0,201.0
fixed,samplerG_static,5,dmag,62,0.0,201.0
fixed,samplerG_static,5,err,0,2.860031585046901,201.0
fixed,samplerG_static,5,err,1,2.8430584734352076,201.0
fixed,samplerG_static,5,err,2,2.847827550190598,201.0
fixed,samplerG_static,5,err,3,2.8366773393913287,201.0
fixed,samplerG_static,5,err,4,2.8436267874134122,201.0
fixed,samplerG_static,5,err,5,2.8431917433418445,201.0
fixed,samplerG_static,5,err,6,2.8483382193603326,201.0
fixed,samplerG_static,5,err,7,2.855515492644476,201.0
fixed,samplerG_static,5,err,8,2.8487501374228086,201.0
fixed,samplerG_static,5,err,9,2.84444522857666,201.0
fixed,samplerG_static,5,err,10,2.8398389687289054,201.0
fixed,samplerG_static,5,err,11,2.8384180547882667,201.0
fixed,samplerG_static,5,err,12,2.8363772798236924,201.0
fixed,samplerG_static,5,err,13,2.8299480623273707,201.0
fixed,samplerG_static,5,err,14,2.8236663175459524,201.0
fixed,samplerG_static,5,err,15,2.825489005046104,201.0
fixed,samplerG_static,5,err,16,2.8299812822792663,201.0
fixed,samplerG_static,5,err,17,2.8402946527621045,201.0
fixed,samplerG_static,5,err,18,2.8404550742154098,201.0
fixed,samplerG_static,5,err,19,2.8371632732265626,201.0
fixed,samplerG_static,5,err,20,2.838015108114451,201.0
fixed,samplerG_static,5,err,21,2.8414412471488935,201.0
fixed,samplerG_static,5,err,22,2.8406589397447024,201.0
fixed,samplerG_static,5,err,23,2.837404657803958,201.0
fixed,samplerG_static,5,err,24,2.832603726517502,201.0
fixed,samplerG_static,5,err,25,2.8216528320193883,201.0
fixed,samplerG_static,5,err,26,2.8347090206929106,201.0
fixed,samplerG_static,5,err,27,2.8317229784839784,201.0
fixed,samplerG_static,5,err,28,2.8373468513809033,201.0
fixed,samplerG_static,5,err,29,2.8365696508492997,201.0
fixed,samplerG_static,5,err,30,2.836284661470954,201.0
fixed,samplerG_static,5,err,31,2.839709582910016,201.0
fixed,samplerG_static,5,err,32,2.834285127731105,201.0
fixed,samplerG_static,5,err,33,2.8419647557818473,201.0
fixed,samplerG_static,5,err,34,2.8339214099580374,201.0
fixed,samplerG_static,5,err,35,2.837977156413728,201.0
fixed,samplerG_static,5,err,36,2.84389438172478,201.0
fixed,samplerG_static,5,err,37,2.8471661076616885,201.0
fixed,samplerG_static,5,err,38,2.8516638450954686,201.0
fixed,samplerG_static,5,err,39,2.8638837570278204,201.0
fixed,samplerG_static,5,err,40,2.8761627224843895,201.0
fixed,samplerG_static,5,err,41,2.8892066561760594,201.0
fixed,samplerG_static,5,err,42,2.8983365494516953,201.0
fixed,samplerG_static,5,err,43,2.8977402162492574,201.0
fixed,samplerG_static,5,err,44,2.8936556270763054,201.0
fixed,samplerG_static,5,err,45,2.8794868754510263,201.0
fixed,samplerG_static,5,err,46,2.8669115411701487,201.0
fixed,samplerG_static,5,err,47,2.85754709694516,201.0
fixed,samplerG_static,5,err,48,2.86481690792302,201.0
fixed,samplerG_static,5,err,49,2.861959956771699,201.0
fixed,samplerG_static,5,err,50,2.8654381357022185,201.0
fixed,samplerG_static,5,err,51,2.869130569310924,201.0
fixed,samplerG_static,5,err,52,2.8751226751068932,201.0
fixed,samplerG_static,5,err,53,2.8793951702948233,201.0
fixed,samplerG_static,5,err,54,2.876405488495803,201.0
fixed,samplerG_static,5,err,55,2.870307319051591,201.0
fixed,samplerG_static,5,err,56,2.884519194192554,201.0
fixed,samplerG_static,5,err,57,2.8966095133207332,201.0
fixed,samplerG_static,5,err,58,2.9015089375759238,201.0
fixed,samplerG_static,5,err,59,2.9181537347943034,201.0
fixed,samplerG_static,5,err,60,2.93266627637308,201.0
fixed,samplerG_static,5,err,61,2.942328102849609,201.0
fixed,samplerG_static,5,err,62,2.940356772485657,201.0
fixed,samplerG_static,5,err,63,2.9375854153834764,201.0
fixed,samplerG_static,10,derr,0,0.18794822857821758,201.0
fixed,samplerG_static,10,derr,1,0.18324321045989717,201.0
fixed,samplerG_static,10,derr,2,0.16352031217304183,201.0
fixed,samplerG_static,10,derr,3,0.15898016127132214,201.0
fixed,samplerG_static,10,derr,4,0.15500409340495197,201.0
fixed,samplerG_static,10,derr,5,0.15485638922627143,201.0
fixed,samplerG_static,10,derr,6,0.1472549286175204,201.0
fixed,samplerG_static,10,derr,7,0.14401959507397158,201.0
fixed,samplerG_static,10,derr,8,0.15601334089543023,201.0
fixed,samplerG_static,10,derr,9,0.1581362899629149,201.0
fixed,samplerG_static,10,derr,10,0.14272454464854442,201.0
fixed,samplerG_static,10,derr,11,0.15182934779284604,201.0
fixed,samplerG_static,10,derr,12,0.1393849386124691,201.0
fixed,samplerG_static,10,derr,13,0.1320755262882333,201.0
fixed,samplerG_static,10,derr,14,0.13243926301209338,201.0
fixed,samplerG_static,10,derr,15,0.12724211058621085,201.0
fixed,samplerG_static,10,derr,16,0.14202787535292888,201.0
fixed,samplerG_static,10,derr,17,0.13422808004311512,201.0
fixed,samplerG_static,10,derr,18,0.13946774183999544,201.0
fixed,samplerG_static,10,derr,19,0.14132899859808942,201.0
fixed,samplerG_static,10,derr,20,0.13728414310967152,201.0
fixed,samplerG_static,10,derr,21,0.14534646436219933,201.0
fixed,samplerG_static,10,derr,22,0.1373735974213822,201.0
fixed,samplerG_static,10,derr,23,0.14677718600990317,201.0
fixed,samplerG_static,10,derr,24,0.1497291664532687,201.0
fixed,samplerG_static,10,derr,25,0.13873377789405003,201.0
fixed,samplerG_static,10,derr,26,0.1439318391818794,201.0
fixed,samplerG_static,10,derr,27,0.15408261187967673,201.0
fixed,samplerG_static,10,derr,28,0.1359869609749065,201.0
fixed,samplerG_static,10,derr,29,0.1508150560368983,201.0
fixed,samplerG_static,10,derr,30,0.13275057941313778,201.0
fixed,samplerG_static,10,derr,31,0.12922997438622202,201.0
fixed,samplerG_static,10,derr,32,0.1373331661878237,201.0
fixed,samplerG_static,10,derr,33,0.15656044184512907,201.0
fixed,samplerG_static,10,derr,34,0.14048177460023198,201.0
fixed,samplerG_static,10,derr,35,0.13139452407627705,201.0
fixed,samplerG_static,10,derr,36,0.14167739886012096,201.0
fixed,samplerG_static,10,derr,37,0.14371680066137765,201.0
fixed,samplerG_static,10,derr,38,0.1526468586760448,201.0
fixed,samplerG_static,10,derr,39,0.14030394583143554,201.0
fixed,samplerG_static,10,derr,40,0.15272535382774635,201.0
fixed,samplerG_static,10,derr,41,0.13949898489523882,201.0
fixed,samplerG_static,10,derr,42,0.13035058691189508,201.0
fixed,samplerG_static,10,derr,43,0.12019285753795608,201.0
fixed,samplerG_static,10,derr,44,0.14120584439523332,201.0
fixed,samplerG_static,10,derr,45,0.14391174046693378,201.0
fixed,samplerG_static,10,derr,46,0.15131546815032537,201.0
fixed,samplerG_static,10,derr,47,0.1380078665754614,201.0
fixed,samplerG_static,10,derr,48,0.14151885359089322,201.0
fixed,samplerG_static,10,derr,49,0.14147562063322286,201.0
fixed,samplerG_static,10,derr,50,0.1335868604842629,201.0
fixed,samplerG_static,10,derr,51,0.13985992897885727,201.0
fixed,samplerG_static,10,derr,52,0.12640855115240635,201.0
fixed,samplerG_static,10,derr,53,0.12015329694736805,201.0
fixed,samplerG_static,10,derr,54,0.12959511227562875,201.0
fixed,samplerG_static,10,derr,55,0.13645559840312052,201.0
fixed,samplerG_static,10,derr,56,0.13357422428103674,201.0
fixed,samplerG_static,10,derr,57,0.13789556595260527,201.0
fixed,samplerG_static,10,derr,58,0.13200964789318653,201.0
fixed,samplerG_static,10,derr,59,0.1324784200017651,201.0
fixed,samplerG_static,10,derr,60,0.13891145049719444,201.0
fixed,samplerG_static,10,derr,61,0.13702236744227694,201.0
fixed,samplerG_static,10,derr,62,0.13371256065429815,201.0
fixed,samplerG_static,10,dmag,0,0.0,201.0
fixed,samplerG_static,10,dmag,1,0.0,201.0
fixed,samplerG_static,10,dmag,2,0.0,201.0
fixed,samplerG_static,10,dmag,3,0.0,201.0
fixed,samplerG_static,10,dmag,4,0.0,201.0
fixed,samplerG_static,10,dmag,5,0.0,201.0
fixed,samplerG_static,10,dmag,6,0.0,201.0
fixed,samplerG_static,10,dmag,7,0.0,201.0
fixed,samplerG_static,10,dmag,8,0.0,201.0
fixed,samplerG_static,10,dmag,9,0.0,201.0
fixed,samplerG_static,10,dmag,10,0.0,201.0
fixed,samplerG_static,10,dmag,11,0.0,201.0
fixed,samplerG_static,10,dmag,12,0.0,201.0
fixed,samplerG_static,10,dmag,13,0.0,201.0
fixed,samplerG_static,10,dmag,14,0.0,201.0
fixed,samplerG_static,10,dmag,15,0.0,201.0
fixed,samplerG_static,10,dmag,16,0.0,201.0
fixed,samplerG_static,10,dmag,17,0.0,201.0
fixed,samplerG_static,10,dmag,18,0.0,201.0
fixed,samplerG_static,10,dmag,19,0.0,201.0
fixed,samplerG_static,10,dmag,20,0.0,201.0
fixed,samplerG_static,10,dmag,21,0.0,201.0
fixed,samplerG_static,10,dmag,22,0.0,201.0
fixed,samplerG_static,10,dmag,23,0.0,201.0
fixed,samplerG_static,10,dmag,24,0.0,201.0
fixed,samplerG_static,10,dmag,25,0.0,201.0
fixed,samplerG_static,10,dmag,26,0.0,201.0
fixed,samplerG_static,10,dmag,27,0.0,201.0
fixed,samplerG_static,10,dmag,28,0.0,201.0
fixed,samplerG_static,10,dmag,29,0.0,201.0
fixed,samplerG_static,10,dmag,30,0.0,201.0
fixed,samplerG_static,10,dmag,31,0.0,201.0
fixed,samplerG_static,10,dmag,32,0.0,201.0
fixed,samplerG_static,10,dmag,33,0.0,201.0
fixed,samplerG_static,10,dmag,34,0.0,201.0
fixed,samplerG_static,10,dmag,35,0.0,201.0
fixed,samplerG_static,10,dmag,36,0.0,201.0
fixed,samplerG_static,10,dmag,37,0.0,201.0
fixed,samplerG_static,10,dmag,38,0.0,201.0
fixed,samplerG_static,10,dmag,39,0.0,201.0
fixed,samplerG_static,10,dmag,40,0.0,201.0
fixed,samplerG_static,10,dmag,41,0.0,201.0
fixed,samplerG_static,10,dmag,42,0.0,201.0
fixed,samplerG_static,10,dmag,43,0.0,201.0
fixed,samplerG_static,10,dmag,44,0.0,201.0
fixed,samplerG_static,10,dmag,45,0.0,201.0
fixed,samplerG_static,10,dmag,46,0.0,201.0
fixed,samplerG_static,10,dmag,47,0.0,201.0
fixed,samplerG_static,10,dmag,48,0.0,201.0
fixed,samplerG_static,10,dmag,49,0.0,201.0
fixed,samplerG_static,10,dmag,50,0.0,201.0
fixed,samplerG_static,10,dmag,51,0.0,201.0
fixed,samplerG_static,10,dmag,52,0.0,201.0
fixed,samplerG_static,10,dmag,53,0.0,201.0
fixed,samplerG_static,10,dmag,54,0.0,201.0
fixed,samplerG_static,10,dmag,55,0.0,201.0
fixed,samplerG_static,10,dmag,56,0.0,201.0
fixed,samplerG_static,10,dmag,57,0.0,201.0
fixed,samplerG_static,10,dmag,58,0.0,201.0
fixed,samplerG_static,10,dmag,59,0.0,201.0
fixed,samplerG_static,10,dmag,60,0.0,201.0
fixed,samplerG_static,10,dmag,61,0.0,201.0
fixed,samplerG_static,10,dmag,62,0.0,201.0
fixed,samplerG_static,10,err,0,2.590866510696079,201.0
fixed,samplerG_static,10,err,1,2.5712784900890653,201.0
fixed,samplerG_static,10,err,2,2.5696280359925323,201.0
fixed,samplerG_static,10,err,3,2.554908082852909,201.0
fixed,samplerG_static,10,err,4,2.555352675084451,201.0
fixed,samplerG_static,10,err,5,2.5518895678259246,201.0
fixed,samplerG_static,10,err,6,2.552610533599237,201.0
fixed,samplerG_static,10,err,7,2.556489096945198,201.0
fixed,samplerG_static,10,err,8,2.545751046778551,201.0
fixed,samplerG_static,10,err,9,2.5409590696814046,201.0
fixed,samplerG_static,10,err,10,2.534771003829899,201.0
fixed,samplerG_static,10,err,11,2.5315503212646466,201.0
fixed,samplerG_static,10,err,12,2.523773426588495,201.0
fixed,samplerG_static,10,err,13,2.5146340536537455,201.0
fixed,samplerG_static,10,err,14,2.508507040602651,201.0
fixed,samplerG_static,10,err,15,2.5126036808858463,201.0
fixed,samplerG_static,10,err,16,2.513141135967786,201.0
fixed,samplerG_static,10,err,17,2.5205268222301163,201.0
fixed,samplerG_static,10,err,18,2.5230699200831834,201.0
fixed,samplerG_static,10,err,19,2.5168173286452222,201.0
fixed,samplerG_static,10,err,20,2.5126912881485857,201.0
fixed,samplerG_static,10,err,21,2.519596834532657,201.0
fixed,samplerG_static,10,err,22,2.525788935559306,201.0
fixed,samplerG_static,10,err,23,2.52220358732921,201.0
fixed,samplerG_static,10,err,24,2.5254599999136,201.0
fixed,samplerG_static,10,err,25,2.5255886964240477,201.0
fixed,samplerG_static,10,err,26,2.5381871988227713,201.0
fixed,samplerG_static,10,err,27,2.532066073435456,201.0
fixed,samplerG_static,10,err,28,2.5378472151151343,201.0
fixed,samplerG_static,10,err,29,2.5409865060552437,201.0
fixed,samplerG_static,10,err,30,2.547081191741412,201.0
fixed,samplerG_static,10,err,31,2.552529248728681,201.0
fixed,samplerG_static,10,err,32,2.549291822002895,201.0
fixed,samplerG_static,10,err,33,2.558258785388956,201.0
fixed,samplerG_static,10,err,34,2.556001411741646,201.0
fixed,samplerG_static,10,err,35,2.5606259137243774,201.0
fixed,samplerG_static,10,err,36,2.5646727704883214,201.0
fixed,samplerG_static,10,err,37,2.571356576473559,201.0
fixed,samplerG_static,10,err,38,2.5666383623483764,201.0
fixed,samplerG_static,10,err,39,2.5779354652362083,201.0
fixed,samplerG_static,10,err,40,2.5903350254196433,201.0
fixed,samplerG_static,10,err,41,2.598622154981936,201.0
fixed,samplerG_static,10,err,42,2.6081723028154515,201.0
fixed,samplerG_static,10,err,43,2.6103697379133592,201.0
fixed,samplerG_static,10,err,44,2.6111598151240183,201.0
fixed,samplerG_static,10,err,45,2.6036495026664355,201.0
fixed,samplerG_static,10,err,46,2.590906923386588,201.0
fixed,samplerG_static,10,err,47,2.5873844200995433,201.0
fixed,samplerG_static,10,err,48,2.5989357329423153,201.0
fixed,samplerG_static,10,err,49,2.594498039181553,201.0
fixed,samplerG_static,10,err,50,2.5914479930009415,201.0
fixed,samplerG_static,10,err,51,2.5930372553678294,201.0
fixed,samplerG_static,10,err,52,2.596698743935248,201.0
fixed,samplerG_static,10,err,53,2.6032818997677287,201.0
fixed,samplerG_static,10,err,54,2.606328786309086,201.0
fixed,samplerG_static,10,err,55,2.6059172491529097,201.0
fixed,samplerG_static,10,err,56,2.617848906795777,201.0
fixed,samplerG_static,10,err,57,2.626391914056901,201.0
fixed,samplerG_static,10,err,58,2.635446015875138,201.0
fixed,samplerG_static,10,err,59,2.6526204936243407,201.0
fixed,samplerG_static,10,err,60,2.6582451462745667,201.0
fixed,samplerG_static,10,err,61,2.66263242043666,201.0
fixed,samplerG_static,10,err,62,2.66095235232097,201.0
fixed,samplerG_static,10,err,63,2.657716589039238,201.0
fixed,samplerG_vf,-1,derr,0,0.19109812401957915,201.0
fixed,samplerG_vf,-1,derr,1,0.18577366700182793,201.0
fixed,samplerG_vf,-1,derr,2,0.16787856214156202,201.0
fixed,samplerG_vf,-1,derr,3,0.1634781807674957,201.0
fixed,samplerG_vf,-1,derr,4,0.1607983734125077,201.0
fixed,samplerG_vf,-1,derr,5,0.15864331619489697,201.0
fixed,samplerG_vf,-1,derr,6,0.14979042784769594,201.0
fixed,samplerG_vf,-1,derr,7,0.14790344413888842,201.0
fixed,samplerG_vf,-1,derr,8,0.1588036426166953,201.0
fixed,samplerG_vf,-1,derr,9,0.1622513144453107,201.0
fixed,samplerG_vf,-1,derr,10,0.14658095724278342,201.0
fixed,samplerG_vf,-1,derr,11,0.1549312224708943,201.0
fixed,samplerG_vf,-1,derr,12,0.14518525200288976,201.0
fixed,samplerG_vf,-1,derr,13,0.13549363656683053,201.0
fixed,samplerG_vf,-1,derr,14,0.13618216161148158,201.0
fixed,samplerG_vf,-1,derr,15,0.13150677604471062,201.0
fixed,samplerG_vf,-1,derr,16,0.1459946413853423,201.0
fixed,samplerG_vf,-1,derr,17,0.13675674829418907,201.0
fixed,samplerG_vf,-1,derr,18,0.14369809225998564,201.0
fixed,samplerG_vf,-1,derr,19,0.14516686858071845,201.0
fixed,samplerG_vf,-1,derr,20,0.14115996500106526,201.0
fixed,samplerG_vf,-1,derr,21,0.14834469129419442,201.0
fixed,samplerG_vf,-1,derr,22,0.1416489084714569,201.0
fixed,samplerG_vf,-1,derr,23,0.15048610696161338,201.0
fixed,samplerG_vf,-1,derr,24,0.1537487358447924,201.0
fixed,samplerG_vf,-1,derr,25,0.14119088073673458,201.0
fixed,samplerG_vf,-1,derr,26,0.14546221971803752,201.0
fixed,samplerG_vf,-1,derr,27,0.15552810289252972,201.0
fixed,samplerG_vf,-1,derr,28,0.13688096183801612,201.0
fixed,samplerG_vf,-1,derr,29,0.1521502769746776,201.0
fixed,samplerG_vf,-1,derr,30,0.13460949720601684,201.0
fixed,samplerG_vf,-1,derr,31,0.1298899079784195,201.0
fixed,samplerG_vf,-1,derr,32,0.13771328930071186,201.0
fixed,samplerG_vf,-1,derr,33,0.15866286753310802,201.0
fixed,samplerG_vf,-1,derr,34,0.14244945503595235,201.0
fixed,samplerG_vf,-1,derr,35,0.13241590713776308,201.0
fixed,samplerG_vf,-1,derr,36,0.14155403646913856,201.0
fixed,samplerG_vf,-1,derr,37,0.1460629280591707,201.0
fixed,samplerG_vf,-1,derr,38,0.15470064149808085,201.0
fixed,samplerG_vf,-1,derr,39,0.14144792402051945,201.0
fixed,samplerG_vf,-1,derr,40,0.156758355141724,201.0
fixed,samplerG_vf,-1,derr,41,0.1437234573673216,201.0
fixed,samplerG_vf,-1,derr,42,0.1369408889270542,201.0
fixed,samplerG_vf,-1,derr,43,0.12606191573368003,201.0
fixed,samplerG_vf,-1,derr,44,0.1448004117763754,201.0
fixed,samplerG_vf,-1,derr,45,0.14386742437601233,201.0
fixed,samplerG_vf,-1,derr,46,0.15464603579672637,201.0
fixed,samplerG_vf,-1,derr,47,0.14189564092965126,201.0
fixed,samplerG_vf,-1,derr,48,0.14569369813899935,201.0
fixed,samplerG_vf,-1,derr,49,0.14495192757664033,201.0
fixed,samplerG_vf,-1,derr,50,0.13763635135325256,201.0
fixed,samplerG_vf,-1,derr,51,0.1431751859392878,201.0
fixed,samplerG_vf,-1,derr,52,0.1288026069480907,201.0
fixed,samplerG_vf,-1,derr,53,0.1229276792516941,201.0
fixed,samplerG_vf,-1,derr,54,0.1313801632197899,201.0
fixed,samplerG_vf,-1,derr,55,0.13857281218926926,201.0
fixed,samplerG_vf,-1,derr,56,0.13599913741800176,201.0
fixed,samplerG_vf,-1,derr,57,0.14038180639105508,201.0
fixed,samplerG_vf,-1,derr,58,0.13519766187221186,201.0
fixed,samplerG_vf,-1,derr,59,0.13433122412157955,201.0
fixed,samplerG_vf,-1,derr,60,0.1393992514729463,201.0
fixed,samplerG_vf,-1,derr,61,0.13879379624714006,201.0
fixed,samplerG_vf,-1,derr,62,0.1351050818019282,201.0
fixed,samplerG_vf,-1,dmag,0,0.05319099283327734,201.0
fixed,samplerG_vf,-1,dmag,1,0.049652870934206395,201.0
fixed,samplerG_vf,-1,dmag,2,0.047226064417288785,201.0
fixed,samplerG_vf,-1,dmag,3,0.04446618505313397,201.0
fixed,samplerG_vf,-1,dmag,4,0.04286577753208356,201.0
fixed,samplerG_vf,-1,dmag,5,0.04103909065177783,201.0
fixed,samplerG_vf,-1,dmag,6,0.04087409657491047,201.0
fixed,samplerG_vf,-1,dmag,7,0.037646282527048984,201.0
fixed,samplerG_vf,-1,dmag,8,0.03761872985163954,201.0
fixed,samplerG_vf,-1,dmag,9,0.03650505348799093,201.0
fixed,samplerG_vf,-1,dmag,10,0.036810958976463526,201.0
fixed,samplerG_vf,-1,dmag,11,0.03689910399898961,201.0
fixed,samplerG_vf,-1,dmag,12,0.03605742782993769,201.0
fixed,samplerG_vf,-1,dmag,13,0.033829044093104534,201.0
fixed,samplerG_vf,-1,dmag,14,0.03227771796605813,201.0
fixed,samplerG_vf,-1,dmag,15,0.030655104261985158,201.0
fixed,samplerG_vf,-1,dmag,16,0.029390871754861377,201.0
fixed,samplerG_vf,-1,dmag,17,0.0286314193944711,201.0
fixed,samplerG_vf,-1,dmag,18,0.029815889392928473,201.0
fixed,samplerG_vf,-1,dmag,19,0.0293141631157003,201.0
fixed,samplerG_vf,-1,dmag,20,0.028068253772555656,201.0
fixed,samplerG_vf,-1,dmag,21,0.02628097033188376,201.0
fixed,samplerG_vf,-1,dmag,22,0.02626684639065419,201.0
fixed,samplerG_vf,-1,dmag,23,0.025304929115600994,201.0
fixed,samplerG_vf,-1,dmag,24,0.026129163255155144,201.0
fixed,samplerG_vf,-1,dmag,25,0.024860681645776064,201.0
fixed,samplerG_vf,-1,dmag,26,0.02459725211351295,201.0
fixed,samplerG_vf,-1,dmag,27,0.024143017911866533,201.0
fixed,samplerG_vf,-1,dmag,28,0.024258084193715324,201.0
fixed,samplerG_vf,-1,dmag,29,0.023798906165105653,201.0
fixed,samplerG_vf,-1,dmag,30,0.02402805820714441,201.0
fixed,samplerG_vf,-1,dmag,31,0.022350818124734124,201.0
fixed,samplerG_vf,-1,dmag,32,0.022893432667478918,201.0
fixed,samplerG_vf,-1,dmag,33,0.023401923339804686,201.0
fixed,samplerG_vf,-1,dmag,34,0.022547870405500207,201.0
fixed,samplerG_vf,-1,dmag,35,0.02209046801820918,201.0
fixed,samplerG_vf,-1,dmag,36,0.02210224292852653,201.0
fixed,samplerG_vf,-1,dmag,37,0.022072827397841045,201.0
fixed,samplerG_vf,-1,dmag,38,0.023589362728812603,201.0
fixed,samplerG_vf,-1,dmag,39,0.0247279832978265,201.0
fixed,samplerG_vf,-1,dmag,40,0.024100882244477078,201.0
fixed,samplerG_vf,-1,dmag,41,0.023960915144616315,201.0
fixed,samplerG_vf,-1,dmag,42,0.023579560583735344,201.0
fixed,samplerG_vf,-1,dmag,43,0.023905794654477088,201.0
fixed,samplerG_vf,-1,dmag,44,0.023936888467826295,201.0
fixed,samplerG_vf,-1,dmag,45,0.024743049372617724,201.0
fixed,samplerG_vf,-1,dmag,46,0.02303812712551423,201.0
fixed,samplerG_vf,-1,dmag,47,0.02245848346130913,201.0
fixed,samplerG_vf,-1,dmag,48,0.02233066695478203,201.0
fixed,samplerG_vf,-1,dmag,49,0.022451468101419993,201.0
fixed,samplerG_vf,-1,dmag,50,0.021534940467646996,201.0
fixed,samplerG_vf,-1,dmag,51,0.02147750430670915,201.0
fixed,samplerG_vf,-1,dmag,52,0.021751551914598724,201.0
fixed,samplerG_vf,-1,dmag,53,0.02242718974489775,201.0
fixed,samplerG_vf,-1,dmag,54,0.022965629808651064,201.0
fixed,samplerG_vf,-1,dmag,55,0.02380804944463743,201.0
fixed,samplerG_vf,-1,dmag,56,0.024277217568255113,201.0
fixed,samplerG_vf,-1,dmag,57,0.023731281632900364,201.0
fixed,samplerG_vf,-1,dmag,58,0.02404081336273556,201.0
fixed,samplerG_vf,-1,dmag,59,0.023840057279738553,201.0
fixed,samplerG_vf,-1,dmag,60,0.0224202998466697,201.0
fixed,samplerG_vf,-1,dmag,61,0.022150208097905737,201.0
fixed,samplerG_vf,-1,dmag,62,0.02051334788985735,201.0
fixed,samplerG_vf,-1,err,0,4.228385599142876,201.0
fixed,samplerG_vf,-1,err,1,4.224616817766756,201.0
fixed,samplerG_vf,-1,err,2,4.2262078919517485,201.0
fixed,samplerG_vf,-1,err,3,4.213374202820792,201.0
fixed,samplerG_vf,-1,err,4,4.219396023296597,201.0
fixed,samplerG_vf,-1,err,5,4.2135618626330045,201.0
fixed,samplerG_vf,-1,err,6,4.215795594513121,201.0
fixed,samplerG_vf,-1,err,7,4.212433310320129,201.0
fixed,samplerG_vf,-1,err,8,4.205422100068918,201.0
fixed,samplerG_vf,-1,err,9,4.205239471896965,201.0
fixed,samplerG_vf,-1,err,10,4.199477192151605,201.0
fixed,samplerG_vf,-1,err,11,4.19758018224097,201.0
fixed,samplerG_vf,-1,err,12,4.187584780638491,201.0
fixed,samplerG_vf,-1,err,13,4.183020857880955,201.0
fixed,samplerG_vf,-1,err,14,4.1770514454562875,201.0
fixed,samplerG_vf,-1,err,15,4.175495839771346,201.0
fixed,samplerG_vf,-1,err,16,4.178500714349511,201.0
fixed,samplerG_vf,-1,err,17,4.183879648082291,201.0
fixed,samplerG_vf,-1,err,18,4.1799114182665535,201.0
fixed,samplerG_vf,-1,err,19,4.174753418802028,201.0
fixed,samplerG_vf,-1,err,20,4.169967830210778,201.0
fixed,samplerG_vf,-1,err,21,4.1683089602497665,201.0
fixed,samplerG_vf,-1,err,22,4.166774866222148,201.0
fixed,samplerG_vf,-1,err,23,4.160854935853637,201.0
fixed,samplerG_vf,-1,err,24,4.152260673742984,201.0
fixed,samplerG_vf,-1,err,25,4.153820827143703,201.0
fixed,samplerG_vf,-1,err,26,4.161636695873676,201.0
fixed,samplerG_vf,-1,err,27,4.160460742700158,201.0
fixed,samplerG_vf,-1,err,28,4.16277401284199,201.0
fixed,samplerG_vf,-1,err,29,4.164284395711935,201.0
fixed,samplerG_vf,-1,err,30,4.162350081344744,201.0
fixed,samplerG_vf,-1,err,31,4.162050789327764,201.0
fixed,samplerG_vf,-1,err,32,4.161618327560711,201.0
fixed,samplerG_vf,-1,err,33,4.155919140013889,201.0
fixed,samplerG_vf,-1,err,34,4.154316230348093,201.0
fixed,samplerG_vf,-1,err,35,4.150238236770109,201.0
fixed,samplerG_vf,-1,err,36,4.153896347918913,201.0
fixed,samplerG_vf,-1,err,37,4.160249326359574,201.0
fixed,samplerG_vf,-1,err,38,4.1542778764198065,201.0
fixed,samplerG_vf,-1,err,39,4.1564101883131475,201.0
fixed,samplerG_vf,-1,err,40,4.1478463038876265,201.0
fixed,samplerG_vf,-1,err,41,4.152548769279498,201.0
fixed,samplerG_vf,-1,err,42,4.157888194043838,201.0
fixed,samplerG_vf,-1,err,43,4.162136306483945,201.0
fixed,samplerG_vf,-1,err,44,4.157377092310444,201.0
fixed,samplerG_vf,-1,err,45,4.15344244493774,201.0
fixed,samplerG_vf,-1,err,46,4.147235966054954,201.0
fixed,samplerG_vf,-1,err,47,4.142378356622819,201.0
fixed,samplerG_vf,-1,err,48,4.140806771362598,201.0
fixed,samplerG_vf,-1,err,49,4.139532499348939,201.0
fixed,samplerG_vf,-1,err,50,4.1424003887235825,201.0
fixed,samplerG_vf,-1,err,51,4.143377633207474,201.0
fixed,samplerG_vf,-1,err,52,4.143068708501644,201.0
fixed,samplerG_vf,-1,err,53,4.14817722543555,201.0
fixed,samplerG_vf,-1,err,54,4.146428249783776,201.0
fixed,samplerG_vf,-1,err,55,4.140620277592198,201.0
fixed,samplerG_vf,-1,err,56,4.1377660022149625,201.0
fixed,samplerG_vf,-1,err,57,4.12940752197854,201.0
fixed,samplerG_vf,-1,err,58,4.129310139761637,201.0
fixed,samplerG_vf,-1,err,59,4.128959822595416,201.0
fixed,samplerG_vf,-1,err,60,4.130351040375171,201.0
fixed,samplerG_vf,-1,err,61,4.130345455538576,201.0
fixed,samplerG_vf,-1,err,62,4.1298615869598025,201.0
fixed,samplerG_vf,-1,err,63,4.1341238874404596,201.0
fixed,samplerG_vf,1,derr,0,0.18844354222181128,201.0
fixed,samplerG_vf,1,derr,1,0.18447890194753805,201.0
fixed,samplerG_vf,1,derr,2,0.16694343552011903,201.0
fixed,samplerG_vf,1,derr,3,0.1631902087136955,201.0
fixed,samplerG_vf,1,derr,4,0.1600995669280415,201.0
fixed,samplerG_vf,1,derr,5,0.15853038306037584,201.0
fixed,samplerG_vf,1,derr,6,0.15020958727123726,201.0
fixed,samplerG_vf,1,derr,7,0.14659090953605686,201.0
fixed,samplerG_vf,1,derr,8,0.1562789739549753,201.0
fixed,samplerG_vf,1,derr,9,0.1605991735516941,201.0
fixed,samplerG_vf,1,derr,10,0.14620989033794818,201.0
fixed,samplerG_vf,1,derr,11,0.15418459146065794,201.0
fixed,samplerG_vf,1,derr,12,0.14504928444859697,201.0
fixed,samplerG_vf,1,derr,13,0.1355891639867158,201.0
fixed,samplerG_vf,1,derr,14,0.13684741297356823,201.0
fixed,samplerG_vf,1,derr,15,0.13200266390056603,201.0
fixed,samplerG_vf,1,derr,16,0.14585755666745687,201.0
fixed,samplerG_vf,1,derr,17,0.13653199862114232,201.0
fixed,samplerG_vf,1,derr,18,0.14247502024234526,201.0
fixed,samplerG_vf,1,derr,19,0.1467042589300678,201.0
fixed,samplerG_vf,1,derr,20,0.13989801814232894,201.0
fixed,samplerG_vf,1,derr,21,0.14702528753591265,201.0
fixed,samplerG_vf,1,derr,22,0.14014615610575498,201.0
fixed,samplerG_vf,1,derr,23,0.15041353922819173,201.0
fixed,samplerG_vf,1,derr,24,0.15301156846055788,201.0
fixed,samplerG_vf,1,derr,25,0.14070370375405794,201.0
fixed,samplerG_vf,1,derr,26,0.14462216462550767,201.0
fixed,samplerG_vf,1,derr,27,0.15464763592613573,201.0
fixed,samplerG_vf,1,derr,28,0.13679032629605994,201.0
fixed,samplerG_vf,1,derr,29,0.15132253476191515,201.0
fixed,samplerG_vf,1,derr,30,0.13486167306627206,201.0
fixed,samplerG_vf,1,derr,31,0.13054700996448745,201.0
fixed,samplerG_vf,1,derr,32,0.1383765606274504,201.0
fixed,samplerG_vf,1,derr,33,0.15906261746303654,201.0
fixed,samplerG_vf,1,derr,34,0.1427022310909792,201.0
fixed,samplerG_vf,1,derr,35,0.13269190902159136,201.0
fixed,samplerG_vf,1,derr,36,0.14176173477586526,201.0
fixed,samplerG_vf,1,derr,37,0.14615981392933064,201.0
fixed,samplerG_vf,1,derr,38,0.15420999999774332,201.0
fixed,samplerG_vf,1,derr,39,0.14201644900722885,201.0
fixed,samplerG_vf,1,derr,40,0.1571046894749821,201.0
fixed,samplerG_vf,1,derr,41,0.14441800934832488,201.0
fixed,samplerG_vf,1,derr,42,0.13711871780844323,201.0
fixed,samplerG_vf,1,derr,43,0.12602231533391706,201.0
fixed,samplerG_vf,1,derr,44,0.1447884380511606,201.0
fixed,samplerG_vf,1,derr,45,0.14450894713179388,201.0
fixed,samplerG_vf,1,derr,46,0.15439945243447278,201.0
fixed,samplerG_vf,1,derr,47,0.1411487427192615,201.0
fixed,samplerG_vf,1,derr,48,0.14562345040378286,201.0
fixed,samplerG_vf,1,derr,49,0.14414028341497354,201.0
fixed,samplerG_vf,1,derr,50,0.13717275638300092,201.0
fixed,samplerG_vf,1,derr,51,0.14223335991933275,201.0
fixed,samplerG_vf,1,derr,52,0.1285788367747964,201.0
fixed,samplerG_vf,1,derr,53,0.1227438151512054,201.0
fixed,samplerG_vf,1,derr,54,0.13097498173459401,201.0
fixed,samplerG_vf,1,derr,55,0.13813985508880508,201.0
fixed,samplerG_vf,1,derr,56,0.1344924868404198,201.0
fixed,samplerG_vf,1,derr,57,0.1398420602602152,201.0
fixed,samplerG_vf,1,derr,58,0.13566464650912666,201.0
fixed,samplerG_vf,1,derr,59,0.13474578072145507,201.0
fixed,samplerG_vf,1,derr,60,0.13993630409982075,201.0
fixed,samplerG_vf,1,derr,61,0.13951485965456537,201.0
fixed,samplerG_vf,1,derr,62,0.13490559197776947,201.0
fixed,samplerG_vf,1,dmag,0,0.049046554646700324,201.0
fixed,samplerG_vf,1,dmag,1,0.04615512367949557,201.0
fixed,samplerG_vf,1,dmag,2,0.04353353585260202,201.0
fixed,samplerG_vf,1,dmag,3,0.041529222764538146,201.0
fixed,samplerG_vf,1,dmag,4,0.040518997359872605,201.0
fixed,samplerG_vf,1,dmag,5,0.039115616766763714,201.0
fixed,samplerG_vf,1,dmag,6,0.04022683618840442,201.0
fixed,samplerG_vf,1,dmag,7,0.03604079020529318,201.0
fixed,samplerG_vf,1,dmag,8,0.036165576210403026,201.0
fixed,samplerG_vf,1,dmag,9,0.03566379329208192,201.0
fixed,samplerG_vf,1,dmag,10,0.03649420259909621,201.0
fixed,samplerG_vf,1,dmag,11,0.0373623040342583,201.0
fixed,samplerG_vf,1,dmag,12,0.03689123263387983,201.0
fixed,samplerG_vf,1,dmag,13,0.03442017114095723,201.0
fixed,samplerG_vf,1,dmag,14,0.033207887799863646,201.0
fixed,samplerG_vf,1,dmag,15,0.03112943249926045,201.0
fixed,samplerG_vf,1,dmag,16,0.02967290420650472,201.0
fixed,samplerG_vf,1,dmag,17,0.029073989102199896,201.0
fixed,samplerG_vf,1,dmag,18,0.03283176853307592,201.0
fixed,samplerG_vf,1,dmag,19,0.032054912178448185,201.0
fixed,samplerG_vf,1,dmag,20,0.027155526786282733,201.0
fixed,samplerG_vf,1,dmag,21,0.024947553256813863,201.0
fixed,samplerG_vf,1,dmag,22,0.025735718506244728,201.0
fixed,samplerG_vf,1,dmag,23,0.024862852144467446,201.0
fixed,samplerG_vf,1,dmag,24,0.025379903897161212,201.0
fixed,samplerG_vf,1,dmag,25,0.024223143079628546,201.0
fixed,samplerG_vf,1,dmag,26,0.02429840017564187,201.0
fixed,samplerG_vf,1,dmag,27,0.023595632438487675,201.0
fixed,samplerG_vf,1,dmag,28,0.024396395106887937,201.0
fixed,samplerG_vf,1,dmag,29,0.024285322933258555,201.0
fixed,samplerG_vf,1,dmag,30,0.025196497140924878,201.0
fixed,samplerG_vf,1,dmag,31,0.02291681713874067,201.0
fixed,samplerG_vf,1,dmag,32,0.02360474416031618,201.0
fixed,samplerG_vf,1,dmag,33,0.02333333624980936,201.0
fixed,samplerG_vf,1,dmag,34,0.02189123862427636,201.0
fixed,samplerG_vf,1,dmag,35,0.021791246057075647,201.0
fixed,samplerG_vf,1,dmag,36,0.02108484768165062,201.0
fixed,samplerG_vf,1,dmag,37,0.020884875896206096,201.0
fixed,samplerG_vf,1,dmag,38,0.023302981750437275,201.0
fixed,samplerG_vf,1,dmag,39,0.024299247322409456,201.0
fixed,samplerG_vf,1,dmag,40,0.02369442635415057,201.0
fixed,samplerG_vf,1,dmag,41,0.02435456590949377,201.0
fixed,samplerG_vf,1,dmag,42,0.023444713494133445,201.0
fixed,samplerG_vf,1,dmag,43,0.02340792709572324,201.0
fixed,samplerG_vf,1,dmag,44,0.024343467229486104,201.0
fixed,samplerG_vf,1,dmag,45,0.025216875618685092,201.0
fixed,samplerG_vf,1,dmag,46,0.02253696724624183,201.0
fixed,samplerG_vf,1,dmag,47,0.02223658383550558,201.0
fixed,samplerG_vf,1,dmag,48,0.021925093694149855,201.0
fixed,samplerG_vf,1,dmag,49,0.0216212595247696,201.0
fixed,samplerG_vf,1,dmag,50,0.020440329072431693,201.0
fixed,samplerG_vf,1,dmag,51,0.020587958569235322,201.0
fixed,samplerG_vf,1,dmag,52,0.02054712203428594,201.0
fixed,samplerG_vf,1,dmag,53,0.021322946344497638,201.0
fixed,samplerG_vf,1,dmag,54,0.022157474819441043,201.0
fixed,samplerG_vf,1,dmag,55,0.022667755361238672,201.0
fixed,samplerG_vf,1,dmag,56,0.023049373207474824,201.0
fixed,samplerG_vf,1,dmag,57,0.02387003191464131,201.0
fixed,samplerG_vf,1,dmag,58,0.02438721190026002,201.0
fixed,samplerG_vf,1,dmag,59,0.024249448517420842,201.0
fixed,samplerG_vf,1,dmag,60,0.023232628561241263,201.0
fixed,samplerG_vf,1,dmag,61,0.02301808529816086,201.0
fixed,samplerG_vf,1,dmag,62,0.020294621920407707,201.0
fixed,samplerG_vf,1,err,0,4.122380513753464,201.0
fixed,samplerG_vf,1,err,1,4.1219615636773375,201.0
fixed,samplerG_vf,1,err,2,4.122334905821292,201.0
fixed,samplerG_vf,1,err,3,4.1103814306543835,201.0
fixed,samplerG_vf,1,err,4,4.1198158783106065,201.0
fixed,samplerG_vf,1,err,5,4.115541902940665,201.0
fixed,samplerG_vf,1,err,6,4.1215206565548534,201.0
fixed,samplerG_vf,1,err,7,4.120943928239358,201.0
fixed,samplerG_vf,1,err,8,4.11352838864967,201.0
fixed,samplerG_vf,1,err,9,4.1158116754904315,201.0
fixed,samplerG_vf,1,err,10,4.11471238183738,201.0
fixed,samplerG_vf,1,err,11,4.114742359711756,201.0
fixed,samplerG_vf,1,err,12,4.104152626659147,201.0
fixed,samplerG_vf,1,err,13,4.0989928258888755,201.0
fixed,samplerG_vf,1,err,14,4.090481205217874,201.0
fixed,samplerG_vf,1,err,15,4.081539893773065,201.0
fixed,samplerG_vf,1,err,16,4.084281912193963,201.0
fixed,samplerG_vf,1,err,17,4.093882546347765,201.0
fixed,samplerG_vf,1,err,18,4.09432578605799,201.0
fixed,samplerG_vf,1,err,19,4.093586102646975,201.0
fixed,samplerG_vf,1,err,20,4.089702283861625,201.0
fixed,samplerG_vf,1,err,21,4.087206663776986,201.0
fixed,samplerG_vf,1,err,22,4.083063005807981,201.0
fixed,samplerG_vf,1,err,23,4.076091519932248,201.0
fixed,samplerG_vf,1,err,24,4.071373913122054,201.0
fixed,samplerG_vf,1,err,25,4.073909543639985,201.0
fixed,samplerG_vf,1,err,26,4.077373904078754,201.0
fixed,samplerG_vf,1,err,27,4.081407447655995,201.0
fixed,samplerG_vf,1,err,28,4.086018649499808,201.0
fixed,samplerG_vf,1,err,29,4.088339336772464,201.0
fixed,samplerG_vf,1,err,30,4.091819373529349,201.0
fixed,samplerG_vf,1,err,31,4.09287997175805,201.0
fixed,samplerG_vf,1,err,32,4.095265331256449,201.0
fixed,samplerG_vf,1,err,33,4.091817376032398,201.0
fixed,samplerG_vf,1,err,34,4.09273326337634,201.0
fixed,samplerG_vf,1,err,35,4.088897572821052,201.0
fixed,samplerG_vf,1,err,36,4.091067794840134,201.0
fixed,samplerG_vf,1,err,37,4.099962415386789,201.0
fixed,samplerG_vf,1,err,38,4.090635769699343,201.0
fixed,samplerG_vf,1,err,39,4.088311222655263,201.0
fixed,samplerG_vf,1,err,40,4.070616262172585,201.0
fixed,samplerG_vf,1,err,41,4.074015197469227,201.0
fixed,samplerG_vf,1,err,42,4.075455343841913,201.0
fixed,samplerG_vf,1,err,43,4.083047177957658,201.0
fixed,samplerG_vf,1,err,44,4.084756159960334,201.0
fixed,samplerG_vf,1,err,45,4.088679601897055,201.0
fixed,samplerG_vf,1,err,46,4.086819232992865,201.0
fixed,samplerG_vf,1,err,47,4.091669066924954,201.0
fixed,samplerG_vf,1,err,48,4.096115479125312,201.0
fixed,samplerG_vf,1,err,49,4.094539177061907,201.0
fixed,samplerG_vf,1,err,50,4.099075744994244,201.0
fixed,samplerG_vf,1,err,51,4.0969192572494055,201.0
fixed,samplerG_vf,1,err,52,4.098659762399113,201.0
fixed,samplerG_vf,1,err,53,4.105533801797611,201.0
fixed,samplerG_vf,1,err,54,4.104498646745634,201.0
fixed,samplerG_vf,1,err,55,4.100884922997868,201.0
fixed,samplerG_vf,1,err,56,4.090807435227863,201.0
fixed,samplerG_vf,1,err,57,4.076650568205325,201.0
fixed,samplerG_vf,1,err,58,4.072078123911103,201.0
fixed,samplerG_vf,1,err,59,4.065510484116587,201.0
fixed,samplerG_vf,1,err,60,4.062356416858844,201.0
fixed,samplerG_vf,1,err,61,4.060111303531115,201.0
fixed,samplerG_vf,1,err,62,4.0608228729732,201.0
fixed,samplerG_vf,1,err,63,4.069547892506443,201.0
fixed,samplerG_vf,5,derr,0,0.18747170349184553,201.0
fixed,samplerG_vf,5,derr,1,0.18170743620032398,201.0
fixed,samplerG_vf,5,derr,2,0.16323242619615141,201.0
fixed,samplerG_vf,5,derr,3,0.16098063578134153,201.0
fixed,samplerG_vf,5,derr,4,0.15731564906439674,201.0
fixed,samplerG_vf,5,derr,5,0.15576197755573995,201.0
fixed,samplerG_vf,5,derr,6,0.14609136935601483,201.0
fixed,samplerG_vf,5,derr,7,0.1461941247472345,201.0
fixed,samplerG_vf,5,derr,8,0.15568638271860666,201.0
fixed,samplerG_vf,5,derr,9,0.1601030421698123,201.0
fixed,samplerG_vf,5,derr,10,0.1434025793100026,201.0
fixed,samplerG_vf,5,derr,11,0.15044073599728927,201.0
fixed,samplerG_vf,5,derr,12,0.14286129853099733,201.0
fixed,samplerG_vf,5,derr,13,0.13290451740873838,201.0
fixed,samplerG_vf,5,derr,14,0.13332953844312115,201.0
fixed,samplerG_vf,5,derr,15,0.12949004828170016,201.0
fixed,samplerG_vf,5,derr,16,0.14449311935560621,201.0
fixed,samplerG_vf,5,derr,17,0.13364501966543457,201.0
fixed,samplerG_vf,5,derr,18,0.14136458810567115,201.0
fixed,samplerG_vf,5,derr,19,0.14578087954545643,201.0
fixed,samplerG_vf,5,derr,20,0.14196133692355,201.0
fixed,samplerG_vf,5,derr,21,0.14840477954281206,201.0
fixed,samplerG_vf,5,derr,22,0.14201401595712004,201.0
fixed,samplerG_vf,5,derr,23,0.14976354618904306,201.0
fixed,samplerG_vf,5,derr,24,0.15394195524595716,201.0
fixed,samplerG_vf,5,derr,25,0.14071915058687848,201.0
fixed,samplerG_vf,5,derr,26,0.1446423705954531,201.0
fixed,samplerG_vf,5,derr,27,0.15398463406206214,201.0
fixed,samplerG_vf,5,derr,28,0.13585027132591057,201.0
fixed,samplerG_vf,5,derr,29,0.15169030213404205,201.0
fixed,samplerG_vf,5,derr,30,0.13307852699741055,201.0
fixed,samplerG_vf,5,derr,31,0.12916698854935554,201.0
fixed,samplerG_vf,5,derr,32,0.13647967083055285,201.0
fixed,samplerG_vf,5,derr,33,0.15900234462443127,201.0
fixed,samplerG_vf,5,derr,34,0.14176528296197083,201.0
fixed,samplerG_vf,5,derr,35,0.13154699941124046,201.0
fixed,samplerG_vf,5,derr,36,0.14108339899140804,201.0
fixed,samplerG_vf,5,derr,37,0.14508306324037154,201.0
fixed,samplerG_vf,5,derr,38,0.15438968529322403,201.0
fixed,samplerG_vf,5,derr,39,0.13988081842605302,201.0
fixed,samplerG_vf,5,derr,40,0.15619554981329845,201.0
fixed,samplerG_vf,5,derr,41,0.14380803982731863,201.0
fixed,samplerG_vf,5,derr,42,0.13646390792723764,201.0
fixed,samplerG_vf,5,derr,43,0.12495612074153044,201.0
fixed,samplerG_vf,5,derr,44,0.14380282539855782,201.0
fixed,samplerG_vf,5,derr,45,0.1426816878849594,201.0
fixed,samplerG_vf,5,derr,46,0.1539294032973066,201.0
fixed,samplerG_vf,5,derr,47,0.14084604383441643,201.0
fixed,samplerG_vf,5,derr,48,0.1446998095584672,201.0
fixed,samplerG_vf,5,derr,49,0.14404153490244453,201.0
fixed,samplerG_vf,5,derr,50,0.13679983744870372,201.0
fixed,samplerG_vf,5,derr,51,0.14233392752262194,201.0
fixed,samplerG_vf,5,derr,52,0.12832756687548771,201.0
fixed,samplerG_vf,5,derr,53,0.12145715829133247,201.0
fixed,samplerG_vf,5,derr,54,0.12976392253362273,201.0
fixed,samplerG_vf,5,derr,55,0.13724009571735984,201.0
fixed,samplerG_vf,5,derr,56,0.13434742641778877,201.0
fixed,samplerG_vf,5,derr,57,0.1384980171242386,201.0
fixed,samplerG_vf,5,derr,58,0.13325525662718127,201.0
fixed,samplerG_vf,5,derr,59,0.13192248454234048,201.0
fixed,samplerG_vf,5,derr,60,0.1375297316447345,201.0
fixed,samplerG_vf,5,derr,61,0.1375421183878806,201.0
fixed,samplerG_vf,5,derr,62,0.13403407369383533,201.0
fixed,samplerG_vf,5,dmag,0,0.048791761653710956,201.0
fixed,samplerG_vf,5,dmag,1,0.04440631658367034,201.0
fixed,samplerG_vf,5,dmag,2,0.04215852386869527,201.0
fixed,samplerG_vf,5,dmag,3,0.039958044691984336,201.0
fixed,samplerG_vf,5,dmag,4,0.038452188255015146,201.0
fixed,samplerG_vf,5,dmag,5,0.03727830741647167,201.0
fixed,samplerG_vf,5,dmag,6,0.03898029261041636,201.0
fixed,samplerG_vf,5,dmag,7,0.03488349531828171,201.0
fixed,samplerG_vf,5,dmag,8,0.03523858107478168,201.0
fixed,samplerG_vf,5,dmag,9,0.033898950876454954,201.0
fixed,samplerG_vf,5,dmag,10,0.03431486017279216,201.0
fixed,samplerG_vf,5,dmag,11,0.03420174935489745,201.0
fixed,samplerG_vf,5,dmag,12,0.03263289674152782,201.0
fixed,samplerG_vf,5,dmag,13,0.030365154188849143,201.0
fixed,samplerG_vf,5,dmag,14,0.028754467077423535,201.0
fixed,samplerG_vf,5,dmag,15,0.0283925382476022,201.0
fixed,samplerG_vf,5,dmag,16,0.026938804802924987,201.0
fixed,samplerG_vf,5,dmag,17,0.026201802435613687,201.0
fixed,samplerG_vf,5,dmag,18,0.028561785008610036,201.0
fixed,samplerG_vf,5,dmag,19,0.02930371589328519,201.0
fixed,samplerG_vf,5,dmag,20,0.02770768024435091,201.0
fixed,samplerG_vf,5,dmag,21,0.024636627144796485,201.0
fixed,samplerG_vf,5,dmag,22,0.024944404462139257,201.0
fixed,samplerG_vf,5,dmag,23,0.023590487840386174,201.0
fixed,samplerG_vf,5,dmag,24,0.02476461597982405,201.0
fixed,samplerG_vf,5,dmag,25,0.023382195915600555,201.0
fixed,samplerG_vf,5,dmag,26,0.02286682443563544,201.0
fixed,samplerG_vf,5,dmag,27,0.023085642131091794,201.0
fixed,samplerG_vf,5,dmag,28,0.0232531619767904,201.0
fixed,samplerG_vf,5,dmag,29,0.022561798604270118,201.0
fixed,samplerG_vf,5,dmag,30,0.02295190943822042,201.0
fixed,samplerG_vf,5,dmag,31,0.021347244392932202,201.0
fixed,samplerG_vf,5,dmag,32,0.022318382571400397,201.0
fixed,samplerG_vf,5,dmag,33,0.02294494478791878,201.0
fixed,samplerG_vf,5,dmag,34,0.02150075061395023,201.0
fixed,samplerG_vf,5,dmag,35,0.021520553756764725,201.0
fixed,samplerG_vf,5,dmag,36,0.021802392547292198,201.0
fixed,samplerG_vf,5,dmag,37,0.02188490326307825,201.0
fixed,samplerG_vf,5,dmag,38,0.02358620791042696,201.0
fixed,samplerG_vf,5,dmag,39,0.024973202024155587,201.0
fixed,samplerG_vf,5,dmag,40,0.02466092661106542,201.0
fixed,samplerG_vf,5,dmag,41,0.024363578123443606,201.0
fixed,samplerG_vf,5,dmag,42,0.02289765277200967,201.0
fixed,samplerG_vf,5,dmag,43,0.022527392216916405,201.0
fixed,samplerG_vf,5,dmag,44,0.022663102181748815,201.0
fixed,samplerG_vf,5,dmag,45,0.023561653623181345,201.0
fixed,samplerG_vf,5,dmag,46,0.022406918047672482,201.0
fixed,samplerG_vf,5,dmag,47,0.02178896657325587,201.0
fixed,samplerG_vf,5,dmag,48,0.021548899708417665,201.0
fixed,samplerG_vf,5,dmag,49,0.02150393090678833,201.0
fixed,samplerG_vf,5,dmag,50,0.020119253386145654,201.0
fixed,samplerG_vf,5,dmag,51,0.019803578045626925,201.0
fixed,samplerG_vf,5,dmag,52,0.019621049524261733,201.0
fixed,samplerG_vf,5,dmag,53,0.020549151464944602,201.0
fixed,samplerG_vf,5,dmag,54,0.02111759978527231,201.0
fixed,samplerG_vf,5,dmag,55,0.021810595228786197,201.0
fixed,samplerG_vf,5,dmag,56,0.022865647929651078,201.0
fixed,samplerG_vf,5,dmag,57,0.021765128174212885,201.0
fixed,samplerG_vf,5,dmag,58,0.022447976091441082,201.0
fixed,samplerG_vf,5,dmag,59,0.021852292759872195,201.0
fixed,samplerG_vf,5,dmag,60,0.02025645359915065,201.0
fixed,samplerG_vf,5,dmag,61,0.020246801988235606,201.0
fixed,samplerG_vf,5,dmag,62,0.01870949626599082,201.0
fixed,samplerG_vf,5,err,0,2.8416891471663517,201.0
fixed,samplerG_vf,5,err,1,2.826687330630288,201.0
fixed,samplerG_vf,5,err,2,2.8294509919128608,201.0
fixed,samplerG_vf,5,err,3,2.8169403098412413,201.0
fixed,samplerG_vf,5,err,4,2.8179571876181893,201.0
fixed,samplerG_vf,5,err,5,2.812777941351506,201.0
fixed,samplerG_vf,5,err,6,2.816691716215504,201.0
fixed,samplerG_vf,5,err,7,2.81374601834449,201.0
fixed,samplerG_vf,5,err,8,2.802675381673509,201.0
fixed,samplerG_vf,5,err,9,2.7929805742567453,201.0
fixed,samplerG_vf,5,err,10,2.7876135612008586,201.0
fixed,samplerG_vf,5,err,11,2.7830981628515232,201.0
fixed,samplerG_vf,5,err,12,2.7774897907207263,201.0
fixed,samplerG_vf,5,err,13,2.7716498586965437,201.0
fixed,samplerG_vf,5,err,14,2.7700461245591366,201.0
fixed,samplerG_vf,5,err,15,2.7718299728127853,201.0
fixed,samplerG_vf,5,err,16,2.7749992683159177,201.0
fixed,samplerG_vf,5,err,17,2.7829839040094346,201.0
fixed,samplerG_vf,5,err,18,2.7811886745305796,201.0
fixed,samplerG_vf,5,err,19,2.7773835599718995,201.0
fixed,samplerG_vf,5,err,20,2.7743970809587792,201.0
fixed,samplerG_vf,5,err,21,2.772828036428091,201.0
fixed,samplerG_vf,5,err,22,2.77367439866066,201.0
fixed,samplerG_vf,5,err,23,2.7676627944357954,201.0
fixed,samplerG_vf,5,err,24,2.7633724868001037,201.0
fixed,samplerG_vf,5,err,25,2.7615551038167965,201.0
fixed,samplerG_vf,5,err,26,2.7724987907492697,201.0
fixed,samplerG_vf,5,err,27,2.774564720208372,201.0
fixed,samplerG_vf,5,err,28,2.783245241019263,201.0
fixed,samplerG_vf,5,err,29,2.78310875913397,201.0
fixed,samplerG_vf,5,err,30,2.782169366802149,201.0
fixed,samplerG_vf,5,err,31,2.7861895077857213,201.0
fixed,samplerG_vf,5,err,32,2.783715965439431,201.0
fixed,samplerG_vf,5,err,33,2.7839617589812966,201.0
fixed,samplerG_vf,5,err,34,2.777220384398503,201.0
fixed,samplerG_vf,5,err,35,2.7806987895894406,201.0
fixed,samplerG_vf,5,err,36,2.7873589743429155,201.0
fixed,samplerG_vf,5,err,37,2.794389561337618,201.0
fixed,samplerG_vf,5,err,38,2.794899135679748,201.0
fixed,samplerG_vf,5,err,39,2.80463997018871,201.0
fixed,samplerG_vf,5,err,40,2.8086921118978245,201.0
fixed,samplerG_vf,5,err,41,2.8187849913070453,201.0
fixed,samplerG_vf,5,err,42,2.8291078426351595,201.0
fixed,samplerG_vf,5,err,43,2.8364586343812705,201.0
fixed,samplerG_vf,5,err,44,2.832592762821349,201.0
fixed,samplerG_vf,5,err,45,2.8217466790877763,201.0
fixed,samplerG_vf,5,err,46,2.810596744812543,201.0
fixed,samplerG_vf,5,err,47,2.804790556727357,201.0
fixed,samplerG_vf,5,err,48,2.807273255058782,201.0
fixed,samplerG_vf,5,err,49,2.8047913725103313,201.0
fixed,samplerG_vf,5,err,50,2.806549772694336,201.0
fixed,samplerG_vf,5,err,51,2.8043729049056325,201.0
fixed,samplerG_vf,5,err,52,2.8088681365720074,201.0
fixed,samplerG_vf,5,err,53,2.817091891125067,201.0
fixed,samplerG_vf,5,err,54,2.815680853169949,201.0
fixed,samplerG_vf,5,err,55,2.8132824283927236,201.0
fixed,samplerG_vf,5,err,56,2.8153493244256547,201.0
fixed,samplerG_vf,5,err,57,2.816816558292256,201.0
fixed,samplerG_vf,5,err,58,2.8221216418256807,201.0
fixed,samplerG_vf,5,err,59,2.827766375162115,201.0
fixed,samplerG_vf,5,err,60,2.8354667496325363,201.0
fixed,samplerG_vf,5,err,61,2.838348534273271,201.0
fixed,samplerG_vf,5,err,62,2.8365795742813034,201.0
fixed,samplerG_vf,5,err,63,2.8410680537200093,201.0
fixed,samplerG_vf,10,derr,0,0.1868163524427224,201.0
fixed,samplerG_vf,10,derr,1,0.18142239299060695,201.0
fixed,samplerG_vf,10,derr,2,0.16481881392702682,201.0
fixed,samplerG_vf,10,derr,3,0.1617779397030375,201.0
fixed,samplerG_vf,10,derr,4,0.15867163976700746,201.0
fixed,samplerG_vf,10,derr,5,0.15751932150874268,201.0
fixed,samplerG_vf,10,derr,6,0.14666731600923028,201.0
fixed,samplerG_vf,10,derr,7,0.14779076975913932,201.0
fixed,samplerG_vf,10,derr,8,0.1572467978459908,201.0
fixed,samplerG_vf,10,derr,9,0.16134137209430707,201.0
fixed,samplerG_vf,10,derr,10,0.14531783766544132,201.0
fixed,samplerG_vf,10,derr,11,0.15252366768131356,201.0
fixed,samplerG_vf,10,derr,12,0.1440058222216605,201.0
fixed,samplerG_vf,10,derr,13,0.13371948694893673,201.0
fixed,samplerG_vf,10,derr,14,0.13407174329185367,201.0
fixed,samplerG_vf,10,derr,15,0.13018548742993108,201.0
fixed,samplerG_vf,10,derr,16,0.14548428579052883,201.0
fixed,samplerG_vf,10,derr,17,0.13410159022505605,201.0
fixed,samplerG_vf,10,derr,18,0.14156016697690113,201.0
fixed,samplerG_vf,10,derr,19,0.14571384132019619,201.0
fixed,samplerG_vf,10,derr,20,0.14201150911938937,201.0
fixed,samplerG_vf,10,derr,21,0.1486966436478629,201.0
fixed,samplerG_vf,10,derr,22,0.1414765942174552,201.0
fixed,samplerG_vf,10,derr,23,0.1491224362899489,201.0
fixed,samplerG_vf,10,derr,24,0.15402931223313013,201.0
fixed,samplerG_vf,10,derr,25,0.14030954464158016,201.0
fixed,samplerG_vf,10,derr,26,0.1447153348540563,201.0
fixed,samplerG_vf,10,derr,27,0.1536583191812483,201.0
fixed,samplerG_vf,10,derr,28,0.13580573355287906,201.0
fixed,samplerG_vf,10,derr,29,0.1514632516489619,201.0
fixed,samplerG_vf,10,derr,30,0.13271468914396578,201.0
fixed,samplerG_vf,10,derr,31,0.12865562387626267,201.0
fixed,samplerG_vf,10,derr,32,0.13616608705983232,201.0
fixed,samplerG_vf,10,derr,33,0.15853325551403546,201.0
fixed,samplerG_vf,10,derr,34,0.14233606152551537,201.0
fixed,samplerG_vf,10,derr,35,0.13129576392453257,201.0
fixed,samplerG_vf,10,derr,36,0.1411386981133872,201.0
fixed,samplerG_vf,10,derr,37,0.14519725665357427,201.0
fixed,samplerG_vf,10,derr,38,0.15484612227060754,201.0
fixed,samplerG_vf,10,derr,39,0.14038720809905536,201.0
fixed,samplerG_vf,10,derr,40,0.1560878819596041,201.0
fixed,samplerG_vf,10,derr,41,0.1437246910810693,201.0
fixed,samplerG_vf,10,derr,42,0.13656452010427392,201.0
fixed,samplerG_vf,10,derr,43,0.12506130886315114,201.0
fixed,samplerG_vf,10,derr,44,0.1438573262936885,201.0
fixed,samplerG_vf,10,derr,45,0.14298996973819844,201.0
fixed,samplerG_vf,10,derr,46,0.15354950131561182,201.0
fixed,samplerG_vf,10,derr,47,0.14100385813589267,201.0
fixed,samplerG_vf,10,derr,48,0.14540245129601725,201.0
fixed,samplerG_vf,10,derr,49,0.14435532023731748,201.0
fixed,samplerG_vf,10,derr,50,0.13705590205609947,201.0
fixed,samplerG_vf,10,derr,51,0.14259357334795728,201.0
fixed,samplerG_vf,10,derr,52,0.12784939560464662,201.0
fixed,samplerG_vf,10,derr,53,0.12112963239926455,201.0
fixed,samplerG_vf,10,derr,54,0.12955584004058027,201.0
fixed,samplerG_vf,10,derr,55,0.13705994469572358,201.0
fixed,samplerG_vf,10,derr,56,0.13403701608472351,201.0
fixed,samplerG_vf,10,derr,57,0.13818355990267955,201.0
fixed,samplerG_vf,10,derr,58,0.13226319234632883,201.0
fixed,samplerG_vf,10,derr,59,0.1320378475808608,201.0
fixed,samplerG_vf,10,derr,60,0.13724486056752316,201.0
fixed,samplerG_vf,10,derr,61,0.13705385051927163,201.0
fixed,samplerG_vf,10,derr,62,0.1346166530364559,201.0
fixed,samplerG_vf,10,dmag,0,0.05172684807006029,201.0
fixed,samplerG_vf,10,dmag,1,0.047232036335180645,201.0
fixed,samplerG_vf,10,dmag,2,0.045621688111652785,201.0
fixed,samplerG_vf,10,dmag,3,0.04317363125934678,201.0
fixed,samplerG_vf,10,dmag,4,0.04133691073196074,201.0
fixed,samplerG_vf,10,dmag,5,0.0397525487481547,201.0
fixed,samplerG_vf,10,dmag,6,0.03869342697385828,201.0
fixed,samplerG_vf,10,dmag,7,0.03665971737679335,201.0
fixed,samplerG_vf,10,dmag,8,0.0374045674272104,201.0
fixed,samplerG_vf,10,dmag,9,0.03597451589158296,201.0
fixed,samplerG_vf,10,dmag,10,0.035621456243561125,201.0
fixed,samplerG_vf,10,dmag,11,0.03527994833617883,201.0
fixed,samplerG_vf,10,dmag,12,0.03395606301706377,201.0
fixed,samplerG_vf,10,dmag,13,0.031604805917233525,201.0
fixed,samplerG_vf,10,dmag,14,0.029896804147784537,201.0
fixed,samplerG_vf,10,dmag,15,0.028779457448356187,201.0
fixed,samplerG_vf,10,dmag,16,0.02759924545578325,201.0
fixed,samplerG_vf,10,dmag,17,0.026649270487013297,201.0
fixed,samplerG_vf,10,dmag,18,0.028991663534268367,201.0
fixed,samplerG_vf,10,dmag,19,0.029963823128028297,201.0
fixed,samplerG_vf,10,dmag,20,0.028100274317893224,201.0
fixed,samplerG_vf,10,dmag,21,0.02496917705185971,201.0
fixed,samplerG_vf,10,dmag,22,0.024984449718091915,201.0
fixed,samplerG_vf,10,dmag,23,0.023863264308565883,201.0
fixed,samplerG_vf,10,dmag,24,0.024931190127682922,201.0
fixed,samplerG_vf,10,dmag,25,0.023331202128763075,201.0
fixed,samplerG_vf,10,dmag,26,0.02312199701439237,201.0
fixed,samplerG_vf,10,dmag,27,0.023388037420994608,201.0
fixed,samplerG_vf,10,dmag,28,0.023573467878634062,201.0
fixed,samplerG_vf,10,dmag,29,0.023037289781264257,201.0
fixed,samplerG_vf,10,dmag,30,0.023664409385076655,201.0
fixed,samplerG_vf,10,dmag,31,0.0221472764920573,201.0
fixed,samplerG_vf,10,dmag,32,0.02323460947509058,201.0
fixed,samplerG_vf,10,dmag,33,0.023761056155077558,201.0
fixed,samplerG_vf,10,dmag,34,0.022379919923656615,201.0
fixed,samplerG_vf,10,dmag,35,0.02206578556985701,201.0
fixed,samplerG_vf,10,dmag,36,0.02231091154804129,201.0
fixed,samplerG_vf,10,dmag,37,0.02225216052295705,201.0
fixed,samplerG_vf,10,dmag,38,0.024070638065129074,201.0
fixed,samplerG_vf,10,dmag,39,0.025452413515127566,201.0
fixed,samplerG_vf,10,dmag,40,0.025304392974045294,201.0
fixed,samplerG_vf,10,dmag,41,0.02418375721164233,201.0
fixed,samplerG_vf,10,dmag,42,0.023182392270948312,201.0
fixed,samplerG_vf,10,dmag,43,0.02334555235936941,201.0
fixed,samplerG_vf,10,dmag,44,0.023674866372246795,201.0
fixed,samplerG_vf,10,dmag,45,0.024309884356010465,201.0
fixed,samplerG_vf,10,dmag,46,0.023226839207594666,201.0
fixed,samplerG_vf,10,dmag,47,0.02205647962093724,201.0
fixed,samplerG_vf,10,dmag,48,0.021380216235396873,201.0
fixed,samplerG_vf,10,dmag,49,0.021522627557298883,201.0
fixed,samplerG_vf,10,dmag,50,0.020332678508439762,201.0
fixed,samplerG_vf,10,dmag,51,0.020207679872192554,201.0
fixed,samplerG_vf,10,dmag,52,0.020409926790651397,201.0
fixed,samplerG_vf,10,dmag,53,0.021322277212395005,201.0
fixed,samplerG_vf,10,dmag,54,0.02186891955754428,201.0
fixed,samplerG_vf,10,dmag,55,0.022586511918320437,201.0
fixed,samplerG_vf,10,dmag,56,0.02357830559204689,201.0
fixed,samplerG_vf,10,dmag,57,0.02265757150410568,201.0
fixed,samplerG_vf,10,dmag,58,0.02316395784797731,201.0
fixed,samplerG_vf,10,dmag,59,0.022459270043382003,201.0
fixed,samplerG_vf,10,dmag,60,0.020906652319268207,201.0
fixed,samplerG_vf,10,dmag,61,0.021162639967448528,201.0
fixed,samplerG_vf,10,dmag,62,0.01979145771633852,201.0
fixed,samplerG_vf,10,err,0,2.56855861953835,201.0
fixed,samplerG_vf,10,err,1,2.549277274762813,201.0
fixed,samplerG_vf,10,err,2,2.5443687314417827,201.0
fixed,samplerG_vf,10,err,3,2.525406029835269,201.0
fixed,samplerG_vf,10,err,4,2.5162114701164304,201.0
fixed,samplerG_vf,10,err,5,2.508444913732472,201.0
fixed,samplerG_vf,10,err,6,2.5034080205568627,201.0
fixed,samplerG_vf,10,err,7,2.4991272560399564,201.0
fixed,samplerG_vf,10,err,8,2.4880280588100208,201.0
fixed,samplerG_vf,10,err,9,2.4833826981670226,201.0
fixed,samplerG_vf,10,err,10,2.4776767824419696,201.0
fixed,samplerG_vf,10,err,11,2.4735985884618996,201.0
fixed,samplerG_vf,10,err,12,2.4674643605799225,201.0
fixed,samplerG_vf,10,err,13,2.4586251424023167,201.0
fixed,samplerG_vf,10,err,14,2.454988864820395,201.0
fixed,samplerG_vf,10,err,15,2.4607650189850463,201.0
fixed,samplerG_vf,10,err,16,2.463667816042307,201.0
fixed,samplerG_vf,10,err,17,2.475756045301162,201.0
fixed,samplerG_vf,10,err,18,2.4778619315197217,201.0
fixed,samplerG_vf,10,err,19,2.471185309673423,201.0
fixed,samplerG_vf,10,err,20,2.4681584461411434,201.0
fixed,samplerG_vf,10,err,21,2.4710405774377473,201.0
fixed,samplerG_vf,10,err,22,2.4768211080956815,201.0
fixed,samplerG_vf,10,err,23,2.4702638716840033,201.0
fixed,samplerG_vf,10,err,24,2.4706902804955915,201.0
fixed,samplerG_vf,10,err,25,2.470521702843519,201.0
fixed,samplerG_vf,10,err,26,2.4823140450081422,201.0
fixed,samplerG_vf,10,err,27,2.483365753545097,201.0
fixed,samplerG_vf,10,err,28,2.488777327300304,201.0
fixed,samplerG_vf,10,err,29,2.489529162052259,201.0
fixed,samplerG_vf,10,err,30,2.4965398808320365,201.0
fixed,samplerG_vf,10,err,31,2.5007445961978303,201.0
fixed,samplerG_vf,10,err,32,2.4993461948722158,201.0
fixed,samplerG_vf,10,err,33,2.5013201981041564,201.0
fixed,samplerG_vf,10,err,34,2.5019542385096574,201.0
fixed,samplerG_vf,10,err,35,2.506104701787085,201.0
fixed,samplerG_vf,10,err,36,2.51267431505877,201.0
fixed,samplerG_vf,10,err,37,2.523899405156795,201.0
fixed,samplerG_vf,10,err,38,2.5230322990251417,201.0
fixed,samplerG_vf,10,err,39,2.531992810875622,201.0
fixed,samplerG_vf,10,err,40,2.533980343175765,201.0
fixed,samplerG_vf,10,err,41,2.545515353999921,201.0
fixed,samplerG_vf,10,err,42,2.556232847681093,201.0
fixed,samplerG_vf,10,err,43,2.562175470501629,201.0
fixed,samplerG_vf,10,err,44,2.5615367987262667,201.0
fixed,samplerG_vf,10,err,45,2.554467535434078,201.0
fixed,samplerG_vf,10,err,46,2.5392261189014755,201.0
fixed,samplerG_vf,10,err,47,2.534733912838039,201.0
fixed,samplerG_vf,10,err,48,2.536118197500409,201.0
fixed,samplerG_vf,10,err,49,2.5292260872190866,201.0
fixed,samplerG_vf,10,err,50,2.5318415378456685,201.0
fixed,samplerG_vf,10,err,51,2.5320251216342795,201.0
fixed,samplerG_vf,10,err,52,2.530472411741665,201.0
fixed,samplerG_vf,10,err,53,2.539821502877705,201.0
fixed,samplerG_vf,10,err,54,2.539751638523975,201.0
fixed,samplerG_vf,10,err,55,2.5360183786990036,201.0
fixed,samplerG_vf,10,err,56,2.5388844214861668,201.0
fixed,samplerG_vf,10,err,57,2.5392524333142523,201.0
fixed,samplerG_vf,10,err,58,2.5484431741842584,201.0
fixed,samplerG_vf,10,err,59,2.557191301637621,201.0
fixed,samplerG_vf,10,err,60,2.561376604867812,201.0
fixed,samplerG_vf,10,err,61,2.564331381771695,201.0
fixed,samplerG_vf,10,err,62,2.5627301032863445,201.0
fixed,samplerG_vf,10,err,63,2.5684492424945926,201.0
fixed,static_gt,0,derr,0,0.18794822857821758,201.0
fixed,static_gt,0,derr,1,0.18324321045989717,201.0
fixed,static_gt,0,derr,2,0.16352031217304183,201.0
fixed,static_gt,0,derr,3,0.15898016127132214,201.0
fixed,static_gt,0,derr,4,0.15500409340495197,201.0
fixed,static_gt,0,derr,5,0.15485638922627143,201.0
fixed,static_gt,0,derr,6,0.1472549286175204,201.0
fixed,static_gt,0,derr,7,0.14401959507397158,201.0
fixed,static_gt,0,derr,8,0.15601334089543023,201.0
fixed,static_gt,0,derr,9,0.1581362899629149,201.0
fixed,static_gt,0,derr,10,0.14272454464854442,201.0
fixed,static_gt,0,derr,11,0.15182934779284604,201.0
fixed,static_gt,0,derr,12,0.1393849386124691,201.0
fixed,static_gt,0,derr,13,0.1320755262882333,201.0
fixed,static_gt,0,derr,14,0.13243926301209338,201.0
fixed,static_gt,0,derr,15,0.12724211058621085,201.0
fixed,static_gt,0,derr,16,0.14202787535292888,201.0
fixed,static_gt,0,derr,17,0.13422808004311512,201.0
fixed,static_gt,0,derr,18,0.13946774183999544,201.0
fixed,static_gt,0,derr,19,0.14132899859808942,201.0
fixed,static_gt,0,derr,20,0.13728414310967152,201.0
fixed,static_gt,0,derr,21,0.14534646436219933,201.0
fixed,static_gt,0,derr,22,0.1373735974213822,201.0
fixed,static_gt,0,derr,23,0.14677718600990317,201.0
fixed,static_gt,0,derr,24,0.1497291664532687,201.0
fixed,static_gt,0,derr,25,0.13873377789405003,201.0
fixed,static_gt,0,derr,26,0.1439318391818794,201.0
fixed,static_gt,0,derr,27,0.15408261187967673,201.0
fixed,static_gt,0,derr,28,0.1359869609749065,201.0
fixed,static_gt,0,derr,29,0.1508150560368983,201.0
fixed,static_gt,0,derr,30,0.13275057941313778,201.0
fixed,static_gt,0,derr,31,0.12922997438622202,201.0
fixed,static_gt,0,derr,32,0.1373331661878237,201.0
fixed,static_gt,0,derr,33,0.15656044184512907,201.0
fixed,static_gt,0,derr,34,0.14048177460023198,201.0
fixed,static_gt,0,derr,35,0.13139452407627705,201.0
fixed,static_gt,0,derr,36,0.14167739886012096,201.0
fixed,static_gt,0,derr,37,0.14371680066137765,201.0
fixed,static_gt,0,derr,38,0.1526468586760448,201.0
fixed,static_gt,0,derr,39,0.14030394583143554,201.0
fixed,static_gt,0,derr,40,0.15272535382774635,201.0
fixed,static_gt,0,derr,41,0.13949898489523882,201.0
fixed,static_gt,0,derr,42,0.13035058691189508,201.0
fixed,static_gt,0,derr,43,0.12019285753795608,201.0
fixed,static_gt,0,derr,44,0.14120584439523332,201.0
fixed,static_gt,0,derr,45,0.14391174046693378,201.0
fixed,static_gt,0,derr,46,0.15131546815032537,201.0
fixed,static_gt,0,derr,47,0.1380078665754614,201.0
fixed,static_gt,0,derr,48,0.14151885359089322,201.0
fixed,static_gt,0,derr,49,0.14147562063322286,201.0
fixed,static_gt,0,derr,50,0.1335868604842629,201.0
fixed,static_gt,0,derr,51,0.13985992897885727,201.0
fixed,static_gt,0,derr,52,0.12640855115240635,201.0
fixed,static_gt,0,derr,53,0.12015329694736805,201.0
fixed,static_gt,0,derr,54,0.12959511227562875,201.0
fixed,static_gt,0,derr,55,0.13645559840312052,201.0
fixed,static_gt,0,derr,56,0.13357422428103674,201.0
fixed,static_gt,0,derr,57,0.13789556595260527,201.0
fixed,static_gt,0,derr,58,0.13200964789318653,201.0
fixed,static_gt,0,derr,59,0.1324784200017651,201.0
fixed,static_gt,0,derr,60,0.13891145049719444,201.0
fixed,static_gt,0,derr,61,0.13702236744227694,201.0
fixed,static_gt,0,derr,62,0.13371256065429815,201.0
fixed,static_gt,0,dmag,0,0.0,201.0
fixed,static_gt,0,dmag,1,0.0,201.0
fixed,static_gt,0,dmag,2,0.0,201.0
fixed,static_gt,0,dmag,3,0.0,201.0
fixed,static_gt,0,dmag,4,0.0,201.0
fixed,static_gt,0,dmag,5,0.0,201.0
fixed,static_gt,0,dmag,6,0.0,201.0
fixed,static_gt,0,dmag,7,0.0,201.0
fixed,static_gt,0,dmag,8,0.0,201.0
fixed,static_gt,0,dmag,9,0.0,201.0
fixed,static_gt,0,dmag,10,0.0,201.0
fixed,static_gt,0,dmag,11,0.0,201.0
fixed,static_gt,0,dmag,12,0.0,201.0
fixed,static_gt,0,dmag,13,0.0,201.0
fixed,static_gt,0,dmag,14,0.0,201.0
fixed,static_gt,0,dmag,15,0.0,201.0
fixed,static_gt,0,dmag,16,0.0,201.0
fixed,static_gt,0,dmag,17,0.0,201.0
fixed,static_gt,0,dmag,18,0.0,201.0
fixed,static_gt,0,dmag,19,0.0,201.0
fixed,static_gt,0,dmag,20,0.0,201.0
fixed,static_gt,0,dmag,21,0.0,201.0
fixed,static_gt,0,dmag,22,0.0,201.0
fixed,static_gt,0,dmag,23,0.0,201.0
fixed,static_gt,0,dmag,24,0.0,201.0
fixed,static_gt,0,dmag,25,0.0,201.0
fixed,static_gt,0,dmag,26,0.0,201.0
fixed,static_gt,0,dmag,27,0.0,201.0
fixed,static_gt,0,dmag,28,0.0,201.0
fixed,static_gt,0,dmag,29,0.0,201.0
fixed,static_gt,0,dmag,30,0.0,201.0
fixed,static_gt,0,dmag,31,0.0,201.0
fixed,static_gt,0,dmag,32,0.0,201.0
fixed,static_gt,0,dmag,33,0.0,201.0
fixed,static_gt,0,dmag,34,0.0,201.0
fixed,static_gt,0,dmag,35,0.0,201.0
fixed,static_gt,0,dmag,36,0.0,201.0
fixed,static_gt,0,dmag,37,0.0,201.0
fixed,static_gt,0,dmag,38,0.0,201.0
fixed,static_gt,0,dmag,39,0.0,201.0
fixed,static_gt,0,dmag,40,0.0,201.0
fixed,static_gt,0,dmag,41,0.0,201.0
fixed,static_gt,0,dmag,42,0.0,201.0
fixed,static_gt,0,dmag,43,0.0,201.0
fixed,static_gt,0,dmag,44,0.0,201.0
fixed,static_gt,0,dmag,45,0.0,201.0
fixed,static_gt,0,dmag,46,0.0,201.0
fixed,static_gt,0,dmag,47,0.0,201.0
fixed,static_gt,0,dmag,48,0.0,201.0
fixed,static_gt,0,dmag,49,0.0,201.0
fixed,static_gt,0,dmag,50,0.0,201.0
fixed,static_gt,0,dmag,51,0.0,201.0
fixed,static_gt,0,dmag,52,0.0,201.0
fixed,static_gt,0,dmag,53,0.0,201.0
fixed,static_gt,0,dmag,54,0.0,201.0
fixed,static_gt,0,dmag,55,0.0,201.0
fixed,static_gt,0,dmag,56,0.0,201.0
fixed,static_gt,0,dmag,57,0.0,201.0
fixed,static_gt,0,dmag,58,0.0,201.0
fixed,static_gt,0,dmag,59,0.0,201.0
fixed,static_gt,0,dmag,60,0.0,201.0
fixed,static_gt,0,dmag,61,0.0,201.0
fixed,static_gt,0,dmag,62,0.0,201.0
fixed,static_gt,0,err,0,0.0,201.0
fixed,static_gt,0,err,1,0.18794822857821758,201.0
fixed,static_gt,0,err,2,0.31743578076251405,201.0
fixed,static_gt,0,err,3,0.4097618270822944,201.0
fixed,static_gt,0,err,4,0.4963903940556135,201.0
fixed,static_gt,0,err,5,0.5687982707622632,201.0
fixed,static_gt,0,err,6,0.6405939889599138,201.0
fixed,static_gt,0,err,7,0.7061371293141326,201.0
fixed,static_gt,0,err,8,0.7622205118338267,201.0
fixed,static_gt,0,err,9,0.812379369206393,201.0
fixed,static_gt,0,err,10,0.8560201241750622,201.0
fixed,static_gt,0,err,11,0.8950479223267801,201.0
fixed,static_gt,0,err,12,0.9521983833103186,201.0
fixed,static_gt,0,err,13,0.9871986190098064,201.0
fixed,static_gt,0,err,14,1.0136680766402637,201.0
fixed,static_gt,0,err,15,1.0439353347640132,201.0
fixed,static_gt,0,err,16,1.0693094729821184,201.0
fixed,static_gt,0,err,17,1.1130709754423567,201.0
fixed,static_gt,0,err,18,1.1458947116055003,201.0
fixed,static_gt,0,err,19,1.16987486101168,201.0
fixed,static_gt,0,err,20,1.1975237075332088,201.0
fixed,static_gt,0,err,21,1.2138404632311555,201.0
fixed,static_gt,0,err,22,1.2326319944020825,201.0
fixed,static_gt,0,err,23,1.242398098759835,201.0
fixed,static_gt,0,err,24,1.2613273620494265,201.0
fixed,static_gt,0,err,25,1.2757321475676042,201.0
fixed,static_gt,0,err,26,1.298366624065003,201.0
fixed,static_gt,0,err,27,1.3164457857460525,201.0
fixed,static_gt,0,err,28,1.3467874206157762,201.0
fixed,static_gt,0,err,29,1.359113158574745,201.0
fixed,static_gt,0,err,30,1.357525285583601,201.0
fixed,static_gt,0,err,31,1.3792426872961407,201.0
fixed,static_gt,0,err,32,1.3890499737836532,201.0
fixed,static_gt,0,err,33,1.4088330910870093,201.0
fixed,static_gt,0,err,34,1.4163739027001372,201.0
fixed,static_gt,0,err,35,1.4336835720682914,201.0
fixed,static_gt,0,err,36,1.4590944511936375,201.0
fixed,static_gt,0,err,37,1.4777720758311488,201.0
fixed,static_gt,0,err,38,1.4813565718037869,201.0
fixed,static_gt,0,err,39,1.484995144127465,201.0
fixed,static_gt,0,err,40,1.4951716589171495,201.0
fixed,static_gt,0,err,41,1.5012958177286595,201.0
fixed,static_gt,0,err,42,1.518055700025155,201.0
fixed,static_gt,0,err,43,1.5270845914880435,201.0
fixed,static_gt,0,err,44,1.5394820990226237,201.0
fixed,static_gt,0,err,45,1.5451915175538158,201.0
fixed,static_gt,0,err,46,1.5548089130675022,201.0
fixed,static_gt,0,err,47,1.5604666422922813,201.0
fixed,static_gt,0,err,48,1.5628597740992087,201.0
fixed,static_gt,0,err,49,1.5732961632682019,201.0
fixed,static_gt,0,err,50,1.588802539368174,201.0
fixed,static_gt,0,err,51,1.5993140822656415,201.0
fixed,static_gt,0,err,52,1.6094549927323019,201.0
fixed,static_gt,0,err,53,1.6169937268196053,201.0
fixed,static_gt,0,err,54,1.6261705461500295,201.0
fixed,static_gt,0,err,55,1.6298864359842307,201.0
fixed,static_gt,0,err,56,1.6368664205815662,201.0
fixed,static_gt,0,err,57,1.6380801365446689,201.0
fixed,static_gt,0,err,58,1.644564945639959,201.0
fixed,static_gt,0,err,59,1.6497444448557066,201.0
fixed,static_gt,0,err,60,1.6637932064743777,201.0
fixed,static_gt,0,err,61,1.6831016127223992,201.0
fixed,static_gt,0,err,62,1.6949649448344364,201.0
fixed,static_gt,0,err,63,1.7114608807127867,201.0
