dataset,h,frame_class,pair,cond_a,cond_b,n_frames,diff,diff_lo,diff_hi,rel_to_F0_pct,E_a,E_b,significant,diff_sq,diff_sq_lo,diff_sq_hi,rel_sq_to_F0_pct,significant_sq
taco,1,all,F1-F0,F1,F0,22932,0.012684127001620448,0.008271555680103777,0.01788585436864123,4.033840702511235,0.327127069234848,0.3144429326057434,True,0.010556905664910134,0.004819799963192307,0.017783131357862282,5.66326191772812,True
taco,1,all,F2k8-F1,F2k8,F1,22932,-0.01587882646766114,-0.019784467319596797,-0.012602104185558585,-5.049827749689136,0.311248242855072,0.327127069234848,True,-0.015521347652266804,-0.021547785866033908,-0.010736058350621325,-8.326441465047381,True
taco,1,all,F2k8-F0,F2k8,F0,22932,-0.0031946994660406935,-0.005491185531019986,-0.0008752647246117014,-1.0159870471779022,0.311248242855072,0.3144429326057434,True,-0.00496444198735667,-0.007203334432285277,-0.0027877802860800244,-2.6631795473192628,True
taco,1,all,F2k4-F1,F2k4,F1,22932,-0.006891504227414925,-0.00894629339788615,-0.0051879042542085935,-2.1916549913543992,0.32023558020591736,0.327127069234848,True,-0.009128497858983732,-0.012330161742500038,-0.006477802207955529,-4.896991214260823,True
taco,1,all,F2k1-F1,F2k1,F1,22932,-0.000934173798696384,-0.002343810620299223,0.0004376591517989889,-0.2970885021822624,0.3261928856372833,0.327127069234848,False,-0.0023843135932104837,-0.0044138679059070075,-0.0006612532595118176,-1.2790672571066657,True
taco,1,all,F2rel-F1,F2rel,F1,22932,-0.02784700323618005,-0.03391593389230405,-0.02286576073301137,-8.855980004198514,0.299280047416687,0.327127069234848,True,-0.027971196021791826,-0.035499610525484934,-0.02206632093456854,-15.005174267119905,True
taco,1,all,F2rel-F0,F2rel,F0,22932,-0.015162876234559601,-0.01755904660440997,-0.012608464392670488,-4.82213930168728,0.299280047416687,0.3144429326057434,True,-0.01741429035688169,-0.020062813630159354,-0.014731438177003446,-9.341912349391787,True
taco,1,all,F2rel-F2k8,F2rel,F2k8,22932,-0.011968176768518907,-0.01478938819518341,-0.009413683949457232,-3.8061522545093784,0.299280047416687,0.311248242855072,True,-0.01244984836952502,-0.015167299871689926,-0.010032833687692798,-6.678732802072523,True
taco,1,all,F2shuf-F0,F2shuf,F0,22932,0.0015513158391803092,-0.0002399863963423639,0.003292036607785889,0.49335369897640174,0.3159942328929901,0.3144429326057434,False,0.0022016747163672644,0.0004931018839830493,0.003907185015246042,1.1810904608034807,True
taco,1,all,F2k8-F2shuf,F2k8,F2shuf,22932,-0.004746015305221003,-0.0076753786911187135,-0.001571321088574414,-1.509340746154304,0.311248242855072,0.3159942328929901,True,-0.007166116703723935,-0.010002063503033709,-0.004158882412864108,-3.8442700081227437,True
taco,1,all,F2rel-F2shuf,F2rel,F2shuf,22932,-0.01671419207373991,-0.019025221555577784,-0.01401245110508994,-5.315493000663682,0.299280047416687,0.3159942328929901,True,-0.019615965073248955,-0.02263260232396627,-0.016595264426483302,-10.523002810195267,True
taco,1,all,Ffut-F2k8,Ffut,F2k8,22932,-0.05035249524222342,-0.05677466517906303,-0.0441354182493251,-16.013238022225377,0.2608957588672638,0.311248242855072,True,-0.06874850956856869,-0.0780097164455284,-0.06032594488626143,-36.880202257974474,True
taco,1,all,Ffut-F2rel,Ffut,F2rel,22932,-0.038384318473704514,-0.04481204924611314,-0.032179581755937464,-12.207085767715999,0.2608957588672638,0.299280047416687,True,-0.05629866119904366,-0.06532077374925613,-0.048764595172048425,-30.201469455901947,True
taco,1,all,Ffut-F0,Ffut,F0,22932,-0.05354719470826411,-0.06024506531641532,-0.046606442033216136,-17.029225069403278,0.2608957588672638,0.3144429326057434,True,-0.07371295155592536,-0.0832984600312586,-0.06468036501079998,-39.54338180529374,True
taco,1,all,Ffut1-F2rel,Ffut1,F2rel,22932,-0.02483598877121554,-0.03151496641011577,-0.018776278729776708,-7.89840896260675,0.2744440734386444,0.299280047416687,True,-0.04573303265054433,-0.055149815070999295,-0.03841264575210159,-24.53352813911396,True
taco,1,all,Ffut-Ffut1,Ffut,Ffut1,22932,-0.013548329702488975,-0.01597544280931601,-0.011266803968008162,-4.30867680510925,0.2608957588672638,0.2744440734386444,True,-0.010565628548499338,-0.012529174599961718,-0.008704782629523074,-5.6679413167879895,True
taco,1,non_spike,F1-F0,F1,F0,20047,0.016448645670998838,0.011998002256859763,0.02163303125534093,7.032559349231944,0.25034141540527344,0.23389273881912231,True,0.016384454910488778,0.01111899611889389,0.022943319160089452,21.32349451238506,True
taco,1,non_spike,F2k8-F1,F2k8,F1,20047,-0.015983978707006807,-0.019732278318473732,-0.012850883136830788,-6.833892658535156,0.23435738682746887,0.25034141540527344,True,-0.014647757691451352,-0.019800620443370717,-0.010557802719509003,-19.0632756755587,True
taco,1,non_spike,F2k8-F0,F2k8,F0,20047,0.0004646669639920323,-0.001970082509155229,0.0030283985797213793,0.19866669069678816,0.23435738682746887,0.23389273881912231,False,0.0017366972190374272,-0.00023738161899692736,0.0040009532727687215,2.2602188368263656,False
taco,1,non_spike,F2k4-F1,F2k4,F1,20047,-0.005321218506170356,-0.007397500909419672,-0.003601676144592135,-2.275067850774729,0.24502018094062805,0.25034141540527344,True,-0.005685458461884458,-0.008360583149730426,-0.0036257463628932346,-7.399321062232996,True
taco,1,non_spike,F2k1-F1,F2k1,F1,20047,-0.00017640584522398618,-0.0015703607365879437,0.001257867567685224,-0.07542168521973963,0.2501649558544159,0.25034141540527344,False,-0.00079568226649856,-0.002568143533250921,0.0007385723180814201,-1.0355380472512774,False
taco,1,non_spike,F2rel-F1,F2rel,F1,20047,-0.02457590745990094,-0.030963313786564386,-0.01947567319038809,-10.507340922159358,0.22576549649238586,0.25034141540527344,True,-0.019395615409654104,-0.026815728343032908,-0.013716010245879175,-25.24235935901224,True
taco,1,non_spike,F2rel-F0,F2rel,F0,20047,-0.008127261788902104,-0.010747383356483354,-0.005454381684000416,-3.4747815729274127,0.22576549649238586,0.23389273881912231,True,-0.0030111604991653255,-0.004857444322196536,-0.0012121163534432676,-3.9188648466271765,True
taco,1,non_spike,F2rel-F2k8,F2rel,F2k8,20047,-0.008591928752894136,-0.011704586736020935,-0.005907670378204718,-3.673448263624201,0.22576549649238586,0.23435738682746887,True,-0.004747857718202753,-0.0072778725955745934,-0.0025803380253163295,-6.179083683453541,True
taco,1,non_spike,F2shuf-F0,F2shuf,F0,20047,-0.0006105863622681437,-0.0025167889091952246,0.0011176041015855626,-0.26105400507551973,0.2332821637392044,0.23389273881912231,False,-0.001868943122454259,-0.0034932219527076284,-0.000539948006421169,-2.43232982930064,True
taco,1,non_spike,F2k8-F2shuf,F2k8,F2shuf,20047,0.001075253326260176,-0.0017956003675855324,0.004485499697164505,0.4597206957723079,0.23435738682746887,0.2332821637392044,False,0.0036056403414916863,0.001208567366922256,0.006614153714009864,4.6925486661270055,True
taco,1,non_spike,F2rel-F2shuf,F2rel,F2shuf,20047,-0.00751667542663396,-0.009981047505632496,-0.004922038223880351,-3.2137275678518935,0.22576549649238586,0.2332821637392044,True,-0.0011422173767110665,-0.0028345087863284645,0.0007237087101458629,-1.4865350173265364,False
taco,1,non_spike,Ffut-F2k8,Ffut,F2k8,20047,-0.020932188019157943,-0.026210603538018074,-0.015820190947491975,-8.949481768797261,0.21342523396015167,0.23435738682746887,True,-0.014905184730821416,-0.018103532927318165,-0.011723658137536907,-19.398303242318523,True
taco,1,non_spike,Ffut-F2rel,Ffut,F2rel,20047,-0.012340259266263807,-0.01757352932488061,-0.007304745792757495,-5.276033505173059,0.21342523396015167,0.22576549649238586,True,-0.010157327012618662,-0.013200785644682423,-0.007120147127306552,-13.21921955886498,True
taco,1,non_spike,Ffut-F0,Ffut,F0,20047,-0.02046752105516591,-0.02586388323732239,-0.01525940354241044,-8.75081507810047,0.21342523396015167,0.23389273881912231,True,-0.013168487511783988,-0.01648465439944134,-0.009606061340011327,-17.138084405492158,True
taco,1,non_spike,Ffut1-F2rel,Ffut1,F2rel,20047,-0.002909453159408429,-0.00809181786731355,0.002115229895042128,-1.2439262433274656,0.22285602986812592,0.22576549649238586,False,-0.0056261640825147185,-0.009158961642876804,-0.0023029971515629,-7.322152588822477,True
taco,1,non_spike,Ffut-Ffut1,Ffut,Ffut1,20047,-0.009430806106855377,-0.012101115955880823,-0.006918652602707027,-4.032107261845593,0.21342523396015167,0.22285602986812592,True,-0.004531162930103944,-0.006337349799869881,-0.0028041817860356665,-5.897066970042505,True
taco,1,spike,F1-F0,F1,F0,2885,-0.013474384528718747,-0.021129842925155,-0.0049371590975972775,-1.541405539294487,0.860687792301178,0.8741621971130371,True,-0.02993698678781606,-0.0450182874311556,-0.012628507169534389,-3.1585809981543553,True
taco,1,spike,F2k8-F1,F2k8,F1,2885,-0.01514815508389597,-0.02183809460599048,-0.009202766670605432,-1.732876934500655,0.8455396294593811,0.860687792301178,True,-0.021591662364387223,-0.034816362713355344,-0.010313980873652234,-2.278085464849591,True
taco,1,spike,F2k8-F0,F2k8,F0,2885,-0.028622539612614715,-0.03259901030121141,-0.02449090131007533,-3.274282473795142,0.8455396294593811,0.8741621971130371,True,-0.05152864915220328,-0.05908831481872731,-0.04386848729931919,-5.436666463003946,True
taco,1,spike,F2k4-F1,F2k4,F1,2885,-0.017802948890773634,-0.021329606246471178,-0.014321782665144094,-2.036572726385187,0.8428847789764404,0.860687792301178,True,-0.0330531463143214,-0.04131069378434431,-0.02525293004373209,-3.487359653715083,True
taco,1,spike,F2k1-F1,F2k1,F1,2885,-0.00619967610831897,-0.008338066114336028,-0.004041338295988695,-0.7092134764913994,0.8544881343841553,0.860687792301178,True,-0.01342323636845968,-0.018617218668362134,-0.00889377406088085,-1.4162540681751834,True
taco,1,spike,F2rel-F1,F2rel,F1,2885,-0.05057686702372503,-0.05843655613647445,-0.04286894950367429,-5.785753169235364,0.810110867023468,0.860687792301178,True,-0.08756033450758902,-0.10464688536816244,-0.07149727812219617,-9.238284758847822,True
taco,1,spike,F2rel-F0,F2rel,F0,2885,-0.06405125155244377,-0.07198282956397972,-0.05659668041256803,-7.32715870852985,0.810110867023468,0.8741621971130371,True,-0.11749732129540508,-0.13548308777800397,-0.10112905388221805,-12.396865757002178,True
taco,1,spike,F2rel-F2k8,F2rel,F2k8,2885,-0.03542871193982906,-0.04113184668165352,-0.029948342420909116,-4.052876234734709,0.810110867023468,0.8455396294593811,True,-0.06596867214320179,-0.08045128982424002,-0.05317621136385973,-6.9601992939982305,True
taco,1,spike,F2shuf-F0,F2shuf,F0,2885,0.016573726041064933,0.013132219838180432,0.02004357546527678,1.8959554755170682,0.8907358646392822,0.8741621971130371,True,0.03048717759846608,0.02456703899805103,0.03668606155195514,3.2166303353236376,True
taco,1,spike,F2k8-F2shuf,F2k8,F2shuf,2885,-0.045196265653679644,-0.051012761287881576,-0.03900335089925869,-5.1702379493122095,0.8455396294593811,0.8907358646392822,True,-0.08201582675066936,-0.09285048315036133,-0.0710849489279763,-8.653296798327583,True
taco,1,spike,F2rel-F2shuf,F2rel,F2shuf,2885,-0.08062497759350871,-0.09016222518684851,-0.0713997997123233,-9.223114184046919,0.810110867023468,0.8907358646392822,True,-0.14798449889387116,-0.16937966668573776,-0.12907587355261202,-15.613496092325816,True
taco,1,spike,Ffut-F2k8,Ffut,F2k8,2885,-0.25478538914197857,-0.27170461550015407,-0.23849210543628246,-29.146237389745245,0.5907542109489441,0.8455396294593811,True,-0.44288963020022193,-0.48349755688663115,-0.40468605816707054,-46.728242229086476,True
taco,1,spike,Ffut-F2rel,Ffut,F2rel,2885,-0.21935667720214952,-0.23490416215452095,-0.20488845169952544,-25.093361155010538,0.5907542109489441,0.810110867023468,True,-0.37692095805702014,-0.4132074355975195,-0.3394718137726866,-39.768042935088246,True
taco,1,spike,Ffut-F0,Ffut,F0,2885,-0.2834079287545933,-0.3022169632640154,-0.26581262812115036,-32.42051986354039,0.5907542109489441,0.8741621971130371,True,-0.49441827935242516,-0.5381126912118906,-0.45289018283814675,-52.164908692090414,True
taco,1,spike,Ffut1-F2rel,Ffut1,F2rel,2885,-0.17719691057707243,-0.19276363180954872,-0.1633503726932691,-20.270484260503807,0.6329140067100525,0.810110867023468,True,-0.3244236372201421,-0.3618297083166521,-0.2871253032854192,-34.22917420308677,True
taco,1,spike,Ffut-Ffut1,Ffut,Ffut1,2885,-0.0421597666250771,-0.04716172707355115,-0.03728663285698209,-4.822876894506737,0.5907542109489441,0.6329140067100525,True,-0.05249732083687801,-0.05969630390906215,-0.04485095398120133,-5.538868732001473,True
taco,1,persistent_spatial,F1-F0,F1,F0,267,0.0024228397380100207,-0.017273665786514493,0.021210170713494757,0.29587547252087476,0.8212943077087402,0.8188714385032654,False,0.006182264634285973,-0.029936538645801154,0.04109775818546621,0.8240062158733046,False
taco,1,persistent_spatial,F2k8-F1,F2k8,F1,267,-0.024249192592356535,-0.03784916380604454,-0.00941807841049864,-2.961294221798632,0.7970451712608337,0.8212943077087402,True,-0.04094172631868263,-0.06703274317271105,-0.01384807263883145,-5.456938350403461,True
taco,1,persistent_spatial,F2k8-F0,F2k8,F0,267,-0.021826352854346514,-0.03308813075141774,-0.011879132946678795,-2.665418749277757,0.7970451712608337,0.8188714385032654,True,-0.03475946168439665,-0.05453289163900995,-0.017701478727003863,-4.632932134530155,True
taco,1,persistent_spatial,F2k4-F1,F2k4,F1,267,-0.011511318022838692,-0.019636929569856708,-0.003661951023802547,-1.4057540025915545,0.8097830414772034,0.8212943077087402,True,-0.017587086848551862,-0.033364022353013084,-0.0020305769119167297,-2.3441036156783888,True
taco,1,persistent_spatial,F2k1-F1,F2k1,F1,267,-0.000491500347294611,-0.006786407263785635,0.005995577220762295,-0.06002167424388084,0.8208028078079224,0.8212943077087402,False,0.0009575667006246159,-0.011258727100568555,0.014443944990964928,0.12762975383681652,False
taco,1,persistent_spatial,F2rel-F1,F2rel,F1,267,-0.03380517711800136,-0.05315548639562127,-0.013492768393748038,-4.128264282826926,0.787489116191864,0.8212943077087402,True,-0.059901426152120366,-0.09422432483000213,-0.023125951719046377,-7.983991370295602,True
taco,1,persistent_spatial,F2rel-F0,F2rel,F0,267,-0.03138233737999134,-0.05113140388254424,-0.013528441981656366,-3.832388810306051,0.787489116191864,0.8188714385032654,True,-0.053719161517834395,-0.09661077819852844,-0.018770617401248406,-7.159985154422298,True
taco,1,persistent_spatial,F2rel-F2k8,F2rel,F2k8,267,-0.009555984525644825,-0.02437674352021199,0.00411504284871154,-1.166970061028294,0.787489116191864,0.7970451712608337,False,-0.018959699833437746,-0.04892472081227079,0.00689421222771802,-2.527053019892142,False
taco,1,persistent_spatial,F2shuf-F0,F2shuf,F0,267,0.012626401605677516,0.004177005552015783,0.021162935574547594,1.5419272198278247,0.8314979076385498,0.8188714385032654,True,0.020557798696367927,0.004290192140764453,0.0391046473816252,2.740056421482475,True
taco,1,persistent_spatial,F2k8-F2shuf,F2k8,F2shuf,267,-0.03445275446002403,-0.05088377792170091,-0.018049394557816116,-4.207345969105582,0.7970451712608337,0.8314979076385498,True,-0.05531726038076458,-0.08900490121936787,-0.024647217307747826,-7.372988556012632,True
taco,1,persistent_spatial,F2rel-F2shuf,F2rel,F2shuf,267,-0.04400873898566885,-0.0691650171146715,-0.021162363579840485,-5.374316030133875,0.787489116191864,0.8314979076385498,True,-0.07427696021420233,-0.13413290648848952,-0.029149925698748025,-9.900041575904774,True
taco,1,persistent_spatial,Ffut-F2k8,Ffut,F2k8,267,-0.18225781786977574,-0.2139137134666674,-0.15444614947461618,-22.257195610938258,0.6147872805595398,0.7970451712608337,True,-0.2620008568373624,-0.3244531018597573,-0.20786624012106608,-34.92091448185845,True
taco,1,persistent_spatial,Ffut-F2rel,Ffut,F2rel,267,-0.17270183334413092,-0.20111335694269927,-0.14651466626548573,-21.09022554990996,0.6147872805595398,0.787489116191864,True,-0.24304115700392465,-0.2919640877098647,-0.19949794932703074,-32.39386146196631,True
taco,1,persistent_spatial,Ffut-F0,Ffut,F0,267,-0.20408417072412227,-0.23963189893645362,-0.17187303404166063,-24.922614360216016,0.6147872805595398,0.8188714385032654,True,-0.29676031852175905,-0.3708435754095311,-0.23605679684107372,-39.553846616388604,True
taco,1,persistent_spatial,Ffut1-F2rel,Ffut1,F2rel,267,-0.12621573528993443,-0.15678683045228287,-0.10071345990820019,-15.41337618523266,0.6612734198570251,0.787489116191864,True,-0.17691717767034576,-0.22709051079458592,-0.1283897546324258,-23.58049399675428,True
taco,1,persistent_spatial,Ffut-Ffut1,Ffut,Ffut1,267,-0.046486098054196505,-0.06237259191464029,-0.033203924309274706,-5.676849364677302,0.6147872805595398,0.6612734198570251,True,-0.06612397933357887,-0.0977317201351734,-0.041011138066941163,-8.813367465212027,True
taco,1,persistent_mixed,F1-F0,F1,F0,940,-0.012765872954054082,-0.021884190101913184,-0.002146427485112603,-1.708559076702094,0.7344059944152832,0.7471718788146973,True,-0.02117352859770998,-0.041719026692045205,-3.069646683607023e-05,-3.0922933960308394,True
taco,1,persistent_mixed,F2k8-F1,F2k8,F1,940,-0.020312046132823253,-0.029815824070158384,-0.011745409978165686,-2.7185239044389613,0.7140938639640808,0.7344059944152832,True,-0.03005039014437414,-0.04827983126867001,-0.01397462660683403,-4.388716909549438,True
taco,1,persistent_mixed,F2k8-F0,F2k8,F0,940,-0.033077919086877336,-0.04041592990167981,-0.02614504662182058,-4.427082981141056,0.7140938639640808,0.7471718788146973,True,-0.051223918742084124,-0.06441009266671657,-0.03897175135085517,-7.481010305580278,True
taco,1,persistent_mixed,F2k4-F1,F2k4,F1,940,-0.02098012262202324,-0.02764753095979856,-0.014908667117334323,-2.8079379346163034,0.7134258151054382,0.7344059944152832,True,-0.03767159284746393,-0.050155112205507134,-0.026386698268989997,-5.501757406310371,True
taco,1,persistent_mixed,F2k1-F1,F2k1,F1,940,-0.005325132560856799,-0.00925776256177937,-0.001815953153834344,-0.7127051635434289,0.7290807962417603,0.7344059944152832,True,-0.011539543317036426,-0.018978803405634223,-0.004629272285982618,-1.6852955532571416,True
taco,1,persistent_mixed,F2rel-F1,F2rel,F1,940,-0.04612576842625091,-0.05781003810289188,-0.03550337755054621,-6.173381217106853,0.6882802248001099,0.7344059944152832,True,-0.06610484337037865,-0.08762058728819583,-0.04427851470607622,-9.65429874650102,True
taco,1,persistent_mixed,F2rel-F0,F2rel,F0,940,-0.05889164138030498,-0.06880606984577939,-0.04839510319505845,-7.881940293808947,0.6882802248001099,0.7471718788146973,True,-0.08727837196808863,-0.10586374273045415,-0.06862499091818842,-12.74659214253186,True
taco,1,persistent_mixed,F2rel-F2k8,F2rel,F2k8,940,-0.02581372229342765,-0.03312624451889537,-0.01842884922933249,-3.4548573126678925,0.6882802248001099,0.7140938639640808,True,-0.03605445322600451,-0.049705265377392456,-0.021656988672667677,-5.265581836951581,True
taco,1,persistent_mixed,F2shuf-F0,F2shuf,F0,940,0.021870759050262735,0.016359241527221107,0.026942510671870746,2.9271389449182954,0.7690425515174866,0.7471718788146973,True,0.031094435764912595,0.023015239916459065,0.03897119604859022,4.541194819060239,True
taco,1,persistent_mixed,F2k8-F2shuf,F2k8,F2shuf,940,-0.05494867813714007,-0.06382642949174049,-0.04509063042863661,-7.354221926059352,0.7140938639640808,0.7690425515174866,True,-0.08231835450699672,-0.09872708687656591,-0.06640940021493696,-12.022205124640516,True
taco,1,persistent_mixed,F2rel-F2shuf,F2rel,F2shuf,940,-0.08076240043056772,-0.09314233279900998,-0.06760028616688728,-10.809079238727245,0.6882802248001099,0.7690425515174866,True,-0.11837280773300123,-0.13929116649357828,-0.09610719149344184,-17.287786961592097,True
taco,1,persistent_mixed,Ffut-F2k8,Ffut,F2k8,940,-0.19995986367476748,-0.21803889789798725,-0.1802263853550228,-26.76223093299241,0.5141340494155884,0.7140938639640808,True,-0.2954895612872899,-0.34958315457741795,-0.2483392243133962,-43.1548485056743,True
taco,1,persistent_mixed,Ffut-F2rel,Ffut,F2rel,940,-0.17414614138133983,-0.19260315399311415,-0.15464588243696503,-23.307373620324515,0.5141340494155884,0.6882802248001099,True,-0.2594351080612854,-0.31767170538316,-0.2105980535214964,-37.88926666872272,True
taco,1,persistent_mixed,Ffut-F0,Ffut,F0,940,-0.2330377827616448,-0.25311440532310275,-0.21130750037499754,-31.189313914133464,0.5141340494155884,0.7471718788146973,True,-0.346713480029374,-0.4088301577298946,-0.2925511477164916,-50.63585881125457,True
taco,1,persistent_mixed,Ffut1-F2rel,Ffut1,F2rel,940,-0.13148804917297466,-0.14964383110080184,-0.11260752260916651,-17.598099299663875,0.5567920804023743,0.6882802248001099,True,-0.21561856287868417,-0.27240226673217915,-0.1677794779306778,-31.490068127970332,True
taco,1,persistent_mixed,Ffut-Ffut1,Ffut,Ffut1,940,-0.042658092208365174,-0.050253694745096396,-0.03515568548040652,-5.709274320660643,0.5141340494155884,0.5567920804023743,True,-0.04381654518260125,-0.054136547488551554,-0.03328011642125822,-6.399198540752393,True
taco,1,onset,F1-F0,F1,F0,186,-0.019186223226208842,-0.04318763448925252,0.006341979206311252,-2.642493523832641,0.7068790197372437,0.7260650992393494,False,-0.010858260846186069,-0.06255168083316347,0.050517898637850306,-1.623906188025871,False
taco,1,onset,F2k8-F1,F2k8,F1,186,-0.04027511555981893,-0.06599656502815329,-0.018203044157963772,-5.547039184504602,0.6666038036346436,0.7068790197372437,True,-0.08370948766147898,-0.1476462388280206,-0.03281588151349865,-12.51916461904654,True
taco,1,onset,F2k8-F0,F2k8,F0,186,-0.059461338786027766,-0.07799750030614884,-0.03914069926481997,-8.189532708337241,0.6666038036346436,0.7260650992393494,True,-0.09456774850766506,-0.12447758006590161,-0.06471075523191679,-14.143070807072414,True
taco,1,onset,F2k4-F1,F2k4,F1,186,-0.04272799442211787,-0.06181507273678071,-0.026391441451419872,-5.884870993920679,0.6641509532928467,0.7068790197372437,True,-0.086491082644751,-0.15263920486239196,-0.04273723081027567,-12.935165797311084,True
taco,1,onset,F2k1-F1,F2k1,F1,186,-0.011575457870319326,-0.017945804521924874,-0.006016281498403824,-1.5942727287740688,0.6953034996986389,0.7068790197372437,True,-0.021506226080800255,-0.037292476866646204,-0.009363466758552746,-3.216361635478843,True
taco,1,onset,F2rel-F1,F2rel,F1,186,-0.068928478906552,-0.10614021131098954,-0.03706226596445193,-9.493429580730961,0.6379504799842834,0.7068790197372437,True,-0.12393875788116167,-0.19576552330454533,-0.060500034815070415,-18.535649374287438,True
taco,1,onset,F2rel-F0,F2rel,F0,186,-0.08811470213276083,-0.11852643855316576,-0.0625636172929248,-12.1359231045636,0.6379504799842834,0.7260650992393494,True,-0.13479701872734773,-0.18606925415998365,-0.09134332874818939,-20.159555562313308,True
taco,1,onset,F2rel-F2k8,F2rel,F2k8,186,-0.028653363346733074,-0.05102977253995388,-0.008507939493401676,-3.9463903962263602,0.6379504799842834,0.6666038036346436,True,-0.040229270219682686,-0.07188049240936512,-0.011620697173943876,-6.016484755240896,True
taco,1,onset,F2shuf-F0,F2shuf,F0,186,0.02226392412057487,0.01141556089877018,0.03318763563457764,3.0663812575345264,0.7483291029930115,0.7260650992393494,True,0.04017783707428363,0.023028041415341934,0.05969809690437359,6.008792675978267,True
taco,1,onset,F2k8-F2shuf,F2k8,F2shuf,186,-0.08172526290660263,-0.10415213326962963,-0.05882524145221209,-11.255913965871768,0.6666038036346436,0.7483291029930115,True,-0.13474558558194868,-0.17272653822969597,-0.10015472895508587,-20.15186348305068,True
taco,1,onset,F2rel-F2shuf,F2rel,F2shuf,186,-0.11037862625333571,-0.1434142078597907,-0.08191163782595966,-15.202304362098127,0.6379504799842834,0.7483291029930115,True,-0.17497485580163136,-0.23251634980683603,-0.12835249215252498,-26.168348238291575,True
taco,1,onset,Ffut-F2k8,Ffut,F2k8,186,-0.15269113708567875,-0.1935343006690261,-0.11306717928706081,-21.029951342605948,0.5139126777648926,0.6666038036346436,True,-0.22885570186440662,-0.32728672136228076,-0.1458307585049613,-34.226493145368785,True
taco,1,onset,Ffut-F2rel,Ffut,F2rel,186,-0.12403777373894569,-0.15865385382244301,-0.09008492758820416,-17.08356094637959,0.5139126777648926,0.6379504799842834,True,-0.18862643164472395,-0.28020202060126187,-0.11707194659697202,-28.21000839012789,True
taco,1,onset,Ffut-F0,Ffut,F0,186,-0.21215247587170652,-0.25940589481924564,-0.167058903467632,-29.219484050943187,0.5139126777648926,0.7260650992393494,True,-0.32342345037207165,-0.43800871385295065,-0.22595188345734238,-48.3695639524412,True
taco,1,onset,Ffut1-F2rel,Ffut1,F2rel,186,-0.09275893222099992,-0.12707622012301098,-0.059711411515802774,-12.77556686283053,0.5451915264129639,0.6379504799842834,True,-0.16428420997615303,-0.26777451468298624,-0.09217813180746615,-24.569509699053036,True
taco,1,onset,Ffut-Ffut1,Ffut,Ffut1,186,-0.03127884151794577,-0.04740970980379711,-0.014065619914811662,-4.307994083549059,0.5139126777648926,0.5451915264129639,True,-0.024342221668570915,-0.04113280365483084,-0.006378055156764765,-3.6404986910748565,True
taco,1,release,F1-F0,F1,F0,111,-0.0479659047481176,-0.08952525751752274,-0.0017543069681860044,-5.855072971705019,0.7712536454200745,0.8192195892333984,True,-0.0743455400539411,-0.1508675701208444,0.007382070181467285,-9.867723877736426,False
taco,1,release,F2k8-F1,F2k8,F1,111,-0.05143334253414257,-0.0942857110064126,-0.01784049761174554,-6.278334064529924,0.7198203206062317,0.7712536454200745,True,-0.08215488144406327,-0.15323444874960732,-0.028115365565604258,-10.904240990246377,True
taco,1,release,F2k8-F0,F2k8,F0,111,-0.09939924728226017,-0.125289879710085,-0.07084936300441724,-12.133407036234944,0.7198203206062317,0.8192195892333984,True,-0.1565004214980044,-0.21202358612961952,-0.10522767770370606,-20.771964867982806,True
taco,1,release,F2k4-F1,F2k4,F1,111,-0.05864898457720473,-0.08288918615866518,-0.03654474212051087,-7.159128681491458,0.7126047015190125,0.7712536454200745,True,-0.08873323542443481,-0.13507978671027915,-0.04850481522047803,-11.777371787348894,True
taco,1,release,F2k1-F1,F2k1,F1,111,-0.014486897904593666,-0.02218511700566419,-0.007431138195473739,-1.7683778677887911,0.7567667961120605,0.7712536454200745,True,-0.020412760140659573,-0.0352330837499451,-0.006542979590748389,-2.7093418180074815,True
taco,1,release,F2rel-F1,F2rel,F1,111,-0.11879720988574329,-0.17027469729175201,-0.07116690000138856,-14.501265771355666,0.6524564027786255,0.7712536454200745,True,-0.17290338222776447,-0.2567057113708671,-0.09967061478465244,-22.949094621041155,True
taco,1,release,F2rel-F0,F2rel,F0,111,-0.1667631146338609,-0.20147746138796285,-0.124354186860359,-20.356338743060686,0.6524564027786255,0.8192195892333984,True,-0.24724892228170559,-0.3137330621473456,-0.17866668587582094,-32.816818498777586,True
taco,1,release,F2rel-F2k8,F2rel,F2k8,111,-0.06736386735160071,-0.09758503544394688,-0.03728604689878745,-8.22293170682574,0.6524564027786255,0.7198203206062317,True,-0.0907485007837012,-0.1407876754974467,-0.04187284561023346,-12.044853630794776,True
taco,1,release,F2shuf-F0,F2shuf,F0,111,0.053685856429306233,0.012601078784973579,0.10233342575381035,6.55329256463995,0.872905433177948,0.8192195892333984,True,0.09628916780153911,0.023729760778905543,0.1830138305249683,12.780254465745166,True
taco,1,release,F2k8-F2shuf,F2k8,F2shuf,111,-0.15308510371156642,-0.21317250700731877,-0.09713065508428427,-18.686699600874896,0.7198203206062317,0.872905433177948,True,-0.2527895892995435,-0.359502858510475,-0.15726095635109955,-33.55221933372797,True
taco,1,release,F2rel-F2shuf,F2rel,F2shuf,111,-0.22044897106316713,-0.2882530396610481,-0.15774202943200388,-26.909631307700636,0.6524564027786255,0.872905433177948,True,-0.3435380900832447,-0.4626961714929912,-0.23319006505700057,-45.597072964522745,True
taco,1,release,Ffut-F2k8,Ffut,F2k8,111,-0.18898047278593252,-0.24093062527767414,-0.14183244720495247,-23.068353744174367,0.530839741230011,0.7198203206062317,True,-0.2573876189957331,-0.3428977578161505,-0.18226784105897567,-34.16250594124621,True
taco,1,release,Ffut-F2rel,Ffut,F2rel,111,-0.12161660543433181,-0.1667210425057703,-0.08014407042491123,-14.845422037348623,0.530839741230011,0.6524564027786255,True,-0.1666391182120319,-0.24575434814307834,-0.10251419057223234,-22.117652310451433,True
taco,1,release,Ffut-F0,Ffut,F0,111,-0.2883797200681927,-0.3472501576800064,-0.22349512285599102,-35.20176078040931,0.530839741230011,0.8192195892333984,True,-0.41388804049373745,-0.52867043181535,-0.30423037584504736,-54.93447080922901,True
taco,1,release,Ffut1-F2rel,Ffut1,F2rel,111,-0.08709838395720129,-0.13958930418281426,-0.04034387775226065,-10.631872711772603,0.5653581023216248,0.6524564027786255,True,-0.1264623770037213,-0.21684470941476963,-0.04775461116029571,-16.785079727573716,True
taco,1,release,Ffut-Ffut1,Ffut,Ffut1,111,-0.03451822147713051,-0.05492710416240188,-0.012721800613045287,-4.213549325576021,0.530839741230011,0.5653581023216248,True,-0.0401767412083106,-0.06745366860780547,-0.00966318604254695,-5.332572582877718,True
taco,1,transient,F1-F0,F1,F0,1280,-0.013003239140380174,-0.023106453077137587,-0.0033314199306969075,-1.2692050736391418,1.0115151405334473,1.024518370628357,True,-0.044279274478321896,-0.06904734261830817,-0.020984612012492965,-3.469137381675108,True
taco,1,transient,F2k8-F1,F2k8,F1,1280,-0.00043129430850967764,-0.008233905729525912,0.007465398936360812,-0.042097274277781524,1.0110838413238525,1.0115151405334473,False,0.007152523298282176,-0.010970206319662881,0.025618151378778,0.5603769763553996,False
taco,1,transient,F2k8-F0,F2k8,F0,1280,-0.013434533448889851,-0.018510913430507196,-0.00875689403118005,-1.3113023479169235,1.0110838413238525,1.024518370628357,True,-0.03712675118003972,-0.049803848869355544,-0.025515378880276066,-2.9087604053197085,True
taco,1,transient,F2k4-F1,F2k4,F1,1280,-0.008198602579068393,-0.012951899243344604,-0.004018167633756888,-0.8002396847252268,1.0033165216445923,1.0115151405334473,True,-0.017804281116696075,-0.030024057955068892,-0.007140056275917082,-1.3949076154357847,True
taco,1,transient,F2k1-F1,F2k1,F1,1280,-0.006276515393983573,-0.009640837965721561,-0.003514554161845012,-0.612630829658434,1.005238652229309,1.0115151405334473,True,-0.01552634589606896,-0.02454667358920412,-0.008173986027992386,-1.2164387872985774,True
taco,1,transient,F2rel-F1,F2rel,F1,1280,-0.04728863817872479,-0.05858329866248935,-0.036650944989411356,-4.615694509188914,0.9642265439033508,1.0115151405334473,True,-0.09496696722926572,-0.12460320616192504,-0.06484077259905899,-7.440353527035621,True
taco,1,transient,F2rel-F0,F2rel,F0,1280,-0.06029187731910497,-0.07317807563094987,-0.04901191444577961,-5.884899582828056,0.9642265439033508,1.024518370628357,True,-0.13924624170758762,-0.17166836759195175,-0.10914887901924007,-10.90949090871073,True
taco,1,transient,F2rel-F2k8,F2rel,F2k8,1280,-0.04685734387021512,-0.057282279878837356,-0.03736283023277356,-4.573597234911132,0.9642265439033508,1.0110838413238525,True,-0.1021194905275479,-0.13080430660106784,-0.0770712003953243,-8.00073050339102,True
taco,1,transient,F2shuf-F0,F2shuf,F0,1280,0.008949000597931444,0.006652700024646207,0.011508074573968545,0.8734836635913956,1.0334672927856445,1.024518370628357,True,0.025421814690344036,0.0188970234847964,0.032744726203594726,1.991716636989311,True
taco,1,transient,F2k8-F2shuf,F2k8,F2shuf,1280,-0.022383534046821297,-0.028662722440712062,-0.016494211889767806,-2.184786011508319,1.0110838413238525,1.0334672927856445,True,-0.06254856587038375,-0.08005151030044552,-0.0462163085084423,-4.900477042309019,True
taco,1,transient,F2rel-F2shuf,F2rel,F2shuf,1280,-0.06924087791703641,-0.08225354178881235,-0.05728139978886169,-6.758383246419451,0.9642265439033508,1.0334672927856445,True,-0.16466805639793164,-0.19907865644736084,-0.13042759447739247,-12.90120754570004,True
taco,1,transient,Ffut-F2k8,Ffut,F2k8,1280,-0.3390452350955456,-0.36651089863231395,-0.3135039459772944,-33.093133790036646,0.6720386147499084,1.0110838413238525,True,-0.6573595535664936,-0.7277428644542914,-0.5938108857586897,-51.50198659183653,True
taco,1,transient,Ffut-F2rel,Ffut,F2rel,1280,-0.2921878912253305,-0.31424035385072285,-0.26899095311575466,-28.51953655512551,0.6720386147499084,0.9642265439033508,True,-0.5552400630389457,-0.6181359228609872,-0.495623841504364,-43.5012560884455,True
taco,1,transient,Ffut-F0,Ffut,F0,1280,-0.3524797685444355,-0.382237307376967,-0.3253062129409727,-34.40443613795357,0.6720386147499084,1.024518370628357,True,-0.6944863047465333,-0.7719203524814116,-0.6219594614110242,-54.41074699715623,True
taco,1,transient,Ffut1-F2rel,Ffut1,F2rel,1280,-0.2473078508162871,-0.26790500410564044,-0.22433369860506208,-24.138937661469985,0.7169186472892761,0.9642265439033508,True,-0.4907459410460433,-0.550427066164796,-0.4316586477910342,-38.448351041109426,True
taco,1,transient,Ffut-Ffut1,Ffut,Ffut1,1280,-0.044880040409043434,-0.052494467737183435,-0.037755458326662134,-4.3805988936555265,0.6720386147499084,0.7169186472892761,True,-0.06449412199290236,-0.07817616579613461,-0.05257833177509839,-5.052905047336078,True
taco,1,amount,F1-F0,F1,F0,101,-0.01963938566127626,-0.04497225674810176,0.00941226875675132,-3.118210701873142,0.6101892590522766,0.629828691482544,False,-0.011547444185408035,-0.05541513867618594,0.0408110616894971,-2.395858443398303,False
taco,1,amount,F2k8-F1,F2k8,F1,101,-0.043388518809091926,-0.07400144437731696,-0.01877355042311342,-6.888939706281143,0.5668007731437683,0.6101892590522766,True,-0.0750416983656659,-0.13294882513954198,-0.03257069430699286,-15.569617289297712,True
taco,1,amount,F2k8-F0,F2k8,F0,101,-0.06302790447036818,-0.08004290938277615,-0.04813742942804535,-10.007150408154283,0.5668007731437683,0.629828691482544,True,-0.08658914255107393,-0.11308065337407457,-0.0650751264014572,-17.965475732696014,True
taco,1,amount,F2k4-F1,F2k4,F1,101,-0.03579222595337594,-0.056697921871532206,-0.017671328999022854,-5.682850977958018,0.574397087097168,0.6101892590522766,True,-0.06460462691317691,-0.11292944545729444,-0.02864147157913068,-13.404138473180485,True
taco,1,amount,F2k1-F1,F2k1,F1,101,-0.009447424128504084,-0.020261882385083786,0.0002839181039442291,-1.499999008661536,0.6007418632507324,0.6101892590522766,False,-0.019750884558894847,-0.044187947355356874,-0.0016480332687980955,-4.097904503821709,True
taco,1,amount,F2rel-F1,F2rel,F1,101,-0.06924170801545133,-0.10987677806100556,-0.035220069516757414,-10.993736702033113,0.5409476161003113,0.6101892590522766,True,-0.10571018868301174,-0.17532197778536782,-0.05158209325327915,-21.932701647474737,True
taco,1,amount,F2rel-F0,F2rel,F0,101,-0.0888810936767276,-0.11042948253452778,-0.06847718007898439,-14.111947403906255,0.5409476161003113,0.629828691482544,True,-0.11725763286841978,-0.14907354193300273,-0.08773231817870869,-24.328560090873044,True
taco,1,amount,F2rel-F2k8,F2rel,F2k8,101,-0.02585318920635941,-0.0424131494267535,-0.009552301324741996,-4.104796995751971,0.5409476161003113,0.5668007731437683,True,-0.030668490317345847,-0.054219253045787896,-0.008872914618335156,-6.363084358177028,True
taco,1,amount,F2shuf-F0,F2shuf,F0,101,0.023074219575022707,0.0035431758443004277,0.045251654264913635,3.6635707275749314,0.6529027819633484,0.629828691482544,True,0.02511591460592676,-0.0032387910376929954,0.0567092584440522,5.211038486621973,False
taco,1,amount,F2k8-F2shuf,F2k8,F2shuf,101,-0.08610212404539089,-0.11359681813007122,-0.06047156460135203,-13.670721135729217,0.5668007731437683,0.6529027819633484,True,-0.11170505715700069,-0.14644582908371184,-0.07912994489204497,-23.176514219317983,True
taco,1,amount,F2rel-F2shuf,F2rel,F2shuf,101,-0.1119553132517503,-0.13883216132712778,-0.08677829175655331,-17.77551813148119,0.5409476161003113,0.6529027819633484,True,-0.14237354747434655,-0.17900976194113113,-0.10643582150215786,-29.539598577495017,True
taco,1,amount,Ffut-F2k8,Ffut,F2k8,101,-0.14926191633290584,-0.18703215004741003,-0.11503121004482598,-23.698811812075526,0.41753891110420227,0.5668007731437683,True,-0.17291833585736774,-0.2371727467187742,-0.11821886695390564,-35.87701731485953,True
taco,1,amount,Ffut-F2rel,Ffut,F2rel,101,-0.12340872712654642,-0.16456504017740428,-0.08459223061518163,-19.594014816323554,0.41753891110420227,0.5409476161003113,True,-0.1422498455400219,-0.2145483484508073,-0.08646729739613558,-29.5139329566825,True
taco,1,amount,Ffut-F0,Ffut,F0,101,-0.21228982080327402,-0.25236457075982816,-0.17423205025292732,-33.70596222022981,0.41753891110420227,0.629828691482544,True,-0.2595074784084417,-0.3385173000176722,-0.1909690402592999,-53.84249304755554,True
taco,1,amount,Ffut1-F2rel,Ffut1,F2rel,101,-0.10336226151131167,-0.14109650191411058,-0.07332071885855551,-16.411170673728577,0.4375852942466736,0.5409476161003113,True,-0.1316323405371444,-0.202984483534999,-0.08182487163886715,-27.3110178699733,True
taco,1,amount,Ffut-Ffut1,Ffut,Ffut1,101,-0.02004646561523475,-0.03913436213430638,-0.0005821572592249563,-3.1828441425949787,0.41753891110420227,0.4375852942466736,True,-0.0106175050028775,-0.02735080049549054,0.006054921190214817,-2.202915086709199,False
taco,4,all,F1-F0,F1,F0,21840,0.016840592074811787,0.0064121976554325725,0.028324569291087183,2.315566349016751,0.7441179752349854,0.7272774577140808,True,0.050499502206102886,0.020017900531547943,0.08691168396500752,6.1518457576704435,True
taco,4,all,F2k8-F1,F2k8,F1,21840,-0.0343392957636452,-0.04227594859247674,-0.026908638347778454,-4.721622456383796,0.7097787261009216,0.7441179752349854,True,-0.08813126487318416,-0.11491602835617312,-0.06372898822830671,-10.736144402284957,True
taco,4,all,F2k8-F0,F2k8,F0,21840,-0.01749870368883341,-0.024226942074388334,-0.010401767860623865,-2.406056107367044,0.7097787261009216,0.7272774577140808,True,-0.03763176266708127,-0.05604438721630507,-0.01865182963146524,-4.584298644614511,True
taco,4,all,F2k4-F1,F2k4,F1,21840,-0.014195491142584619,-0.01949053673564116,-0.0098056860184496,-1.9518673364636834,0.7299225330352783,0.7441179752349854,True,-0.045694062937107136,-0.06233411211718086,-0.03127298475547482,-5.566447488593212,True
taco,4,all,F2k1-F1,F2k1,F1,21840,-0.0002726711020651427,-0.0031422114525712693,0.002722425273071903,-0.03749203267239717,0.7438454031944275,0.7441179752349854,False,-0.004582253911342914,-0.012048491941793303,0.002698694875973407,-0.5582098447231231,False
taco,4,all,F2rel-F1,F2rel,F1,21840,-0.06660802848705333,-0.08165331904516857,-0.05327414084118243,-9.158544346529075,0.6775100231170654,0.7441179752349854,True,-0.1519463836062668,-0.1954628724228837,-0.11315372852659385,-18.510097615746663,True
taco,4,all,F2rel-F0,F2rel,F0,21840,-0.049767436412241545,-0.057912990810451696,-0.04115145391388031,-6.842977997512324,0.6775100231170654,0.7272774577140808,True,-0.1014468814001639,-0.12081866149058608,-0.0814896318808828,-12.358251858076217,True
taco,4,all,F2rel-F2k8,F2rel,F2k8,21840,-0.032268732723408126,-0.041766587561845224,-0.023637935223046504,-4.436921890145279,0.6775100231170654,0.7097787261009216,True,-0.06381511873308264,-0.0861073976096269,-0.04362849396149756,-7.7739532134617075,True
taco,4,all,F2shuf-F0,F2shuf,F0,21840,0.015744489172794224,0.009811589269460002,0.021469736349402614,2.1648531802815696,0.7430219650268555,0.7272774577140808,True,0.03156843274082748,0.01694303397149063,0.04657677354182888,3.845664225369229,True
taco,4,all,F2k8-F2shuf,F2k8,F2shuf,21840,-0.033243192861627635,-0.04243856933750964,-0.023544995898806535,-4.570909287648614,0.7097787261009216,0.7430219650268555,True,-0.06920019540790875,-0.09236487648852407,-0.0454387864058542,-8.429962869983738,True
taco,4,all,F2rel-F2shuf,F2rel,F2shuf,21840,-0.06551192558503577,-0.0733132880167862,-0.05720781678472983,-9.007831177793893,0.6775100231170654,0.7430219650268555,True,-0.13301531414099138,-0.15259469428801048,-0.11295803489927225,-16.203916083445446,True
taco,4,all,Ffut-F2k8,Ffut,F2k8,21840,-0.11086607366900945,-0.12368417320595351,-0.09821450323198239,-15.24398597716402,0.5989126563072205,0.7097787261009216,True,-0.2472073854975664,-0.27955497023609277,-0.21609097036831104,-30.114786073162893,True
taco,4,all,Ffut-F2rel,Ffut,F2rel,21840,-0.07859734094560132,-0.09084006381629824,-0.06652051587542898,-10.807064087018738,0.5989126563072205,0.6775100231170654,True,-0.18339226676448378,-0.21092640142838856,-0.1563398059302361,-22.340832859701184,True
taco,4,all,Ffut-F0,Ffut,F0,21840,-0.12836477735784288,-0.14292597258054401,-0.11374785677985791,-17.650042084531062,0.5989126563072205,0.7272774577140808,True,-0.28483914816464767,-0.3212308354660836,-0.24910960208065916,-34.6990847177774,True
taco,4,all,Ffut1-F2rel,Ffut1,F2rel,21840,0.044502031544032386,0.03315346527741187,0.05636964952629889,6.118989537212874,0.7220120429992676,0.6775100231170654,True,0.050855566190449404,0.027585234557518518,0.07424610927076154,6.195221446852914,True
taco,4,all,Ffut-Ffut1,Ffut,Ffut1,21840,-0.12309937248963372,-0.1345746336970306,-0.11247809900582825,-16.926053624231614,0.5989126563072205,0.7220120429992676,True,-0.23424783295493318,-0.263516368207536,-0.20716108383797868,-28.5360543065541,True
taco,4,non_spike,F1-F0,F1,F0,15846,0.023627206246355306,0.011360531017259035,0.03701351984075553,4.337495211907142,0.568347156047821,0.5447200536727905,True,0.07012723775758874,0.03724872495144489,0.10891142460260188,16.73673593258335,True
taco,4,non_spike,F2k8-F1,F2k8,F1,15846,-0.03211541381991001,-0.04034396297563356,-0.024131155812459164,-5.895764916927679,0.5362318158149719,0.568347156047821,True,-0.07064833197324587,-0.09635909532347695,-0.04755439846878386,-16.86110153662436,True
taco,4,non_spike,F2k8-F0,F2k8,F0,15846,-0.00848820757355471,-0.01618310021281127,-0.00017998688393690003,-1.558269705020538,0.5362318158149719,0.5447200536727905,True,-0.0005210942156571379,-0.016857151126274228,0.016910336324194048,-0.12436560404101157,False
taco,4,non_spike,F2k4-F1,F2k4,F1,15846,-0.007811479300079992,-0.013049123356134474,-0.0024874175236088178,-1.4340355651331118,0.5605357885360718,0.568347156047821,True,-0.021767487252580073,-0.03669844472370253,-0.008003886118963023,-5.195081079931497,True
taco,4,non_spike,F2k1-F1,F2k1,F1,15846,0.0022271781890388243,-0.0013911503407327604,0.005946361022372541,0.4088665680696005,0.5705743432044983,0.568347156047821,False,0.0019000255054745822,-0.006757864929015001,0.010340274659447092,0.4534646760254015,False
taco,4,non_spike,F2rel-F1,F2rel,F1,15846,-0.06565872280774177,-0.08346533126486348,-0.05094423039869724,-12.053663595646231,0.502688467502594,0.568347156047821,True,-0.1258909532646889,-0.17517952051952948,-0.08497052279179204,-30.045438954485032,True
taco,4,non_spike,F2rel-F0,F2rel,F0,15846,-0.042031516561386456,-0.05251745520199198,-0.03168653260727791,-7.716168383739089,0.502688467502594,0.5447200536727905,True,-0.055763715507100166,-0.07728051254236404,-0.03601121047535558,-13.308703021901678,True
taco,4,non_spike,F2rel-F2k8,F2rel,F2k8,15846,-0.03354330898783175,-0.04572753634869763,-0.02289959379259481,-6.15789867871855,0.502688467502594,0.5362318158149719,True,-0.05524262129144303,-0.083040648813381,-0.032779240198318994,-13.184337417860666,True
taco,4,non_spike,F2shuf-F0,F2shuf,F0,15846,0.007640266106629122,0.0009969899253916067,0.014128570271580838,1.402604155127833,0.5523602962493896,0.5447200536727905,True,0.0003618651162298138,-0.014256175018413893,0.013690881984727905,0.0863636026059872,False
taco,4,non_spike,F2k8-F2shuf,F2k8,F2shuf,15846,-0.01612847368018383,-0.02668868552455495,-0.004608669416794957,-2.9608738601483706,0.5362318158149719,0.5523602962493896,True,-0.0008829593318869517,-0.022425887207694138,0.02417007430812482,-0.2107292066469988,False
taco,4,non_spike,F2rel-F2shuf,F2rel,F2shuf,15846,-0.04967178266801558,-0.059214493520118726,-0.04038040147356263,-9.11877253886692,0.502688467502594,0.5523602962493896,True,-0.05612558062332998,-0.07224013367097874,-0.039378185188072116,-13.395066624507667,True
taco,4,non_spike,Ffut-F2k8,Ffut,F2k8,15846,-0.058880701459282224,-0.07493315285188062,-0.044544828603466834,-10.809350796299386,0.4773510992527008,0.5362318158149719,True,-0.09240158868179364,-0.12355456301558929,-0.06428195412068947,-22.05278632054789,True
taco,4,non_spike,Ffut-F2rel,Ffut,F2rel,15846,-0.025337392471450476,-0.039225700655528016,-0.01145318975878479,-4.651452117580836,0.4773510992527008,0.502688467502594,True,-0.037158967390350614,-0.06059979576994735,-0.013373117392890948,-8.868448902687227,True
taco,4,non_spike,Ffut-F0,Ffut,F0,15846,-0.06736890903283693,-0.0843741758163319,-0.05172991646953969,-12.367620501319923,0.4773510992527008,0.5447200536727905,True,-0.09292268289745079,-0.1256923929609143,-0.0614611374032929,-22.17715192458891,True
taco,4,non_spike,Ffut1-F2rel,Ffut1,F2rel,15846,0.06148525082735338,0.04737359708746567,0.07613950544540592,11.287495368086288,0.564173698425293,0.502688467502594,True,0.08136121617176556,0.05618805469852652,0.10699260112799215,19.417864352903493,True
taco,4,non_spike,Ffut-Ffut1,Ffut,Ffut1,15846,-0.08682264329880386,-0.09962236639696595,-0.07459822603832919,-15.938947485667125,0.4773510992527008,0.564173698425293,True,-0.11852018356211617,-0.14227367489663997,-0.0968671610106792,-28.28631325559072,True
taco,4,spike,F1-F0,F1,F0,5994,-0.0011007973416511082,-0.014080884827828549,0.013667061426537175,-0.09098294376290941,1.2087934017181396,1.2098941802978516,False,-0.001389236123701026,-0.04760754713284415,0.0540368798485913,-0.07376542726584602,False
taco,4,spike,F2k8-F1,F2k8,F1,5994,-0.04021844712841459,-0.052728748649214806,-0.02856605134964497,-3.3241293150541162,1.1685749292373657,1.2087934017181396,True,-0.13434990930635435,-0.1834064201377857,-0.09040558840429719,-7.133689006523182,True
taco,4,spike,F2k8-F0,F2k8,F0,5994,-0.0413192444700657,-0.05006945834594769,-0.03184434815679499,-3.415112258817026,1.1685749292373657,1.2098941802978516,True,-0.13573914543005539,-0.1678301288746575,-0.10120383907932465,-7.20745443378903,True
taco,4,spike,F2k4-F1,F2k4,F1,5994,-0.031072543470967717,-0.039245832988106986,-0.02359729139603206,-2.5682033996823,1.1777209043502808,1.2087934017181396,True,-0.10894740265966565,-0.14296857193797852,-0.08024890278616757,-5.784870958641967,True
taco,4,spike,F2k1-F1,F2k1,F1,5994,-0.006881381790559213,-0.010350744032132939,-0.0030341036565775937,-0.568758979307195,1.2019120454788208,1.2087934017181396,True,-0.02171909068793451,-0.03427187588163717,-0.009063105157596268,-1.1532366435685446,True
taco,4,spike,F2rel-F1,F2rel,F1,5994,-0.06911765441204017,-0.08650602551867342,-0.053651691327862995,-5.71270244435962,1.1396758556365967,1.2087934017181396,True,-0.22082765641117896,-0.28198048412884275,-0.16542737076113206,-11.72546995386917,True
taco,4,spike,F2rel-F0,F2rel,F0,5994,-0.07021845175369128,-0.082120361371493,-0.059100735616505265,-5.803685388122531,1.1396758556365967,1.2098941802978516,True,-0.22221689253487997,-0.26194162574517743,-0.18121457575200944,-11.799235381135016,True
taco,4,spike,F2rel-F2k8,F2rel,F2k8,5994,-0.028899207283625574,-0.038035633303761356,-0.020385769121869117,-2.3885731293055046,1.1396758556365967,1.1685749292373657,True,-0.08647774710482459,-0.11589683581672537,-0.056992005626014114,-4.5917809473459865,True
taco,4,spike,F2shuf-F0,F2shuf,F0,5994,0.0371691669683318,0.028579452806288354,0.04580431973574313,3.0721006492635166,1.247063398361206,1.2098941802978516,True,0.11406747688153061,0.08402255886285596,0.14334572995025738,6.056735803044756,True
taco,4,spike,F2k8-F2shuf,F2k8,F2shuf,5994,-0.07848841143839749,-0.09084011681819436,-0.06468256920917279,-6.487212908080542,1.1685749292373657,1.247063398361206,True,-0.249806622311586,-0.2931949181496232,-0.1977583805705816,-13.264190236833786,True
taco,4,spike,F2rel-F2shuf,F2rel,F2shuf,5994,-0.10738761872202307,-0.12182811335154156,-0.09186318917958966,-8.875786037386046,1.1396758556365967,1.247063398361206,True,-0.3362843694164106,-0.3881310957691515,-0.279130794372819,-17.855971184179776,True
taco,4,spike,Ffut-F2k8,Ffut,F2k8,5994,-0.24829687247370377,-0.26656605670661165,-0.22975618005603762,-20.522197438174146,0.9202781319618225,1.1685749292373657,True,-0.6564587462487735,-0.7222795264453598,-0.591210446383869,-34.85653667746374,True
taco,4,spike,Ffut-F2rel,Ffut,F2rel,5994,-0.2193976651900782,-0.2370800643010015,-0.20233405848194544,-18.13362430886864,0.9202781319618225,1.1396758556365967,True,-0.569980999143949,-0.6297595225354138,-0.511266191095762,-30.264755730117752,True
taco,4,spike,Ffut-F0,Ffut,F0,5994,-0.2896161169437695,-0.31118471025856886,-0.2682752846627339,-23.93730969699117,0.9202781319618225,1.2098941802978516,True,-0.7921978916788289,-0.8684642156753484,-0.7140140034689294,-42.06399111125277,True
taco,4,spike,Ffut1-F2rel,Ffut1,F2rel,5994,-0.000395548162925311,-0.01228305719388389,0.011597786955847317,-0.032692789945310344,1.1392802000045776,1.1396758556365967,False,-0.029790501477874872,-0.06581540899593837,0.0072449350187221645,-1.5818110632805409,False
taco,4,spike,Ffut-Ffut1,Ffut,Ffut1,5994,-0.2190021170271529,-0.23358724783177254,-0.20619121372423282,-18.100931518923332,0.9202781319618225,1.1392802000045776,True,-0.5401904976660741,-0.5946303377603401,-0.49095807371350464,-28.682944666837216,True
taco,4,persistent_spatial,F1-F0,F1,F0,488,-0.022712921448906916,-0.05908902585186414,0.013487131188094786,-1.657808952209946,1.3473438024520874,1.3700566291809082,False,-0.07803459840704549,-0.21118269346195287,0.051121507037290355,-3.3434753692530217,False
taco,4,persistent_spatial,F2k8-F1,F2k8,F1,488,-0.03448849736300648,-0.05813106471769019,-0.012052161311271915,-2.5173045134364638,1.3128553628921509,1.3473438024520874,True,-0.10361071127909617,-0.18595298387779782,-0.0288238694336099,-4.4393111289615765,True
taco,4,persistent_spatial,F2k8-F0,F2k8,F0,488,-0.057201418811913395,-0.08587720460754499,-0.024747333663981425,-4.175113465646409,1.3128553628921509,1.3700566291809082,True,-0.18164530968614168,-0.28856986448377275,-0.059087098127474376,-7.782786498214598,True
taco,4,persistent_spatial,F2k4-F1,F2k4,F1,488,-0.026823118084766825,-0.041964678131231815,-0.009961892122667163,-1.9578109045611563,1.3205206394195557,1.3473438024520874,True,-0.06150314140851136,-0.12548715955154183,0.00047523032075591243,-2.6351675106778956,False
taco,4,persistent_spatial,F2k1-F1,F2k1,F1,488,0.005271924384793297,-0.00927661066898781,0.020681392577674176,0.3847960932786501,1.3526158332824707,1.3473438024520874,False,0.03598074713095901,-0.019882823611975242,0.09411029640497388,1.541633381287719,False
taco,4,persistent_spatial,F2rel-F1,F2rel,F1,488,-0.05378419841777106,-0.08908920060679663,-0.025120520347066255,-3.925691629982191,1.2935595512390137,1.3473438024520874,True,-0.1619152075756097,-0.2873373206139385,-0.053615422222074764,-6.9374292876179355,True
taco,4,persistent_spatial,F2rel-F0,F2rel,F0,488,-0.07649711986667797,-0.1108668795785839,-0.0422725048089903,-5.583500582192136,1.2935595512390137,1.3700566291809082,True,-0.2399498059826552,-0.366535162157026,-0.11209885288397595,-10.280904656870959,True
taco,4,persistent_spatial,F2rel-F2k8,F2rel,F2k8,488,-0.019295701054764577,-0.04267215614560478,0.0019569818118497975,-1.408387116545727,1.2935595512390137,1.3128553628921509,False,-0.05830449629651352,-0.13428583712464262,0.014706615208747772,-2.49811815865636,False
taco,4,persistent_spatial,F2shuf-F0,F2shuf,F0,488,0.055688194533596275,0.029417618588278453,0.08066763840399041,4.064663704221453,1.4257450103759766,1.3700566291809082,True,0.17784296047919598,0.08476147074855862,0.27736585623871146,7.619870802122877,True
taco,4,persistent_spatial,F2k8-F2shuf,F2k8,F2shuf,488,-0.11288961334550968,-0.15778093034298105,-0.06728350202726295,-8.239777169867862,1.3128553628921509,1.4257450103759766,True,-0.35948827016533763,-0.5329839547724203,-0.1882242272462771,-15.402657300337475,True
taco,4,persistent_spatial,F2rel-F2shuf,F2rel,F2shuf,488,-0.13218531440027426,-0.1762989440229628,-0.08985325386399112,-9.648164286413591,1.2935595512390137,1.4257450103759766,True,-0.41779276646185115,-0.5849462969429641,-0.24519605374922135,-17.900775458993838,True
taco,4,persistent_spatial,Ffut-F2k8,Ffut,F2k8,488,-0.2833961052667411,-0.332588152685571,-0.2327968027430308,-20.684992082128034,1.0294592380523682,1.3128553628921509,True,-0.7865181409364536,-0.9589768968003133,-0.5993318000961444,-33.69920631838969,True
taco,4,persistent_spatial,Ffut-F2rel,Ffut,F2rel,488,-0.2641004042119765,-0.3072261880629337,-0.2188359457714734,-19.276604965582305,1.0294592380523682,1.2935595512390137,True,-0.7282136446399401,-0.8856447118664137,-0.5646322436618937,-31.201088159733334,True
taco,4,persistent_spatial,Ffut-F0,Ffut,F0,488,-0.34059752407865446,-0.39713585994613376,-0.28280824050020054,-24.86010554777444,1.0294592380523682,1.3700566291809082,True,-0.9681634506225952,-1.1702543090419442,-0.7601183118343339,-41.48199281660429,True
taco,4,persistent_spatial,Ffut1-F2rel,Ffut1,F2rel,488,-0.026825111420428167,-0.06300790227698445,0.010449488882075033,-1.9579563975005636,1.2667344808578491,1.2935595512390137,False,-0.07802019472096543,-0.19352238255241627,0.0434651090999187,-3.342858228002625,False
taco,4,persistent_spatial,Ffut-Ffut1,Ffut,Ffut1,488,-0.23727529279154833,-0.2788378719718343,-0.19435145132696718,-17.31864856808174,1.0294592380523682,1.2667344808578491,True,-0.6501934499189747,-0.8102314828835648,-0.4854910272700027,-27.85822993173071,True
taco,4,persistent_mixed,F1-F0,F1,F0,1790,-0.012590450339810143,-0.033838115894829136,0.009813780407447981,-0.9527549338400985,1.3088878393173218,1.3214783668518066,False,-0.010985047103805915,-0.08388585799498284,0.07267774394583085,-0.5221975953632508,False
taco,4,persistent_mixed,F2k8-F1,F2k8,F1,1790,-0.04879729531330769,-0.06818827508782223,-0.03210053520619596,-3.692629144551098,1.2600904703140259,1.3088878393173218,True,-0.17577417332304424,-0.2513438026590373,-0.11409710096118734,-8.355799458015571,True
taco,4,persistent_mixed,F2k8-F0,F2k8,F0,1790,-0.06138774565311784,-0.07877328241443801,-0.04443152850125439,-4.645384078391197,1.2600904703140259,1.3214783668518066,True,-0.18675922042685014,-0.24686504218699637,-0.12746701646067482,-8.87799705337882,True
taco,4,persistent_mixed,F2k4-F1,F2k4,F1,1790,-0.041719468553971975,-0.055577224794630405,-0.029630418711171915,-3.1570300052176705,1.267168402671814,1.3088878393173218,True,-0.15141173537050545,-0.2074169531536641,-0.10571421145784829,-7.1976791153550055,True
taco,4,persistent_mixed,F2k1-F1,F2k1,F1,1790,-0.007843331318327835,-0.014988682498473963,-0.00105202823268626,-0.5935270311698869,1.3010444641113281,1.3088878393173218,True,-0.029826876260964565,-0.05680573526239003,-0.006828710081151534,-1.4178840485150566,True
taco,4,persistent_mixed,F2rel-F1,F2rel,F1,1790,-0.08006947975418421,-0.10942088677125168,-0.05492776479137697,-6.059083656808994,1.2288182973861694,1.3088878393173218,True,-0.275725993253915,-0.38893133695841403,-0.17728960792825776,-13.107221962339459,True
taco,4,persistent_mixed,F2rel-F0,F2rel,F0,1790,-0.09265993009399436,-0.11408902569467542,-0.06982341691974396,-7.011838590649092,1.2288182973861694,1.3214783668518066,True,-0.28671104035772094,-0.36775839828653006,-0.2101752883641342,-13.62941955770271,True
taco,4,persistent_mixed,F2rel-F2k8,F2rel,F2k8,1790,-0.03127218444087652,-0.047639150343354836,-0.01480334665987577,-2.366454512257895,1.2288182973861694,1.2600904703140259,True,-0.09995181993087077,-0.15987168587787867,-0.039975857936810334,-4.751422504323887,True
taco,4,persistent_mixed,F2shuf-F0,F2shuf,F0,1790,0.05168308586548161,0.03659048781766788,0.06598632562425309,3.911005065380496,1.3731613159179688,1.3214783668518066,True,0.12481853734889177,0.07921602806812847,0.17408558321466036,5.933514844717138,True
taco,4,persistent_mixed,F2k8-F2shuf,F2k8,F2shuf,1790,-0.11307083151859944,-0.13464246011627354,-0.08899754875249932,-8.556389143771693,1.2600904703140259,1.3731613159179688,True,-0.3115777577757419,-0.383906334043501,-0.2346872627823125,-14.811511898095961,True
taco,4,persistent_mixed,F2rel-F2shuf,F2rel,F2shuf,1790,-0.14434301595947596,-0.16968444310480812,-0.11813694659122549,-10.922843656029588,1.2288182973861694,1.3731613159179688,True,-0.4115295777066127,-0.5019620304787751,-0.31745358591392464,-19.562934402419845,True
taco,4,persistent_mixed,Ffut-F2k8,Ffut,F2k8,1790,-0.3228089700614274,-0.35359855389881245,-0.2934592523797938,-24.427866407716067,0.9372814893722534,1.2600904703140259,True,-0.8159591076958029,-0.9218304049173504,-0.7169602850012968,-38.78835292439183,True
taco,4,persistent_mixed,Ffut-F2rel,Ffut,F2rel,1790,-0.29153678562055085,-0.3208574968740627,-0.26268076111521493,-22.06141189545817,0.9372814893722534,1.2288182973861694,True,-0.7160072877649322,-0.8118539972609662,-0.618107546276801,-34.03693042006794,True
taco,4,persistent_mixed,Ffut-F0,Ffut,F0,1790,-0.3841967157145452,-0.41943141002420464,-0.34790321599500024,-29.073250486107266,0.9372814893722534,1.3214783668518066,True,-1.002718328122653,-1.134022657658639,-0.8814622987451237,-47.66634997777065,True
taco,4,persistent_mixed,Ffut1-F2rel,Ffut1,F2rel,1790,-0.026716953749097258,-0.046962225423498885,-0.00525354604130765,-2.0217473414071674,1.2021013498306274,1.2288182973861694,True,-0.07800009374054118,-0.1455313637671677,-0.01037891730435338,-3.7079004763945713,True
taco,4,persistent_mixed,Ffut-Ffut1,Ffut,Ffut1,1790,-0.26481983187145364,-0.28946887801177784,-0.24053214061034933,-20.039664554051008,0.9372814893722534,1.2021013498306274,True,-0.638007194024391,-0.7364385420580413,-0.551564625147696,-30.32902994367337,True
taco,4,onset,F1-F0,F1,F0,344,-0.04247645539946334,-0.11181725238120746,0.0328534673384905,-2.606751010260336,1.5870023965835571,1.6294788122177124,False,-0.0432068406885793,-0.378354497049881,0.331920373607937,-1.345723518843539,False
taco,4,onset,F2k8-F1,F2k8,F1,344,-0.062290411009344945,-0.12187212465104744,-0.00657446376042244,-3.8227199115628885,1.5247119665145874,1.5870023965835571,True,-0.32291639117567345,-0.6319171621423442,-0.054761400557596845,-10.05757827463762,True
taco,4,onset,F2k8-F0,F2k8,F0,344,-0.10476686640880829,-0.16295737978280458,-0.04024021238155416,-6.429470921823226,1.5247119665145874,1.6294788122177124,True,-0.3661232318642528,-0.6035625996554117,-0.08964285953670029,-11.403301793481162,True
taco,4,onset,F2k4-F1,F2k4,F1,344,-0.05802541087533152,-0.09532939423158111,-0.020975468220743674,-3.5609797709710156,1.5289769172668457,1.5870023965835571,True,-0.2816146548490885,-0.5166481751063178,-0.07800854529764074,-8.771191279940012,True
taco,4,onset,F2k1-F1,F2k1,F1,344,-0.004392237857330677,-0.017152108154809255,0.008338574306318682,-0.2695486326301392,1.5826102495193481,1.5870023965835571,False,-0.02130222160282523,-0.08101071202353674,0.03477032865109951,-0.6634806007030325,False
taco,4,onset,F2rel-F1,F2rel,F1,344,-0.13031704767152322,-0.21917011032410083,-0.047585615884455416,-7.997468067360899,1.4566853046417236,1.5870023965835571,True,-0.5878547865810783,-1.0098602409276722,-0.22138703178115784,-18.30936952018369,True
taco,4,onset,F2rel-F0,F2rel,F0,344,-0.17279350307098654,-0.2454804483554486,-0.09975450685767813,-10.604219077621233,1.4566853046417236,1.6294788122177124,True,-0.6310616272696575,-0.9166328441809712,-0.3433805788358799,-19.65509303902723,True
taco,4,onset,F2rel-F2k8,F2rel,F2k8,344,-0.06802663666217826,-0.1210869696818426,-0.018100495961851655,-4.174748155798009,1.4566853046417236,1.5247119665145874,True,-0.2649383954054048,-0.45499009685156205,-0.07748736288425122,-8.251791245546066,True
taco,4,onset,F2shuf-F0,F2shuf,F0,344,0.0660244911735834,0.0364167606674656,0.09933397049789341,4.0518778568052936,1.6955032348632812,1.6294788122177124,True,0.2284126399128243,0.10316472539235207,0.3601416773729008,7.114157310119569,True
taco,4,onset,F2k8-F2shuf,F2k8,F2shuf,344,-0.1707913575823917,-0.23927260478018295,-0.0983958151563718,-10.481348778628519,1.5247119665145874,1.6955032348632812,True,-0.594535871777077,-0.8557944184075442,-0.2766776350064419,-18.51745910360073,True
taco,4,onset,F2rel-F2shuf,F2rel,F2shuf,344,-0.23881799424456995,-0.30761537147521734,-0.1624326186389855,-14.656096934426529,1.4566853046417236,1.6955032348632812,True,-0.8594742671824819,-1.142114315084851,-0.5615839270225501,-26.769250349146795,True
taco,4,onset,Ffut-F2k8,Ffut,F2k8,344,-0.3204232731530833,-0.39639807956577355,-0.24232926413470457,-19.664157075905077,1.2042887210845947,1.5247119665145874,True,-1.0153753962151186,-1.4204807016833572,-0.6652200434884098,-31.6249586724109,True
taco,4,onset,Ffut-F2rel,Ffut,F2rel,344,-0.252396636490905,-0.3122952934532657,-0.19500530295434854,-15.489408920107065,1.2042887210845947,1.4566853046417236,True,-0.7504370008097139,-1.0651763506656189,-0.49767498799048976,-23.373167426864836,True
taco,4,onset,Ffut-F0,Ffut,F0,344,-0.42519013956189156,-0.5064269530136347,-0.3394027112787016,-26.0936279977283,1.2042887210845947,1.6294788122177124,True,-1.3814986280793713,-1.7474506609630274,-1.0083463054964468,-43.02826046589205,True
taco,4,onset,Ffut1-F2rel,Ffut1,F2rel,344,-0.036606749043215155,-0.08519349044441864,0.012207531747445472,-2.246531146569102,1.4200785160064697,1.4566853046417236,False,-0.13011431366984927,-0.32873139609127916,0.037203250865565675,-4.052550227075142,False
taco,4,onset,Ffut-Ffut1,Ffut,Ffut1,344,-0.21578988744768984,-0.26749534487294463,-0.16687712189752651,-13.242877773537964,1.2042887210845947,1.4200785160064697,True,-0.6203226871398646,-0.8153915928076404,-0.4442081432584274,-19.32061719978969,True
taco,4,release,F1-F0,F1,F0,202,-0.0990159027647264,-0.20014459020130174,0.017256915757679254,-5.067451646974179,1.8549426794052124,1.953958511352539,False,-0.3613688963474614,-0.8620197777081261,0.15928309660422896,-8.331147559453113,False
taco,4,release,F2k8-F1,F2k8,F1,202,-0.11447974906699492,-0.23350600548969386,-0.02109104518658178,-5.858862836742194,1.7404627799987793,1.8549426794052124,True,-0.4311300684319864,-0.9555628336920383,-0.05556042251441482,-9.939450389140358,True
taco,4,release,F2k8-F0,F2k8,F0,202,-0.2134956518317213,-0.2903382964293499,-0.13910365692800572,-10.926314483716373,1.7404627799987793,1.953958511352539,True,-0.7924989647794478,-1.1418802409240842,-0.4666481154741194,-18.270597948593473,True
taco,4,release,F2k4-F1,F2k4,F1,202,-0.1471060322652949,-0.22430169577359174,-0.07951538419907629,-7.5286159563064325,1.7078365087509155,1.8549426794052124,True,-0.5533493381030489,-0.9008662090222603,-0.28419654423580004,-12.757143833512433,True
taco,4,release,F2k1-F1,F2k1,F1,202,-0.0435205081311783,-0.06607454202850219,-0.022090453718283363,-2.227299498854415,1.8114221096038818,1.8549426794052124,True,-0.16991216283623534,-0.25630210170752454,-0.08896789688135327,-3.9172250712286463,True
taco,4,release,F2rel-F1,F2rel,F1,202,-0.29976918850794876,-0.4182446371746004,-0.19661720172227287,-15.341635288890915,1.555173397064209,1.8549426794052124,True,-1.1099420616237243,-1.6167854962599064,-0.6879765690882507,-25.589062011965844,True
taco,4,release,F2rel-F0,F2rel,F0,202,-0.39878509127267514,-0.4891295412168816,-0.3029743901183211,-20.409086935865094,1.555173397064209,1.953958511352539,True,-1.4713109579711858,-1.8406785967476957,-1.113195462576375,-33.92020957141896,True
taco,4,release,F2rel-F2k8,F2rel,F2k8,202,-0.18528943944095386,-0.2569379831573381,-0.11600360576199457,-9.482772452148723,1.555173397064209,1.7404627799987793,True,-0.6788119931917379,-0.9724880468935678,-0.39326330489858125,-15.649611622825484,True
taco,4,release,F2shuf-F0,F2shuf,F0,202,0.14313798287127277,0.047427309613783726,0.24696221272198896,7.325538492226839,2.0970964431762695,1.953958511352539,True,0.692557366620196,0.25200439904203803,1.1787824353091818,15.966503130228942,True
taco,4,release,F2k8-F2shuf,F2k8,F2shuf,202,-0.3566336347029941,-0.49706051338489254,-0.2217463314525708,-18.251852975943212,1.7404627799987793,2.0970964431762695,True,-1.4850563313996439,-2.134400516575387,-0.8807183027863418,-34.23710107882241,True
taco,4,release,F2rel-F2shuf,F2rel,F2shuf,202,-0.5419230741439479,-0.7167167566316657,-0.37656645638773373,-27.734625428091935,1.555173397064209,2.0970964431762695,True,-2.1638683245913817,-2.9256709768156126,-1.4384429527448406,-49.886712701647895,True
taco,4,release,Ffut-F2k8,Ffut,F2k8,202,-0.6611052552367201,-0.7790886165742729,-0.5393792345568945,-33.83415008024403,1.079357624053955,1.7404627799987793,True,-2.122409122267572,-2.593660745342163,-1.62615005934559,-48.93089515412778,True
taco,4,release,Ffut-F2rel,Ffut,F2rel,202,-0.47581581579576626,-0.5767966971187192,-0.36365742465799383,-24.351377628095307,1.079357624053955,1.555173397064209,True,-1.443597129075834,-1.8957290789605794,-0.9911449551184434,-33.2812835313023,True
taco,4,release,Ffut-F0,Ffut,F0,202,-0.8746009070684414,-0.9906631268010582,-0.7334684721747934,-44.760464563960404,1.079357624053955,1.953958511352539,True,-2.91490808704702,-3.512562281458374,-2.3153989154810333,-67.20149310272126,True
taco,4,release,Ffut1-F2rel,Ffut1,F2rel,202,-0.10274433720820021,-0.16822293731736787,-0.02716845624773178,-5.258266058938995,1.452429175376892,1.555173397064209,True,-0.3670368933736688,-0.6378070205210862,-0.07438127346400306,-8.461819900291411,True
taco,4,release,Ffut-Ffut1,Ffut,Ffut1,202,-0.37307147858756606,-0.46097074930659926,-0.2807885109641753,-19.09311156915631,1.079357624053955,1.452429175376892,True,-1.0765602357021653,-1.3899173470883903,-0.7377809796532433,-24.81946363101089,True
taco,4,transient,F1-F0,F1,F0,2994,0.022139992905841642,0.006887574655958934,0.03809739913690691,2.173362838415448,1.0408376455307007,1.0186975002288818,True,0.0454154845134902,-0.004604963094554236,0.09844058088723275,3.3208766549675683,False
taco,4,transient,F2k8-F1,F2k8,F1,2994,-0.026191238485620112,-0.03955268788955862,-0.013307708261374132,-2.5710516104864736,1.0146464109420776,1.0408376455307007,True,-0.06422738588285062,-0.10748491476267945,-0.02209512868470076,-4.696442825014808,True
taco,4,transient,F2k8-F0,F2k8,F0,2994,-0.004051245579778471,-0.011736062581639934,0.003930780396188485,-0.3976887720710254,1.0146464109420776,1.0186975002288818,False,-0.018811901369360423,-0.04768097272327621,0.009826143897467087,-1.37556617004724,False
taco,4,transient,F2k4-F1,F2k4,F1,2994,-0.013925725498355543,-0.022664683919020184,-0.006383080845050955,-1.367012827186353,1.0269118547439575,1.0408376455307007,True,-0.038564484850761686,-0.06680396862165103,-0.013557001949100285,-2.8199170134076996,True
taco,4,transient,F2k1-F1,F2k1,F1,2994,-0.006638135673924932,-0.011806144775548656,-0.001274038599676693,-0.6516297205434852,1.0341994762420654,1.0408376455307007,True,-0.01796581764576699,-0.034899669692687416,0.0004368384174204962,-1.3136987317510602,False
taco,4,transient,F2rel-F1,F2rel,F1,2994,-0.04018986071836335,-0.056317325341599354,-0.023711004919321037,-3.945220314110269,1.0006476640701294,1.0408376455307007,True,-0.08516701166477594,-0.13896489274598892,-0.03438280748049942,-6.227592721748757,True
taco,4,transient,F2rel-F0,F2rel,F0,2994,-0.01804986781252171,-0.02872173059086151,-0.00795474775743338,-1.771857475694821,1.0006476640701294,1.0186975002288818,True,-0.03975152715128574,-0.07421434217651314,-0.003998960861326949,-2.9067160667811893,True
taco,4,transient,F2rel-F2k8,F2rel,F2k8,2994,-0.01399862223274324,-0.023840468629527392,-0.003937937743909385,-1.374168703623796,1.0006476640701294,1.0146464109420776,True,-0.020939625781925323,-0.05085275066236341,0.008998238269303436,-1.5311498967339499,False
taco,4,transient,F2shuf-F0,F2shuf,F0,2994,0.012826176573016601,0.005922729829085236,0.01996155531430656,1.2590760819708309,1.0315237045288086,1.0186975002288818,True,0.03831338338303811,0.01858897069591332,0.058117548534328795,2.8015559409425665,True
taco,4,transient,F2k8-F2shuf,F2k8,F2shuf,2994,-0.01687742215279507,-0.028779990736286197,-0.004961744098350317,-1.6567648540418562,1.0146464109420776,1.0315237045288086,True,-0.05712528475239853,-0.0933580523080357,-0.020058658942723444,-4.177122110989807,True
taco,4,transient,F2rel-F2shuf,F2rel,F2shuf,2994,-0.03087604438553831,-0.04474599566503554,-0.01823107318926443,-3.030933557665652,1.0006476640701294,1.0315237045288086,True,-0.07806491053432385,-0.11887937631664709,-0.03664076862498755,-5.708272007723756,True
taco,4,transient,Ffut-F2k8,Ffut,F2k8,2994,-0.15891495086476654,-0.18167811587423874,-0.1350416216139853,-15.599817495287992,0.8557314872741699,1.0146464109420776,True,-0.40021519784292403,-0.4811664929474779,-0.3296540111339352,-29.264585013620362,True
taco,4,transient,Ffut-F2rel,Ffut,F2rel,2994,-0.1449163286320233,-0.1695111645195876,-0.12098672885060575,-14.225648791664197,0.8557314872741699,1.0006476640701294,True,-0.3792755720609987,-0.4680337908511589,-0.3051732772239793,-27.733435116886415,True
taco,4,transient,Ffut-F0,Ffut,F0,2994,-0.16296619644454502,-0.18830445588228792,-0.13728157996259752,-15.997506267359018,0.8557314872741699,1.0186975002288818,True,-0.4190270992122844,-0.5114054456163247,-0.3419508620411751,-30.6401511836676,True
taco,4,transient,Ffut1-F2rel,Ffut1,F2rel,2994,0.033872635244984746,0.016579026989810626,0.05041711054833766,3.3250926047599227,1.0345203876495361,1.0006476640701294,True,0.04616622628150141,-0.008060134631840922,0.09517111899497897,3.3757724870390495,False
taco,4,transient,Ffut-Ffut1,Ffut,Ffut1,2994,-0.17878896387700804,-0.19806315360949964,-0.16082135502297604,-17.55074139642412,0.8557314872741699,1.0345203876495361,True,-0.4254417983425001,-0.49310562318656215,-0.3662595624186147,-31.109207603925462,True
taco,4,amount,F1-F0,F1,F0,176,-0.026428370651873676,-0.07442347399219638,0.024163034534807584,-2.1852793089549536,1.1829533576965332,1.2093818187713623,False,0.007401969537816264,-0.1630237015049449,0.2376783357168524,0.42163267580962643,False
taco,4,amount,F2k8-F1,F2k8,F1,176,-0.07910481840372086,-0.1324900401816374,-0.034142594702354506,-6.540930016963972,1.1038485765457153,1.1829533576965332,True,-0.28197303016416053,-0.5391621237829334,-0.10208554694872755,-16.061812009204548,True
taco,4,amount,F2k8-F0,F2k8,F0,176,-0.10553318905559453,-0.14053312448504898,-0.07628566129210407,-8.726209325918925,1.1038485765457153,1.2093818187713623,True,-0.27457106062634423,-0.36357729751988965,-0.18747291882896944,-15.64017933339492,True
taco,4,amount,F2k4-F1,F2k4,F1,176,-0.04040632515468381,-0.07795059095809208,-0.007714654402009083,-3.3410726478204777,1.1425471305847168,1.1829533576965332,True,-0.15838702848519792,-0.2998360852266888,-0.04906687659425359,-9.022078014853781,True
taco,4,amount,F2k1-F1,F2k1,F1,176,0.0022529101168567486,-0.01785253777967376,0.02153976958874641,0.18628609111599922,1.1852062940597534,1.1829533576965332,False,0.006177008406005122,-0.04698092168647097,0.05621033069378031,0.35185616063624814,False
taco,4,amount,F2rel-F1,F2rel,F1,176,-0.10800726982680234,-0.1844224679366626,-0.0373533411968247,-8.930783326685802,1.0749461650848389,1.1829533576965332,True,-0.39577526903965254,-0.728576992187914,-0.12687810721225562,-22.54424107690859,True
taco,4,amount,F2rel-F0,F2rel,F0,176,-0.134435640478676,-0.18921688642938017,-0.08090335343504089,-11.116062635640757,1.0749461650848389,1.2093818187713623,True,-0.3883732995018363,-0.5695374547186912,-0.224569232320344,-22.12260840109896,True
taco,4,amount,F2rel-F2k8,F2rel,F2k8,176,-0.028902451423081486,-0.07261978304498005,0.011172726058561235,-2.3898533097218317,1.0749461650848389,1.1038485765457153,False,-0.11380223887549205,-0.24796807344448535,0.010696968091127664,-6.482429067704042,False
taco,4,amount,F2shuf-F0,F2shuf,F0,176,0.07429292052984238,0.017115585959934065,0.15213101919816466,6.1430492319884715,1.283674716949463,1.2093818187713623,True,0.2291312717239965,0.01282274840384893,0.5503366323508843,13.051827721673249,True
taco,4,amount,F2k8-F2shuf,F2k8,F2shuf,176,-0.1798261095854369,-0.2650673900841671,-0.11734986746048494,-14.869258557907397,1.1038485765457153,1.283674716949463,True,-0.5037023323503408,-0.8555326462105921,-0.2764803153394825,-28.69200705506817,True
taco,4,amount,F2rel-F2shuf,F2rel,F2shuf,176,-0.2087285610085184,-0.31080255271049967,-0.13284283900279617,-17.259111867629226,1.0749461650848389,1.283674716949463,True,-0.6175045712258328,-1.017756095001322,-0.3518587307336354,-35.17443612277221,True
taco,4,amount,Ffut-F2k8,Ffut,F2k8,176,-0.298896973952651,-0.3619244506628474,-0.2301292745345629,-24.714855913437418,0.8049516081809998,1.1038485765457153,True,-0.6486703870733354,-0.8682037121651602,-0.4403320733540703,-36.94971042813625,True
taco,4,amount,Ffut-F2rel,Ffut,F2rel,176,-0.2699945225295695,-0.3085433921260031,-0.2281397663209648,-22.325002603715586,0.8049516081809998,1.0749461650848389,True,-0.5348681481978432,-0.6541173261914994,-0.42112479924764457,-30.467281360432207,True
taco,4,amount,Ffut-F0,Ffut,F0,176,-0.4044301630082456,-0.47982947882674226,-0.3258099249217692,-33.44106523935635,0.8049516081809998,1.2093818187713623,True,-0.9232414476996795,-1.2006598280891967,-0.6780196163544189,-52.58988976153117,True
taco,4,amount,Ffut1-F2rel,Ffut1,F2rel,176,-0.054116512733426964,-0.09247206559411002,-0.01232562387169284,-4.474725177231878,1.020829677581787,1.0749461650848389,True,-0.1147224327380007,-0.22287330567311522,-0.004211493029121968,-6.534845360223341,True
taco,4,amount,Ffut-Ffut1,Ffut,Ffut1,176,-0.21587800979614258,-0.2684849155813896,-0.16290127955061304,-17.850277426483707,0.8049516081809998,1.020829677581787,True,-0.4201457154598426,-0.5996853584906743,-0.264155377241948,-23.93243600020887,True
taco,8,all,F1-F0,F1,F0,20384,0.003971202486688841,-0.00927383419331805,0.01830062821412367,0.38615704669662276,1.032361626625061,1.0283905267715454,False,0.041761451617964365,-0.014004915576143535,0.10366457670195765,2.6116792813482848,False
taco,8,all,F2k8-F1,F2k8,F1,20384,-0.03384740217230641,-0.04410008271219284,-0.024562406569187324,-3.2912985185272454,0.9985143542289734,1.032361626625061,True,-0.1121995359942649,-0.15796875087630838,-0.07247978818732881,-7.016738934598275,True
taco,8,all,F2k8-F0,F2k8,F0,20384,-0.02987619968561757,-0.039259687416104166,-0.020041858886119826,-2.905141471830623,0.9985143542289734,1.0283905267715454,True,-0.07043808437630052,-0.10586984170340749,-0.02831220352893281,-4.405059653249991,True
taco,8,all,F2k4-F1,F2k4,F1,20384,-0.011735993079633527,-0.018171957984203506,-0.005333100521248473,-1.141200037740201,1.0206257104873657,1.032361626625061,True,-0.0472386096741989,-0.07528935174915272,-0.020994430325802487,-2.954210004346051,True
taco,8,all,F2k1-F1,F2k1,F1,20384,0.001993573246979896,-0.002304952235085312,0.006666930616770875,0.1938537155956089,1.0343552827835083,1.032361626625061,False,0.0027457558442925754,-0.012153874066141919,0.01827505713748147,0.17171418550726694,False
taco,8,all,F2rel-F1,F2rel,F1,20384,-0.06901567618309971,-0.0895665196874753,-0.0500203662202447,-6.711037722193194,0.9633460640907288,1.032361626625061,True,-0.22164488776400174,-0.3113493671046026,-0.14677492555134114,-13.861236589319153,True
taco,8,all,F2rel-F0,F2rel,F0,20384,-0.06504447369641088,-0.07809994835282605,-0.0515719102800188,-6.324880675496573,0.9633460640907288,1.0283905267715454,True,-0.17988343614603736,-0.22215459996135561,-0.13246476227012913,-11.249557307970868,True
taco,8,all,F2rel-F2k8,F2rel,F2k8,20384,-0.03516827401079331,-0.049776320972952995,-0.02183840849552242,-3.4197392036659493,0.9633460640907288,0.9985143542289734,True,-0.10944535176973684,-0.1640551141215143,-0.06161084242062832,-6.844497654720878,True
taco,8,all,F2shuf-F0,F2shuf,F0,20384,0.031616889171337405,0.02288102715516685,0.040580703278508434,3.074404941340054,1.0600074529647827,1.0283905267715454,True,0.08874894486309796,0.05637823057082524,0.12090315700108098,5.550184956711818,True
taco,8,all,F2k8-F2shuf,F2k8,F2shuf,20384,-0.061493088856954974,-0.07482140320365364,-0.04797965537352527,-5.979546413170676,0.9985143542289734,1.0600074529647827,True,-0.15918702923939848,-0.21336050088653002,-0.10023999212668487,-9.95524460996181,True
taco,8,all,F2rel-F2shuf,F2rel,F2shuf,20384,-0.09666136286774829,-0.11036166387043768,-0.0838268210073931,-9.399285616836627,0.9633460640907288,1.0600074529647827,True,-0.26863238100913533,-0.315793686968308,-0.2237743974771514,-16.79974226468269,True
taco,8,all,Ffut-F2k8,Ffut,F2k8,20384,-0.16438642549747015,-0.18411783621909322,-0.14543984293805104,-15.98482494909137,0.8341279029846191,0.9985143542289734,True,-0.499918345583345,-0.5816161191476884,-0.42779112746025244,-31.2639128895677,True
taco,8,all,Ffut-F2rel,Ffut,F2rel,20384,-0.12921815148667684,-0.14536510278230494,-0.1121355597269978,-12.56508574542542,0.8341279029846191,0.9633460640907288,True,-0.39047299381360817,-0.44436852214716677,-0.3333664418775873,-24.419415234846817,True
taco,8,all,Ffut-F0,Ffut,F0,20384,-0.19426262518308773,-0.21550364847544956,-0.1737798065749562,-18.889966420921994,0.8341279029846191,1.0283905267715454,True,-0.5703564299596455,-0.6452661394103149,-0.4932561527593979,-35.668972542817684,True
taco,8,all,Ffut1-F2rel,Ffut1,F2rel,20384,0.05664927701614183,0.03956078125585545,0.0746359420722046,5.508537422450055,1.0199953317642212,0.9633460640907288,True,0.10622915481843487,0.05398937213890759,0.16408088530450837,6.6433630050135,True
taco,8,all,Ffut-Ffut1,Ffut,Ffut1,20384,-0.18586742850281868,-0.20585532675401516,-0.167790658268952,-18.07362316787548,0.8341279029846191,1.0199953317642212,True,-0.49670214863204304,-0.5706319151275208,-0.4339328152894159,-31.062778239860318,True
taco,8,non_spike,F1-F0,F1,F0,12137,0.014725073215298375,-0.004804202241002012,0.034609753373454295,1.9556822630676371,0.7676629424095154,0.752937912940979,False,0.10687834557046924,0.03270978603605292,0.18647367471079443,13.145471759402984,True
taco,8,non_spike,F2k8-F1,F2k8,F1,12137,-0.03511234561865831,-0.0486490716311414,-0.02296868475911279,-4.6633786153109655,0.7325506806373596,0.7676629424095154,True,-0.11101894458539308,-0.16599655692908424,-0.06464449149131121,-13.654743559290688,True
taco,8,non_spike,F2k8-F0,F2k8,F0,12137,-0.020387272403359934,-0.03450802885147639,-0.006536759284404241,-2.707696352243328,0.7325506806373596,0.752937912940979,True,-0.004140599014923834,-0.05005003724790468,0.0433215040357693,-0.5092717998877057,False
taco,8,non_spike,F2k4-F1,F2k4,F1,12137,-0.0038072613523035316,-0.011690556706321142,0.005154410392604616,-0.5056540900473919,0.7638557553291321,0.7676629424095154,False,-0.0184742614378918,-0.050243169206669824,0.01080230295045386,-2.272236538761834,False
taco,8,non_spike,F2k1-F1,F2k1,F1,12137,0.00498141053886933,-0.0005303304523497428,0.0113519890034369,0.6615964548008901,0.7726444005966187,0.7676629424095154,False,0.009445163557794959,-0.007509399789885875,0.027863668262837316,1.1617052093126885,False
taco,8,non_spike,F2rel-F1,F2rel,F1,12137,-0.08265456991650633,-0.11144713655555893,-0.05537249923572919,-10.977607648107025,0.6850084066390991,0.7676629424095154,True,-0.23146825911666127,-0.3577504769582823,-0.1261559507801036,-28.46937279179745,True
taco,8,non_spike,F2rel-F0,F2rel,F0,12137,-0.06792949670120794,-0.08826858333674574,-0.05044147612865829,-9.021925385039387,0.6850084066390991,0.752937912940979,True,-0.12458991354619205,-0.18477554092546178,-0.07223408469851478,-15.32390103239447,True
taco,8,non_spike,F2rel-F2k8,F2rel,F2k8,12137,-0.04754222429784802,-0.06938987916223684,-0.028077714574014385,-6.31422903279606,0.6850084066390991,0.7325506806373596,True,-0.12044931453126821,-0.20715403411573777,-0.05008514221069889,-14.814629232506766,True
taco,8,non_spike,F2shuf-F0,F2shuf,F0,12137,0.017082913073458564,0.005256454356035421,0.028084619342932,2.268834226547661,0.7700207829475403,0.752937912940979,True,0.014437758871590888,-0.0258834591497925,0.04803817995261658,1.7757680520085417,False
taco,8,non_spike,F2k8-F2shuf,F2k8,F2shuf,12137,-0.0374701854768185,-0.05524904675072149,-0.01827577570569843,-4.97653057879099,0.7325506806373596,0.7700207829475403,True,-0.01857835788651472,-0.07574844683533094,0.048484130336415916,-2.285039851896247,False
taco,8,non_spike,F2rel-F2shuf,F2rel,F2shuf,12137,-0.08501240977466651,-0.10293226040505103,-0.067037678237983,-11.290759611587049,0.6850084066390991,0.7700207829475403,True,-0.13902767241778294,-0.18978091134471264,-0.09058853306593408,-17.099669084403015,True
taco,8,non_spike,Ffut-F2k8,Ffut,F2k8,12137,-0.10761257183705134,-0.1340175922041389,-0.08378258044836445,-14.292356645545464,0.6249380707740784,0.7325506806373596,True,-0.2509829840935189,-0.34292454778494874,-0.1708299279319408,-30.869580848037028,True
taco,8,non_spike,Ffut-F2rel,Ffut,F2rel,12137,-0.060070347539203324,-0.0821494499886285,-0.038460327500416655,-7.978127612749406,0.6249380707740784,0.6850084066390991,True,-0.13053366956225065,-0.1864798585170105,-0.07033446608011112,-16.05495161553026,True
taco,8,non_spike,Ffut-F0,Ffut,F0,12137,-0.12799984424041128,-0.15656796386091823,-0.10262428032920527,-17.000052997788792,0.6249380707740784,0.752937912940979,True,-0.2551235831084427,-0.3395527547427068,-0.1794237194114278,-31.378852647924734,True
taco,8,non_spike,Ffut1-F2rel,Ffut1,F2rel,12137,0.08802917158517971,0.06239251609222132,0.11545728449240347,11.691425026180095,0.7730376124382019,0.6850084066390991,True,0.1783930432556849,0.10551594710341725,0.2626335966850138,21.941401690629338,True
taco,8,non_spike,Ffut-Ffut1,Ffut,Ffut1,12137,-0.14809951912438304,-0.1725457644616766,-0.12643882147095387,-19.669552638929503,0.6249380707740784,0.7730376124382019,True,-0.30892671281793554,-0.39352183867158136,-0.23884671467574004,-37.9963533061596,True
taco,8,spike,F1-F0,F1,F0,8247,-0.01185512575790118,-0.026872880409414622,0.004846491724601321,-0.8268496551251482,1.4219151735305786,1.4337704181671143,False,-0.05407021346043403,-0.12765828584649472,0.025476497817486374,-1.9620880953812592,False
taco,8,spike,F2k8-F1,F2k8,F1,8247,-0.03198580175902,-0.04317936598575233,-0.020307977440255306,-2.2308872713324366,1.3899294137954712,1.4219151735305786,True,-0.11393699663807201,-0.16607180216205492,-0.060005937113933705,-4.134520846503444,True
taco,8,spike,F2k8-F0,F2k8,F0,8247,-0.04384092751692118,-0.05479227360022422,-0.03259585101382056,-3.057736926457585,1.3899294137954712,1.4337704181671143,True,-0.16800721009850603,-0.22544201079195703,-0.10974162601063707,-6.0966089418847025,True
taco,8,spike,F2k4-F1,F2k4,F1,8247,-0.02340460190400653,-0.031186928832045067,-0.016289622428233827,-1.632381419469249,1.3985106945037842,1.4219151735305786,True,-0.08957071765820027,-0.12517348236891138,-0.05627832996206869,-3.25032263725966,True
taco,8,spike,F2k1-F1,F2k1,F1,8247,-0.0024035870794008557,-0.007644895045652528,0.002440791971874773,-0.1676410008844738,1.4195116758346558,1.4219151735305786,False,-0.007113673210973391,-0.029381453092337275,0.015390622246973205,-0.2581394196251325,False
taco,8,spike,F2rel-F1,F2rel,F1,8247,-0.04894349802833363,-0.06736335116013241,-0.031941482203239384,-3.41362169341598,1.372971773147583,1.4219151735305786,True,-0.2071879630511087,-0.2968781177375674,-0.1270898488974562,-7.518391546694097,True
taco,8,spike,F2rel-F0,F2rel,F0,8247,-0.06079862378623481,-0.07385750749049728,-0.04644197023345538,-4.240471348541129,1.372971773147583,1.4337704181671143,True,-0.2612581765115427,-0.32437609754446817,-0.1987592781687383,-9.480479642075355,True
taco,8,spike,F2rel-F2k8,F2rel,F2k8,8247,-0.016957696269313625,-0.02896968120874131,-0.005848501118089742,-1.1827344220835436,1.372971773147583,1.3899294137954712,True,-0.09325096641303669,-0.14963290911218907,-0.043054166428640746,-3.3838707001906525,True
taco,8,spike,F2shuf-F0,F2shuf,F0,8247,0.05300634811397782,0.04173878066734868,0.0645678775688517,3.6969899394171786,1.4867767095565796,1.4337704181671143,True,0.1981117270116273,0.14809910023639314,0.2495209062946408,7.189035075834811,True
taco,8,spike,F2k8-F2shuf,F2k8,F2shuf,8247,-0.09684727563089901,-0.1130304839414026,-0.07849488762365789,-6.754726865874764,1.3899294137954712,1.4867767095565796,True,-0.3661189371101333,-0.4496119114120367,-0.27445166788477476,-13.285644017719513,True
taco,8,spike,F2rel-F2shuf,F2rel,F2shuf,8247,-0.11380497190021263,-0.13049167198620387,-0.09669032904196946,-7.937461287958307,1.372971773147583,1.4867767095565796,True,-0.45936990352317003,-0.5393963963279663,-0.37260199893894136,-16.669514717910168,True
taco,8,spike,Ffut-F2k8,Ffut,F2k8,8247,-0.24793974935784402,-0.27495786970848957,-0.22186956681407738,-17.292848716658707,1.1419897079467773,1.3899294137954712,True,-0.8662731997608665,-0.9841067964296619,-0.750971374074527,-31.435132651036955,True
taco,8,spike,Ffut-F2rel,Ffut,F2rel,8247,-0.2309820530885304,-0.25714272687965134,-0.20709659293826252,-16.110114294575165,1.1419897079467773,1.372971773147583,True,-0.7730222333478298,-0.8792704720957238,-0.6745499245225218,-28.051261950846303,True
taco,8,spike,Ffut-F0,Ffut,F0,8247,-0.2917806768747652,-0.3214892218099343,-0.2629792481209701,-20.350585643116293,1.1419897079467773,1.4337704181671143,True,-1.0342804098593725,-1.1663802956357476,-0.9096416831921618,-37.53174159292166,True
taco,8,spike,Ffut1-F2rel,Ffut1,F2rel,8247,0.010467904349182596,-0.004652315934996626,0.024644111564747787,0.730096270403209,1.3834396600723267,1.372971773147583,False,2.65218654939503e-05,-0.05963133164310452,0.05705027834030451,0.0009624196618173509,False
taco,8,spike,Ffut-Ffut1,Ffut,Ffut1,8247,-0.241449957437713,-0.26282827862712144,-0.22166107136480726,-16.840210564978374,1.1419897079467773,1.3834396600723267,True,-0.7730487552133237,-0.8633382683501671,-0.6823136139132772,-28.05222437050812,True
taco,8,persistent_spatial,F1-F0,F1,F0,575,-0.04133388589257779,-0.09145667254118046,0.012460127585578466,-2.4261787240827735,1.6623281240463257,1.7036620378494263,False,-0.17648817021561705,-0.4175943703854168,0.09192206526482849,-4.798834232263989,False
taco,8,persistent_spatial,F2k8-F1,F2k8,F1,575,-0.032489424658858256,-0.0531437720206918,-0.012404024180616542,-1.9070346076308915,1.6298388242721558,1.6623281240463257,True,-0.10413226240355035,-0.19793058690219006,-0.020061107689631024,-2.831427539277844,True
taco,8,persistent_spatial,F2k8-F0,F2k8,F0,575,-0.07382331055143605,-0.11920470743884658,-0.026593376587227952,-4.333213331713665,1.6298388242721558,1.7036620378494263,True,-0.2806204326191674,-0.5225430183289651,-0.028972386957140852,-7.630261771541833,True
taco,8,persistent_spatial,F2k4-F1,F2k4,F1,575,-0.015784311139065286,-0.03357188910090673,0.005402479782566736,-0.9264930947801245,1.6465438604354858,1.6623281240463257,False,-0.005814691451580628,-0.10093682266030635,0.0954766645011692,-0.15810544329292822,False
taco,8,persistent_spatial,F2k1-F1,F2k1,F1,575,0.010164674468662429,-0.006653417264893984,0.027194710730103867,0.5966367884497528,1.6724928617477417,1.6623281240463257,False,0.08328027893343698,0.0022693583299993754,0.16839161617910475,2.2644478263331607,True
taco,8,persistent_spatial,F2rel-F1,F2rel,F1,575,-0.030144049693708836,-0.07581155418495306,0.014701521585132098,-1.769367927676571,1.6321841478347778,1.6623281240463257,False,-0.05251061173560827,-0.26798382373834295,0.16624016230950817,-1.427799499797081,False
taco,8,persistent_spatial,F2rel-F0,F2rel,F0,575,-0.07147793558628662,-0.13424587649966688,-0.009554663041660657,-4.1955466517593445,1.6321841478347778,1.7036620378494263,True,-0.22899878195122533,-0.5416288085873932,0.1075629878753828,-6.22663373206107,False
taco,8,persistent_spatial,F2rel-F2k8,F2rel,F2k8,575,0.0023453749651494234,-0.03252470333712433,0.035370086582005605,0.13766667995432047,1.6321841478347778,1.6298388242721558,False,0.05162165066794209,-0.10979943560058956,0.22377852567084597,1.403628039480763,False
taco,8,persistent_spatial,F2shuf-F0,F2shuf,F0,575,0.09240470691867497,0.05084127492437532,0.13095179640693091,5.4238871833594215,1.7960667610168457,1.7036620378494263,True,0.39879801099715023,0.2144231111124631,0.5766356234297195,10.843591072386621,True
taco,8,persistent_spatial,F2k8-F2shuf,F2k8,F2shuf,575,-0.166228017470111,-0.2258652676405261,-0.10175459499158726,-9.757100515073088,1.6298388242721558,1.7960667610168457,True,-0.6794184436163176,-0.9674276420976231,-0.3788552960898615,-18.473852843928455,True
taco,8,persistent_spatial,F2rel-F2shuf,F2rel,F2shuf,575,-0.1638826425049616,-0.23277229346690823,-0.09642612809737705,-9.619433835118766,1.6321841478347778,1.7960667610168457,True,-0.6277967929483755,-0.9548752647703344,-0.28475694010174785,-17.07022480444769,True
taco,8,persistent_spatial,Ffut-F2k8,Ffut,F2k8,575,-0.2903919422885646,-0.35742031802634544,-0.2251791697055857,-17.04516129590663,1.339446783065796,1.6298388242721558,True,-1.0608483348916407,-1.4076510896374068,-0.7266781498788747,-28.845192844929734,True
taco,8,persistent_spatial,Ffut-F2rel,Ffut,F2rel,575,-0.29273731725371405,-0.35261431876822275,-0.2292625121389183,-17.182827975860953,1.339446783065796,1.6321841478347778,True,-1.1124699855595828,-1.4551378760844107,-0.7666501612217285,-30.248820884410495,True
taco,8,persistent_spatial,Ffut-F0,Ffut,F0,575,-0.36421525284000067,-0.43840066235918396,-0.28478613876013836,-21.3783746276203,1.339446783065796,1.7036620378494263,True,-1.3414687675108081,-1.6929485790342793,-0.9655544195153596,-36.475454616471566,True
taco,8,persistent_spatial,Ffut1-F2rel,Ffut1,F2rel,575,-0.038658874047839124,-0.08139668525644236,0.0068259410925818696,-2.269163319307106,1.5935251712799072,1.6321841478347778,False,-0.19321331500035266,-0.37470951771243166,-0.02856282761111113,-5.253602374709486,True
taco,8,persistent_spatial,Ffut-Ffut1,Ffut,Ffut1,575,-0.2540784432058749,-0.3078793039894989,-0.19880354479705994,-14.913664656553848,1.339446783065796,1.5935251712799072,True,-0.9192566705592301,-1.22438328611222,-0.6239372351063946,-24.99521850970101,True
taco,8,persistent_mixed,F1-F0,F1,F0,2309,-0.019674456793284095,-0.0535635710502061,0.010745239305935924,-1.187151172995181,1.6376087665557861,1.6572831869125366,False,-0.03353559202887683,-0.18241719071917767,0.11299506857308832,-0.9819599563808873,False
taco,8,persistent_mixed,F2k8-F1,F2k8,F1,2309,-0.048193238356145446,-0.06780649932008408,-0.02886265817046684,-2.907966407716224,1.5894155502319336,1.6376087665557861,True,-0.2265920122111706,-0.3147785191081092,-0.13724215759567113,-6.634869670275824,True
taco,8,persistent_mixed,F2k8-F0,F2k8,F0,2309,-0.06786769514942954,-0.0918134897668357,-0.0421716081278819,-4.095117580711405,1.5894155502319336,1.6572831869125366,True,-0.2601276042400474,-0.37379255627289976,-0.14150426071295477,-7.616829626656711,True
taco,8,persistent_mixed,F2k4-F1,F2k4,F1,2309,-0.03405257410278254,-0.051596015444809504,-0.018088293271361397,-2.054722715568083,1.6035562753677368,1.6376087665557861,True,-0.1572271100934732,-0.24237292697909432,-0.07285248679295553,-4.6037871058407775,True
taco,8,persistent_mixed,F2k1-F1,F2k1,F1,2309,0.0022199031283402144,-0.007326703733171479,0.011813397120215088,0.13394832855788635,1.6398285627365112,1.6376087665557861,False,0.011306268259424728,-0.03192161457268215,0.05091735167074484,0.331060285958135,False
taco,8,persistent_mixed,F2rel-F1,F2rel,F1,2309,-0.059845805258501035,-0.09545246619763406,-0.027128109628713686,-3.6110790075648915,1.5777629613876343,1.6376087665557861,True,-0.333154493374141,-0.5100310996609949,-0.17677103218406065,-9.755139300957342,True
taco,8,persistent_mixed,F2rel-F0,F2rel,F0,2309,-0.07952026205178513,-0.10982255562953185,-0.04728070415772464,-4.798230180560072,1.5777629613876343,1.6572831869125366,True,-0.3666900854030178,-0.5214747273143523,-0.21200760301039467,-10.73709925733823,True
taco,8,persistent_mixed,F2rel-F2k8,F2rel,F2k8,2309,-0.011652566902355593,-0.03765248709886389,0.012010632861921484,-0.7031125998486678,1.5777629613876343,1.5894155502319336,False,-0.10656248116297039,-0.2330402863668766,0.010555031052876663,-3.120269630681517,False
taco,8,persistent_mixed,F2shuf-F0,F2shuf,F0,2309,0.06172831322321803,0.04309993136467076,0.08320556925239284,3.724669007124595,1.7190114259719849,1.6572831869125366,True,0.18482455080750185,0.10623074693946229,0.2700449820380204,5.411871294616595,True
taco,8,persistent_mixed,F2k8-F2shuf,F2k8,F2shuf,2309,-0.12959600837264756,-0.16432278469874662,-0.09742320984774092,-7.819786587836,1.5894155502319336,1.7190114259719849,True,-0.44495215504754926,-0.6010561936915121,-0.29699925304572733,-13.028700921273305,True
taco,8,persistent_mixed,F2rel-F2shuf,F2rel,F2shuf,2309,-0.14124857527500317,-0.17895067328053643,-0.10459728455604292,-8.522899187684668,1.5777629613876343,1.7190114259719849,True,-0.5515146362105197,-0.7319807421339423,-0.36536499492654206,-16.148970551954825,True
taco,8,persistent_mixed,Ffut-F2k8,Ffut,F2k8,2309,-0.35409262800898167,-0.3985269577445629,-0.3133698858704577,-21.36584928907922,1.2353229522705078,1.5894155502319336,True,-1.199848557884118,-1.4000784333915282,-1.031514848569555,-35.13291897602499,True
taco,8,persistent_mixed,Ffut-F2rel,Ffut,F2rel,2309,-0.34244006110662606,-0.383919360236486,-0.30409134172626334,-20.662736689230552,1.2353229522705078,1.5777629613876343,True,-1.0932860767211476,-1.2497419722289893,-0.9468965003529718,-32.012649345343476,True
taco,8,persistent_mixed,Ffut-F0,Ffut,F0,2309,-0.4219603231584112,-0.4711745672099262,-0.38001754116176806,-25.460966869790628,1.2353229522705078,1.6572831869125366,True,-1.4599761621241654,-1.6681106284762839,-1.273468705053454,-42.7497486026817,True
taco,8,persistent_mixed,Ffut1-F2rel,Ffut1,F2rel,2309,-0.01678356279176569,-0.04731302711865999,0.016328783002725427,-1.0127154444276303,1.5609794855117798,1.5777629613876343,False,-0.0178147059090471,-0.14939263416616497,0.12218929366554931,-0.5216346806200133,False
taco,8,persistent_mixed,Ffut-Ffut1,Ffut,Ffut1,2309,-0.3256564983148604,-0.3621532966761186,-0.2896244565135635,-19.65002124480292,1.2353229522705078,1.5609794855117798,True,-1.0754713708121004,-1.2415468701848422,-0.9256748582651456,-31.491014664723455,True
taco,8,onset,F1-F0,F1,F0,513,-0.04499958382944847,-0.14926458672012885,0.05703469510804073,-2.086889686710926,2.111299514770508,2.156299114227295,False,-0.10382101549739726,-0.6441285447944362,0.5065708867248754,-1.8859424204627175,False
taco,8,onset,F2k8-F1,F2k8,F1,513,-0.029305390214827094,-0.094402465874876,0.04076830208589544,-1.359059604554381,2.08199405670166,2.111299514770508,False,-0.12918287777064139,-0.5202020702860826,0.2588838570957656,-2.3466488746800067,False
taco,8,onset,F2k8-F0,F2k8,F0,513,-0.07430497404427557,-0.16641186557049725,0.027462788081322888,-3.445949291265307,2.08199405670166,2.156299114227295,False,-0.23300389326803866,-0.7389017097750901,0.4236707293752065,-4.232591295142725,False
taco,8,onset,F2k4-F1,F2k4,F1,513,-0.024242775191572908,-0.07751000384634246,0.032697593761474554,-1.1242770092339558,2.0870566368103027,2.111299514770508,False,-0.1342759022877695,-0.4358765309499996,0.19693240624802438,-2.4391653169368186,False
taco,8,onset,F2k1-F1,F2k1,F1,513,-0.001553066060324626,-0.02713513088380012,0.023993426376898493,-0.07202461152432295,2.1097464561462402,2.111299514770508,False,-0.004215634153832701,-0.12405008092046207,0.11524205319744045,-0.07657836172931538,False
taco,8,onset,F2rel-F1,F2rel,F1,513,-0.09570670366054855,-0.18896031782732794,0.001625336812381351,-4.438470666201838,2.0155928134918213,2.111299514770508,False,-0.5683571735204545,-1.1228209143270043,-0.03276618704969496,-10.32439240149203,True
taco,8,onset,F2rel-F0,F2rel,F0,513,-0.14070628748999703,-0.23398320639761816,-0.032951699792637165,-6.525360352912764,2.0155928134918213,2.156299114227295,True,-0.6721781890178516,-1.1582602806923195,-0.11858464507734734,-12.210334821954747,True
taco,8,onset,F2rel-F2k8,F2rel,F2k8,513,-0.06640131344572145,-0.1340192266415311,0.0029230487848094025,-3.079411061647457,2.0155928134918213,2.08199405670166,False,-0.43917429574981304,-0.7878020748539247,-0.0897762632925377,-7.977743526812024,True
taco,8,onset,F2shuf-F0,F2shuf,F0,513,0.11816437830004775,0.06713817458174653,0.17345299301906064,5.479962289109027,2.274463653564453,2.156299114227295,True,0.4859248826726835,0.21507532421242023,0.7624894849234074,8.82698310164147,True
taco,8,onset,F2k8-F2shuf,F2k8,F2shuf,513,-0.19246935234432333,-0.29455509870897406,-0.07800690098820434,-8.925911580374335,2.08199405670166,2.274463653564453,True,-0.7189287759407222,-1.2773003662249394,0.022351354536715582,-13.059574396784194,False
taco,8,onset,F2rel-F2shuf,F2rel,F2shuf,513,-0.25887066579004475,-0.3573473300321795,-0.1480738956175995,-12.00532264202179,2.0155928134918213,2.274463653564453,True,-1.1581030716905352,-1.6826773117567029,-0.5481172556353349,-21.037317923596216,True
taco,8,onset,Ffut-F2k8,Ffut,F2k8,513,-0.45683339424068237,-0.5625978887178441,-0.35429551965501205,-21.185993688282323,1.6251606941223145,2.08199405670166,True,-1.9565551044967673,-2.576148547477028,-1.3834685838999494,-35.541458074409064,True
taco,8,onset,Ffut-F2rel,Ffut,F2rel,513,-0.3904320807949609,-0.47149303608946264,-0.3126620682796492,-18.106582626634868,1.6251606941223145,2.0155928134918213,True,-1.5173808087469542,-1.9399324756941605,-1.143714892766862,-27.56371454759704,True
taco,8,onset,Ffut-F0,Ffut,F0,513,-0.5311383682849579,-0.6383332998038288,-0.4080979626925645,-24.631942979547627,1.6251606941223145,2.156299114227295,True,-2.189558997764806,-2.7344706576067717,-1.5980682316798078,-39.77404936955179,True
taco,8,onset,Ffut1-F2rel,Ffut1,F2rel,513,-0.052905561398809184,-0.11848175360820339,0.012419637087103485,-2.45353536759986,1.9626872539520264,2.0155928134918213,False,-0.2280594497977177,-0.5259610894183459,0.058941254747400924,-4.142773875792863,False
taco,8,onset,Ffut-Ffut1,Ffut,Ffut1,513,-0.3375265193961517,-0.422611141968167,-0.2612891833017567,-15.653047259035006,1.6251606941223145,1.9626872539520264,True,-1.2893213589492365,-1.707081942517037,-0.936066732889027,-23.42094067180418,True
taco,8,release,F1-F0,F1,F0,269,-0.16960388377696609,-0.2713340659933687,-0.06158079541910633,-6.717117166769407,2.355346202850342,2.5249505043029785,True,-0.8884037085514529,-1.517992015319715,-0.24477799770863135,-12.038128116210656,True
taco,8,release,F2k8-F1,F2k8,F1,269,-0.02918800368184937,-0.12627077815932633,0.05545039031132541,-1.1559832017343572,2.3261585235595703,2.355346202850342,False,-0.048811607035119296,-0.4838899571748415,0.3759224437689574,-0.6614114432333709,False
taco,8,release,F2k8-F0,F2k8,F0,269,-0.19879188745881546,-0.2919580309962359,-0.10845876171835951,-7.873100368503764,2.3261585235595703,2.5249505043029785,True,-0.9372153155865722,-1.480938425496427,-0.44686480197093487,-12.699539559444027,True
taco,8,release,F2k4-F1,F2k4,F1,269,-0.08394532620242094,-0.1697937840203981,-0.014594002338422436,-3.3246325446523692,2.2714009284973145,2.355346202850342,True,-0.4033766036029199,-0.7284872403260011,-0.10333476243669766,-5.465870061676624,True
taco,8,release,F2k1-F1,F2k1,F1,269,-0.03700081544294676,-0.06972026681428355,-0.0059862753310336485,-1.4654075547180268,2.318345785140991,2.355346202850342,True,-0.218035393377219,-0.3836560246428631,-0.06310586097610786,-2.954442866546562,True
taco,8,release,F2rel-F1,F2rel,F1,269,-0.12908975076498153,-0.23347958109822003,-0.027038785828044122,-5.112565594651812,2.2262566089630127,2.355346202850342,True,-0.7000994193177241,-1.279391497734123,-0.14177802731019218,-9.486550340467582,True
taco,8,release,F2rel-F0,F2rel,F0,269,-0.2986936345419476,-0.4182618897876357,-0.19325660637484912,-11.82968276142122,2.2262566089630127,2.5249505043029785,True,-1.588503127869177,-2.2854428665045283,-0.9659860560324012,-21.524678456678238,True
taco,8,release,F2rel-F2k8,F2rel,F2k8,269,-0.09990174708313215,-0.20838821217406034,0.004381570078880583,-3.956582392917456,2.2262566089630127,2.3261585235595703,False,-0.6512878122826048,-1.348386348227864,-0.07562725447262868,-8.825138897234211,True
taco,8,release,F2shuf-F0,F2shuf,F0,269,0.20147646337636785,0.0995263258144872,0.32262252967819227,7.9794222909722405,2.726426839828491,2.5249505043029785,True,1.255719902125433,0.6179325766169995,2.0599540398155547,17.015369155211015,True
taco,8,release,F2k8-F2shuf,F2k8,F2shuf,269,-0.4002683508351833,-0.5723877941612443,-0.24636284891507695,-15.852522659476003,2.3261585235595703,2.726426839828491,True,-2.192935217712005,-3.3103026199547623,-1.2495024937588788,-29.714908714655042,True
taco,8,release,F2rel-F2shuf,F2rel,F2shuf,269,-0.5001700979183155,-0.7269672981741346,-0.31443324885268337,-19.80910505239346,2.2262566089630127,2.726426839828491,True,-2.84422302999461,-4.253189298053953,-1.6793982469595412,-38.54004761188925,True
taco,8,release,Ffut-F2k8,Ffut,F2k8,269,-0.8801452380130725,-1.0645329236111525,-0.7058106493031121,-34.857920442921305,1.4460132122039795,2.3261585235595703,True,-3.784861245729223,-4.70292035358322,-2.926055097033021,-51.28596846185974,True
taco,8,release,Ffut-F2rel,Ffut,F2rel,269,-0.7802434909299404,-0.9143481085106017,-0.6384454965014736,-30.90133805000385,1.4460132122039795,2.2262566089630127,True,-3.1335734334466183,-3.825837636220084,-2.416851751686607,-42.460829564625534,True
taco,8,release,Ffut-F0,Ffut,F0,269,-1.078937125471888,-1.2785979147285436,-0.8691074054964163,-42.73102081142507,1.4460132122039795,2.5249505043029785,True,-4.722076561315795,-5.800296332543844,-3.684064671364749,-63.985508021303765,True
taco,8,release,Ffut1-F2rel,Ffut1,F2rel,269,-0.10108576931031663,-0.20046380987698376,-0.0026417517865712056,-4.003475281517319,2.125171184539795,2.2262566089630127,True,-0.4734238257638584,-0.971470102481544,-0.009177613580757627,-6.415030253649427,True
taco,8,release,Ffut-Ffut1,Ffut,Ffut1,269,-0.6791577216196237,-0.8050782890591659,-0.558161772295016,-26.897862768486533,1.4460132122039795,2.125171184539795,True,-2.6601496076827598,-3.263585773386782,-2.0838190306320334,-36.0457993109761,True
taco,8,transient,F1-F0,F1,F0,4376,0.011430174200855183,-0.005041297739737106,0.02821435604349006,1.0176073722739347,1.1346702575683594,1.1232401132583618,False,0.012638942231688056,-0.0509379271135826,0.07706023210875769,0.7560039782537713,False
taco,8,transient,F2k8-F1,F2k8,F1,4376,-0.02160165594104112,-0.03500552199469324,-0.00889166576031518,-1.923155671353096,1.1130685806274414,1.1346702575683594,True,-0.0508184912840119,-0.10229474247374919,-0.00224771792322397,-3.0397307682318893,True
taco,8,transient,F2k8-F0,F2k8,F0,4376,-0.01017148174018594,-0.021292163533174906,0.0006879654829881844,-0.9055482990791612,1.1130685806274414,1.1232401132583618,False,-0.03817954905232384,-0.08634307047380797,0.009439548159474398,-2.2837267899781177,False
taco,8,transient,F2k4-F1,F2k4,F1,4376,-0.013449338613796496,-0.02183728541377886,-0.005697344459672752,-1.1973698637579682,1.1212208271026611,1.1346702575683594,True,-0.03435676325439481,-0.0654172654589211,-0.004237793137413504,-2.055065148974607,True
taco,8,transient,F2k1-F1,F2k1,F1,4376,-0.004727413421547827,-0.011405744766882346,0.0019335878079031078,-0.42087291628450346,1.1299428939819336,1.1346702575683594,False,-0.01735707763599494,-0.04191380956244481,0.006825694547376996,-1.038221356117328,False
taco,8,transient,F2rel-F1,F2rel,F1,4376,-0.033942053472483615,-0.04912115542452764,-0.019015165280977568,-3.0217985515156225,1.1007280349731445,1.1346702575683594,True,-0.08198876901133023,-0.13691814079857273,-0.03183389144106554,-4.904194861282836,True
taco,8,transient,F2rel-F0,F2rel,F0,4376,-0.022511879271628434,-0.036465635965453755,-0.008185041772181795,-2.0041911792416878,1.1007280349731445,1.1232401132583618,True,-0.06934982677964217,-0.12293059100134086,-0.014781971210587008,-4.148190883029065,True
taco,8,transient,F2rel-F2k8,F2rel,F2k8,4376,-0.012340397531442494,-0.023067062656203636,-0.001968778750960052,-1.0986428801625268,1.1007280349731445,1.1130685806274414,True,-0.031170277727318337,-0.06625450169364078,0.004158845206184583,-1.8644640930509473,False
taco,8,transient,F2shuf-F0,F2shuf,F0,4376,0.021823659065899725,0.01240931465796743,0.031151635977183883,1.9429202009704192,1.1450637578964233,1.1232401132583618,True,0.06355483130546767,0.031390595150305185,0.09426755189836142,3.8015606388101704,True
taco,8,transient,F2k8-F2shuf,F2k8,F2shuf,4376,-0.03199514080608567,-0.0465723767872905,-0.017978204399273882,-2.8484685000495804,1.1130685806274414,1.1450637578964233,True,-0.1017343803577915,-0.1603934460562898,-0.05148327149530039,-6.0852874287882885,True
taco,8,transient,F2rel-F2shuf,F2rel,F2shuf,4376,-0.04433553833752816,-0.061165138099195555,-0.027414531647081172,-3.947111380212107,1.1007280349731445,1.1450637578964233,True,-0.13290465808510984,-0.19577113856675454,-0.07164442379684004,-7.949751521839235,True
taco,8,transient,Ffut-F2k8,Ffut,F2k8,4376,-0.11863997431856732,-0.14476243356754084,-0.09229539106004522,-10.562298560938089,0.9944286346435547,1.1130685806274414,True,-0.3519046978009405,-0.4619190342206418,-0.25941646692365344,-21.04933677413998,True
taco,8,transient,Ffut-F2rel,Ffut,F2rel,4376,-0.10629957678712482,-0.1325414942502708,-0.08183998792047888,-9.463655680775561,0.9944286346435547,1.1007280349731445,True,-0.3207344200736222,-0.431510405447793,-0.23111362081122477,-19.184872681089033,True
taco,8,transient,Ffut-F0,Ffut,F0,4376,-0.12881145605875324,-0.1578231679211339,-0.09869549453113047,-11.46784686001725,0.9944286346435547,1.1232401132583618,True,-0.3900842468532643,-0.5182608557875462,-0.2857179458281931,-23.333063564118095,True
taco,8,transient,Ffut1-F2rel,Ffut1,F2rel,4376,0.04838997371481149,0.02993573680139853,0.06565293771472401,4.308070299807845,1.149118185043335,1.1007280349731445,True,0.09712504702526566,0.034975301088750334,0.1593206034868568,5.809578095474732,True
taco,8,transient,Ffut-Ffut1,Ffut,Ffut1,4376,-0.1546895505019363,-0.1754505575240343,-0.1356411122131473,-13.771725980583406,0.9944286346435547,1.149118185043335,True,-0.4178594670988878,-0.5045587302211708,-0.34795247755349895,-24.994450776563767,True
taco,8,amount,F1-F0,F1,F0,205,-0.048215258848376394,-0.0956556997086257,-0.0021011809843950197,-3.1146762910128722,1.4997868537902832,1.5480022430419922,True,-0.14668245460928941,-0.3419361704314314,0.034677018202536145,-5.001273473267906,False
taco,8,amount,F2k8-F1,F2k8,F1,205,-0.08006446826748731,-0.14073858912722276,-0.02465946013938415,-5.172115778731169,1.419722557067871,1.4997868537902832,True,-0.2672124280435283,-0.5058828474693855,-0.06766120118986962,-9.11085399860068,True
taco,8,amount,F2k8-F0,F2k8,F0,205,-0.12827972711586372,-0.20453092736527548,-0.06643867777903942,-8.286792069744044,1.419722557067871,1.5480022430419922,True,-0.4138948826528177,-0.7394838286811046,-0.1626144046486819,-14.112127471868586,True
taco,8,amount,F2k4-F1,F2k4,F1,205,-0.05581579121147714,-0.09605920776911692,-0.017889598348210616,-3.6056660423045033,1.4439711570739746,1.4997868537902832,True,-0.21742352923242056,-0.36970172573510995,-0.07973494094027753,-7.413255607910513,True
taco,8,amount,F2k1-F1,F2k1,F1,205,0.003142812630025352,-0.022656938316750114,0.025602813116035447,0.20302377752692297,1.5029296875,1.4997868537902832,False,0.020048371248128936,-0.08701739034430911,0.10791214753232725,0.683567694395157,False
taco,8,amount,F2rel-F1,F2rel,F1,205,-0.07691281655939614,-0.16243098877446988,-0.0034675313715773087,-4.968521002156567,1.4228742122650146,1.4997868537902832,True,-0.3441706211101718,-0.7393847165498076,-0.054089878253449485,-11.7348145163057,True
taco,8,amount,F2rel-F0,F2rel,F0,205,-0.12512807540777254,-0.22225164677857842,-0.050063188015860564,-8.083197293169441,1.4228742122650146,1.5480022430419922,True,-0.4908530757194612,-0.9181616711028298,-0.16104996099619684,-16.736087989573605,True
taco,8,amount,F2rel-F2k8,F2rel,F2k8,205,0.0031516517080911774,-0.05606077488609898,0.06196780230136627,0.20359477657460237,1.4228742122650146,1.419722557067871,False,-0.0769581930666435,-0.2901650197733578,0.12184093306268226,-2.6239605177050205,False
taco,8,amount,F2shuf-F0,F2shuf,F0,205,0.1520202165696679,0.07117769049800357,0.24796782807416567,9.820413197265896,1.7000223398208618,1.5480022430419922,True,0.54914443049489,0.17329239115951206,1.0087305926349164,18.723585452277902,True
taco,8,amount,F2k8-F2shuf,F2k8,F2shuf,205,-0.2802999436855316,-0.3782173757089332,-0.18979941826214983,-18.107205267009938,1.419722557067871,1.7000223398208618,True,-0.9630393131477076,-1.4151249178816303,-0.5994558332248783,-32.835712924146485,True
taco,8,amount,F2rel-F2shuf,F2rel,F2shuf,205,-0.27714829197744045,-0.39244757995177526,-0.17762611514355583,-17.903610490435337,1.4228742122650146,1.7000223398208618,True,-1.0399975062143512,-1.5864631965610914,-0.5970572556030856,-35.45967344185151,True
taco,8,amount,Ffut-F2k8,Ffut,F2k8,205,-0.34097922037287454,-0.448329389288874,-0.24405760985884709,-22.027049502384017,1.0787433385849,1.419722557067871,True,-0.9850808020772004,-1.4170191418107474,-0.5963749198131738,-33.58723780275606,True
taco,8,amount,Ffut-F2rel,Ffut,F2rel,205,-0.34413087208096577,-0.4275616869491459,-0.25722956466908475,-22.23064427895862,1.0787433385849,1.4228742122650146,True,-0.9081226090105569,-1.2059952968187813,-0.6210548905265781,-30.963277285051035,True
taco,8,amount,Ffut-F0,Ffut,F0,205,-0.46925894748873825,-0.5983708881197164,-0.34572049813463046,-30.313841572128055,1.0787433385849,1.5480022430419922,True,-1.398975684730018,-1.9478620575158472,-0.9105574291648546,-47.69936527462464,True
taco,8,amount,Ffut1-F2rel,Ffut1,F2rel,205,-0.049321920988036366,-0.09628561738700596,0.007603206225680273,-3.1861659897283774,1.3735523223876953,1.4228742122650146,False,-0.137673956155777,-0.3090329538244471,0.04776474738997482,-4.694120416213233,False
taco,8,amount,Ffut-Ffut1,Ffut,Ffut1,205,-0.29480895109292937,-0.3837600753846329,-0.21590659043737215,-19.04447828923024,1.0787433385849,1.3735523223876953,True,-0.7704486528547799,-1.1147905849090265,-0.4840152383315893,-26.269156868837808,True
