dataset,protocol,model,family,metric,stat,value,ci_lo,ci_hi,seed_std,n_seeds,n_examples
taco,A,GT,reference,E_C,K1,0.0,0.0,0.0,0.0,1,364
taco,A,GT,reference,E_C_last16,K1,0.0,0.0,0.0,0.0,1,364
taco,A,GT,reference,s0_err,K1,0.0,0.0,0.0,0.0,1,364
taco,A,GT,reference,part_hamming,K1,0.10220798589084502,0.09282560481112881,0.11241755234948787,0.0,1,364
taco,A,GT,reference,amount_l1,K1,0.3460906801213111,0.3278722147796768,0.3631562156463389,0.0,1,364
taco,A,GT,reference,amount_rmse,K1,0.006970773919889765,0.006640809861740529,0.007285757094554432,0.0,1,364
taco,A,GT,reference,centroid,K1,0.15279716324409123,0.13869618718256896,0.16764063770507537,0.0,1,364
taco,A,GT,reference,normal,K1,42.74475267300239,41.151942569167694,44.325135966488524,0.0,1,364
taco,A,GT,reference,centroid_both,K1,0.06998633865041884,0.06651333126256738,0.07369817056478756,0.0,1,364
taco,A,GT,reference,normal_both,K1,36.938506130988785,35.474169695821416,38.32046098280768,0.0,1,364
taco,A,GT,reference,both_frac,K1,0.8822676961688878,0.8649829381585891,0.8983529368800236,0.0,1,364
taco,A,GT,reference,q_rel_l1,K1,0.3718948107581217,0.35802192721780535,0.3864368086359001,0.0,1,364
taco,A,GT,reference,q_cos,K1,0.8965069875939862,0.883602811836053,0.9075968588583729,0.0,1,364
taco,A,GT,reference,q_Qerr,K1,0.25187847646628764,0.2366796580072285,0.2686234926901498,0.0,1,364
taco,A,GT,reference,q_rel_l1_vs_grid,K1,0.0,0.0,0.0,0.0,1,362
taco,A,GT,reference,part_hamming_vs_grid,K1,0.0,0.0,0.0,0.0,1,364
taco,A,GT,reference,amount_l1_vs_grid,K1,0.0,0.0,0.0,0.0,1,364
taco,A,GT,reference,centroid_vs_grid,K1,0.0,0.0,0.0,0.0,1,364
taco,A,GT,reference,normal_vs_grid,K1,0.018536569898600107,0.007555182914114522,0.032601551462531644,0.0,1,364
taco,A,GT,reference,jitter_dense,K1,0.31471776661391443,0.2998915420755688,0.32968507119156826,0.0,1,364
taco,A,GT,reference,tv_dense,K1,19.512502114851397,18.593276144972066,20.440475044541483,0.0,1,364
taco,A,GT,reference,jitter_r2,K1,1.0964136756854235,1.0509160033868818,1.1466783753873793,0.0,1,364
taco,A,GT,reference,part_macro_f1,K1,0.9179672758943015,0.9111007398607579,0.9254200169423681,0.0,1,364
taco,A,GT,reference,part_macro_auprc,K1,0.9387771648457486,0.9330078886786519,0.9456726700209388,0.0,1,364
taco,A,GT,reference,E_C,mean,0.0,0.0,0.0,0.0,1,364
taco,A,GT,reference,E_C_last16,mean,0.0,0.0,0.0,0.0,1,364
taco,A,GT,reference,s0_err,mean,0.0,0.0,0.0,0.0,1,364
taco,A,GT,reference,part_hamming,mean,0.10220798589084502,0.09282560481112881,0.11241755234948787,0.0,1,364
taco,A,GT,reference,amount_l1,mean,0.3460906801213111,0.3278722147796768,0.3631562156463389,0.0,1,364
taco,A,GT,reference,amount_rmse,mean,0.006970773919889765,0.006640809861740529,0.007285757094554432,0.0,1,364
taco,A,GT,reference,centroid,mean,0.15279716324409123,0.13869618718256896,0.16764063770507537,0.0,1,364
taco,A,GT,reference,normal,mean,42.74475267300239,41.151942569167694,44.325135966488524,0.0,1,364
taco,A,GT,reference,centroid_both,mean,0.06998633865041884,0.06651333126256738,0.07369817056478756,0.0,1,364
taco,A,GT,reference,normal_both,mean,36.938506130988785,35.474169695821416,38.32046098280768,0.0,1,364
taco,A,GT,reference,both_frac,mean,0.8822676961688878,0.8649829381585891,0.8983529368800236,0.0,1,364
taco,A,GT,reference,q_rel_l1,mean,0.3718948107581217,0.35802192721780535,0.3864368086359001,0.0,1,364
taco,A,GT,reference,q_cos,mean,0.8965069875939862,0.883602811836053,0.9075968588583729,0.0,1,364
taco,A,GT,reference,q_Qerr,mean,0.25187847646628764,0.2366796580072285,0.2686234926901498,0.0,1,364
taco,A,GT,reference,q_rel_l1_vs_grid,mean,0.0,0.0,0.0,0.0,1,362
taco,A,GT,reference,part_hamming_vs_grid,mean,0.0,0.0,0.0,0.0,1,364
taco,A,GT,reference,amount_l1_vs_grid,mean,0.0,0.0,0.0,0.0,1,364
taco,A,GT,reference,centroid_vs_grid,mean,0.0,0.0,0.0,0.0,1,364
taco,A,GT,reference,normal_vs_grid,mean,0.018536569898600107,0.007555182914114522,0.032601551462531644,0.0,1,364
taco,A,GT,reference,jitter_dense,mean,0.31471776661391443,0.2998915420755688,0.32968507119156826,0.0,1,364
taco,A,GT,reference,tv_dense,mean,19.512502114851397,18.593276144972066,20.440475044541483,0.0,1,364
taco,A,GT,reference,jitter_r2,mean,1.0964136756854235,1.0509160033868818,1.1466783753873793,0.0,1,364
taco,A,GT,reference,part_macro_f1,mean,0.9179672758943015,0.9111007398607579,0.9254200169423681,0.0,1,364
taco,A,GT,reference,part_macro_auprc,mean,0.9387771648457486,0.9330078886786519,0.9456726700209388,0.0,1,364
taco,A,GT,reference,E_C,best10,0.0,0.0,0.0,0.0,1,364
taco,A,GT,reference,E_C_last16,best10,0.0,0.0,0.0,0.0,1,364
taco,A,GT,reference,part_hamming,best10,0.10220798589084502,0.09282560481112881,0.11241755234948787,0.0,1,364
taco,A,GT,reference,amount_l1,best10,0.3460906801213111,0.3278722147796768,0.3631562156463389,0.0,1,364
taco,A,GT,reference,amount_rmse,best10,0.006970773919889765,0.006640809861740529,0.007285757094554432,0.0,1,364
taco,A,GT,reference,centroid,best10,0.15279716324409123,0.13869618718256896,0.16764063770507537,0.0,1,364
taco,A,GT,reference,normal,best10,42.74475267300239,41.151942569167694,44.325135966488524,0.0,1,364
taco,A,GT,reference,centroid_both,best10,0.06998633865041884,0.06651333126256738,0.07369817056478756,0.0,1,364
taco,A,GT,reference,normal_both,best10,36.938506130988785,35.474169695821416,38.32046098280768,0.0,1,364
taco,A,GT,reference,q_rel_l1,best10,0.3718948107581217,0.35802192721780535,0.3864368086359001,0.0,1,364
taco,A,GT,reference,q_cos,best10,0.8965069875939862,0.883602811836053,0.9075968588583729,0.0,1,364
taco,A,GT,reference,q_Qerr,best10,0.25187847646628764,0.2366796580072285,0.2686234926901498,0.0,1,364
taco,A,GT,reference,q_rel_l1_vs_grid,best10,0.0,0.0,0.0,0.0,1,362
taco,A,GT,reference,part_hamming_vs_grid,best10,0.0,0.0,0.0,0.0,1,364
taco,A,GT,reference,amount_l1_vs_grid,best10,0.0,0.0,0.0,0.0,1,364
taco,A,GT,reference,centroid_vs_grid,best10,0.0,0.0,0.0,0.0,1,364
taco,A,GT,reference,normal_vs_grid,best10,0.018536569898600107,0.007555182914114522,0.032601551462531644,0.0,1,364
taco,A,PERSIST,reference,E_C,K1,3.5385159840295604,3.4041649959006914,3.6738467494776113,0.0,1,364
taco,A,PERSIST,reference,E_C_last16,K1,4.442479819632494,4.266253812146653,4.619901753007249,0.0,1,364
taco,A,PERSIST,reference,s0_err,K1,0.0,0.0,0.0,0.0,1,364
taco,A,PERSIST,reference,part_hamming,K1,0.4772588953396285,0.453793175722203,0.4983861462671718,0.0,1,364
taco,A,PERSIST,reference,amount_l1,K1,0.7117958648519201,0.6733053802316187,0.746262830579779,0.0,1,364
taco,A,PERSIST,reference,amount_rmse,K1,0.013925954101128749,0.013263261907171304,0.01455743400661415,0.0,1,364
taco,A,PERSIST,reference,centroid,K1,0.4861707745611176,0.4643732540620798,0.5050363521201653,0.0,1,364
taco,A,PERSIST,reference,normal,K1,73.66539320120445,71.58813200180086,75.30510621936622,0.0,1,364
taco,A,PERSIST,reference,centroid_both,K1,0.11436987478429309,0.10233579340086829,0.1267816316230618,0.0,1,364
taco,A,PERSIST,reference,normal_both,K1,34.34069217463116,31.90976157810071,36.75612451711449,0.0,1,364
taco,A,PERSIST,reference,both_frac,K1,0.3445053808288751,0.3177594278561489,0.37564729750134224,0.0,1,364
taco,A,PERSIST,reference,q_rel_l1,K1,0.7099910719770488,0.6866036975613317,0.7304135588835451,0.0,1,364
taco,A,PERSIST,reference,q_cos,K1,0.6300677499928318,0.5942117628421789,0.6669151495536455,0.0,1,364
taco,A,PERSIST,reference,q_Qerr,K1,0.6576696429747044,0.6299529299902893,0.6823766858200754,0.0,1,364
taco,A,PERSIST,reference,q_rel_l1_vs_grid,K1,0.6404427659044362,0.6129353344547581,0.66760530403494,0.0,1,362
taco,A,PERSIST,reference,part_hamming_vs_grid,K1,0.4187017055867997,0.39469998985924554,0.440416137439301,0.0,1,364
taco,A,PERSIST,reference,amount_l1_vs_grid,K1,0.5445149342662522,0.5138470221337337,0.5747210675863675,0.0,1,364
taco,A,PERSIST,reference,centroid_vs_grid,K1,0.09058221952303998,0.08020453162616224,0.1022611598531097,0.0,1,364
taco,A,PERSIST,reference,normal_vs_grid,K1,19.37173512283262,17.78967570831598,21.053879523819955,0.0,1,364
taco,A,PERSIST,reference,jitter_dense,K1,0.0,0.0,0.0,0.0,1,364
taco,A,PERSIST,reference,tv_dense,K1,0.0,0.0,0.0,0.0,1,364
taco,A,PERSIST,reference,jitter_r2,K1,0.5688424500595819,0.5265946551487913,0.6164087861608871,0.0,1,364
taco,A,PERSIST,reference,part_macro_f1,K1,0.4708707100618292,0.4405337159424889,0.5036701630787608,0.0,1,364
taco,A,PERSIST,reference,part_macro_auprc,K1,0.8540380717958106,0.8429387795832853,0.8661837788881878,0.0,1,364
taco,A,PERSIST,reference,E_C,mean,3.5385159840295604,3.4041649959006914,3.6738467494776113,0.0,1,364
taco,A,PERSIST,reference,E_C_last16,mean,4.442479819632494,4.266253812146653,4.619901753007249,0.0,1,364
taco,A,PERSIST,reference,s0_err,mean,0.0,0.0,0.0,0.0,1,364
taco,A,PERSIST,reference,part_hamming,mean,0.4772588953396285,0.453793175722203,0.4983861462671718,0.0,1,364
taco,A,PERSIST,reference,amount_l1,mean,0.7117958648519201,0.6733053802316187,0.746262830579779,0.0,1,364
taco,A,PERSIST,reference,amount_rmse,mean,0.013925954101128749,0.013263261907171304,0.01455743400661415,0.0,1,364
taco,A,PERSIST,reference,centroid,mean,0.4861707745611176,0.4643732540620798,0.5050363521201653,0.0,1,364
taco,A,PERSIST,reference,normal,mean,73.66539320120445,71.58813200180086,75.30510621936622,0.0,1,364
taco,A,PERSIST,reference,centroid_both,mean,0.11436987478429309,0.10233579340086829,0.1267816316230618,0.0,1,364
taco,A,PERSIST,reference,normal_both,mean,34.34069217463116,31.90976157810071,36.75612451711449,0.0,1,364
taco,A,PERSIST,reference,both_frac,mean,0.3445053808288751,0.3177594278561489,0.37564729750134224,0.0,1,364
taco,A,PERSIST,reference,q_rel_l1,mean,0.7099910719770488,0.6866036975613317,0.7304135588835451,0.0,1,364
taco,A,PERSIST,reference,q_cos,mean,0.6300677499928318,0.5942117628421789,0.6669151495536455,0.0,1,364
taco,A,PERSIST,reference,q_Qerr,mean,0.6576696429747044,0.6299529299902893,0.6823766858200754,0.0,1,364
taco,A,PERSIST,reference,q_rel_l1_vs_grid,mean,0.6404427659044362,0.6129353344547581,0.66760530403494,0.0,1,362
taco,A,PERSIST,reference,part_hamming_vs_grid,mean,0.4187017055867997,0.39469998985924554,0.440416137439301,0.0,1,364
taco,A,PERSIST,reference,amount_l1_vs_grid,mean,0.5445149342662522,0.5138470221337337,0.5747210675863675,0.0,1,364
taco,A,PERSIST,reference,centroid_vs_grid,mean,0.09058221952303998,0.08020453162616224,0.1022611598531097,0.0,1,364
taco,A,PERSIST,reference,normal_vs_grid,mean,19.37173512283262,17.78967570831598,21.053879523819955,0.0,1,364
taco,A,PERSIST,reference,jitter_dense,mean,0.0,0.0,0.0,0.0,1,364
taco,A,PERSIST,reference,tv_dense,mean,0.0,0.0,0.0,0.0,1,364
taco,A,PERSIST,reference,jitter_r2,mean,0.5688424500595819,0.5265946551487913,0.6164087861608871,0.0,1,364
taco,A,PERSIST,reference,part_macro_f1,mean,0.4708707100618292,0.4405337159424889,0.5036701630787608,0.0,1,364
taco,A,PERSIST,reference,part_macro_auprc,mean,0.8540380717958106,0.8429387795832853,0.8661837788881878,0.0,1,364
taco,A,PERSIST,reference,E_C,best10,3.5385159840295604,3.4041649959006914,3.6738467494776113,0.0,1,364
taco,A,PERSIST,reference,E_C_last16,best10,4.442479819632494,4.266253812146653,4.619901753007249,0.0,1,364
taco,A,PERSIST,reference,part_hamming,best10,0.4772588953396285,0.453793175722203,0.4983861462671718,0.0,1,364
taco,A,PERSIST,reference,amount_l1,best10,0.7117958648519201,0.6733053802316187,0.746262830579779,0.0,1,364
taco,A,PERSIST,reference,amount_rmse,best10,0.013925954101128749,0.013263261907171304,0.01455743400661415,0.0,1,364
taco,A,PERSIST,reference,centroid,best10,0.4861707745611176,0.4643732540620798,0.5050363521201653,0.0,1,364
taco,A,PERSIST,reference,normal,best10,73.66539320120445,71.58813200180086,75.30510621936622,0.0,1,364
taco,A,PERSIST,reference,centroid_both,best10,0.11436987478429309,0.10233579340086829,0.1267816316230618,0.0,1,364
taco,A,PERSIST,reference,normal_both,best10,34.34069217463116,31.90976157810071,36.75612451711449,0.0,1,364
taco,A,PERSIST,reference,q_rel_l1,best10,0.7099910719770488,0.6866036975613317,0.7304135588835451,0.0,1,364
taco,A,PERSIST,reference,q_cos,best10,0.6300677499928318,0.5942117628421789,0.6669151495536455,0.0,1,364
taco,A,PERSIST,reference,q_Qerr,best10,0.6576696429747044,0.6299529299902893,0.6823766858200754,0.0,1,364
taco,A,PERSIST,reference,q_rel_l1_vs_grid,best10,0.6404427659044362,0.6129353344547581,0.66760530403494,0.0,1,362
taco,A,PERSIST,reference,part_hamming_vs_grid,best10,0.4187017055867997,0.39469998985924554,0.440416137439301,0.0,1,364
taco,A,PERSIST,reference,amount_l1_vs_grid,best10,0.5445149342662522,0.5138470221337337,0.5747210675863675,0.0,1,364
taco,A,PERSIST,reference,centroid_vs_grid,best10,0.09058221952303998,0.08020453162616224,0.1022611598531097,0.0,1,364
taco,A,PERSIST,reference,normal_vs_grid,best10,19.37173512283262,17.78967570831598,21.053879523819955,0.0,1,364
taco,A,D0,det,E_C,K1,1.7746110701790223,1.6690904206224655,1.878881728296762,0.00674633193826672,3,364
taco,A,D0,det,E_C_last16,K1,2.0637486473189823,1.9254741539401776,2.2108279860237814,0.0063571097539857,3,364
taco,A,D0,det,s0_err,K1,0.0,0.0,0.0,0.0,3,364
taco,A,D0,det,part_hamming,K1,0.18179837694296086,0.1687524307145205,0.1936085893933696,0.0003516223933429398,3,364
taco,A,D0,det,amount_l1,K1,0.45967725088526473,0.4359686391319291,0.48181657564953323,0.002021453294055149,3,364
taco,A,D0,det,amount_rmse,K1,0.009650110902269832,0.009136750330432063,0.010147028883008835,5.206681022621942e-05,3,364
taco,A,D0,det,centroid,K1,0.23959087469229548,0.2206936272938513,0.2573836104350142,0.0009452818804815147,3,364
taco,A,D0,det,normal,K1,51.27266321994446,49.59636582050023,52.94640939456365,0.1252669508626341,3,364
taco,A,D0,det,centroid_both,K1,0.10400350113150292,0.09458565479516994,0.1139286357562538,0.0022182891137458626,3,364
taco,A,D0,det,normal_both,K1,40.21548552947603,38.566551920600936,41.944866085267805,0.2683835212083748,3,364
taco,A,D0,det,both_frac,K1,0.7729718802247755,0.7502605292922472,0.7964712440648657,0.00018353816499252354,3,364
taco,A,D0,det,q_rel_l1,K1,0.47619974081687644,0.4568145609479537,0.49478085686280177,0.0008286803141670257,3,364
taco,A,D0,det,q_cos,K1,0.8312559812210307,0.8117475809075799,0.8503630906572455,0.0045431266448868685,3,364
taco,A,D0,det,q_Qerr,K1,0.35805980102142027,0.3370255578314582,0.3794079521034896,0.0013968619709392273,3,364
taco,A,D0,det,q_rel_l1_vs_grid,K1,0.2672094013561232,0.2443544393130861,0.29109165396069137,0.0017613591131833226,3,362
taco,A,D0,det,part_hamming_vs_grid,K1,0.10303652279280237,0.09020516704474436,0.1144387659691184,0.00043635462408675907,3,364
taco,A,D0,det,amount_l1_vs_grid,K1,0.2233585126803772,0.2056334798255468,0.24049551369548203,0.0011438293074380386,3,364
taco,A,D0,det,centroid_vs_grid,K1,0.0569235684582324,0.048219197785117233,0.06626218995642695,0.0018510213703970696,3,364
taco,A,D0,det,normal_vs_grid,K1,10.759467354194422,9.384570236437524,12.423540509741366,0.28191656850964164,3,364
taco,A,D0,det,jitter_dense,K1,0.1604550471563479,0.153206553866135,0.16834976570468946,0.0012131903596800486,3,364
taco,A,D0,det,tv_dense,K1,9.948213229249248,9.498806628972401,10.437685794121414,0.07521779150915821,3,364
taco,A,D0,det,jitter_r2,K1,1.0478565329958722,1.0012061376040882,1.0985527790319292,0.0007710784464277275,3,364
taco,A,D0,det,part_macro_f1,K1,0.8516815877656768,0.840847639159447,0.8627596788764205,0.00039861424820541915,3,364
taco,A,D0,det,part_macro_auprc,K1,0.9046133346484226,0.8942161165875838,0.9133236962203074,0.0003016458959960993,3,364
taco,A,D0,det,E_C,mean,1.7746110701790223,1.6690904206224655,1.878881728296762,0.00674633193826672,3,364
taco,A,D0,det,E_C_last16,mean,2.0637486473189823,1.9254741539401776,2.2108279860237814,0.0063571097539857,3,364
taco,A,D0,det,s0_err,mean,0.0,0.0,0.0,0.0,3,364
taco,A,D0,det,part_hamming,mean,0.18179837694296086,0.1687524307145205,0.1936085893933696,0.0003516223933429398,3,364
taco,A,D0,det,amount_l1,mean,0.45967725088526473,0.4359686391319291,0.48181657564953323,0.002021453294055149,3,364
taco,A,D0,det,amount_rmse,mean,0.009650110902269832,0.009136750330432063,0.010147028883008835,5.206681022621942e-05,3,364
taco,A,D0,det,centroid,mean,0.23959087469229548,0.2206936272938513,0.2573836104350142,0.0009452818804815147,3,364
taco,A,D0,det,normal,mean,51.27266321994446,49.59636582050023,52.94640939456365,0.1252669508626341,3,364
taco,A,D0,det,centroid_both,mean,0.10400350113150292,0.09458565479516994,0.1139286357562538,0.0022182891137458626,3,364
taco,A,D0,det,normal_both,mean,40.21548552947603,38.566551920600936,41.944866085267805,0.2683835212083748,3,364
taco,A,D0,det,both_frac,mean,0.7729718802247755,0.7502605292922472,0.7964712440648657,0.00018353816499252354,3,364
taco,A,D0,det,q_rel_l1,mean,0.47619974081687644,0.4568145609479537,0.49478085686280177,0.0008286803141670257,3,364
taco,A,D0,det,q_cos,mean,0.8312559812210307,0.8117475809075799,0.8503630906572455,0.0045431266448868685,3,364
taco,A,D0,det,q_Qerr,mean,0.35805980102142027,0.3370255578314582,0.3794079521034896,0.0013968619709392273,3,364
taco,A,D0,det,q_rel_l1_vs_grid,mean,0.2672094013561232,0.2443544393130861,0.29109165396069137,0.0017613591131833226,3,362
taco,A,D0,det,part_hamming_vs_grid,mean,0.10303652279280237,0.09020516704474436,0.1144387659691184,0.00043635462408675907,3,364
taco,A,D0,det,amount_l1_vs_grid,mean,0.2233585126803772,0.2056334798255468,0.24049551369548203,0.0011438293074380386,3,364
taco,A,D0,det,centroid_vs_grid,mean,0.0569235684582324,0.048219197785117233,0.06626218995642695,0.0018510213703970696,3,364
taco,A,D0,det,normal_vs_grid,mean,10.759467354194422,9.384570236437524,12.423540509741366,0.28191656850964164,3,364
taco,A,D0,det,jitter_dense,mean,0.1604550471563479,0.153206553866135,0.16834976570468946,0.0012131903596800486,3,364
taco,A,D0,det,tv_dense,mean,9.948213229249248,9.498806628972401,10.437685794121414,0.07521779150915821,3,364
taco,A,D0,det,jitter_r2,mean,1.0478565329958722,1.0012061376040882,1.0985527790319292,0.0007710784464277275,3,364
taco,A,D0,det,part_macro_f1,mean,0.8516815877656768,0.840847639159447,0.8627596788764205,0.00039861424820541915,3,364
taco,A,D0,det,part_macro_auprc,mean,0.9046133346484226,0.8942161165875838,0.9133236962203074,0.0003016458959960993,3,364
taco,A,D0,det,E_C,best10,1.7746110701790223,1.6690904206224655,1.878881728296762,0.00674633193826672,3,364
taco,A,D0,det,E_C_last16,best10,2.0637486473189823,1.9254741539401776,2.2108279860237814,0.0063571097539857,3,364
taco,A,D0,det,part_hamming,best10,0.18179837694296086,0.1687524307145205,0.1936085893933696,0.0003516223933429398,3,364
taco,A,D0,det,amount_l1,best10,0.45967725088526473,0.4359686391319291,0.48181657564953323,0.002021453294055149,3,364
taco,A,D0,det,amount_rmse,best10,0.009650110902269832,0.009136750330432063,0.010147028883008835,5.206681022621942e-05,3,364
taco,A,D0,det,centroid,best10,0.23959087469229548,0.2206936272938513,0.2573836104350142,0.0009452818804815147,3,364
taco,A,D0,det,normal,best10,51.27266321994446,49.59636582050023,52.94640939456365,0.1252669508626341,3,364
taco,A,D0,det,centroid_both,best10,0.10400350113150292,0.09458565479516994,0.1139286357562538,0.0022182891137458626,3,364
taco,A,D0,det,normal_both,best10,40.21548552947603,38.566551920600936,41.944866085267805,0.2683835212083748,3,364
taco,A,D0,det,q_rel_l1,best10,0.47619974081687644,0.4568145609479537,0.49478085686280177,0.0008286803141670257,3,364
taco,A,D0,det,q_cos,best10,0.8312559812210307,0.8117475809075799,0.8503630906572455,0.0045431266448868685,3,364
taco,A,D0,det,q_Qerr,best10,0.35805980102142027,0.3370255578314582,0.3794079521034896,0.0013968619709392273,3,364
taco,A,D0,det,q_rel_l1_vs_grid,best10,0.2672094013561232,0.2443544393130861,0.29109165396069137,0.0017613591131833226,3,362
taco,A,D0,det,part_hamming_vs_grid,best10,0.10303652279280237,0.09020516704474436,0.1144387659691184,0.00043635462408675907,3,364
taco,A,D0,det,amount_l1_vs_grid,best10,0.2233585126803772,0.2056334798255468,0.24049551369548203,0.0011438293074380386,3,364
taco,A,D0,det,centroid_vs_grid,best10,0.0569235684582324,0.048219197785117233,0.06626218995642695,0.0018510213703970696,3,364
taco,A,D0,det,normal_vs_grid,best10,10.759467354194422,9.384570236437524,12.423540509741366,0.28191656850964164,3,364
taco,A,D1,det,E_C,K1,1.7997577707027341,1.699849738904516,1.8948266338998374,0.0057342541289291124,3,364
taco,A,D1,det,E_C_last16,K1,2.0674846565057505,1.9314186645121592,2.207757557063653,0.00980500191408516,3,364
taco,A,D1,det,s0_err,K1,0.0,0.0,0.0,0.0,3,364
taco,A,D1,det,part_hamming,K1,0.18814322282645457,0.1747868900263308,0.20000315859807513,0.0014912174962463528,3,364
taco,A,D1,det,amount_l1,K1,0.4553198139814339,0.4318989730179084,0.4771471083831416,0.0013932676210059345,3,364
taco,A,D1,det,amount_rmse,K1,0.009503490288550845,0.008991899786452403,0.009959335256227707,2.7074061186673518e-05,3,364
taco,A,D1,det,centroid,K1,0.25241967142924615,0.23368995724011243,0.26983450352319494,0.001924830149610434,3,364
taco,A,D1,det,normal,K1,52.38255059042256,50.68046024703471,53.97286584103417,0.2037549032071407,3,364
taco,A,D1,det,centroid_both,K1,0.1003931654606956,0.09265484730369206,0.10797835237055507,0.002372360702757231,3,364
taco,A,D1,det,normal_both,K1,39.81211561881579,38.23159621083394,41.444384667554786,0.265125996679119,3,364
taco,A,D1,det,both_frac,K1,0.7476117107317862,0.7249966249721955,0.7721224478878221,0.0023068009133284145,3,364
taco,A,D1,det,q_rel_l1,K1,0.48472285650725117,0.46571891491923945,0.502659843440635,0.0018033490829309207,3,364
taco,A,D1,det,q_cos,K1,0.8106943371069478,0.7890341484171329,0.8316697394195648,0.001785852447427146,3,364
taco,A,D1,det,q_Qerr,K1,0.37514631574352575,0.3530403978492597,0.39662705027396744,0.0018963571812792314,3,364
taco,A,D1,det,q_rel_l1_vs_grid,K1,0.28752156814863017,0.26462029446297664,0.3098297670182206,0.003944476125881236,3,362
taco,A,D1,det,part_hamming_vs_grid,K1,0.1164069721405309,0.10349667094325202,0.12819286992761744,0.0018719072670827775,3,364
taco,A,D1,det,amount_l1_vs_grid,K1,0.2238537236543256,0.20603417510781016,0.24035293049499706,0.0008639189497855678,3,364
taco,A,D1,det,centroid_vs_grid,K1,0.05438396465711316,0.047752629849605106,0.06193145413722266,0.002039318026865449,3,364
taco,A,D1,det,normal_vs_grid,K1,10.616483970923902,9.547652787601283,11.775439542245305,0.3350880470499814,3,364
taco,A,D1,det,jitter_dense,K1,0.17774164948557866,0.17012446903563638,0.18610330913458142,0.0014491044028110505,3,364
taco,A,D1,det,tv_dense,K1,11.019982584230192,10.547717391378315,11.538405495965746,0.08984447426240685,3,364
taco,A,D1,det,jitter_r2,K1,1.0382337536212507,0.9926527239513865,1.088086682405,0.0014496584763485055,3,364
taco,A,D1,det,part_macro_f1,K1,0.8433301331199926,0.8320167145783626,0.856792110673169,0.0013851139296515533,3,364
taco,A,D1,det,part_macro_auprc,K1,0.9193823516983052,0.9093830827977999,0.9278674264548488,0.0003044120435322792,3,364
taco,A,D1,det,E_C,mean,1.7997577707027341,1.699849738904516,1.8948266338998374,0.0057342541289291124,3,364
taco,A,D1,det,E_C_last16,mean,2.0674846565057505,1.9314186645121592,2.207757557063653,0.00980500191408516,3,364
taco,A,D1,det,s0_err,mean,0.0,0.0,0.0,0.0,3,364
taco,A,D1,det,part_hamming,mean,0.18814322282645457,0.1747868900263308,0.20000315859807513,0.0014912174962463528,3,364
taco,A,D1,det,amount_l1,mean,0.4553198139814339,0.4318989730179084,0.4771471083831416,0.0013932676210059345,3,364
taco,A,D1,det,amount_rmse,mean,0.009503490288550845,0.008991899786452403,0.009959335256227707,2.7074061186673518e-05,3,364
taco,A,D1,det,centroid,mean,0.25241967142924615,0.23368995724011243,0.26983450352319494,0.001924830149610434,3,364
taco,A,D1,det,normal,mean,52.38255059042256,50.68046024703471,53.97286584103417,0.2037549032071407,3,364
taco,A,D1,det,centroid_both,mean,0.1003931654606956,0.09265484730369206,0.10797835237055507,0.002372360702757231,3,364
taco,A,D1,det,normal_both,mean,39.81211561881579,38.23159621083394,41.444384667554786,0.265125996679119,3,364
taco,A,D1,det,both_frac,mean,0.7476117107317862,0.7249966249721955,0.7721224478878221,0.0023068009133284145,3,364
taco,A,D1,det,q_rel_l1,mean,0.48472285650725117,0.46571891491923945,0.502659843440635,0.0018033490829309207,3,364
taco,A,D1,det,q_cos,mean,0.8106943371069478,0.7890341484171329,0.8316697394195648,0.001785852447427146,3,364
taco,A,D1,det,q_Qerr,mean,0.37514631574352575,0.3530403978492597,0.39662705027396744,0.0018963571812792314,3,364
taco,A,D1,det,q_rel_l1_vs_grid,mean,0.28752156814863017,0.26462029446297664,0.3098297670182206,0.003944476125881236,3,362
taco,A,D1,det,part_hamming_vs_grid,mean,0.1164069721405309,0.10349667094325202,0.12819286992761744,0.0018719072670827775,3,364
taco,A,D1,det,amount_l1_vs_grid,mean,0.2238537236543256,0.20603417510781016,0.24035293049499706,0.0008639189497855678,3,364
taco,A,D1,det,centroid_vs_grid,mean,0.05438396465711316,0.047752629849605106,0.06193145413722266,0.002039318026865449,3,364
taco,A,D1,det,normal_vs_grid,mean,10.616483970923902,9.547652787601283,11.775439542245305,0.3350880470499814,3,364
taco,A,D1,det,jitter_dense,mean,0.17774164948557866,0.17012446903563638,0.18610330913458142,0.0014491044028110505,3,364
taco,A,D1,det,tv_dense,mean,11.019982584230192,10.547717391378315,11.538405495965746,0.08984447426240685,3,364
taco,A,D1,det,jitter_r2,mean,1.0382337536212507,0.9926527239513865,1.088086682405,0.0014496584763485055,3,364
taco,A,D1,det,part_macro_f1,mean,0.8433301331199926,0.8320167145783626,0.856792110673169,0.0013851139296515533,3,364
taco,A,D1,det,part_macro_auprc,mean,0.9193823516983052,0.9093830827977999,0.9278674264548488,0.0003044120435322792,3,364
taco,A,D1,det,E_C,best10,1.7997577707027341,1.699849738904516,1.8948266338998374,0.0057342541289291124,3,364
taco,A,D1,det,E_C_last16,best10,2.0674846565057505,1.9314186645121592,2.207757557063653,0.00980500191408516,3,364
taco,A,D1,det,part_hamming,best10,0.18814322282645457,0.1747868900263308,0.20000315859807513,0.0014912174962463528,3,364
taco,A,D1,det,amount_l1,best10,0.4553198139814339,0.4318989730179084,0.4771471083831416,0.0013932676210059345,3,364
taco,A,D1,det,amount_rmse,best10,0.009503490288550845,0.008991899786452403,0.009959335256227707,2.7074061186673518e-05,3,364
taco,A,D1,det,centroid,best10,0.25241967142924615,0.23368995724011243,0.26983450352319494,0.001924830149610434,3,364
taco,A,D1,det,normal,best10,52.38255059042256,50.68046024703471,53.97286584103417,0.2037549032071407,3,364
taco,A,D1,det,centroid_both,best10,0.1003931654606956,0.09265484730369206,0.10797835237055507,0.002372360702757231,3,364
taco,A,D1,det,normal_both,best10,39.81211561881579,38.23159621083394,41.444384667554786,0.265125996679119,3,364
taco,A,D1,det,q_rel_l1,best10,0.48472285650725117,0.46571891491923945,0.502659843440635,0.0018033490829309207,3,364
taco,A,D1,det,q_cos,best10,0.8106943371069478,0.7890341484171329,0.8316697394195648,0.001785852447427146,3,364
taco,A,D1,det,q_Qerr,best10,0.37514631574352575,0.3530403978492597,0.39662705027396744,0.0018963571812792314,3,364
taco,A,D1,det,q_rel_l1_vs_grid,best10,0.28752156814863017,0.26462029446297664,0.3098297670182206,0.003944476125881236,3,362
taco,A,D1,det,part_hamming_vs_grid,best10,0.1164069721405309,0.10349667094325202,0.12819286992761744,0.0018719072670827775,3,364
taco,A,D1,det,amount_l1_vs_grid,best10,0.2238537236543256,0.20603417510781016,0.24035293049499706,0.0008639189497855678,3,364
taco,A,D1,det,centroid_vs_grid,best10,0.05438396465711316,0.047752629849605106,0.06193145413722266,0.002039318026865449,3,364
taco,A,D1,det,normal_vs_grid,best10,10.616483970923902,9.547652787601283,11.775439542245305,0.3350880470499814,3,364
taco,A,D2,det,E_C,K1,1.8917281268498838,1.7885081195350734,1.994197305274373,0.0033537575157596413,3,364
taco,A,D2,det,E_C_last16,K1,2.167227554233956,2.0318649130435977,2.312122466603668,0.0026031043090521382,3,364
taco,A,D2,det,s0_err,K1,0.0,0.0,0.0,0.0,3,364
taco,A,D2,det,part_hamming,K1,0.2001497370486008,0.18589005620887739,0.21264352736165407,0.0007957787628044426,3,364
taco,A,D2,det,amount_l1,K1,0.4585628503449125,0.43556637729566444,0.4804749721133242,0.0016928981182631135,3,364
taco,A,D2,det,amount_rmse,K1,0.009532524481750071,0.009036755752168965,0.01000717794693356,4.241382617953749e-05,3,364
taco,A,D2,det,centroid,K1,0.2664066475096258,0.24583733857011977,0.2849731776284873,0.0005933056468956605,3,364
taco,A,D2,det,normal,K1,53.5491799609565,51.76264237225596,55.213054593794844,0.05805999236209725,3,364
taco,A,D2,det,centroid_both,K1,0.10098549972660158,0.0920069008838286,0.11020339620822674,0.0011577920925395207,3,364
taco,A,D2,det,normal_both,K1,39.88969260257679,38.282007666336476,41.536771190193136,0.15067495539871809,3,364
taco,A,D2,det,both_frac,K1,0.7236045658918466,0.6993798248888244,0.7507361316610994,0.0016582285168303026,3,364
taco,A,D2,det,q_rel_l1,K1,0.5000554646941877,0.4792441373289686,0.5197292719916112,0.00015383964200461125,3,364
taco,A,D2,det,q_cos,K1,0.7910755779926798,0.7677744658029273,0.8145876916438859,0.00136016585943604,3,364
taco,A,D2,det,q_Qerr,K1,0.3954469853323021,0.37129542685156947,0.41887233762110737,8.896066051793984e-05,3,364
taco,A,D2,det,q_rel_l1_vs_grid,K1,0.3144961195804083,0.2909215992106622,0.3387540367638558,0.0017541399420969517,3,362
taco,A,D2,det,part_hamming_vs_grid,K1,0.12864605690806338,0.11468115829472378,0.14160314635522903,0.0007774994663634089,3,364
taco,A,D2,det,amount_l1_vs_grid,K1,0.23479770656995774,0.21692178217112876,0.25218908924697175,0.001440740788314656,3,364
taco,A,D2,det,centroid_vs_grid,K1,0.05895698301213957,0.0507201124475611,0.06774149689191593,0.001181789373988136,3,364
taco,A,D2,det,normal_vs_grid,K1,11.885962114386235,10.582116996166908,13.35512804579236,0.04064486871896038,3,364
taco,A,D2,det,jitter_dense,K1,0.17100160889968877,0.1640445881620683,0.1790470487826959,0.0012825809710345422,3,364
taco,A,D2,det,tv_dense,K1,10.602100056606334,10.170764757007522,11.100917344934924,0.07952002871026483,3,364
taco,A,D2,det,jitter_r2,K1,1.0069552805349777,0.96040523119857,1.0590878746434562,0.0011623201816419178,3,364
taco,A,D2,det,part_macro_f1,K1,0.8308931218281855,0.8164341334284614,0.8429565430586011,0.0006504825162501963,3,364
taco,A,D2,det,part_macro_auprc,K1,0.9194583241702642,0.9093127820999234,0.9274716893161614,0.0003846146116946894,3,364
taco,A,D2,det,E_C,mean,1.8917281268498838,1.7885081195350734,1.994197305274373,0.0033537575157596413,3,364
taco,A,D2,det,E_C_last16,mean,2.167227554233956,2.0318649130435977,2.312122466603668,0.0026031043090521382,3,364
taco,A,D2,det,s0_err,mean,0.0,0.0,0.0,0.0,3,364
taco,A,D2,det,part_hamming,mean,0.2001497370486008,0.18589005620887739,0.21264352736165407,0.0007957787628044426,3,364
taco,A,D2,det,amount_l1,mean,0.4585628503449125,0.43556637729566444,0.4804749721133242,0.0016928981182631135,3,364
taco,A,D2,det,amount_rmse,mean,0.009532524481750071,0.009036755752168965,0.01000717794693356,4.241382617953749e-05,3,364
taco,A,D2,det,centroid,mean,0.2664066475096258,0.24583733857011977,0.2849731776284873,0.0005933056468956605,3,364
taco,A,D2,det,normal,mean,53.5491799609565,51.76264237225596,55.213054593794844,0.05805999236209725,3,364
taco,A,D2,det,centroid_both,mean,0.10098549972660158,0.0920069008838286,0.11020339620822674,0.0011577920925395207,3,364
taco,A,D2,det,normal_both,mean,39.88969260257679,38.282007666336476,41.536771190193136,0.15067495539871809,3,364
taco,A,D2,det,both_frac,mean,0.7236045658918466,0.6993798248888244,0.7507361316610994,0.0016582285168303026,3,364
taco,A,D2,det,q_rel_l1,mean,0.5000554646941877,0.4792441373289686,0.5197292719916112,0.00015383964200461125,3,364
taco,A,D2,det,q_cos,mean,0.7910755779926798,0.7677744658029273,0.8145876916438859,0.00136016585943604,3,364
taco,A,D2,det,q_Qerr,mean,0.3954469853323021,0.37129542685156947,0.41887233762110737,8.896066051793984e-05,3,364
taco,A,D2,det,q_rel_l1_vs_grid,mean,0.3144961195804083,0.2909215992106622,0.3387540367638558,0.0017541399420969517,3,362
taco,A,D2,det,part_hamming_vs_grid,mean,0.12864605690806338,0.11468115829472378,0.14160314635522903,0.0007774994663634089,3,364
taco,A,D2,det,amount_l1_vs_grid,mean,0.23479770656995774,0.21692178217112876,0.25218908924697175,0.001440740788314656,3,364
taco,A,D2,det,centroid_vs_grid,mean,0.05895698301213957,0.0507201124475611,0.06774149689191593,0.001181789373988136,3,364
taco,A,D2,det,normal_vs_grid,mean,11.885962114386235,10.582116996166908,13.35512804579236,0.04064486871896038,3,364
taco,A,D2,det,jitter_dense,mean,0.17100160889968877,0.1640445881620683,0.1790470487826959,0.0012825809710345422,3,364
taco,A,D2,det,tv_dense,mean,10.602100056606334,10.170764757007522,11.100917344934924,0.07952002871026483,3,364
taco,A,D2,det,jitter_r2,mean,1.0069552805349777,0.96040523119857,1.0590878746434562,0.0011623201816419178,3,364
taco,A,D2,det,part_macro_f1,mean,0.8308931218281855,0.8164341334284614,0.8429565430586011,0.0006504825162501963,3,364
taco,A,D2,det,part_macro_auprc,mean,0.9194583241702642,0.9093127820999234,0.9274716893161614,0.0003846146116946894,3,364
taco,A,D2,det,E_C,best10,1.8917281268498838,1.7885081195350734,1.994197305274373,0.0033537575157596413,3,364
taco,A,D2,det,E_C_last16,best10,2.167227554233956,2.0318649130435977,2.312122466603668,0.0026031043090521382,3,364
taco,A,D2,det,part_hamming,best10,0.2001497370486008,0.18589005620887739,0.21264352736165407,0.0007957787628044426,3,364
taco,A,D2,det,amount_l1,best10,0.4585628503449125,0.43556637729566444,0.4804749721133242,0.0016928981182631135,3,364
taco,A,D2,det,amount_rmse,best10,0.009532524481750071,0.009036755752168965,0.01000717794693356,4.241382617953749e-05,3,364
taco,A,D2,det,centroid,best10,0.2664066475096258,0.24583733857011977,0.2849731776284873,0.0005933056468956605,3,364
taco,A,D2,det,normal,best10,53.5491799609565,51.76264237225596,55.213054593794844,0.05805999236209725,3,364
taco,A,D2,det,centroid_both,best10,0.10098549972660158,0.0920069008838286,0.11020339620822674,0.0011577920925395207,3,364
taco,A,D2,det,normal_both,best10,39.88969260257679,38.282007666336476,41.536771190193136,0.15067495539871809,3,364
taco,A,D2,det,q_rel_l1,best10,0.5000554646941877,0.4792441373289686,0.5197292719916112,0.00015383964200461125,3,364
taco,A,D2,det,q_cos,best10,0.7910755779926798,0.7677744658029273,0.8145876916438859,0.00136016585943604,3,364
taco,A,D2,det,q_Qerr,best10,0.3954469853323021,0.37129542685156947,0.41887233762110737,8.896066051793984e-05,3,364
taco,A,D2,det,q_rel_l1_vs_grid,best10,0.3144961195804083,0.2909215992106622,0.3387540367638558,0.0017541399420969517,3,362
taco,A,D2,det,part_hamming_vs_grid,best10,0.12864605690806338,0.11468115829472378,0.14160314635522903,0.0007774994663634089,3,364
taco,A,D2,det,amount_l1_vs_grid,best10,0.23479770656995774,0.21692178217112876,0.25218908924697175,0.001440740788314656,3,364
taco,A,D2,det,centroid_vs_grid,best10,0.05895698301213957,0.0507201124475611,0.06774149689191593,0.001181789373988136,3,364
taco,A,D2,det,normal_vs_grid,best10,11.885962114386235,10.582116996166908,13.35512804579236,0.04064486871896038,3,364
taco,A,S0,diff,E_C,K1,2.036792440565078,1.9329905537701613,2.1396164340045454,0.027874575852799212,3,364
taco,A,S0,diff,E_C_last16,K1,2.277525797158807,2.1382437331147774,2.407084478128631,0.02395578369933729,3,364
taco,A,S0,diff,s0_err,K1,0.0,0.0,0.0,0.0,3,364
taco,A,S0,diff,part_hamming,K1,0.1855897796672902,0.17312239418280223,0.19744239752882758,0.0019399110608080724,3,364
taco,A,S0,diff,amount_l1,K1,0.48134514864111116,0.4574087602528486,0.503491426989128,0.0026742254189392202,3,364
taco,A,S0,diff,amount_rmse,K1,0.010172476290747346,0.009668006219622929,0.010688354786582567,6.659366239636933e-05,3,364
taco,A,S0,diff,centroid,K1,0.23949479265309076,0.22050072719141559,0.25729375413421207,0.0022569379266624075,3,364
taco,A,S0,diff,normal,K1,51.05553847485846,49.38164665181212,52.63022138036828,0.20510844264815595,3,364
taco,A,S0,diff,centroid_both,K1,0.10816315024060916,0.09991438657720311,0.11588812724203115,0.003902789001919463,3,364
taco,A,S0,diff,normal_both,K1,39.751154801839,38.271292854675764,41.24207513228218,0.23527111554085253,3,364
taco,A,S0,diff,both_frac,K1,0.773847134012879,0.7523170111964159,0.7984794185019441,0.0034656547559618017,3,364
taco,A,S0,diff,q_rel_l1,K1,0.4807385550095485,0.46087643148807755,0.499629713233593,0.000851889198269365,3,364
taco,A,S0,diff,q_cos,K1,0.8375286387497961,0.8194547710347088,0.8561875182839904,0.002783439716195229,3,364
taco,A,S0,diff,q_Qerr,K1,0.36008808863495956,0.3385237208346461,0.3820486738645748,0.002269118645057199,3,364
taco,A,S0,diff,q_rel_l1_vs_grid,K1,0.27660859388455367,0.2545874424045711,0.2976547748672641,0.003582918152386167,3,362
taco,A,S0,diff,part_hamming_vs_grid,K1,0.10690060438120894,0.09449863655673206,0.11762685331899504,0.0021881810393528803,3,364
taco,A,S0,diff,amount_l1_vs_grid,K1,0.24607639509038284,0.22755125422860284,0.2631358438028989,0.0031878405339853923,3,364
taco,A,S0,diff,centroid_vs_grid,K1,0.05934425674546459,0.05176675423704475,0.06680373474157329,0.002190866291051502,3,364
taco,A,S0,diff,normal_vs_grid,K1,10.810443881503392,9.739892712607093,11.884664978869854,0.25905108860559484,3,364
taco,A,S0,diff,jitter_dense,K1,1.1480126623814797,1.1352086848912128,1.1613994980097928,0.033214461344671424,3,364
taco,A,S0,diff,tv_dense,K1,71.17678725413788,70.38294065021917,72.00677109719483,2.059296752574653,3,364
taco,A,S0,diff,jitter_r2,K1,1.2336259981815194,1.1920526497329547,1.2763616052199065,0.007350801377081225,3,364
taco,A,S0,diff,D_C,samples,1.2508388988045982,1.2339281357275966,1.2661790326999838,0.036157100970873726,3,364
taco,A,S0,diff,D_part,samples,0.033727524459026006,0.031031204697661754,0.036275211306289294,0.0005686660378345109,3,364
taco,A,S0,diff,D_amount,samples,0.10504574607716595,0.10100973661901141,0.10899169399326561,0.000825682610204482,3,364
taco,A,S0,diff,D_centroid,samples,0.02497057630036592,0.02259850164631335,0.027265973348101467,0.00035972678293049815,3,364
taco,A,S0,diff,D_normal,samples,5.8261806807948116,5.397620527622567,6.278498403878219,0.21556306896208796,3,364
taco,A,S0,diff,D_q,samples,0.10723692571806757,0.09393027746775189,0.12086685549021728,0.002813838771936699,3,364
taco,A,S0,diff,D_Z,samples,0.8167840026373611,0.7826796289491084,0.8510034511584601,0.0070451326151578526,3,364
taco,A,S0,diff,part_macro_f1,K1,0.8489818463410955,0.8379475537472854,0.860570797760336,0.0018486367166406293,3,364
taco,A,S0,diff,part_macro_auprc,K1,0.898800972051454,0.8882873153580384,0.9069050733006075,0.00039472197770926533,3,364
taco,A,S0,diff,E_C,mean,2.042637381880056,1.938600492535019,2.1447657011920183,0.028596772404659278,3,364
taco,A,S0,diff,E_C_last16,mean,2.2819108215935064,2.1454367590472416,2.408179713989813,0.0274809444495706,3,364
taco,A,S0,diff,s0_err,mean,0.0,0.0,0.0,0.0,3,364
taco,A,S0,diff,part_hamming,mean,0.18611694207933524,0.1732758876554492,0.19788963075237223,0.001288658097538249,3,364
taco,A,S0,diff,amount_l1,mean,0.4815877484625048,0.45739704186061697,0.5035788055183686,0.0017572907790257219,3,364
taco,A,S0,diff,amount_rmse,mean,0.01017604934335422,0.00967674646049064,0.010684042950515353,5.650788215558404e-05,3,364
taco,A,S0,diff,centroid,mean,0.24018180034798822,0.22143417429718693,0.2571527142388508,0.0029875329518847344,3,364
taco,A,S0,diff,normal,mean,51.12856506373419,49.42136991009429,52.624875342082454,0.2780039049885268,3,364
taco,A,S0,diff,centroid_both,mean,0.10892667552497198,0.1006912074529248,0.11678643652600113,0.0022211725856082437,3,364
taco,A,S0,diff,normal_both,mean,39.95530791045218,38.568072545998135,41.36339787942093,0.18168702149320906,3,364
taco,A,S0,diff,both_frac,mean,0.7738506711824565,0.751882049883319,0.7984670524711103,0.003027761864263248,3,364
taco,A,S0,diff,q_rel_l1,mean,0.48156665902816775,0.46148726403762835,0.5003781848189003,0.0015218434327495948,3,364
taco,A,S0,diff,q_cos,mean,0.837261668741686,0.8191557246776816,0.8563155265917819,0.0013217755867022626,3,364
taco,A,S0,diff,q_Qerr,mean,0.36045848825236865,0.338791013697146,0.38221846049496355,0.0021446699781011405,3,364
taco,A,S0,diff,q_rel_l1_vs_grid,mean,0.27717474666376934,0.254920842698295,0.2982948880210616,0.0032775976767457997,3,362
taco,A,S0,diff,part_hamming_vs_grid,mean,0.10678528775119873,0.09485549958101043,0.11730417135354754,0.001721460219265018,3,364
taco,A,S0,diff,amount_l1_vs_grid,mean,0.24677084720260278,0.22847581244815954,0.2642981897688451,0.0027200943870397546,3,364
taco,A,S0,diff,centroid_vs_grid,mean,0.05972095601803401,0.05251528360750604,0.0671363365145434,0.002209478863798344,3,364
taco,A,S0,diff,normal_vs_grid,mean,11.035637640413375,9.888090373268154,12.157279054148777,0.40007953951708514,3,364
taco,A,S0,diff,jitter_dense,mean,1.1468892129349622,1.1348234679578126,1.1595868523791073,0.035070133417319,3,364
taco,A,S0,diff,tv_dense,mean,71.10713334031158,70.35905709731942,71.89438703733931,2.174348334286568,3,364
taco,A,S0,diff,jitter_r2,mean,1.2296106496498316,1.18971612274688,1.273389726616136,0.0020292220727927833,3,364
taco,A,S0,diff,part_macro_f1,mean,0.8485294075134137,0.8367627310176735,0.8590704428416356,0.0012172303591851898,3,364
taco,A,S0,diff,part_macro_auprc,mean,0.8983647873349693,0.8874421700374098,0.9070102833803569,0.0003431053704851995,3,364
taco,A,S0,diff,E_C,best10,1.9062473553440948,1.805438816992899,2.0076861508930897,0.03231887257121302,3,364
taco,A,S0,diff,E_C_last16,best10,2.078795240857662,1.9499705407216343,2.20758073524537,0.03405992739059764,3,364
taco,A,S0,diff,part_hamming,best10,0.16677085416401727,0.15448094521002487,0.17828108936870884,0.0020497041086756304,3,364
taco,A,S0,diff,amount_l1,best10,0.45483780845030874,0.4319363931947452,0.47638255926680106,0.001982028822614959,3,364
taco,A,S0,diff,amount_rmse,best10,0.009535841305331657,0.009052509521418624,0.010025395730346524,5.828863610123094e-05,3,364
taco,A,S0,diff,centroid,best10,0.2210687674469427,0.20313101202203304,0.23791798687996746,0.0032537065682994443,3,364
taco,A,S0,diff,normal,best10,49.0600834940816,47.351211235428394,50.59226331457851,0.2319463626995794,3,364
taco,A,S0,diff,centroid_both,best10,0.09432746760287891,0.08759575240028276,0.10123139005152565,0.0028146261096299416,3,364
taco,A,S0,diff,normal_both,best10,37.465736855080706,35.9900014243416,38.93234481336637,0.2657542786044945,3,364
taco,A,S0,diff,q_rel_l1,best10,0.4498108128706615,0.4309731360733977,0.46841809733628154,0.0017152399602811464,3,364
taco,A,S0,diff,q_cos,best10,0.8675567485876517,0.8532946231955524,0.8825855781105377,0.0019073697649025013,3,364
taco,A,S0,diff,q_Qerr,best10,0.322932912507555,0.3022613042027376,0.3437493326756257,0.0020501259671067053,3,364
taco,A,S0,diff,q_rel_l1_vs_grid,best10,0.2341609246916057,0.21418714010504217,0.2529316372503881,0.003742390300918495,3,362
taco,A,S0,diff,part_hamming_vs_grid,best10,0.08783699459082452,0.07657052116501592,0.09768232189306006,0.002645192316220029,3,364
taco,A,S0,diff,amount_l1_vs_grid,best10,0.2212807375002966,0.2034237214070859,0.23830052679263533,0.003152602075809817,3,364
taco,A,S0,diff,centroid_vs_grid,best10,0.047783372671765134,0.041830390780030896,0.054037110499505554,0.002534334536412063,3,364
taco,A,S0,diff,normal_vs_grid,best10,8.757712884413781,7.919714892830391,9.664616607371213,0.390939148904125,3,364
taco,A,S1,diff,E_C,K1,2.175843896173732,2.073718863358873,2.274179645079472,0.015913272447932187,3,364
taco,A,S1,diff,E_C_last16,K1,2.3674724742824775,2.234818672368035,2.498424348633808,0.025152658033499916,3,364
taco,A,S1,diff,s0_err,K1,0.0,0.0,0.0,0.0,3,364
taco,A,S1,diff,part_hamming,K1,0.20143130261556763,0.1882716255879871,0.21334055040442912,0.0014429028254859533,3,364
taco,A,S1,diff,amount_l1,K1,0.47640546110387033,0.45216393226385354,0.4989111654665735,0.001581613103706032,3,364
taco,A,S1,diff,amount_rmse,K1,0.009920599234150552,0.009431167940102965,0.010412971763698394,2.385815660421745e-05,3,364
taco,A,S1,diff,centroid,K1,0.2672487890736742,0.24988429001272536,0.2838000556674805,0.0024648084126065953,3,364
taco,A,S1,diff,normal,K1,53.81267729805502,52.20041809849193,55.30841857857397,0.18565123461197958,3,364
taco,A,S1,diff,centroid_both,K1,0.10443423279380297,0.09696148025320359,0.11171458440256714,0.0007672213540446048,3,364
taco,A,S1,diff,normal_both,K1,40.20950087222643,38.671136226184856,41.69761806591397,0.08029805163887076,3,364
taco,A,S1,diff,both_frac,K1,0.7246655744002389,0.7028914152833841,0.746547802858307,0.002904951805426456,3,364
taco,A,S1,diff,q_rel_l1,K1,0.49437426723157746,0.4762405569058555,0.5117903458241191,0.002888739826804896,3,364
taco,A,S1,diff,q_cos,K1,0.807148128152644,0.7889506433891155,0.8245388570088775,0.0009802618741730738,3,364
taco,A,S1,diff,q_Qerr,K1,0.39002190834600414,0.36999960424860656,0.4103676549247288,0.0030519081608312987,3,364
taco,A,S1,diff,q_rel_l1_vs_grid,K1,0.3181640360655321,0.29566368805776716,0.33969947835090913,0.002979446558655658,3,362
taco,A,S1,diff,part_hamming_vs_grid,K1,0.13873143059682552,0.1253911728650175,0.1504694130584825,0.0010767292709854025,3,364
taco,A,S1,diff,amount_l1_vs_grid,K1,0.25120191784377716,0.2332275832976265,0.26881616922256824,0.0013788197228055883,3,364
taco,A,S1,diff,centroid_vs_grid,K1,0.05902136583243678,0.05239674039082264,0.06585176638862897,0.0018388578854473244,3,364
taco,A,S1,diff,normal_vs_grid,K1,11.524695011033188,10.556066224624615,12.570256218359269,0.20735634408498815,3,364
taco,A,S1,diff,jitter_dense,K1,1.2548269083648373,1.2448295842902806,1.266286738897371,0.028170525853006907,3,364
taco,A,S1,diff,tv_dense,K1,77.7992705180968,77.17943643904628,78.5097799969471,1.7465725888917107,3,364
taco,A,S1,diff,jitter_r2,K1,1.1938827840932016,1.153134350107019,1.2393498664418343,0.009269696066804702,3,364
taco,A,S1,diff,D_C,samples,1.3469111299340106,1.3338955109471022,1.3603163111932748,0.027014039982726074,3,364
taco,A,S1,diff,D_part,samples,0.04089008651531153,0.03848112126471137,0.043250857374775645,0.0011761223141873618,3,364
taco,A,S1,diff,D_amount,samples,0.09742633832768696,0.0936403245470415,0.10104477434415413,0.0024097236735035324,3,364
taco,A,S1,diff,D_centroid,samples,0.026430640163581525,0.024259857699687436,0.028573928623572383,0.0013727247089888952,3,364
taco,A,S1,diff,D_normal,samples,6.463088596707053,5.9611662762449455,6.9692383483065665,0.16915714583877126,3,364
taco,A,S1,diff,D_q,samples,0.12980221674199058,0.11822331753601223,0.14170939000273886,0.0043251776461534315,3,364
taco,A,S1,diff,D_Z,samples,0.8706161292617792,0.8412373491874284,0.9003461261534824,0.018399499908903383,3,364
taco,A,S1,diff,part_macro_f1,K1,0.8270977948117331,0.8139378775029648,0.8363560174017821,0.0015130179097192112,3,364
taco,A,S1,diff,part_macro_auprc,K1,0.9263930142884059,0.9169975634961137,0.9348294637803478,0.0005959718371604029,3,364
taco,A,S1,diff,E_C,mean,2.1798032443711173,2.077564725017188,2.277095669706887,0.0161848461891999,3,364
taco,A,S1,diff,E_C_last16,mean,2.369436920125843,2.2355403238962106,2.5030773615644057,0.020463376545756508,3,364
taco,A,S1,diff,s0_err,mean,0.0,0.0,0.0,0.0,3,364
taco,A,S1,diff,part_hamming,mean,0.2015257849359728,0.188156858978249,0.21365818613231333,0.0016405782860227868,3,364
taco,A,S1,diff,amount_l1,mean,0.4768295948881479,0.4528742136540169,0.4989902803376913,0.0023592330947349175,3,364
taco,A,S1,diff,amount_rmse,mean,0.009924156042758288,0.009431143105514057,0.010413957529864303,4.437276369711873e-05,3,364
taco,A,S1,diff,centroid,mean,0.26762732307668846,0.25045833944184415,0.284290250354565,0.0024570921108820728,3,364
taco,A,S1,diff,normal,mean,53.848827170627025,52.22544726067256,55.34303247353579,0.1860104196837539,3,364
taco,A,S1,diff,centroid_both,mean,0.10518294288520957,0.09789932058764854,0.11246357087900927,0.0007491447455090126,3,364
taco,A,S1,diff,normal_both,mean,40.34014052478767,38.92675449468451,41.794698750879256,0.14534430953551633,3,364
taco,A,S1,diff,both_frac,mean,0.7244559385102488,0.702554965040856,0.7468491707088497,0.003521216243335835,3,364
taco,A,S1,diff,q_rel_l1,mean,0.4943893028314025,0.47632897903526394,0.5117438059064795,0.0024779856454755674,3,364
taco,A,S1,diff,q_cos,mean,0.8062678107200361,0.7865568877369375,0.8239308098793402,0.0018533351477625917,3,364
taco,A,S1,diff,q_Qerr,mean,0.38952448319391286,0.3694801011037373,0.41033333114657017,0.00348401563988216,3,364
taco,A,S1,diff,q_rel_l1_vs_grid,mean,0.3179877632905165,0.2962626079042144,0.33916499616597284,0.002361699881879492,3,362
taco,A,S1,diff,part_hamming_vs_grid,mean,0.1385715376658215,0.12539047938364145,0.1502397966775969,0.0011355495164195228,3,364
taco,A,S1,diff,amount_l1_vs_grid,mean,0.2517080826575666,0.2337018945669313,0.269449524873091,0.00184759967711178,3,364
taco,A,S1,diff,centroid_vs_grid,mean,0.059510114206751244,0.05277829853342507,0.06613626700959604,0.0012372868851352808,3,364
taco,A,S1,diff,normal_vs_grid,mean,11.567809627056395,10.555764009172098,12.599709491381548,0.17732784302559532,3,364
taco,A,S1,diff,jitter_dense,mean,1.25561463814297,1.2458188303082791,1.267200738495935,0.026752298489706918,3,364
taco,A,S1,diff,tv_dense,mean,77.84810985139002,77.2407697606906,78.56644811138666,1.6586425533620772,3,364
taco,A,S1,diff,jitter_r2,mean,1.196208963885685,1.1550733623762146,1.2403368986422951,0.007636359272287944,3,364
taco,A,S1,diff,part_macro_f1,mean,0.8270615498877888,0.812044755062053,0.8359725549603764,0.001643562034075431,3,364
taco,A,S1,diff,part_macro_auprc,mean,0.9258326539375852,0.9168697041639944,0.9336513999662976,0.0003948415092224942,3,364
taco,A,S1,diff,E_C,best10,2.050482906483032,1.9527048251580947,2.147963481145755,0.01537984962514323,3,364
taco,A,S1,diff,E_C_last16,best10,2.172215055305879,2.0428605679405694,2.2997368233548565,0.019533618731087433,3,364
taco,A,S1,diff,part_hamming,best10,0.17852541486026494,0.16559471642222462,0.19046977547808822,0.0010300615732222113,3,364
taco,A,S1,diff,amount_l1,best10,0.45195959983973494,0.42896971196833866,0.47297716714499927,0.002084374814261959,3,364
taco,A,S1,diff,amount_rmse,best10,0.009361538016015575,0.008894292957559741,0.009836944081936198,3.974262440145397e-05,3,364
taco,A,S1,diff,centroid,best10,0.2436535441975072,0.22733647859997155,0.2596208336066368,0.0014831645167660249,3,364
taco,A,S1,diff,normal,best10,51.479259502756726,49.841810419940785,53.00280805158131,0.1268377992137084,3,364
taco,A,S1,diff,centroid_both,best10,0.09212346689693712,0.08607178167459684,0.09878842893085157,0.000860622627858559,3,364
taco,A,S1,diff,normal_both,best10,37.70608569122168,36.222616610149345,39.273140399159395,0.09215853350325333,3,364
taco,A,S1,diff,q_rel_l1,best10,0.46173117640718214,0.4445921667186567,0.47755911539848206,0.0022506348758817704,3,364
taco,A,S1,diff,q_cos,best10,0.8432751399551897,0.826683028862026,0.8583758625529427,0.0012579122580255876,3,364
taco,A,S1,diff,q_Qerr,best10,0.349741011387208,0.3299596057918713,0.3684890862347952,0.0025215536800366964,3,364
taco,A,S1,diff,q_rel_l1_vs_grid,best10,0.27051679541538665,0.25119443688123794,0.28963083359915825,0.002339396598233915,3,362
taco,A,S1,diff,part_hamming_vs_grid,best10,0.11426052910057424,0.10189493611106937,0.12560877531952477,0.0006793113352423888,3,364
taco,A,S1,diff,amount_l1_vs_grid,best10,0.2281817865179299,0.21063374237796956,0.24542949566321703,0.001302526998107084,3,364
taco,A,S1,diff,centroid_vs_grid,best10,0.04851224301225121,0.04308813041520047,0.054384491894039926,0.0010794888409384822,3,364
taco,A,S1,diff,normal_vs_grid,best10,9.210953638953713,8.440137278172614,10.113405029286128,0.14839978392578995,3,364
taco,A,S2,diff,E_C,K1,2.4935340542933004,2.409239082423712,2.5755451641787483,0.004851660469948353,3,364
taco,A,S2,diff,E_C_last16,K1,2.6789913238623204,2.56694678363503,2.790850331166782,0.005896173576187431,3,364
taco,A,S2,diff,s0_err,K1,0.0,0.0,0.0,0.0,3,364
taco,A,S2,diff,part_hamming,K1,0.18123875082821853,0.1684289674564833,0.1934111180159985,0.0006376969953108084,3,364
taco,A,S2,diff,amount_l1,K1,0.4797930283601577,0.4579704229570653,0.5011526034386737,0.0013095268687684798,3,364
taco,A,S2,diff,amount_rmse,K1,0.010041059018922936,0.009566929089407832,0.010522161444048729,2.180284503030515e-05,3,364
taco,A,S2,diff,centroid,K1,0.24113396807972873,0.22263489119117305,0.2586073354018087,0.0017640874776094237,3,364
taco,A,S2,diff,normal,K1,51.305222108468904,49.61574776609105,52.933367932784115,0.16579636965347297,3,364
taco,A,S2,diff,centroid_both,K1,0.10550737788648286,0.09741140220013976,0.11380154380315027,0.0003551305945841693,3,364
taco,A,S2,diff,normal_both,K1,40.503515232286176,38.996096364698474,42.045851356777064,0.1242032872165053,3,364
taco,A,S2,diff,both_frac,K1,0.7682238029539518,0.7461459028030017,0.7919588945143152,0.00198026470232618,3,364
taco,A,S2,diff,q_rel_l1,K1,0.46800271398473137,0.44940257839756587,0.48712051510744386,0.001837595542252903,3,364
taco,A,S2,diff,q_cos,K1,0.8383052665211478,0.8200248166600371,0.8556019440810153,0.0021689512701292056,3,364
taco,A,S2,diff,q_Qerr,K1,0.3527266318694903,0.3308540040273135,0.3744122441133869,0.00216724057508559,3,364
taco,A,S2,diff,q_rel_l1_vs_grid,K1,0.2738625001244617,0.2521293610736453,0.29362866698479195,0.0009487105222073776,3,362
taco,A,S2,diff,part_hamming_vs_grid,K1,0.10922147621632633,0.09691078703709433,0.12079262351996518,0.0003993138770767451,3,364
taco,A,S2,diff,amount_l1_vs_grid,K1,0.2420509431729496,0.22611406744749613,0.2582472878753329,0.0005269570744677142,3,364
taco,A,S2,diff,centroid_vs_grid,K1,0.05875116159146713,0.0508105008081602,0.0670165218540695,0.0008175550601103383,3,364
taco,A,S2,diff,normal_vs_grid,K1,11.702631075303634,10.562766645180403,12.978560801942908,0.1986218315079622,3,364
taco,A,S2,diff,jitter_dense,K1,2.1692656811340387,2.163073391261163,2.175689581647897,0.01439340205212327,3,364
taco,A,S2,diff,tv_dense,K1,134.4944760808141,134.11055403082474,134.89275807357336,0.8923913546390189,3,364
taco,A,S2,diff,jitter_r2,K1,1.2533658546815207,1.2141535490736073,1.298205211396886,0.009561257317824895,3,364
taco,A,S2,diff,D_C,samples,2.175537449754638,2.1697529324200535,2.1814058559115574,0.013807324222298183,3,364
taco,A,S2,diff,D_part,samples,0.03442599305372614,0.032281463669465854,0.036811767601535816,0.0009683127744626811,3,364
taco,A,S2,diff,D_amount,samples,0.07945912184821434,0.07658915741133324,0.08225013277098787,0.0010594169744799155,3,364
taco,A,S2,diff,D_centroid,samples,0.027712871128225854,0.02535217828132306,0.030217750732346227,0.00040147284761210566,3,364
taco,A,S2,diff,D_normal,samples,7.217508493803251,6.597254458133901,7.897312417474385,0.18997245210598213,3,364
taco,A,S2,diff,D_q,samples,0.11182278334508064,0.10021808740959225,0.12402832172015256,0.0019902602039797122,3,364
taco,A,S2,diff,D_Z,samples,0.8012652205091801,0.770069408238282,0.8333900181560456,0.013454363279092137,3,364
taco,A,S2,diff,part_macro_f1,K1,0.8507234100198281,0.8393342870497282,0.8608374631960259,0.0005624986803588543,3,364
taco,A,S2,diff,part_macro_auprc,K1,0.9227414831847925,0.9139931674470856,0.9329451568841536,0.0011142537594005014,3,364
taco,A,S2,diff,E_C,mean,2.4941243502137427,2.4111724247103843,2.576848645315821,0.004828173091659227,3,364
taco,A,S2,diff,E_C_last16,mean,2.68204140036534,2.570446020632215,2.794420027977577,0.0024409269353955804,3,364
taco,A,S2,diff,s0_err,mean,0.0,0.0,0.0,0.0,3,364
taco,A,S2,diff,part_hamming,mean,0.18131530582000785,0.16840003841453347,0.1935879023769247,0.00046097826192970423,3,364
taco,A,S2,diff,amount_l1,mean,0.4798078670374531,0.45811193687950663,0.5011374933565352,0.0011391067810025046,3,364
taco,A,S2,diff,amount_rmse,mean,0.010042912996141242,0.009564732069828604,0.010524526472481956,1.8985167861623316e-05,3,364
taco,A,S2,diff,centroid,mean,0.24118277199307095,0.22288763828170333,0.25872982979447534,0.0018028813819831906,3,364
taco,A,S2,diff,normal,mean,51.2943490912626,49.60093014464273,52.90273839436474,0.18708281688208153,3,364
taco,A,S2,diff,centroid_both,mean,0.1053257473659166,0.09737948721132142,0.11376459734538917,0.000697265876006206,3,364
taco,A,S2,diff,normal_both,mean,40.42234982611823,38.938888893678325,41.91890587094903,0.14370589367475875,3,364
taco,A,S2,diff,both_frac,mean,0.7684538379341411,0.7465885058507419,0.7922159420094592,0.0021427333919812443,3,364
taco,A,S2,diff,q_rel_l1,mean,0.4682087941361325,0.4496328902640301,0.4870744202949325,0.0011893493868237945,3,364
taco,A,S2,diff,q_cos,mean,0.8381013526342854,0.8203213684252655,0.8556703339126496,0.0019492989095910764,3,364
taco,A,S2,diff,q_Qerr,mean,0.3522547628846524,0.331240332430492,0.37363498922118227,0.0013765641414544235,3,364
taco,A,S2,diff,q_rel_l1_vs_grid,mean,0.27391008293272456,0.25255005804142483,0.29367954995948714,0.0004867965176727141,3,362
taco,A,S2,diff,part_hamming_vs_grid,mean,0.10919918793649329,0.09691412481487206,0.12085595865266982,0.0005320792080117415,3,364
taco,A,S2,diff,amount_l1_vs_grid,mean,0.24200077434258038,0.22623461310175721,0.25804394342718806,0.00042003012965501367,3,364
taco,A,S2,diff,centroid_vs_grid,mean,0.05887636823714847,0.050959876614050444,0.06708619376086479,0.00065344023351015,3,364
taco,A,S2,diff,normal_vs_grid,mean,11.678222601387256,10.579446066335729,12.891360027289952,0.12043171445557443,3,364
taco,A,S2,diff,jitter_dense,mean,2.169561317301058,2.1634305957210147,2.1759587749846028,0.014283656800266435,3,364
taco,A,S2,diff,tv_dense,mean,134.51280563689852,134.13270084598335,134.90944798280674,0.885586789343029,3,364
taco,A,S2,diff,jitter_r2,mean,1.2540583744201632,1.2146039005566343,1.2982660676017743,0.004037802606965837,3,364
taco,A,S2,diff,part_macro_f1,mean,0.8507069669675958,0.8391398966042888,0.8607287958497758,0.0005225139475947107,3,364
taco,A,S2,diff,part_macro_auprc,mean,0.9225398124043777,0.9135333211085715,0.9326886588738336,0.0007589892871884346,3,364
taco,A,S2,diff,E_C,best10,2.4429452944369547,2.35982536466293,2.523871125336657,0.0037847649100554346,3,364
taco,A,S2,diff,E_C_last16,best10,2.5985467364063193,2.4885918869893406,2.7084517402761974,0.0022135300020879912,3,364
taco,A,S2,diff,part_hamming,best10,0.16664972310312665,0.15380866078959538,0.17853274867828287,0.00035567171793314615,3,364
taco,A,S2,diff,amount_l1,best10,0.4682036703350125,0.4467451046459214,0.4894248128470154,0.0014491757067453183,3,364
taco,A,S2,diff,amount_rmse,best10,0.009776125767996581,0.009307420639673946,0.01023854758627995,2.2611749632169667e-05,3,364
taco,A,S2,diff,centroid,best10,0.22837261281116106,0.21065107753538373,0.245493512165053,0.0009862633465484991,3,364
taco,A,S2,diff,normal,best10,49.8760218605017,48.17722132697181,51.458261143993205,0.1450801665315633,3,364
taco,A,S2,diff,centroid_both,best10,0.09706037004406635,0.08986387273544343,0.104419102918346,0.0016091372277907518,3,364
taco,A,S2,diff,normal_both,best10,38.49519778214968,37.012907834007,39.98394376469901,0.20352796492636693,3,364
taco,A,S2,diff,q_rel_l1,best10,0.4449542387160081,0.42716687390899166,0.4629576057257493,0.0013118203005004238,3,364
taco,A,S2,diff,q_cos,best10,0.8602967533673544,0.8445108363058513,0.8757654234447593,0.0007231090909334784,3,364
taco,A,S2,diff,q_Qerr,best10,0.3242768099592937,0.30350486261396187,0.34477801367238575,0.001160195854654568,3,364
taco,A,S2,diff,q_rel_l1_vs_grid,best10,0.24310703457909436,0.22220649699551473,0.26194964840871,0.0010230113458426931,3,362
taco,A,S2,diff,part_hamming_vs_grid,best10,0.09416488215289738,0.08245506795558122,0.10489722505125441,0.0006047149512104692,3,364
taco,A,S2,diff,amount_l1_vs_grid,best10,0.2307182434611978,0.21521793244233237,0.24648368759811218,0.0007232268951924791,3,364
taco,A,S2,diff,centroid_vs_grid,best10,0.05252603454056499,0.04545859424279001,0.059796171212625024,0.0012032367454122281,3,364
taco,A,S2,diff,normal_vs_grid,best10,10.142290405628883,9.170615562479274,11.189896646559678,0.1443786704585433,3,364
arctic,A,GT,reference,E_C,K1,0.0,0.0,0.0,0.0,1,186
arctic,A,GT,reference,E_C_last16,K1,0.0,0.0,0.0,0.0,1,186
arctic,A,GT,reference,s0_err,K1,0.0,0.0,0.0,0.0,1,186
arctic,A,GT,reference,part_hamming,K1,0.04702167995574494,0.03796390122465493,0.05751424970810671,0.0,1,186
arctic,A,GT,reference,amount_l1,K1,0.2698541325667212,0.21383640169882592,0.3343443109650534,0.0,1,186
arctic,A,GT,reference,amount_rmse,K1,0.004959435051342132,0.003827238087500231,0.0061405627727487205,0.0,1,186
arctic,A,GT,reference,centroid,K1,0.15309975145044186,0.11876147265957512,0.18888911423073929,0.0,1,186
arctic,A,GT,reference,normal,K1,33.33710319060151,29.54293538552667,37.17988634145228,0.0,1,186
arctic,A,GT,reference,centroid_both,K1,0.09525947053466112,0.07366317650077667,0.11941764923112567,0.0,1,186
arctic,A,GT,reference,normal_both,K1,27.886503422773014,25.700058354043517,30.23268587447775,0.0,1,186
arctic,A,GT,reference,both_frac,K1,0.9107470958623834,0.8706587652310351,0.9474264134393295,0.0,1,186
arctic,A,GT,reference,q_rel_l1,K1,0.3263046392590128,0.29193979228335665,0.36440760547675133,0.0,1,186
arctic,A,GT,reference,q_cos,K1,0.9136086442778187,0.8869033960024514,0.9383685448227793,0.0,1,186
arctic,A,GT,reference,q_Qerr,K1,0.20832085627461633,0.16978206180218,0.2512018979035939,0.0,1,186
arctic,A,GT,reference,q_rel_l1_vs_grid,K1,0.0,0.0,0.0,0.0,1,185
arctic,A,GT,reference,part_hamming_vs_grid,K1,0.0,0.0,0.0,0.0,1,186
arctic,A,GT,reference,amount_l1_vs_grid,K1,0.0,0.0,0.0,0.0,1,186
arctic,A,GT,reference,centroid_vs_grid,K1,0.0,0.0,0.0,0.0,1,186
arctic,A,GT,reference,normal_vs_grid,K1,0.0,0.0,0.0,0.0,1,186
arctic,A,GT,reference,jitter_dense,K1,0.1612472171164168,0.1350836988417919,0.18663297048086047,0.0,1,186
arctic,A,GT,reference,tv_dense,K1,9.99732776675173,8.375189601131304,11.571244534702041,0.0,1,186
arctic,A,GT,reference,jitter_r2,K1,0.5474192645520933,0.4974417483171947,0.6058306040869069,0.0,1,186
arctic,A,GT,reference,part_macro_f1,K1,0.9394956932033484,0.9202770714924777,0.9536759387298209,0.0,1,186
arctic,A,GT,reference,part_macro_auprc,K1,0.9379648965951426,0.9074561271315712,0.9650376767843091,0.0,1,186
arctic,A,GT,reference,E_C,mean,0.0,0.0,0.0,0.0,1,186
arctic,A,GT,reference,E_C_last16,mean,0.0,0.0,0.0,0.0,1,186
arctic,A,GT,reference,s0_err,mean,0.0,0.0,0.0,0.0,1,186
arctic,A,GT,reference,part_hamming,mean,0.04702167995574494,0.03796390122465493,0.05751424970810671,0.0,1,186
arctic,A,GT,reference,amount_l1,mean,0.2698541325667212,0.21383640169882592,0.3343443109650534,0.0,1,186
arctic,A,GT,reference,amount_rmse,mean,0.004959435051342132,0.003827238087500231,0.0061405627727487205,0.0,1,186
arctic,A,GT,reference,centroid,mean,0.15309975145044186,0.11876147265957512,0.18888911423073929,0.0,1,186
arctic,A,GT,reference,normal,mean,33.33710319060151,29.54293538552667,37.17988634145228,0.0,1,186
arctic,A,GT,reference,centroid_both,mean,0.09525947053466112,0.07366317650077667,0.11941764923112567,0.0,1,186
arctic,A,GT,reference,normal_both,mean,27.886503422773014,25.700058354043517,30.23268587447775,0.0,1,186
arctic,A,GT,reference,both_frac,mean,0.9107470958623834,0.8706587652310351,0.9474264134393295,0.0,1,186
arctic,A,GT,reference,q_rel_l1,mean,0.3263046392590128,0.29193979228335665,0.36440760547675133,0.0,1,186
arctic,A,GT,reference,q_cos,mean,0.9136086442778187,0.8869033960024514,0.9383685448227793,0.0,1,186
arctic,A,GT,reference,q_Qerr,mean,0.20832085627461633,0.16978206180218,0.2512018979035939,0.0,1,186
arctic,A,GT,reference,q_rel_l1_vs_grid,mean,0.0,0.0,0.0,0.0,1,185
arctic,A,GT,reference,part_hamming_vs_grid,mean,0.0,0.0,0.0,0.0,1,186
arctic,A,GT,reference,amount_l1_vs_grid,mean,0.0,0.0,0.0,0.0,1,186
arctic,A,GT,reference,centroid_vs_grid,mean,0.0,0.0,0.0,0.0,1,186
arctic,A,GT,reference,normal_vs_grid,mean,0.0,0.0,0.0,0.0,1,186
arctic,A,GT,reference,jitter_dense,mean,0.1612472171164168,0.1350836988417919,0.18663297048086047,0.0,1,186
arctic,A,GT,reference,tv_dense,mean,9.99732776675173,8.375189601131304,11.571244534702041,0.0,1,186
arctic,A,GT,reference,jitter_r2,mean,0.5474192645520933,0.4974417483171947,0.6058306040869069,0.0,1,186
arctic,A,GT,reference,part_macro_f1,mean,0.9394956932033484,0.9202770714924777,0.9536759387298209,0.0,1,186
arctic,A,GT,reference,part_macro_auprc,mean,0.9379648965951426,0.9074561271315712,0.9650376767843091,0.0,1,186
arctic,A,GT,reference,E_C,best10,0.0,0.0,0.0,0.0,1,186
arctic,A,GT,reference,E_C_last16,best10,0.0,0.0,0.0,0.0,1,186
arctic,A,GT,reference,part_hamming,best10,0.04702167995574494,0.03796390122465493,0.05751424970810671,0.0,1,186
arctic,A,GT,reference,amount_l1,best10,0.2698541325667212,0.21383640169882592,0.3343443109650534,0.0,1,186
arctic,A,GT,reference,amount_rmse,best10,0.004959435051342132,0.003827238087500231,0.0061405627727487205,0.0,1,186
arctic,A,GT,reference,centroid,best10,0.15309975145044186,0.11876147265957512,0.18888911423073929,0.0,1,186
arctic,A,GT,reference,normal,best10,33.33710319060151,29.54293538552667,37.17988634145228,0.0,1,186
arctic,A,GT,reference,centroid_both,best10,0.09525947053466112,0.07366317650077667,0.11941764923112567,0.0,1,186
arctic,A,GT,reference,normal_both,best10,27.886503422773014,25.700058354043517,30.23268587447775,0.0,1,186
arctic,A,GT,reference,q_rel_l1,best10,0.3263046392590128,0.29193979228335665,0.36440760547675133,0.0,1,186
arctic,A,GT,reference,q_cos,best10,0.9136086442778187,0.8869033960024514,0.9383685448227793,0.0,1,186
arctic,A,GT,reference,q_Qerr,best10,0.20832085627461633,0.16978206180218,0.2512018979035939,0.0,1,186
arctic,A,GT,reference,q_rel_l1_vs_grid,best10,0.0,0.0,0.0,0.0,1,185
arctic,A,GT,reference,part_hamming_vs_grid,best10,0.0,0.0,0.0,0.0,1,186
arctic,A,GT,reference,amount_l1_vs_grid,best10,0.0,0.0,0.0,0.0,1,186
arctic,A,GT,reference,centroid_vs_grid,best10,0.0,0.0,0.0,0.0,1,186
arctic,A,GT,reference,normal_vs_grid,best10,0.0,0.0,0.0,0.0,1,186
arctic,A,PERSIST,reference,E_C,K1,2.2421078891843877,1.975344062473828,2.5234731272501163,0.0,1,186
arctic,A,PERSIST,reference,E_C_last16,K1,2.5572261480234,2.2622463163412303,2.8769067774639594,0.0,1,186
arctic,A,PERSIST,reference,s0_err,K1,0.0,0.0,0.0,0.0,1,186
arctic,A,PERSIST,reference,part_hamming,K1,0.3394066409448222,0.2885289688715591,0.4028576918578501,0.0,1,186
arctic,A,PERSIST,reference,amount_l1,K1,0.48324311633784606,0.37711525433598264,0.5890670392069677,0.0,1,186
arctic,A,PERSIST,reference,amount_rmse,K1,0.00883302407937565,0.00671908390524578,0.010902688899974844,0.0,1,186
arctic,A,PERSIST,reference,centroid,K1,0.4988230148790985,0.44818314861765673,0.5580577496757335,0.0,1,186
arctic,A,PERSIST,reference,normal,K1,66.80649453337475,63.12211033552215,70.83513975983061,0.0,1,186
arctic,A,PERSIST,reference,centroid_both,K1,0.13567025578951322,0.10732416672122087,0.1684547978919409,0.0,1,186
arctic,A,PERSIST,reference,normal_both,K1,32.52327159175309,29.456247171328595,35.881892302766914,0.0,1,186
arctic,A,PERSIST,reference,both_frac,K1,0.4388021173816855,0.37194905825327623,0.4957401114344994,0.0,1,186
arctic,A,PERSIST,reference,q_rel_l1,K1,0.6602339485800395,0.6172740943729979,0.708836243482715,0.0,1,186
arctic,A,PERSIST,reference,q_cos,K1,0.7204463911312883,0.6680249281334805,0.7676664929189541,0.0,1,186
arctic,A,PERSIST,reference,q_Qerr,K1,0.5872674189427848,0.5345297913152315,0.6476137449158671,0.0,1,186
arctic,A,PERSIST,reference,q_rel_l1_vs_grid,K1,0.6005796144540245,0.5407719526977793,0.6625436650023855,0.0,1,185
arctic,A,PERSIST,reference,part_hamming_vs_grid,K1,0.33124256060428675,0.27801454379659846,0.39464473847492326,0.0,1,186
arctic,A,PERSIST,reference,amount_l1_vs_grid,K1,0.4144106562830187,0.3443122602787839,0.4872153623756606,0.0,1,186
arctic,A,PERSIST,reference,centroid_vs_grid,K1,0.11016020813821664,0.08701007624712602,0.13906364129662635,0.0,1,186
arctic,A,PERSIST,reference,normal_vs_grid,K1,21.805259035479637,18.1890906801233,26.03487227335608,0.0,1,186
arctic,A,PERSIST,reference,jitter_dense,K1,0.0,0.0,0.0,0.0,1,186
arctic,A,PERSIST,reference,tv_dense,K1,0.0,0.0,0.0,0.0,1,186
arctic,A,PERSIST,reference,jitter_r2,K1,0.403222752136669,0.33961153437653857,0.4650453783760426,0.0,1,186
arctic,A,PERSIST,reference,part_macro_f1,K1,0.48152029926358814,0.40818199035823266,0.5402339730189297,0.0,1,186
arctic,A,PERSIST,reference,part_macro_auprc,K1,0.7611636407022142,0.6883769026477421,0.8255757792221506,0.0,1,186
arctic,A,PERSIST,reference,E_C,mean,2.2421078891843877,1.975344062473828,2.5234731272501163,0.0,1,186
arctic,A,PERSIST,reference,E_C_last16,mean,2.5572261480234,2.2622463163412303,2.8769067774639594,0.0,1,186
arctic,A,PERSIST,reference,s0_err,mean,0.0,0.0,0.0,0.0,1,186
arctic,A,PERSIST,reference,part_hamming,mean,0.3394066409448222,0.2885289688715591,0.4028576918578501,0.0,1,186
arctic,A,PERSIST,reference,amount_l1,mean,0.48324311633784606,0.37711525433598264,0.5890670392069677,0.0,1,186
arctic,A,PERSIST,reference,amount_rmse,mean,0.00883302407937565,0.00671908390524578,0.010902688899974844,0.0,1,186
arctic,A,PERSIST,reference,centroid,mean,0.4988230148790985,0.44818314861765673,0.5580577496757335,0.0,1,186
arctic,A,PERSIST,reference,normal,mean,66.80649453337475,63.12211033552215,70.83513975983061,0.0,1,186
arctic,A,PERSIST,reference,centroid_both,mean,0.13567025578951322,0.10732416672122087,0.1684547978919409,0.0,1,186
arctic,A,PERSIST,reference,normal_both,mean,32.52327159175309,29.456247171328595,35.881892302766914,0.0,1,186
arctic,A,PERSIST,reference,both_frac,mean,0.4388021173816855,0.37194905825327623,0.4957401114344994,0.0,1,186
arctic,A,PERSIST,reference,q_rel_l1,mean,0.6602339485800395,0.6172740943729979,0.708836243482715,0.0,1,186
arctic,A,PERSIST,reference,q_cos,mean,0.7204463911312883,0.6680249281334805,0.7676664929189541,0.0,1,186
arctic,A,PERSIST,reference,q_Qerr,mean,0.5872674189427848,0.5345297913152315,0.6476137449158671,0.0,1,186
arctic,A,PERSIST,reference,q_rel_l1_vs_grid,mean,0.6005796144540245,0.5407719526977793,0.6625436650023855,0.0,1,185
arctic,A,PERSIST,reference,part_hamming_vs_grid,mean,0.33124256060428675,0.27801454379659846,0.39464473847492326,0.0,1,186
arctic,A,PERSIST,reference,amount_l1_vs_grid,mean,0.4144106562830187,0.3443122602787839,0.4872153623756606,0.0,1,186
arctic,A,PERSIST,reference,centroid_vs_grid,mean,0.11016020813821664,0.08701007624712602,0.13906364129662635,0.0,1,186
arctic,A,PERSIST,reference,normal_vs_grid,mean,21.805259035479637,18.1890906801233,26.03487227335608,0.0,1,186
arctic,A,PERSIST,reference,jitter_dense,mean,0.0,0.0,0.0,0.0,1,186
arctic,A,PERSIST,reference,tv_dense,mean,0.0,0.0,0.0,0.0,1,186
arctic,A,PERSIST,reference,jitter_r2,mean,0.403222752136669,0.33961153437653857,0.4650453783760426,0.0,1,186
arctic,A,PERSIST,reference,part_macro_f1,mean,0.48152029926358814,0.40818199035823266,0.5402339730189297,0.0,1,186
arctic,A,PERSIST,reference,part_macro_auprc,mean,0.7611636407022142,0.6883769026477421,0.8255757792221506,0.0,1,186
arctic,A,PERSIST,reference,E_C,best10,2.2421078891843877,1.975344062473828,2.5234731272501163,0.0,1,186
arctic,A,PERSIST,reference,E_C_last16,best10,2.5572261480234,2.2622463163412303,2.8769067774639594,0.0,1,186
arctic,A,PERSIST,reference,part_hamming,best10,0.3394066409448222,0.2885289688715591,0.4028576918578501,0.0,1,186
arctic,A,PERSIST,reference,amount_l1,best10,0.48324311633784606,0.37711525433598264,0.5890670392069677,0.0,1,186
arctic,A,PERSIST,reference,amount_rmse,best10,0.00883302407937565,0.00671908390524578,0.010902688899974844,0.0,1,186
arctic,A,PERSIST,reference,centroid,best10,0.4988230148790985,0.44818314861765673,0.5580577496757335,0.0,1,186
arctic,A,PERSIST,reference,normal,best10,66.80649453337475,63.12211033552215,70.83513975983061,0.0,1,186
arctic,A,PERSIST,reference,centroid_both,best10,0.13567025578951322,0.10732416672122087,0.1684547978919409,0.0,1,186
arctic,A,PERSIST,reference,normal_both,best10,32.52327159175309,29.456247171328595,35.881892302766914,0.0,1,186
arctic,A,PERSIST,reference,q_rel_l1,best10,0.6602339485800395,0.6172740943729979,0.708836243482715,0.0,1,186
arctic,A,PERSIST,reference,q_cos,best10,0.7204463911312883,0.6680249281334805,0.7676664929189541,0.0,1,186
arctic,A,PERSIST,reference,q_Qerr,best10,0.5872674189427848,0.5345297913152315,0.6476137449158671,0.0,1,186
arctic,A,PERSIST,reference,q_rel_l1_vs_grid,best10,0.6005796144540245,0.5407719526977793,0.6625436650023855,0.0,1,185
arctic,A,PERSIST,reference,part_hamming_vs_grid,best10,0.33124256060428675,0.27801454379659846,0.39464473847492326,0.0,1,186
arctic,A,PERSIST,reference,amount_l1_vs_grid,best10,0.4144106562830187,0.3443122602787839,0.4872153623756606,0.0,1,186
arctic,A,PERSIST,reference,centroid_vs_grid,best10,0.11016020813821664,0.08701007624712602,0.13906364129662635,0.0,1,186
arctic,A,PERSIST,reference,normal_vs_grid,best10,21.805259035479637,18.1890906801233,26.03487227335608,0.0,1,186
arctic,A,D0,det,E_C,K1,1.9632492652129532,1.698689151315587,2.2465919280917745,0.00611278483959791,3,186
arctic,A,D0,det,E_C_last16,K1,2.298387646087609,1.9559278905557804,2.669754126314729,0.009255536585575872,3,186
arctic,A,D0,det,s0_err,K1,0.0,0.0,0.0,0.0,3,186
arctic,A,D0,det,part_hamming,K1,0.19159035304708133,0.15344554603906535,0.23517626831954158,0.0025013407423700182,3,186
arctic,A,D0,det,amount_l1,K1,0.4825915086039718,0.39079230052037617,0.5642735087233229,0.0012328417126129202,3,186
arctic,A,D0,det,amount_rmse,K1,0.00941544754691856,0.007435932343932616,0.0112040938961765,4.3090080680820744e-05,3,186
arctic,A,D0,det,centroid,K1,0.2988734488512346,0.2628709990912968,0.34075898053006953,0.002235401933871201,3,186
arctic,A,D0,det,normal,K1,48.94186365518945,45.72450916797607,52.231370878786414,0.4040560212138296,3,186
arctic,A,D0,det,centroid_both,K1,0.1473636637678817,0.11882641820191163,0.18125195079603978,0.0004980694050900149,3,186
arctic,A,D0,det,normal_both,K1,34.23330073037241,31.644432773142075,37.020930214551356,0.2525572769954012,3,186
arctic,A,D0,det,both_frac,K1,0.7332063963983915,0.6900061550854353,0.781092307860189,0.006938248638961026,3,186
arctic,A,D0,det,q_rel_l1,K1,0.49515370328286434,0.4581766164499067,0.5327652062621012,0.0016369085424462163,3,186
arctic,A,D0,det,q_cos,K1,0.8418458225706251,0.8162657980225317,0.8666310432443826,0.0024272821848604917,3,186
arctic,A,D0,det,q_Qerr,K1,0.3684953456297249,0.3263955371962514,0.4082003148919003,0.001354453977421613,3,186
arctic,A,D0,det,q_rel_l1_vs_grid,K1,0.37669628666260757,0.3317119194841122,0.42559170447824557,0.002757202836997183,3,185
arctic,A,D0,det,part_hamming_vs_grid,K1,0.1712228258667801,0.13342659823369094,0.2137204104784332,0.0037263587775786125,3,186
arctic,A,D0,det,amount_l1_vs_grid,K1,0.31844335240662425,0.2625868045350541,0.3744982792334541,0.0012845539131776612,3,186
arctic,A,D0,det,centroid_vs_grid,K1,0.09918200304668305,0.07952354417704789,0.12386117903258978,0.0008016259408648629,3,186
arctic,A,D0,det,normal_vs_grid,K1,15.310130655845647,12.493566055543443,18.333664154697455,0.10196312687033249,3,186
arctic,A,D0,det,jitter_dense,K1,0.14394170499163075,0.11857751459694191,0.16702925646768949,0.01136498679871073,3,186
arctic,A,D0,det,tv_dense,K1,8.924385972988649,7.3518061493091285,10.355814196335253,0.7046291980292854,3,186
arctic,A,D0,det,jitter_r2,K1,0.6232998209094167,0.5720018443088193,0.680497118217363,0.00686893670478152,3,186
arctic,A,D0,det,part_macro_f1,K1,0.7450623622959718,0.6961212394135741,0.7829617613751959,0.004832278226407,3,186
arctic,A,D0,det,part_macro_auprc,K1,0.7981635567140767,0.7445469219406328,0.8376460769280177,0.0021748450037502934,3,186
arctic,A,D0,det,E_C,mean,1.9632492652129532,1.698689151315587,2.2465919280917745,0.00611278483959791,3,186
arctic,A,D0,det,E_C_last16,mean,2.298387646087609,1.9559278905557804,2.669754126314729,0.009255536585575872,3,186
arctic,A,D0,det,s0_err,mean,0.0,0.0,0.0,0.0,3,186
arctic,A,D0,det,part_hamming,mean,0.19159035304708133,0.15344554603906535,0.23517626831954158,0.0025013407423700182,3,186
arctic,A,D0,det,amount_l1,mean,0.4825915086039718,0.39079230052037617,0.5642735087233229,0.0012328417126129202,3,186
arctic,A,D0,det,amount_rmse,mean,0.00941544754691856,0.007435932343932616,0.0112040938961765,4.3090080680820744e-05,3,186
arctic,A,D0,det,centroid,mean,0.2988734488512346,0.2628709990912968,0.34075898053006953,0.002235401933871201,3,186
arctic,A,D0,det,normal,mean,48.94186365518945,45.72450916797607,52.231370878786414,0.4040560212138296,3,186
arctic,A,D0,det,centroid_both,mean,0.1473636637678817,0.11882641820191163,0.18125195079603978,0.0004980694050900149,3,186
arctic,A,D0,det,normal_both,mean,34.23330073037241,31.644432773142075,37.020930214551356,0.2525572769954012,3,186
arctic,A,D0,det,both_frac,mean,0.7332063963983915,0.6900061550854353,0.781092307860189,0.006938248638961026,3,186
arctic,A,D0,det,q_rel_l1,mean,0.49515370328286434,0.4581766164499067,0.5327652062621012,0.0016369085424462163,3,186
arctic,A,D0,det,q_cos,mean,0.8418458225706251,0.8162657980225317,0.8666310432443826,0.0024272821848604917,3,186
arctic,A,D0,det,q_Qerr,mean,0.3684953456297249,0.3263955371962514,0.4082003148919003,0.001354453977421613,3,186
arctic,A,D0,det,q_rel_l1_vs_grid,mean,0.37669628666260757,0.3317119194841122,0.42559170447824557,0.002757202836997183,3,185
arctic,A,D0,det,part_hamming_vs_grid,mean,0.1712228258667801,0.13342659823369094,0.2137204104784332,0.0037263587775786125,3,186
arctic,A,D0,det,amount_l1_vs_grid,mean,0.31844335240662425,0.2625868045350541,0.3744982792334541,0.0012845539131776612,3,186
arctic,A,D0,det,centroid_vs_grid,mean,0.09918200304668305,0.07952354417704789,0.12386117903258978,0.0008016259408648629,3,186
arctic,A,D0,det,normal_vs_grid,mean,15.310130655845647,12.493566055543443,18.333664154697455,0.10196312687033249,3,186
arctic,A,D0,det,jitter_dense,mean,0.14394170499163075,0.11857751459694191,0.16702925646768949,0.01136498679871073,3,186
arctic,A,D0,det,tv_dense,mean,8.924385972988649,7.3518061493091285,10.355814196335253,0.7046291980292854,3,186
arctic,A,D0,det,jitter_r2,mean,0.6232998209094167,0.5720018443088193,0.680497118217363,0.00686893670478152,3,186
arctic,A,D0,det,part_macro_f1,mean,0.7450623622959718,0.6961212394135741,0.7829617613751959,0.004832278226407,3,186
arctic,A,D0,det,part_macro_auprc,mean,0.7981635567140767,0.7445469219406328,0.8376460769280177,0.0021748450037502934,3,186
arctic,A,D0,det,E_C,best10,1.9632492652129532,1.698689151315587,2.2465919280917745,0.00611278483959791,3,186
arctic,A,D0,det,E_C_last16,best10,2.298387646087609,1.9559278905557804,2.669754126314729,0.009255536585575872,3,186
arctic,A,D0,det,part_hamming,best10,0.19159035304708133,0.15344554603906535,0.23517626831954158,0.0025013407423700182,3,186
arctic,A,D0,det,amount_l1,best10,0.4825915086039718,0.39079230052037617,0.5642735087233229,0.0012328417126129202,3,186
arctic,A,D0,det,amount_rmse,best10,0.00941544754691856,0.007435932343932616,0.0112040938961765,4.3090080680820744e-05,3,186
arctic,A,D0,det,centroid,best10,0.2988734488512346,0.2628709990912968,0.34075898053006953,0.002235401933871201,3,186
arctic,A,D0,det,normal,best10,48.94186365518945,45.72450916797607,52.231370878786414,0.4040560212138296,3,186
arctic,A,D0,det,centroid_both,best10,0.1473636637678817,0.11882641820191163,0.18125195079603978,0.0004980694050900149,3,186
arctic,A,D0,det,normal_both,best10,34.23330073037241,31.644432773142075,37.020930214551356,0.2525572769954012,3,186
arctic,A,D0,det,q_rel_l1,best10,0.49515370328286434,0.4581766164499067,0.5327652062621012,0.0016369085424462163,3,186
arctic,A,D0,det,q_cos,best10,0.8418458225706251,0.8162657980225317,0.8666310432443826,0.0024272821848604917,3,186
arctic,A,D0,det,q_Qerr,best10,0.3684953456297249,0.3263955371962514,0.4082003148919003,0.001354453977421613,3,186
arctic,A,D0,det,q_rel_l1_vs_grid,best10,0.37669628666260757,0.3317119194841122,0.42559170447824557,0.002757202836997183,3,185
arctic,A,D0,det,part_hamming_vs_grid,best10,0.1712228258667801,0.13342659823369094,0.2137204104784332,0.0037263587775786125,3,186
arctic,A,D0,det,amount_l1_vs_grid,best10,0.31844335240662425,0.2625868045350541,0.3744982792334541,0.0012845539131776612,3,186
arctic,A,D0,det,centroid_vs_grid,best10,0.09918200304668305,0.07952354417704789,0.12386117903258978,0.0008016259408648629,3,186
arctic,A,D0,det,normal_vs_grid,best10,15.310130655845647,12.493566055543443,18.333664154697455,0.10196312687033249,3,186
arctic,A,D1,det,E_C,K1,1.9762229052602605,1.7119160475433592,2.2632747362805303,0.00951827528843408,3,186
arctic,A,D1,det,E_C_last16,K1,2.31256027514362,1.9747468599955542,2.68925684391236,0.012393862783826804,3,186
arctic,A,D1,det,s0_err,K1,0.0,0.0,0.0,0.0,3,186
arctic,A,D1,det,part_hamming,K1,0.1931122281441739,0.15323511677700022,0.23815609141399158,0.0037552002856559626,3,186
arctic,A,D1,det,amount_l1,K1,0.4788900547190219,0.38899726015644664,0.5603697541063445,0.004931340821999085,3,186
arctic,A,D1,det,amount_rmse,K1,0.009296739381098765,0.007373544528431807,0.010990150475523135,0.0001075967661635969,3,186
arctic,A,D1,det,centroid,K1,0.31342927423910005,0.27307225113674083,0.35650931517644396,0.005383913522331693,3,186
arctic,A,D1,det,normal,K1,50.87364805353585,47.41677306667567,54.35113916794628,0.9291415866200556,3,186
arctic,A,D1,det,centroid_both,K1,0.14658175193200618,0.11843455312318417,0.181873364943027,0.0026178120392356054,3,186
arctic,A,D1,det,normal_both,K1,34.37309018637331,31.64328231717529,37.381828513213776,0.2653795359096158,3,186
arctic,A,D1,det,both_frac,K1,0.70203513848365,0.6486548142886149,0.7567948312744255,0.014587371514996804,3,186
arctic,A,D1,det,q_rel_l1,K1,0.5107271480557632,0.4697210592996695,0.5544834928351832,0.004688371716615061,3,186
arctic,A,D1,det,q_cos,K1,0.8172758067273752,0.7722329088184744,0.8586687639404434,0.00722041335633195,3,186
arctic,A,D1,det,q_Qerr,K1,0.38789519491375135,0.33854879454356107,0.4367366421104764,0.005628672124292115,3,186
arctic,A,D1,det,q_rel_l1_vs_grid,K1,0.4019801902844831,0.36177297822058657,0.4437607499219303,0.012300015676872196,3,185
arctic,A,D1,det,part_hamming_vs_grid,K1,0.1754850253085589,0.13677861863597301,0.21991039080325656,0.005239405596694828,3,186
arctic,A,D1,det,amount_l1_vs_grid,K1,0.31496450219196553,0.2614549551168587,0.36856699281186633,0.004211148216360762,3,186
arctic,A,D1,det,centroid_vs_grid,K1,0.1007818869326771,0.08137302419779918,0.12603784019206477,0.0010529153410223577,3,186
arctic,A,D1,det,normal_vs_grid,K1,16.10202299055767,13.152090585437845,19.25463462116858,0.623790429328275,3,186
arctic,A,D1,det,jitter_dense,K1,0.15365490870463483,0.1283350364209025,0.17660016897176026,0.010934352974829835,3,186
arctic,A,D1,det,tv_dense,K1,9.526604641722951,7.9567724923140855,10.949210812028479,0.6779299262526756,3,186
arctic,A,D1,det,jitter_r2,K1,0.6217968908529128,0.5662988615784937,0.6880165224857525,0.013043073956434916,3,186
arctic,A,D1,det,part_macro_f1,K1,0.7378321364466663,0.6960092558697887,0.7807776965240475,0.008036928060706092,3,186
arctic,A,D1,det,part_macro_auprc,K1,0.8060570618854563,0.7541781450459397,0.8423749993684071,0.0020396849696377607,3,186
arctic,A,D1,det,E_C,mean,1.9762229052602605,1.7119160475433592,2.2632747362805303,0.00951827528843408,3,186
arctic,A,D1,det,E_C_last16,mean,2.31256027514362,1.9747468599955542,2.68925684391236,0.012393862783826804,3,186
arctic,A,D1,det,s0_err,mean,0.0,0.0,0.0,0.0,3,186
arctic,A,D1,det,part_hamming,mean,0.1931122281441739,0.15323511677700022,0.23815609141399158,0.0037552002856559626,3,186
arctic,A,D1,det,amount_l1,mean,0.4788900547190219,0.38899726015644664,0.5603697541063445,0.004931340821999085,3,186
arctic,A,D1,det,amount_rmse,mean,0.009296739381098765,0.007373544528431807,0.010990150475523135,0.0001075967661635969,3,186
arctic,A,D1,det,centroid,mean,0.31342927423910005,0.27307225113674083,0.35650931517644396,0.005383913522331693,3,186
arctic,A,D1,det,normal,mean,50.87364805353585,47.41677306667567,54.35113916794628,0.9291415866200556,3,186
arctic,A,D1,det,centroid_both,mean,0.14658175193200618,0.11843455312318417,0.181873364943027,0.0026178120392356054,3,186
arctic,A,D1,det,normal_both,mean,34.37309018637331,31.64328231717529,37.381828513213776,0.2653795359096158,3,186
arctic,A,D1,det,both_frac,mean,0.70203513848365,0.6486548142886149,0.7567948312744255,0.014587371514996804,3,186
arctic,A,D1,det,q_rel_l1,mean,0.5107271480557632,0.4697210592996695,0.5544834928351832,0.004688371716615061,3,186
arctic,A,D1,det,q_cos,mean,0.8172758067273752,0.7722329088184744,0.8586687639404434,0.00722041335633195,3,186
arctic,A,D1,det,q_Qerr,mean,0.38789519491375135,0.33854879454356107,0.4367366421104764,0.005628672124292115,3,186
arctic,A,D1,det,q_rel_l1_vs_grid,mean,0.4019801902844831,0.36177297822058657,0.4437607499219303,0.012300015676872196,3,185
arctic,A,D1,det,part_hamming_vs_grid,mean,0.1754850253085589,0.13677861863597301,0.21991039080325656,0.005239405596694828,3,186
arctic,A,D1,det,amount_l1_vs_grid,mean,0.31496450219196553,0.2614549551168587,0.36856699281186633,0.004211148216360762,3,186
arctic,A,D1,det,centroid_vs_grid,mean,0.1007818869326771,0.08137302419779918,0.12603784019206477,0.0010529153410223577,3,186
arctic,A,D1,det,normal_vs_grid,mean,16.10202299055767,13.152090585437845,19.25463462116858,0.623790429328275,3,186
arctic,A,D1,det,jitter_dense,mean,0.15365490870463483,0.1283350364209025,0.17660016897176026,0.010934352974829835,3,186
arctic,A,D1,det,tv_dense,mean,9.526604641722951,7.9567724923140855,10.949210812028479,0.6779299262526756,3,186
arctic,A,D1,det,jitter_r2,mean,0.6217968908529128,0.5662988615784937,0.6880165224857525,0.013043073956434916,3,186
arctic,A,D1,det,part_macro_f1,mean,0.7378321364466663,0.6960092558697887,0.7807776965240475,0.008036928060706092,3,186
arctic,A,D1,det,part_macro_auprc,mean,0.8060570618854563,0.7541781450459397,0.8423749993684071,0.0020396849696377607,3,186
arctic,A,D1,det,E_C,best10,1.9762229052602605,1.7119160475433592,2.2632747362805303,0.00951827528843408,3,186
arctic,A,D1,det,E_C_last16,best10,2.31256027514362,1.9747468599955542,2.68925684391236,0.012393862783826804,3,186
arctic,A,D1,det,part_hamming,best10,0.1931122281441739,0.15323511677700022,0.23815609141399158,0.0037552002856559626,3,186
arctic,A,D1,det,amount_l1,best10,0.4788900547190219,0.38899726015644664,0.5603697541063445,0.004931340821999085,3,186
arctic,A,D1,det,amount_rmse,best10,0.009296739381098765,0.007373544528431807,0.010990150475523135,0.0001075967661635969,3,186
arctic,A,D1,det,centroid,best10,0.31342927423910005,0.27307225113674083,0.35650931517644396,0.005383913522331693,3,186
arctic,A,D1,det,normal,best10,50.87364805353585,47.41677306667567,54.35113916794628,0.9291415866200556,3,186
arctic,A,D1,det,centroid_both,best10,0.14658175193200618,0.11843455312318417,0.181873364943027,0.0026178120392356054,3,186
arctic,A,D1,det,normal_both,best10,34.37309018637331,31.64328231717529,37.381828513213776,0.2653795359096158,3,186
arctic,A,D1,det,q_rel_l1,best10,0.5107271480557632,0.4697210592996695,0.5544834928351832,0.004688371716615061,3,186
arctic,A,D1,det,q_cos,best10,0.8172758067273752,0.7722329088184744,0.8586687639404434,0.00722041335633195,3,186
arctic,A,D1,det,q_Qerr,best10,0.38789519491375135,0.33854879454356107,0.4367366421104764,0.005628672124292115,3,186
arctic,A,D1,det,q_rel_l1_vs_grid,best10,0.4019801902844831,0.36177297822058657,0.4437607499219303,0.012300015676872196,3,185
arctic,A,D1,det,part_hamming_vs_grid,best10,0.1754850253085589,0.13677861863597301,0.21991039080325656,0.005239405596694828,3,186
arctic,A,D1,det,amount_l1_vs_grid,best10,0.31496450219196553,0.2614549551168587,0.36856699281186633,0.004211148216360762,3,186
arctic,A,D1,det,centroid_vs_grid,best10,0.1007818869326771,0.08137302419779918,0.12603784019206477,0.0010529153410223577,3,186
arctic,A,D1,det,normal_vs_grid,best10,16.10202299055767,13.152090585437845,19.25463462116858,0.623790429328275,3,186
arctic,A,D2,det,E_C,K1,1.9959848284400918,1.7772567106172226,2.2308333822728312,0.001197716039075575,3,186
arctic,A,D2,det,E_C_last16,K1,2.320923361086076,2.036535934261268,2.6388302020203525,0.0013288387241408098,3,186
arctic,A,D2,det,s0_err,K1,0.0,0.0,0.0,0.0,3,186
arctic,A,D2,det,part_hamming,K1,0.20326754468990535,0.1613004345538216,0.24856621237201604,0.0011932934071096073,3,186
arctic,A,D2,det,amount_l1,K1,0.495356363661614,0.4046391298682891,0.5764585262548616,0.003888575454634464,3,186
arctic,A,D2,det,amount_rmse,K1,0.009521732563077801,0.007605315519349227,0.011295040925279066,7.807441823959257e-05,3,186
arctic,A,D2,det,centroid,K1,0.33383055137450335,0.2937176217546677,0.37699428241162003,0.00255739304156684,3,186
arctic,A,D2,det,normal,K1,54.11703813759657,49.601835319202586,58.81332506256502,0.21375576703290078,3,186
arctic,A,D2,det,centroid_both,K1,0.1432759260231342,0.11513350828810032,0.17799844391482086,0.0009402508714668337,3,186
arctic,A,D2,det,normal_both,K1,33.818949983965965,30.853760621447645,36.90504340864334,0.21152240543496953,3,186
arctic,A,D2,det,both_frac,K1,0.6500431840077684,0.576127415997078,0.723879416250868,0.002300842126898733,3,186
arctic,A,D2,det,q_rel_l1,K1,0.5246228598872713,0.4751228466486342,0.5788759343428161,0.0021234700659756582,3,186
arctic,A,D2,det,q_cos,K1,0.8010922126425263,0.7172083208662802,0.8671147675507183,0.005353296607672945,3,186
arctic,A,D2,det,q_Qerr,K1,0.4084673621074219,0.3485364112527869,0.4723892393600101,0.00357575352337116,3,186
arctic,A,D2,det,q_rel_l1_vs_grid,K1,0.44526322273420055,0.3923971235718205,0.5036166265083338,0.0005219326483810304,3,185
arctic,A,D2,det,part_hamming_vs_grid,K1,0.19118736412436252,0.15106191389702117,0.23739458973174896,0.0007264488519302661,3,186
arctic,A,D2,det,amount_l1_vs_grid,K1,0.3192018556682306,0.26850205411043065,0.36503770338106584,0.0028621596131613663,3,186
arctic,A,D2,det,centroid_vs_grid,K1,0.10404075182370148,0.0840576029318368,0.13035423411155905,0.0013822881342113395,3,186
arctic,A,D2,det,normal_vs_grid,K1,17.22441545463965,14.509524665720866,20.220355053587426,0.27578653758348537,3,186
arctic,A,D2,det,jitter_dense,K1,0.11057760934328735,0.09389025616873681,0.12872192601182997,0.00029657885708900066,3,186
arctic,A,D2,det,tv_dense,K1,6.8558119695673705,5.821196038927319,7.980759634467081,0.01838787650330355,3,186
arctic,A,D2,det,jitter_r2,K1,0.5829429857192501,0.5262210667232342,0.6469644459289746,0.0005351691073557059,3,186
arctic,A,D2,det,part_macro_f1,K1,0.717946023689689,0.6650816963432739,0.7554871265762022,0.0034144811802058386,3,186
arctic,A,D2,det,part_macro_auprc,K1,0.8112687808167635,0.7610105664881339,0.8463180224298378,0.001791298152445158,3,186
arctic,A,D2,det,E_C,mean,1.9959848284400918,1.7772567106172226,2.2308333822728312,0.001197716039075575,3,186
arctic,A,D2,det,E_C_last16,mean,2.320923361086076,2.036535934261268,2.6388302020203525,0.0013288387241408098,3,186
arctic,A,D2,det,s0_err,mean,0.0,0.0,0.0,0.0,3,186
arctic,A,D2,det,part_hamming,mean,0.20326754468990535,0.1613004345538216,0.24856621237201604,0.0011932934071096073,3,186
arctic,A,D2,det,amount_l1,mean,0.495356363661614,0.4046391298682891,0.5764585262548616,0.003888575454634464,3,186
arctic,A,D2,det,amount_rmse,mean,0.009521732563077801,0.007605315519349227,0.011295040925279066,7.807441823959257e-05,3,186
arctic,A,D2,det,centroid,mean,0.33383055137450335,0.2937176217546677,0.37699428241162003,0.00255739304156684,3,186
arctic,A,D2,det,normal,mean,54.11703813759657,49.601835319202586,58.81332506256502,0.21375576703290078,3,186
arctic,A,D2,det,centroid_both,mean,0.1432759260231342,0.11513350828810032,0.17799844391482086,0.0009402508714668337,3,186
arctic,A,D2,det,normal_both,mean,33.818949983965965,30.853760621447645,36.90504340864334,0.21152240543496953,3,186
arctic,A,D2,det,both_frac,mean,0.6500431840077684,0.576127415997078,0.723879416250868,0.002300842126898733,3,186
arctic,A,D2,det,q_rel_l1,mean,0.5246228598872713,0.4751228466486342,0.5788759343428161,0.0021234700659756582,3,186
arctic,A,D2,det,q_cos,mean,0.8010922126425263,0.7172083208662802,0.8671147675507183,0.005353296607672945,3,186
arctic,A,D2,det,q_Qerr,mean,0.4084673621074219,0.3485364112527869,0.4723892393600101,0.00357575352337116,3,186
arctic,A,D2,det,q_rel_l1_vs_grid,mean,0.44526322273420055,0.3923971235718205,0.5036166265083338,0.0005219326483810304,3,185
arctic,A,D2,det,part_hamming_vs_grid,mean,0.19118736412436252,0.15106191389702117,0.23739458973174896,0.0007264488519302661,3,186
arctic,A,D2,det,amount_l1_vs_grid,mean,0.3192018556682306,0.26850205411043065,0.36503770338106584,0.0028621596131613663,3,186
arctic,A,D2,det,centroid_vs_grid,mean,0.10404075182370148,0.0840576029318368,0.13035423411155905,0.0013822881342113395,3,186
arctic,A,D2,det,normal_vs_grid,mean,17.22441545463965,14.509524665720866,20.220355053587426,0.27578653758348537,3,186
arctic,A,D2,det,jitter_dense,mean,0.11057760934328735,0.09389025616873681,0.12872192601182997,0.00029657885708900066,3,186
arctic,A,D2,det,tv_dense,mean,6.8558119695673705,5.821196038927319,7.980759634467081,0.01838787650330355,3,186
arctic,A,D2,det,jitter_r2,mean,0.5829429857192501,0.5262210667232342,0.6469644459289746,0.0005351691073557059,3,186
arctic,A,D2,det,part_macro_f1,mean,0.717946023689689,0.6650816963432739,0.7554871265762022,0.0034144811802058386,3,186
arctic,A,D2,det,part_macro_auprc,mean,0.8112687808167635,0.7610105664881339,0.8463180224298378,0.001791298152445158,3,186
arctic,A,D2,det,E_C,best10,1.9959848284400918,1.7772567106172226,2.2308333822728312,0.001197716039075575,3,186
arctic,A,D2,det,E_C_last16,best10,2.320923361086076,2.036535934261268,2.6388302020203525,0.0013288387241408098,3,186
arctic,A,D2,det,part_hamming,best10,0.20326754468990535,0.1613004345538216,0.24856621237201604,0.0011932934071096073,3,186
arctic,A,D2,det,amount_l1,best10,0.495356363661614,0.4046391298682891,0.5764585262548616,0.003888575454634464,3,186
arctic,A,D2,det,amount_rmse,best10,0.009521732563077801,0.007605315519349227,0.011295040925279066,7.807441823959257e-05,3,186
arctic,A,D2,det,centroid,best10,0.33383055137450335,0.2937176217546677,0.37699428241162003,0.00255739304156684,3,186
arctic,A,D2,det,normal,best10,54.11703813759657,49.601835319202586,58.81332506256502,0.21375576703290078,3,186
arctic,A,D2,det,centroid_both,best10,0.1432759260231342,0.11513350828810032,0.17799844391482086,0.0009402508714668337,3,186
arctic,A,D2,det,normal_both,best10,33.818949983965965,30.853760621447645,36.90504340864334,0.21152240543496953,3,186
arctic,A,D2,det,q_rel_l1,best10,0.5246228598872713,0.4751228466486342,0.5788759343428161,0.0021234700659756582,3,186
arctic,A,D2,det,q_cos,best10,0.8010922126425263,0.7172083208662802,0.8671147675507183,0.005353296607672945,3,186
arctic,A,D2,det,q_Qerr,best10,0.4084673621074219,0.3485364112527869,0.4723892393600101,0.00357575352337116,3,186
arctic,A,D2,det,q_rel_l1_vs_grid,best10,0.44526322273420055,0.3923971235718205,0.5036166265083338,0.0005219326483810304,3,185
arctic,A,D2,det,part_hamming_vs_grid,best10,0.19118736412436252,0.15106191389702117,0.23739458973174896,0.0007264488519302661,3,186
arctic,A,D2,det,amount_l1_vs_grid,best10,0.3192018556682306,0.26850205411043065,0.36503770338106584,0.0028621596131613663,3,186
arctic,A,D2,det,centroid_vs_grid,best10,0.10404075182370148,0.0840576029318368,0.13035423411155905,0.0013822881342113395,3,186
arctic,A,D2,det,normal_vs_grid,best10,17.22441545463965,14.509524665720866,20.220355053587426,0.27578653758348537,3,186
arctic,A,S0,diff,E_C,K1,2.486298237863835,2.2132929124636656,2.783866404256748,0.00864708274784874,3,186
arctic,A,S0,diff,E_C_last16,K1,2.9287742069758824,2.549297026083007,3.336341761112771,0.023826650888659297,3,186
arctic,A,S0,diff,s0_err,K1,0.0,0.0,0.0,0.0,3,186
arctic,A,S0,diff,part_hamming,K1,0.19544008096653342,0.15926507993500605,0.2366593835995962,0.0015461188766902787,3,186
arctic,A,S0,diff,amount_l1,K1,0.5833278811373163,0.48856242978784986,0.674933262010453,0.001908201203615486,3,186
arctic,A,S0,diff,amount_rmse,K1,0.01151747907045394,0.009493802969554148,0.013491629561534832,2.1343151868858474e-05,3,186
arctic,A,S0,diff,centroid,K1,0.3029654836582561,0.26642136664868654,0.346155207675241,0.0034840639524845087,3,186
arctic,A,S0,diff,normal,K1,48.04724618600261,44.924228559736164,51.27463448837181,0.26495141139731804,3,186
arctic,A,S0,diff,centroid_both,K1,0.16883429816146267,0.13776197555749795,0.2050818733224676,0.0012805115149169806,3,186
arctic,A,S0,diff,normal_both,K1,34.80389804128678,32.466268855525875,37.40761193301191,0.36674645774055187,3,186
arctic,A,S0,diff,both_frac,K1,0.7593043851682844,0.7116690631510934,0.806489312278774,0.003846688760926245,3,186
arctic,A,S0,diff,q_rel_l1,K1,0.5085944159617347,0.46962712428911124,0.5513811560112989,0.0035192999241497012,3,186
arctic,A,S0,diff,q_cos,K1,0.836783106408773,0.8073207973816557,0.8646209812562605,0.005025395244442168,3,186
arctic,A,S0,diff,q_Qerr,K1,0.3745510929187352,0.33414412646223274,0.4160169961701263,0.0042392204638999394,3,186
arctic,A,S0,diff,q_rel_l1_vs_grid,K1,0.398446670211516,0.3506734845724617,0.45164783342212456,0.0038663809753858363,3,185
arctic,A,S0,diff,part_hamming_vs_grid,K1,0.17452259199680448,0.13795157674644662,0.2160971632390784,0.0018014348373588548,3,186
arctic,A,S0,diff,amount_l1_vs_grid,K1,0.4129422560574547,0.3498324767585658,0.4759279297069032,0.0018617505819960472,3,186
arctic,A,S0,diff,centroid_vs_grid,K1,0.11002911735362769,0.08957292227149118,0.13446150381068397,0.0008025509893742228,3,186
arctic,A,S0,diff,normal_vs_grid,K1,15.900161680929017,13.241038667872735,18.63469592836085,0.32981667000823817,3,186
arctic,A,S0,diff,jitter_dense,K1,1.5858434712160445,1.5393268195981653,1.633241347357325,0.013885184075480046,3,186
arctic,A,S0,diff,tv_dense,K1,98.32229805676313,95.43826568067648,101.2609663586884,0.8608815288806128,3,186
arctic,A,S0,diff,jitter_r2,K1,0.9598984498811024,0.9037522810267372,1.0311798351708796,0.004257559141104715,3,186
arctic,A,S0,diff,D_C,samples,1.796772906216242,1.7244106540300328,1.8726281048163798,0.02822867627985292,3,186
arctic,A,S0,diff,D_part,samples,0.06179414447540948,0.05397611671237446,0.07117777034620355,0.002479583647239406,3,186
arctic,A,S0,diff,D_amount,samples,0.17846837343387706,0.1503925082184653,0.20495537409697903,0.00596387146863303,3,186
arctic,A,S0,diff,D_centroid,samples,0.05552861519860134,0.04731265644470697,0.06468464535714467,0.0013202116770496869,3,186
arctic,A,S0,diff,D_normal,samples,9.107409542740244,7.867863148042392,10.241001791411856,0.19416268173942938,3,186
arctic,A,S0,diff,D_q,samples,0.1755378953893197,0.14366111085417682,0.20777242864060955,0.004699583629485874,3,186
arctic,A,S0,diff,D_Z,samples,1.1516761897819443,1.0622553794993748,1.2499582338619184,0.024985407416087346,3,186
arctic,A,S0,diff,part_macro_f1,K1,0.748198023815474,0.7036434655744956,0.7883419813930859,0.0011637711132834777,3,186
arctic,A,S0,diff,part_macro_auprc,K1,0.7784844962844154,0.727918673576677,0.8271159373701265,0.0011509408629666962,3,186
arctic,A,S0,diff,E_C,mean,2.4898445642656752,2.218861210065382,2.793142130059443,0.0127308301969169,3,186
arctic,A,S0,diff,E_C_last16,mean,2.940277926575754,2.551377947745107,3.356455983390154,0.009412452460022432,3,186
arctic,A,S0,diff,s0_err,mean,0.0,0.0,0.0,0.0,3,186
arctic,A,S0,diff,part_hamming,mean,0.196148392907928,0.160675252182402,0.23624322920841354,0.0009763129477658853,3,186
arctic,A,S0,diff,amount_l1,mean,0.5853572099479616,0.49114577625822053,0.6778230914198107,0.002249210270579647,3,186
arctic,A,S0,diff,amount_rmse,mean,0.011546391421281417,0.00949143294696591,0.01351668929941546,5.460159574144071e-05,3,186
arctic,A,S0,diff,centroid,mean,0.30444684427057966,0.26574050731012044,0.34830873389125216,0.0011327669692771148,3,186
arctic,A,S0,diff,normal,mean,48.106509120559394,45.036680765455415,51.35291954764348,0.24369666196880735,3,186
arctic,A,S0,diff,centroid_both,mean,0.1676309687332467,0.13807315943173984,0.20398062534482542,0.0005326082643857014,3,186
arctic,A,S0,diff,normal_both,mean,34.800755342189554,32.419575317616165,37.55025820696077,0.23337063257248744,3,186
arctic,A,S0,diff,both_frac,mean,0.757377329693171,0.7100131855549772,0.8042433176326959,0.002558172672937413,3,186
arctic,A,S0,diff,q_rel_l1,mean,0.5074929846490743,0.4682155651714615,0.5497764783205442,0.0024383596581527803,3,186
arctic,A,S0,diff,q_cos,mean,0.8375851279263148,0.8100039085082948,0.8650860051898901,0.003507692501307376,3,186
arctic,A,S0,diff,q_Qerr,mean,0.37415121024020526,0.3337729534123279,0.4155147602263638,0.0026250317015481246,3,186
arctic,A,S0,diff,q_rel_l1_vs_grid,mean,0.39762782143143655,0.3494359902697323,0.4507669258553409,0.0028601789086675905,3,185
arctic,A,S0,diff,part_hamming_vs_grid,mean,0.17457095102013145,0.13910514171937693,0.21535644457868588,0.0011715194163667174,3,186
arctic,A,S0,diff,amount_l1_vs_grid,mean,0.4146962877329586,0.3499930538369963,0.47937762142807183,0.003107476717304543,3,186
arctic,A,S0,diff,centroid_vs_grid,mean,0.11002575774096272,0.09076656216627849,0.13565406334213098,0.000354218525115823,3,186
arctic,A,S0,diff,normal_vs_grid,mean,15.892740853590137,13.251584214004763,18.613254784499194,0.19719246965461815,3,186
arctic,A,S0,diff,jitter_dense,mean,1.5844134144671929,1.5387213250764362,1.6315618254320539,0.014407817262963401,3,186
arctic,A,S0,diff,tv_dense,mean,98.23363461921717,95.40072499376382,101.1568361770644,0.893284693356157,3,186
arctic,A,S0,diff,jitter_r2,mean,0.9571223221198526,0.9008785707612554,1.0287203003360437,0.004229662802935405,3,186
arctic,A,S0,diff,part_macro_f1,mean,0.7487413986782485,0.7006853083449431,0.7885762557882524,0.0015784336439532683,3,186
arctic,A,S0,diff,part_macro_auprc,mean,0.7773737739189661,0.7260359302198068,0.8261653107905479,0.001534283282496379,3,186
arctic,A,S0,diff,E_C,best10,2.2882507292814154,2.0309759835731875,2.5763283177999865,0.003875421568641436,3,186
arctic,A,S0,diff,E_C_last16,best10,2.543406525072658,2.1987856601654356,2.9220754619891784,0.004960185394144518,3,186
arctic,A,S0,diff,part_hamming,best10,0.16092527654075386,0.1286702071467508,0.1982399293320095,0.0018996748002617328,3,186
arctic,A,S0,diff,amount_l1,best10,0.5110281506373037,0.4232743943687664,0.5930998540246937,0.0018310582932706495,3,186
arctic,A,S0,diff,amount_rmse,best10,0.009936228105347724,0.008107408065632739,0.011642860618352279,4.287182653761616e-05,3,186
arctic,A,S0,diff,centroid,best10,0.26051652303973616,0.22642588696175564,0.3018207695208796,0.0019510879355979888,3,186
arctic,A,S0,diff,normal,best10,43.74916042681236,40.7915969460337,46.93322856516179,0.19749536256176975,3,186
arctic,A,S0,diff,centroid_both,best10,0.14281006924988282,0.11556179090059475,0.17739150013338273,0.0014028083744496004,3,186
arctic,A,S0,diff,normal_both,best10,30.991621222921168,28.60923378001238,33.5464844497042,0.23511311484344824,3,186
arctic,A,S0,diff,q_rel_l1,best10,0.45073245890358443,0.4156905731486071,0.4877747226638092,0.002913535342488787,3,186
arctic,A,S0,diff,q_cos,best10,0.8836080392148333,0.8607340716963201,0.9032495954106413,0.0023617733241816027,3,186
arctic,A,S0,diff,q_Qerr,best10,0.3048119234108102,0.2698487433561765,0.3410164498387313,0.0029303961648840006,3,186
arctic,A,S0,diff,q_rel_l1_vs_grid,best10,0.323739885240122,0.2773554517137653,0.3727997074197121,0.004043709820258177,3,185
arctic,A,S0,diff,part_hamming_vs_grid,best10,0.13803551339387465,0.10669784562735361,0.17485374503648393,0.0016509045992441729,3,186
arctic,A,S0,diff,amount_l1_vs_grid,best10,0.3448479238456936,0.2868644557857967,0.40246710129225793,0.0012573774806917835,3,186
arctic,A,S0,diff,centroid_vs_grid,best10,0.09103118858507112,0.07319105473736562,0.11519240586346671,0.0013010863383272815,3,186
arctic,A,S0,diff,normal_vs_grid,best10,12.852314382497767,10.592865445945367,15.21332327142667,0.13748194669221325,3,186
arctic,A,S1,diff,E_C,K1,2.486203433151313,2.2215854965561355,2.7847926714709814,0.013205602996965759,3,186
arctic,A,S1,diff,E_C_last16,K1,2.898737801659492,2.5326407325174625,3.297075563829741,0.03837914718738819,3,186
arctic,A,S1,diff,s0_err,K1,0.0,0.0,0.0,0.0,3,186
arctic,A,S1,diff,part_hamming,K1,0.20065522961331847,0.16179063873505697,0.24651999842956226,0.0019470746483219185,3,186
arctic,A,S1,diff,amount_l1,K1,0.5437528195133345,0.4530816398847106,0.629331451782883,0.00204363418768082,3,186
arctic,A,S1,diff,amount_rmse,K1,0.010603367978553406,0.008760889262940276,0.0123848871272636,3.375419670599583e-05,3,186
arctic,A,S1,diff,centroid,K1,0.32909153021978865,0.2877591242887083,0.3744413945553209,0.0059956956200931145,3,186
arctic,A,S1,diff,normal,K1,51.63796386891796,47.94703140406102,55.40305018134809,0.5565643900172684,3,186
arctic,A,S1,diff,centroid_both,K1,0.16317812184799846,0.13275088022642265,0.19899533093899469,0.0018230630780094012,3,186
arctic,A,S1,diff,normal_both,K1,34.48722286955003,31.721428340853645,37.45545327905476,0.44424342892497093,3,186
arctic,A,S1,diff,both_frac,K1,0.701306413505293,0.6366096756369247,0.7619860971394475,0.007861754232679558,3,186
arctic,A,S1,diff,q_rel_l1,K1,0.5322405897534876,0.48794000945949006,0.577826338923552,0.004171585374463995,3,186
arctic,A,S1,diff,q_cos,K1,0.7898607195745553,0.7377498913761008,0.8411970658225792,0.00802319756592269,3,186
arctic,A,S1,diff,q_Qerr,K1,0.40757204884977005,0.358262500040294,0.45771495733418294,0.006583908199622593,3,186
arctic,A,S1,diff,q_rel_l1_vs_grid,K1,0.4365504700354897,0.3910640152013668,0.4826582420249695,0.004761584428811779,3,185
arctic,A,S1,diff,part_hamming_vs_grid,K1,0.1843839647285106,0.1459524368132498,0.22950957165571434,0.0018014341615709614,3,186
arctic,A,S1,diff,amount_l1_vs_grid,K1,0.3851076359576863,0.3241519650386566,0.4485827196783142,0.002760406916811997,3,186
arctic,A,S1,diff,centroid_vs_grid,K1,0.11099666224018166,0.09125539760843306,0.13613649530229774,0.003175765946757043,3,186
arctic,A,S1,diff,normal_vs_grid,K1,16.56528225073784,13.810503475010705,19.23524602737657,0.42670795441982845,3,186
arctic,A,S1,diff,jitter_dense,K1,1.646912530972539,1.6086647078450553,1.6869923010164138,0.00815759603889534,3,186
arctic,A,S1,diff,tv_dense,K1,102.108579943257,99.737214943021,104.59352578877092,0.5057710229472813,3,186
arctic,A,S1,diff,jitter_r2,K1,0.9397896767250098,0.8710805156776672,1.0219071023313766,0.015991355123555002,3,186
arctic,A,S1,diff,D_C,samples,1.8466656037128955,1.7791255419092882,1.9201068618886836,0.011460637822541066,3,186
arctic,A,S1,diff,D_part,samples,0.06503501778902857,0.05644898222562423,0.07448049769954716,0.0022803100451244526,3,186
arctic,A,S1,diff,D_amount,samples,0.17012043831048793,0.14363564669756787,0.19680083121279685,0.004473310740144572,3,186
arctic,A,S1,diff,D_centroid,samples,0.05767190278971762,0.04946232678181656,0.06672199304937425,0.0008308620736018207,3,186
arctic,A,S1,diff,D_normal,samples,9.93749555098861,8.68864712341855,11.120102630445754,0.0844495857546933,3,186
arctic,A,S1,diff,D_q,samples,0.21899999922016583,0.1730446919323891,0.26758126854053227,0.009367060122134821,3,186
arctic,A,S1,diff,D_Z,samples,1.170422362837954,1.0680874847032207,1.284733849962446,0.01926444566363127,3,186
arctic,A,S1,diff,part_macro_f1,K1,0.7349100840134128,0.689181579550434,0.7653567519215543,0.0027826625882774636,3,186
arctic,A,S1,diff,part_macro_auprc,K1,0.7942927044338899,0.744330987024345,0.8337424930322608,0.0006472391256658786,3,186
arctic,A,S1,diff,E_C,mean,2.4845613060031737,2.216036667566076,2.789169268853776,0.022947985754674084,3,186
arctic,A,S1,diff,E_C_last16,mean,2.8982828598723183,2.522254004912376,3.311192940025353,0.03901280131185621,3,186
arctic,A,S1,diff,s0_err,mean,0.0,0.0,0.0,0.0,3,186
arctic,A,S1,diff,part_hamming,mean,0.2010378322624151,0.16112965771664806,0.24652197801854656,0.002526327036860871,3,186
arctic,A,S1,diff,amount_l1,mean,0.5438872758699681,0.45380861566044994,0.6306194641276625,0.0034030896992047464,3,186
arctic,A,S1,diff,amount_rmse,mean,0.010589269833308795,0.008757132260677281,0.012402580402469061,6.896207937644909e-05,3,186
arctic,A,S1,diff,centroid,mean,0.3306852763905907,0.28868773357276767,0.3775450749327192,0.004461960423567257,3,186
arctic,A,S1,diff,normal,mean,51.882756091697026,48.19872439366498,55.66242740576028,0.6035543884125839,3,186
arctic,A,S1,diff,centroid_both,mean,0.16214876499387523,0.13403821753126788,0.198036844886653,0.0001969873147517428,3,186
arctic,A,S1,diff,normal_both,mean,34.670753955525946,31.9554294075574,37.62521746448649,0.28225776384551615,3,186
arctic,A,S1,diff,both_frac,mean,0.6985699004984351,0.6325912714817584,0.7622393583410582,0.007916186635189445,3,186
arctic,A,S1,diff,q_rel_l1,mean,0.5340119379943097,0.48729386842442857,0.5804036251414568,0.004471600085843821,3,186
arctic,A,S1,diff,q_cos,mean,0.7876120364633937,0.7331829578461454,0.8405239984819584,0.00815473502485823,3,186
arctic,A,S1,diff,q_Qerr,mean,0.4095299681708698,0.3592938307085456,0.46074588012728274,0.005678983483671766,3,186
arctic,A,S1,diff,q_rel_l1_vs_grid,mean,0.4389437606974362,0.3938601897492028,0.4858797105002485,0.006975180044939198,3,185
arctic,A,S1,diff,part_hamming_vs_grid,mean,0.18455416847163925,0.14537712159425958,0.22805868185399347,0.002829914159617456,3,186
arctic,A,S1,diff,amount_l1_vs_grid,mean,0.3845684903743927,0.32207627718523957,0.44909234409821114,0.005383383823182791,3,186
arctic,A,S1,diff,centroid_vs_grid,mean,0.11065874716615819,0.09108834789023733,0.1363647119962456,0.0016637630069395442,3,186
arctic,A,S1,diff,normal_vs_grid,mean,16.714312824481382,13.951043295927803,19.40637663769123,0.3039995319394204,3,186
arctic,A,S1,diff,jitter_dense,mean,1.6463227537797769,1.608341222574169,1.6869055473860066,0.008310859500612887,3,186
arctic,A,S1,diff,tv_dense,mean,102.0720137442312,99.71715873119489,104.58814704582001,0.5152733345806197,3,186
arctic,A,S1,diff,jitter_r2,mean,0.9387185003488293,0.8674031758418885,1.0233585420785425,0.008974918049770627,3,186
arctic,A,S1,diff,part_macro_f1,mean,0.7349232322767586,0.691211214599798,0.7723392491360176,0.002597188197031986,3,186
arctic,A,S1,diff,part_macro_auprc,mean,0.7931128175560093,0.7452048117983597,0.8372538502485456,0.0016331619730206675,3,186
arctic,A,S1,diff,E_C,best10,2.290034418037715,2.0412840039059468,2.5709909752917657,0.014095249248219045,3,186
arctic,A,S1,diff,E_C_last16,best10,2.52113290328706,2.207896659801023,2.8605778867801046,0.033473407277274,3,186
arctic,A,S1,diff,part_hamming,best10,0.1642914183294287,0.12832609133108874,0.20662147755399132,0.0007009374595260008,3,186
arctic,A,S1,diff,amount_l1,best10,0.47495305470080784,0.3914532045262,0.5529206738780421,0.002217401099679436,3,186
arctic,A,S1,diff,amount_rmse,best10,0.009108009992257481,0.007480718948198742,0.01067758384941715,4.6252889242992e-05,3,186
arctic,A,S1,diff,centroid,best10,0.280892769535703,0.24420069487120133,0.3230671469419958,0.002760083900071457,3,186
arctic,A,S1,diff,normal,best10,46.77264371594434,43.41510902477888,50.14266285194227,0.5329994433305965,3,186
arctic,A,S1,diff,centroid_both,best10,0.13392120239902355,0.10794074112344734,0.16941498694118412,0.001772835179427959,3,186
arctic,A,S1,diff,normal_both,best10,30.112002356825766,27.23045603647707,33.06078121691041,0.28545571506423795,3,186
arctic,A,S1,diff,q_rel_l1,best10,0.4693946088246974,0.4320678229265516,0.5084943187731275,0.00243094919378193,3,186
arctic,A,S1,diff,q_cos,best10,0.8466686719434342,0.8092948203848966,0.8822588481687783,0.005327274340658153,3,186
arctic,A,S1,diff,q_Qerr,best10,0.33216579917711486,0.28966031516204765,0.3744391950771138,0.003707976479068591,3,186
arctic,A,S1,diff,q_rel_l1_vs_grid,best10,0.3565338264446001,0.31837386994285766,0.39882522864994396,0.003021975106909561,3,185
arctic,A,S1,diff,part_hamming_vs_grid,best10,0.14701979219292602,0.1118004819286966,0.1881354633427727,0.0005899125093762612,3,186
arctic,A,S1,diff,amount_l1_vs_grid,best10,0.3178575622338441,0.2651318033719948,0.3742009036836732,0.004302986730748853,3,186
arctic,A,S1,diff,centroid_vs_grid,best10,0.08821276483112632,0.0697018031483787,0.11301363195197447,0.0010059289316950884,3,186
arctic,A,S1,diff,normal_vs_grid,best10,13.138568314960674,10.873521690086605,15.514110132870217,0.3161625774490196,3,186
arctic,A,S2,diff,E_C,K1,2.9311476448103515,2.681140944377541,3.2093505571554943,0.06908012043826384,3,186
arctic,A,S2,diff,E_C_last16,K1,3.2087504365965454,2.8738444996003847,3.5770537317315636,0.0756032018424099,3,186
arctic,A,S2,diff,s0_err,K1,0.0,0.0,0.0,0.0,3,186
arctic,A,S2,diff,part_hamming,K1,0.17517685691415463,0.14124037700190128,0.21503142307965792,0.0008009980819946749,3,186
arctic,A,S2,diff,amount_l1,K1,0.5816516026480649,0.5043836682372363,0.6588371458146463,0.007113407404589478,3,186
arctic,A,S2,diff,amount_rmse,K1,0.011180203909965693,0.009471988004910682,0.012837947145086607,0.00013489986587468248,3,186
arctic,A,S2,diff,centroid,K1,0.28582772499744824,0.24651208195116323,0.329102456548268,0.0038108289016152985,3,186
arctic,A,S2,diff,normal,K1,47.271202979122016,44.234791433390185,50.39046577082588,0.45284586198584836,3,186
arctic,A,S2,diff,centroid_both,K1,0.16964511154052606,0.1373998381885811,0.2080893157713134,0.0018075875179799613,3,186
arctic,A,S2,diff,normal_both,K1,35.30646938822603,32.630573558240584,38.39472147691375,0.1265800575490002,3,186
arctic,A,S2,diff,both_frac,K1,0.7817303226446219,0.7335013767553499,0.830052184731557,0.008001564127180434,3,186
arctic,A,S2,diff,q_rel_l1,K1,0.4971586957667356,0.4579707995680428,0.5378728897705013,0.004002347958323543,3,186
arctic,A,S2,diff,q_cos,K1,0.84882925693146,0.8174112209259115,0.8782447316234713,0.004575401040638111,3,186
arctic,A,S2,diff,q_Qerr,K1,0.3579428219420028,0.31511115861087735,0.3990623602611401,0.004789325834553182,3,186
arctic,A,S2,diff,q_rel_l1_vs_grid,K1,0.39088149852715104,0.3457111306523001,0.442272860191947,0.005578663817628437,3,185
arctic,A,S2,diff,part_hamming_vs_grid,K1,0.15471450815571466,0.12314641226032878,0.19359969250106318,0.001599130572618694,3,186
arctic,A,S2,diff,amount_l1_vs_grid,K1,0.4083606516909001,0.3562867241156777,0.46607326882291555,0.007546505762381204,3,186
arctic,A,S2,diff,centroid_vs_grid,K1,0.11173434477085817,0.0927405566731307,0.1361554062930766,0.0005930589957012282,3,186
arctic,A,S2,diff,normal_vs_grid,K1,16.58921631337494,13.80090046984008,19.316030641182852,0.21337855394636382,3,186
arctic,A,S2,diff,jitter_dense,K1,2.7687837479362347,2.707284633325236,2.8367365351472067,0.13246308758772377,3,186
arctic,A,S2,diff,tv_dense,K1,171.6645973232912,167.851652187068,175.87767027159435,8.212711872558156,3,186
arctic,A,S2,diff,jitter_r2,K1,1.0905569379474953,1.0047472663532768,1.1874346986588258,0.016716270376303813,3,186
arctic,A,S2,diff,D_C,samples,2.781976927138571,2.7218123674144348,2.850106187024537,0.13008792082615864,3,186
arctic,A,S2,diff,D_part,samples,0.05413293144640623,0.04655879972393611,0.06351502173205793,0.0007537691109731689,3,186
arctic,A,S2,diff,D_amount,samples,0.13949691864084385,0.11878775824167724,0.1606166198813426,0.0065351723754667225,3,186
arctic,A,S2,diff,D_centroid,samples,0.06505024500565075,0.056172731578406354,0.07429801045599324,0.00218746759219525,3,186
arctic,A,S2,diff,D_normal,samples,10.844232116335181,9.302169808206243,12.310473965315875,0.28166904714561497,3,186
arctic,A,S2,diff,D_q,samples,0.16062644799785303,0.13134625751597348,0.19202929800791246,0.004021835567176414,3,186
arctic,A,S2,diff,D_Z,samples,1.095714718797728,0.9839854642985795,1.2079881622295452,0.023823549878041007,3,186
arctic,A,S2,diff,part_macro_f1,K1,0.7724195396494449,0.7300374859922643,0.8053040961342411,0.0010408970180040603,3,186
arctic,A,S2,diff,part_macro_auprc,K1,0.7964135376938833,0.7433585641270682,0.8335578633510627,0.0029263893554405443,3,186
arctic,A,S2,diff,E_C,mean,2.9344510964808928,2.6864431284413657,3.2117021283611304,0.06500478922222709,3,186
arctic,A,S2,diff,E_C_last16,mean,3.212056260617403,2.879154402315025,3.5744027870762567,0.07172168356469759,3,186
arctic,A,S2,diff,s0_err,mean,0.0,0.0,0.0,0.0,3,186
arctic,A,S2,diff,part_hamming,mean,0.17542481323233455,0.1420696552724681,0.21518229681521447,0.0020355296758214556,3,186
arctic,A,S2,diff,amount_l1,mean,0.5821634601147372,0.5050450753838361,0.65921535465575,0.005749707418114049,3,186
arctic,A,S2,diff,amount_rmse,mean,0.011186915007127802,0.009488538114284613,0.012843342290300964,0.00011517472541143657,3,186
arctic,A,S2,diff,centroid,mean,0.28779194304539313,0.24770785475916035,0.33117022606519947,0.005153735893378311,3,186
arctic,A,S2,diff,normal,mean,47.45293659950242,44.316568221651,50.62490722451896,0.6035086196040781,3,186
arctic,A,S2,diff,centroid_both,mean,0.16957021432070857,0.1375945471526333,0.207507737774986,0.0001343409936561491,3,186
arctic,A,S2,diff,normal_both,mean,35.35208532897803,32.696277807218586,38.41574239920997,0.08752171436344248,3,186
arctic,A,S2,diff,both_frac,mean,0.7794186931287064,0.7300227513289312,0.8294708115705781,0.010288188105383608,3,186
arctic,A,S2,diff,q_rel_l1,mean,0.4988297696308797,0.45978311934891686,0.5393289453031461,0.004646797958307377,3,186
arctic,A,S2,diff,q_cos,mean,0.8471614018536598,0.8132595844271294,0.8796277813487289,0.006487894860999719,3,186
arctic,A,S2,diff,q_Qerr,mean,0.35993467919281474,0.3165732762281482,0.40144137822196047,0.006150484014224268,3,186
arctic,A,S2,diff,q_rel_l1_vs_grid,mean,0.39383629391724995,0.3479794648739176,0.4457311900108363,0.005897688097952131,3,185
arctic,A,S2,diff,part_hamming_vs_grid,mean,0.15529907881549315,0.12389013880439462,0.19382636987793728,0.0023759277559893873,3,186
arctic,A,S2,diff,amount_l1_vs_grid,mean,0.4088834020773142,0.3560141275674401,0.4665171947269641,0.006186401780312003,3,186
arctic,A,S2,diff,centroid_vs_grid,mean,0.11156137108270373,0.09244427132923708,0.13608776300597417,0.00013476055025927116,3,186
arctic,A,S2,diff,normal_vs_grid,mean,16.60358988149993,13.805120505978758,19.327950615942324,0.10653396714893884,3,186
arctic,A,S2,diff,jitter_dense,mean,2.764553654364788,2.706196105983172,2.8295239722125225,0.12964595934011494,3,186
arctic,A,S2,diff,tv_dense,mean,171.4023317207145,167.78416363698824,175.43049155368814,8.0380497720263,3,186
arctic,A,S2,diff,jitter_r2,mean,1.0891339493748533,1.0049733706998258,1.1853600517737306,0.020407606178284996,3,186
arctic,A,S2,diff,part_macro_f1,mean,0.772159218855703,0.7347326720962469,0.8067417976958718,0.0028217943086817072,3,186
arctic,A,S2,diff,part_macro_auprc,mean,0.7970586897556496,0.7463608167668133,0.8349605070452917,0.0017498236509373287,3,186
arctic,A,S2,diff,E_C,best10,2.858375255779554,2.6168331048297557,3.1271588386619684,0.0645015497217863,3,186
arctic,A,S2,diff,E_C_last16,best10,3.0583555681303842,2.7502593085169793,3.394378783150609,0.06245094084280983,3,186
arctic,A,S2,diff,part_hamming,best10,0.15433522396283658,0.12223336603395263,0.19197013568390292,0.002940028874008507,3,186
arctic,A,S2,diff,amount_l1,best10,0.5490929750345086,0.47482058271819017,0.6226904305140548,0.004044546078904627,3,186
arctic,A,S2,diff,amount_rmse,best10,0.010496919946728349,0.008874129126975962,0.012051998573565391,6.966889812779927e-05,3,186
arctic,A,S2,diff,centroid,best10,0.2615719434928723,0.22501118137088677,0.302554853728715,0.004256281434130523,3,186
arctic,A,S2,diff,normal,best10,44.44698951342628,41.421769449917406,47.357499744134444,0.5635527783645677,3,186
arctic,A,S2,diff,centroid_both,best10,0.1526418374083589,0.12408451517441639,0.19001371203406386,0.0011221048549348912,3,186
arctic,A,S2,diff,normal_both,best10,32.857650560984474,30.148482195887848,35.89888222590415,0.13192250826227814,3,186
arctic,A,S2,diff,q_rel_l1,best10,0.4581566324664487,0.42480532481905636,0.4933636867509044,0.004936318787119079,3,186
arctic,A,S2,diff,q_cos,best10,0.87998158523419,0.8592006614895414,0.900173920929085,0.005435656668909153,3,186
arctic,A,S2,diff,q_Qerr,best10,0.31197425721073024,0.2768176155074246,0.34662204758410187,0.005288967626005806,3,186
arctic,A,S2,diff,q_rel_l1_vs_grid,best10,0.34206351582799943,0.29974253950583374,0.3886591653348315,0.004989520080331811,3,185
arctic,A,S2,diff,part_hamming_vs_grid,best10,0.1342474187300357,0.10456524746911554,0.17083738634265414,0.0028563207652863576,3,186
arctic,A,S2,diff,amount_l1_vs_grid,best10,0.37801050426818994,0.32847896777737795,0.43263571459963257,0.004759880659877476,3,186
arctic,A,S2,diff,centroid_vs_grid,best10,0.09955519128851192,0.08141218510677857,0.12315465490565815,0.00035889351147191636,3,186
arctic,A,S2,diff,normal_vs_grid,best10,14.676789320845117,12.100186273731074,17.260729268937414,0.13765877482644398,3,186
