dataset,protocol,a,b,comparison,metric,stat,mean_a,mean_b,diff,diff_lo,diff_hi,rel_change_pct,rel_lo,rel_hi,seed_diffs,seed_consistent,n_seeds
taco,A,D0,D1,output structural supervision (det),E_C,K1,1.7746110701790223,1.7997577707027341,0.025146700523711814,0.010298555155608662,0.039271992534097896,1.4170260146734615,0.5694118884769006,2.2708875732991185,"[0.02217, 0.03448, 0.0188]",True,3
taco,A,D0,D1,output structural supervision (det),part_hamming,K1,0.18179837694296086,0.18814322282645457,0.0063448458834936775,0.003901987902505063,0.008761778732154477,3.490045395446195,2.140503300652652,4.905689297526439,"[0.00494, 0.00802, 0.00608]",True,3
taco,A,D0,D1,output structural supervision (det),amount_l1,K1,0.45967725088526473,0.4553198139814339,-0.004357436903830849,-0.006370703973528963,-0.002006289652248365,-0.9479339896501515,-1.368306473278802,-0.44985891914998133,"[-0.00401, -0.00374, -0.00533]",True,3
taco,A,D0,D1,output structural supervision (det),centroid,K1,0.23959087469229548,0.25241967142924615,0.012828796736950622,0.010314243636613625,0.015309575250577434,5.354459661047839,4.28337524606357,6.561118077649386,"[0.01152, 0.01387, 0.0131]",True,3
taco,A,D0,D1,output structural supervision (det),normal,K1,51.27266321994446,52.38255059042256,1.1098873704781023,0.7131043010494604,1.4236459685075038,2.164676653750175,1.3708333317153487,2.8113849026750737,"[1.01368, 1.27135, 1.04463]",True,3
taco,A,D0,D1,output structural supervision (det),q_rel_l1,K1,0.47619974081687644,0.48472285650725117,0.008523115690374549,0.003756279719562548,0.012941511079545847,1.7898194727603345,0.7692297596159969,2.765691147725602,"[0.00484, 0.00996, 0.01077]",True,3
taco,A,D0,D1,output structural supervision (det),jitter_dense,K1,0.1604550471563479,0.17774164948557866,0.01728660232923079,0.015463833234806228,0.019166548750798387,10.77348617920797,9.547730709674385,12.078611151720864,"[0.017, 0.01759, 0.01727]",True,3
taco,A,D0,D1,output structural supervision (det),jitter_r2,K1,1.0478565329958722,1.0382337536212507,-0.009622779374621507,-0.01662349210593741,-0.003087609896721518,-0.9183298544801377,-1.5667491350559781,-0.2988839666607124,"[-0.00825, -0.01018, -0.01044]",True,3
taco,A,D0,D1,output structural supervision (det),centroid_both,K1,0.10400350113150292,0.1003931654606956,-0.003610335670807313,-0.008587876993249522,0.0004143315179786089,-3.4713597441708877,-7.874185573271841,0.4295621685571849,"[-0.0034, -0.00181, -0.00563]",True,3
taco,A,D0,D1,output structural supervision (det),normal_both,K1,40.21548552947603,39.81211561881579,-0.4033699106602442,-1.298797836057966,0.27622031233001054,-1.0030213619193762,-3.1819294139362575,0.6863015048517163,"[-0.33065, -0.27175, -0.60771]",True,3
taco,A,D0,D1,output structural supervision (det),q_cos,K1,0.8312559812210307,0.8106943371069478,-0.020561644114083153,-0.02636991577869936,-0.015305003855933266,-2.473563448395266,-3.152925774647808,-1.8358730655933742,"[-0.01196, -0.02353, -0.02619]",True,3
taco,A,D0,D1,output structural supervision (det),E_C_last16,K1,2.0637486473189823,2.0674846565057505,0.003736009186768265,-0.01682905953533431,0.023743232014652137,0.18103024278763868,-0.8056414453637806,1.1826777091427765,"[-0.00204, 0.02393, -0.01068]",False,3
taco,A,D0,D1,output structural supervision (det),E_C,mean,1.7746110701790223,1.7997577707027341,0.025146700523711814,0.010298555155608662,0.039271992534097896,1.4170260146734615,0.5694118884769006,2.2708875732991185,"[0.02217, 0.03448, 0.0188]",True,3
taco,A,D0,D1,output structural supervision (det),part_hamming,mean,0.18179837694296086,0.18814322282645457,0.0063448458834936775,0.003901987902505063,0.008761778732154477,3.490045395446195,2.140503300652652,4.905689297526439,"[0.00494, 0.00802, 0.00608]",True,3
taco,A,D0,D1,output structural supervision (det),amount_l1,mean,0.45967725088526473,0.4553198139814339,-0.004357436903830849,-0.006370703973528963,-0.002006289652248365,-0.9479339896501515,-1.368306473278802,-0.44985891914998133,"[-0.00401, -0.00374, -0.00533]",True,3
taco,A,D0,D1,output structural supervision (det),centroid,mean,0.23959087469229548,0.25241967142924615,0.012828796736950622,0.010314243636613625,0.015309575250577434,5.354459661047839,4.28337524606357,6.561118077649386,"[0.01152, 0.01387, 0.0131]",True,3
taco,A,D0,D1,output structural supervision (det),normal,mean,51.27266321994446,52.38255059042256,1.1098873704781023,0.7131043010494604,1.4236459685075038,2.164676653750175,1.3708333317153487,2.8113849026750737,"[1.01368, 1.27135, 1.04463]",True,3
taco,A,D0,D1,output structural supervision (det),q_rel_l1,mean,0.47619974081687644,0.48472285650725117,0.008523115690374549,0.003756279719562548,0.012941511079545847,1.7898194727603345,0.7692297596159969,2.765691147725602,"[0.00484, 0.00996, 0.01077]",True,3
taco,A,D0,D1,output structural supervision (det),jitter_dense,mean,0.1604550471563479,0.17774164948557866,0.01728660232923079,0.015463833234806228,0.019166548750798387,10.77348617920797,9.547730709674385,12.078611151720864,"[0.017, 0.01759, 0.01727]",True,3
taco,A,D0,D1,output structural supervision (det),jitter_r2,mean,1.0478565329958722,1.0382337536212507,-0.009622779374621507,-0.01662349210593741,-0.003087609896721518,-0.9183298544801377,-1.5667491350559781,-0.2988839666607124,"[-0.00825, -0.01018, -0.01044]",True,3
taco,A,D0,D1,output structural supervision (det),centroid_both,mean,0.10400350113150292,0.1003931654606956,-0.003610335670807313,-0.008587876993249522,0.0004143315179786089,-3.4713597441708877,-7.874185573271841,0.4295621685571849,"[-0.0034, -0.00181, -0.00563]",True,3
taco,A,D0,D1,output structural supervision (det),normal_both,mean,40.21548552947603,39.81211561881579,-0.4033699106602442,-1.298797836057966,0.27622031233001054,-1.0030213619193762,-3.1819294139362575,0.6863015048517163,"[-0.33065, -0.27175, -0.60771]",True,3
taco,A,D0,D1,output structural supervision (det),q_cos,mean,0.8312559812210307,0.8106943371069478,-0.020561644114083153,-0.02636991577869936,-0.015305003855933266,-2.473563448395266,-3.152925774647808,-1.8358730655933742,"[-0.01196, -0.02353, -0.02619]",True,3
taco,A,D0,D1,output structural supervision (det),E_C_last16,mean,2.0637486473189823,2.0674846565057505,0.003736009186768265,-0.01682905953533431,0.023743232014652137,0.18103024278763868,-0.8056414453637806,1.1826777091427765,"[-0.00204, 0.02393, -0.01068]",False,3
taco,A,D0,D1,output structural supervision (det),E_C,best10,1.7746110701790223,1.7997577707027341,0.025146700523711814,0.010298555155608662,0.039271992534097896,1.4170260146734615,0.5694118884769006,2.2708875732991185,"[0.02217, 0.03448, 0.0188]",True,3
taco,A,D0,D1,output structural supervision (det),part_hamming,best10,0.18179837694296086,0.18814322282645457,0.0063448458834936775,0.003901987902505063,0.008761778732154477,3.490045395446195,2.140503300652652,4.905689297526439,"[0.00494, 0.00802, 0.00608]",True,3
taco,A,D0,D1,output structural supervision (det),amount_l1,best10,0.45967725088526473,0.4553198139814339,-0.004357436903830849,-0.006370703973528963,-0.002006289652248365,-0.9479339896501515,-1.368306473278802,-0.44985891914998133,"[-0.00401, -0.00374, -0.00533]",True,3
taco,A,D0,D1,output structural supervision (det),centroid,best10,0.23959087469229548,0.25241967142924615,0.012828796736950622,0.010314243636613625,0.015309575250577434,5.354459661047839,4.28337524606357,6.561118077649386,"[0.01152, 0.01387, 0.0131]",True,3
taco,A,D0,D1,output structural supervision (det),normal,best10,51.27266321994446,52.38255059042256,1.1098873704781023,0.7131043010494604,1.4236459685075038,2.164676653750175,1.3708333317153487,2.8113849026750737,"[1.01368, 1.27135, 1.04463]",True,3
taco,A,D0,D1,output structural supervision (det),q_rel_l1,best10,0.47619974081687644,0.48472285650725117,0.008523115690374549,0.003756279719562548,0.012941511079545847,1.7898194727603345,0.7692297596159969,2.765691147725602,"[0.00484, 0.00996, 0.01077]",True,3
taco,A,D0,D1,output structural supervision (det),centroid_both,best10,0.10400350113150292,0.1003931654606956,-0.003610335670807313,-0.008587876993249522,0.0004143315179786089,-3.4713597441708877,-7.874185573271841,0.4295621685571849,"[-0.0034, -0.00181, -0.00563]",True,3
taco,A,D0,D1,output structural supervision (det),normal_both,best10,40.21548552947603,39.81211561881579,-0.4033699106602442,-1.298797836057966,0.27622031233001054,-1.0030213619193762,-3.1819294139362575,0.6863015048517163,"[-0.33065, -0.27175, -0.60771]",True,3
taco,A,D0,D1,output structural supervision (det),q_cos,best10,0.8312559812210307,0.8106943371069478,-0.020561644114083153,-0.02636991577869936,-0.015305003855933266,-2.473563448395266,-3.152925774647808,-1.8358730655933742,"[-0.01196, -0.02353, -0.02619]",True,3
taco,A,D0,D1,output structural supervision (det),E_C_last16,best10,2.0637486473189823,2.0674846565057505,0.003736009186768265,-0.01682905953533431,0.023743232014652137,0.18103024278763868,-0.8056414453637806,1.1826777091427765,"[-0.00204, 0.02393, -0.01068]",False,3
taco,A,D1,D2,hidden aux supervision (det),E_C,K1,1.7997577707027341,1.8917281268498838,0.09197035614714956,0.06940148465694904,0.1119662064892806,5.110151912900984,3.778512620670771,6.265232945640675,"[0.10454, 0.0836, 0.08777]",True,3
taco,A,D1,D2,hidden aux supervision (det),part_hamming,K1,0.18814322282645457,0.2001497370486008,0.012006514222146226,0.008543893898054326,0.015506537403453256,6.381582095689509,4.648220528907321,8.254300386028524,"[0.01488, 0.01019, 0.01095]",True,3
taco,A,D1,D2,hidden aux supervision (det),amount_l1,K1,0.4553198139814339,0.4585628503449125,0.0032430363634785454,-0.0005877774197152525,0.006894549304609911,0.7122546095942317,-0.12484931514088471,1.525088143383324,"[0.00489, 0.00554, -0.0007]",False,3
taco,A,D1,D2,hidden aux supervision (det),centroid,K1,0.25241967142924615,0.2664066475096258,0.013986976080379644,0.009487191447050382,0.018648969581878155,5.541159292848619,3.837254071110774,7.277379309894383,"[0.01723, 0.0112, 0.01353]",True,3
taco,A,D1,D2,hidden aux supervision (det),normal,K1,52.38255059042256,53.5491799609565,1.16662937053394,0.756190602093175,1.6219145909283654,2.227133572887241,1.4488330758008594,3.089937004361576,"[1.51877, 0.91232, 1.0688]",True,3
taco,A,D1,D2,hidden aux supervision (det),q_rel_l1,K1,0.48472285650725117,0.5000554646941877,0.015332608186936643,0.010380477451109578,0.020317893229620347,3.1631700426545173,2.1614880875405085,4.162940193995257,"[0.01764, 0.01449, 0.01386]",True,3
taco,A,D1,D2,hidden aux supervision (det),jitter_dense,K1,0.17774164948557866,0.17100160889968877,-0.006740040585889923,-0.009076884670489293,-0.004219443077270999,-3.792043454866645,-5.095622033925251,-2.404448636040901,"[-0.00688, -0.00724, -0.0061]",True,3
taco,A,D1,D2,hidden aux supervision (det),jitter_r2,K1,1.0382337536212507,1.0069552805349777,-0.03127847308627306,-0.04155970483734231,-0.021541928554153638,-3.012661934480254,-4.043705862566305,-2.0730302741156614,"[-0.03209, -0.03313, -0.02861]",True,3
taco,A,D1,D2,hidden aux supervision (det),centroid_both,K1,0.1003931654606956,0.10098549972660158,0.0005923342659059678,-0.003191154965054526,0.004192128376118245,0.5900145325508976,-3.365261940748354,4.171046504863973,"[0.00364, -0.00382, 0.00196]",False,3
taco,A,D1,D2,hidden aux supervision (det),normal_both,K1,39.81211561881579,39.88969260257679,0.07757698376100132,-0.5734358789188058,0.7108810726963348,0.19485772749121555,-1.4031237323323675,1.8073293598310336,"[0.18434, -0.09818, 0.14657]",False,3
taco,A,D1,D2,hidden aux supervision (det),q_cos,K1,0.8106943371069478,0.7910755779926798,-0.019618759114267956,-0.02669470717585198,-0.013077065824188413,-2.419994591830965,-3.320468113484132,-1.5809678679952976,"[-0.02276, -0.0161, -0.01999]",True,3
taco,A,D1,D2,hidden aux supervision (det),E_C_last16,K1,2.0674846565057505,2.167227554233956,0.0997428977282056,0.06709629460526063,0.13027877077946198,4.824359755916197,3.253170725533261,6.399595493139709,"[0.11125, 0.08534, 0.10264]",True,3
taco,A,D1,D2,hidden aux supervision (det),E_C,mean,1.7997577707027341,1.8917281268498838,0.09197035614714956,0.06940148465694904,0.1119662064892806,5.110151912900984,3.778512620670771,6.265232945640675,"[0.10454, 0.0836, 0.08777]",True,3
taco,A,D1,D2,hidden aux supervision (det),part_hamming,mean,0.18814322282645457,0.2001497370486008,0.012006514222146226,0.008543893898054326,0.015506537403453256,6.381582095689509,4.648220528907321,8.254300386028524,"[0.01488, 0.01019, 0.01095]",True,3
taco,A,D1,D2,hidden aux supervision (det),amount_l1,mean,0.4553198139814339,0.4585628503449125,0.0032430363634785454,-0.0005877774197152525,0.006894549304609911,0.7122546095942317,-0.12484931514088471,1.525088143383324,"[0.00489, 0.00554, -0.0007]",False,3
taco,A,D1,D2,hidden aux supervision (det),centroid,mean,0.25241967142924615,0.2664066475096258,0.013986976080379644,0.009487191447050382,0.018648969581878155,5.541159292848619,3.837254071110774,7.277379309894383,"[0.01723, 0.0112, 0.01353]",True,3
taco,A,D1,D2,hidden aux supervision (det),normal,mean,52.38255059042256,53.5491799609565,1.16662937053394,0.756190602093175,1.6219145909283654,2.227133572887241,1.4488330758008594,3.089937004361576,"[1.51877, 0.91232, 1.0688]",True,3
taco,A,D1,D2,hidden aux supervision (det),q_rel_l1,mean,0.48472285650725117,0.5000554646941877,0.015332608186936643,0.010380477451109578,0.020317893229620347,3.1631700426545173,2.1614880875405085,4.162940193995257,"[0.01764, 0.01449, 0.01386]",True,3
taco,A,D1,D2,hidden aux supervision (det),jitter_dense,mean,0.17774164948557866,0.17100160889968877,-0.006740040585889923,-0.009076884670489293,-0.004219443077270999,-3.792043454866645,-5.095622033925251,-2.404448636040901,"[-0.00688, -0.00724, -0.0061]",True,3
taco,A,D1,D2,hidden aux supervision (det),jitter_r2,mean,1.0382337536212507,1.0069552805349777,-0.03127847308627306,-0.04155970483734231,-0.021541928554153638,-3.012661934480254,-4.043705862566305,-2.0730302741156614,"[-0.03209, -0.03313, -0.02861]",True,3
taco,A,D1,D2,hidden aux supervision (det),centroid_both,mean,0.1003931654606956,0.10098549972660158,0.0005923342659059678,-0.003191154965054526,0.004192128376118245,0.5900145325508976,-3.365261940748354,4.171046504863973,"[0.00364, -0.00382, 0.00196]",False,3
taco,A,D1,D2,hidden aux supervision (det),normal_both,mean,39.81211561881579,39.88969260257679,0.07757698376100132,-0.5734358789188058,0.7108810726963348,0.19485772749121555,-1.4031237323323675,1.8073293598310336,"[0.18434, -0.09818, 0.14657]",False,3
taco,A,D1,D2,hidden aux supervision (det),q_cos,mean,0.8106943371069478,0.7910755779926798,-0.019618759114267956,-0.02669470717585198,-0.013077065824188413,-2.419994591830965,-3.320468113484132,-1.5809678679952976,"[-0.02276, -0.0161, -0.01999]",True,3
taco,A,D1,D2,hidden aux supervision (det),E_C_last16,mean,2.0674846565057505,2.167227554233956,0.0997428977282056,0.06709629460526063,0.13027877077946198,4.824359755916197,3.253170725533261,6.399595493139709,"[0.11125, 0.08534, 0.10264]",True,3
taco,A,D1,D2,hidden aux supervision (det),E_C,best10,1.7997577707027341,1.8917281268498838,0.09197035614714956,0.06940148465694904,0.1119662064892806,5.110151912900984,3.778512620670771,6.265232945640675,"[0.10454, 0.0836, 0.08777]",True,3
taco,A,D1,D2,hidden aux supervision (det),part_hamming,best10,0.18814322282645457,0.2001497370486008,0.012006514222146226,0.008543893898054326,0.015506537403453256,6.381582095689509,4.648220528907321,8.254300386028524,"[0.01488, 0.01019, 0.01095]",True,3
taco,A,D1,D2,hidden aux supervision (det),amount_l1,best10,0.4553198139814339,0.4585628503449125,0.0032430363634785454,-0.0005877774197152525,0.006894549304609911,0.7122546095942317,-0.12484931514088471,1.525088143383324,"[0.00489, 0.00554, -0.0007]",False,3
taco,A,D1,D2,hidden aux supervision (det),centroid,best10,0.25241967142924615,0.2664066475096258,0.013986976080379644,0.009487191447050382,0.018648969581878155,5.541159292848619,3.837254071110774,7.277379309894383,"[0.01723, 0.0112, 0.01353]",True,3
taco,A,D1,D2,hidden aux supervision (det),normal,best10,52.38255059042256,53.5491799609565,1.16662937053394,0.756190602093175,1.6219145909283654,2.227133572887241,1.4488330758008594,3.089937004361576,"[1.51877, 0.91232, 1.0688]",True,3
taco,A,D1,D2,hidden aux supervision (det),q_rel_l1,best10,0.48472285650725117,0.5000554646941877,0.015332608186936643,0.010380477451109578,0.020317893229620347,3.1631700426545173,2.1614880875405085,4.162940193995257,"[0.01764, 0.01449, 0.01386]",True,3
taco,A,D1,D2,hidden aux supervision (det),centroid_both,best10,0.1003931654606956,0.10098549972660158,0.0005923342659059678,-0.003191154965054526,0.004192128376118245,0.5900145325508976,-3.365261940748354,4.171046504863973,"[0.00364, -0.00382, 0.00196]",False,3
taco,A,D1,D2,hidden aux supervision (det),normal_both,best10,39.81211561881579,39.88969260257679,0.07757698376100132,-0.5734358789188058,0.7108810726963348,0.19485772749121555,-1.4031237323323675,1.8073293598310336,"[0.18434, -0.09818, 0.14657]",False,3
taco,A,D1,D2,hidden aux supervision (det),q_cos,best10,0.8106943371069478,0.7910755779926798,-0.019618759114267956,-0.02669470717585198,-0.013077065824188413,-2.419994591830965,-3.320468113484132,-1.5809678679952976,"[-0.02276, -0.0161, -0.01999]",True,3
taco,A,D1,D2,hidden aux supervision (det),E_C_last16,best10,2.0674846565057505,2.167227554233956,0.0997428977282056,0.06709629460526063,0.13027877077946198,4.824359755916197,3.253170725533261,6.399595493139709,"[0.11125, 0.08534, 0.10264]",True,3
taco,A,S0,S1,output structural supervision (diff),E_C,K1,2.036792440565078,2.175843896173732,0.1390514556086544,0.11370872747161682,0.16215574127535215,6.826982113605862,5.492501416025797,8.212451116046072,"[0.17116, 0.11951, 0.12649]",True,3
taco,A,S0,S1,output structural supervision (diff),part_hamming,K1,0.1855897796672902,0.20143130261556763,0.01584152294827741,0.010995971637543869,0.020389161229651738,8.53577334736686,5.861003289508782,11.39208262528173,"[0.0182, 0.01422, 0.01511]",True,3
taco,A,S0,S1,output structural supervision (diff),amount_l1,K1,0.48134514864111116,0.47640546110387033,-0.004939687537240894,-0.009257131741868086,-0.0012399110209128947,-1.0262256825868343,-1.9480994653695571,-0.2539080585537645,"[-0.00069, -0.00646, -0.00766]",True,3
taco,A,S0,S1,output structural supervision (diff),centroid,K1,0.23949479265309076,0.2672487890736742,0.027753996420583443,0.021892237683008926,0.03379767700161951,11.588559447630775,8.90166242016932,14.700032762282689,"[0.03178, 0.02652, 0.02497]",True,3
taco,A,S0,S1,output structural supervision (diff),normal,K1,51.05553847485846,53.81267729805502,2.757138823196565,2.1850675336306615,3.365124563761378,5.400273712820147,4.240677196876086,6.659274260634196,"[3.1413, 2.75196, 2.37815]",True,3
taco,A,S0,S1,output structural supervision (diff),q_rel_l1,K1,0.4807385550095485,0.49437426723157746,0.013635712222029004,0.006091728519847033,0.020661144645611806,2.8364091209114983,1.2743332684964415,4.467009182455173,"[0.01763, 0.01109, 0.01219]",True,3
taco,A,S0,S1,output structural supervision (diff),jitter_dense,K1,1.1480126623814797,1.2548269083648373,0.10681424598335781,0.10173834714923458,0.11194975472321861,9.304274202148456,8.800821853463159,9.817437871158097,"[0.17698, 0.07964, 0.06382]",True,3
taco,A,S0,S1,output structural supervision (diff),jitter_r2,K1,1.2336259981815194,1.1938827840932016,-0.03974321408831811,-0.05283462175882362,-0.028360567042938926,-3.221658277865669,-4.2312203598810605,-2.3003153189102843,"[-0.03859, -0.02892, -0.05172]",True,3
taco,A,S0,S1,output structural supervision (diff),centroid_both,K1,0.10816315024060916,0.10443423279380297,-0.0037289174468062088,-0.0068954079237585455,-0.0009661638294630147,-3.4474933824608534,-6.261882368288518,-0.8913482364332093,"[-0.00843, -0.00263, -0.00012]",True,3
taco,A,S0,S1,output structural supervision (diff),normal_both,K1,39.751154801839,40.20950087222643,0.4583460703874247,0.07922975431926942,0.8285271275273186,1.153038377557336,0.197617095701208,2.1262628490284152,"[0.13048, 0.51713, 0.72742]",True,3
taco,A,S0,S1,output structural supervision (diff),q_cos,K1,0.8375286387497961,0.807148128152644,-0.030380510597152036,-0.03809508333526452,-0.02271503697418051,-3.6273996125675056,-4.506501805077456,-2.7366100818621897,"[-0.03472, -0.03083, -0.02559]",True,3
taco,A,S0,S1,output structural supervision (diff),E_C_last16,K1,2.277525797158807,2.3674724742824775,0.08994667712367062,0.05286364515790077,0.12395638084272755,3.94931540340302,2.3094088378198485,5.543071696370516,"[0.10014, 0.09231, 0.07738]",True,3
taco,A,S0,S1,output structural supervision (diff),E_C,mean,2.042637381880056,2.1798032443711173,0.13716586249106094,0.11392865872698621,0.16080238319271561,6.715135231923197,5.467168016021051,8.115085163564517,"[0.17884, 0.1101, 0.12256]",True,3
taco,A,S0,S1,output structural supervision (diff),part_hamming,mean,0.18611694207933524,0.2015257849359728,0.015408842856637562,0.010907792997691233,0.019903410346040297,8.279118861768819,5.804342031390997,10.843614638601995,"[0.01801, 0.01355, 0.01466]",True,3
taco,A,S0,S1,output structural supervision (diff),amount_l1,mean,0.4815877484625048,0.4768295948881479,-0.0047581535743569945,-0.009082490024791319,-0.0010098716547551104,-0.988013833314394,-1.8784049261064584,-0.2066971237954629,"[-5e-05, -0.00598, -0.00824]",True,3
taco,A,S0,S1,output structural supervision (diff),centroid,mean,0.24018180034798822,0.26762732307668846,0.027445522728700177,0.02194999572935263,0.03300819514780228,11.426978517496188,8.899859215058491,14.36214284454751,"[0.03288, 0.02393, 0.02553]",True,3
taco,A,S0,S1,output structural supervision (diff),normal,mean,51.12856506373419,53.848827170627025,2.7202621068928265,2.159899219734765,3.2914871101684313,5.320435070888263,4.174156246121785,6.549931229074413,"[3.21329, 2.42475, 2.52275]",True,3
taco,A,S0,S1,output structural supervision (diff),q_rel_l1,mean,0.48156665902816775,0.4943893028314025,0.012822643803234725,0.005517284765885656,0.019608018962646565,2.6626934325377993,1.1309111858151866,4.208671418155641,"[0.01737, 0.00891, 0.01219]",True,3
taco,A,S0,S1,output structural supervision (diff),jitter_dense,mean,1.1468892129349622,1.25561463814297,0.10872542520800792,0.10395894991387764,0.11358786633827636,9.480028583560628,9.010691986618657,9.968243643321696,"[0.17983, 0.0806, 0.06575]",True,3
taco,A,S0,S1,output structural supervision (diff),jitter_r2,mean,1.2296106496498316,1.196208963885685,-0.033401685764146594,-0.044425782887179806,-0.022525432470723156,-2.71644408526055,-3.59509436751948,-1.838263248119032,"[-0.02879, -0.02795, -0.04346]",True,3
taco,A,S0,S1,output structural supervision (diff),centroid_both,mean,0.10892667552497198,0.10518294288520957,-0.0037437326397623985,-0.007061339379689019,-0.0012338341471992377,-3.4369291284430448,-6.17443716891909,-1.1200941109835938,"[-0.00405, -0.0054, -0.00178]",True,3
taco,A,S0,S1,output structural supervision (diff),normal_both,mean,39.95530791045218,40.34014052478767,0.3848326143354942,-0.005578306381060832,0.7639155157419524,0.9631576740641856,-0.014195546912909585,1.9268751686774666,"[0.56135, 0.12698, 0.46617]",True,3
taco,A,S0,S1,output structural supervision (diff),q_cos,mean,0.837261668741686,0.8062678107200361,-0.030993858021649875,-0.03806565253010529,-0.023913965371621368,-3.7018126087427716,-4.515121410407962,-2.884005193238126,"[-0.03545, -0.02925, -0.02829]",True,3
taco,A,S0,S1,output structural supervision (diff),E_C_last16,mean,2.2819108215935064,2.369436920125843,0.08752609853233612,0.054274233992564355,0.11935319346474102,3.835649391031626,2.3647021339496144,5.323453957606028,"[0.10766, 0.07515, 0.07977]",True,3
taco,A,S0,S1,output structural supervision (diff),E_C,best10,1.9062473553440948,2.050482906483032,0.14423555113893724,0.12156778825410851,0.16663395854969026,7.566465639130104,6.315078808271446,9.014058410658276,"[0.17967, 0.11106, 0.14197]",True,3
taco,A,S0,S1,output structural supervision (diff),part_hamming,best10,0.16677085416401727,0.17852541486026494,0.011754560696247678,0.0074015346147999934,0.015779712549173815,7.048330330362873,4.381580023322718,9.59568173511025,"[0.01331, 0.00878, 0.01318]",True,3
taco,A,S0,S1,output structural supervision (diff),amount_l1,best10,0.45483780845030874,0.45195959983973494,-0.002878208610573749,-0.006917636099557166,0.0006775648451185297,-0.63279889162694,-1.534027044859343,0.15436838146623,"[0.00103, -0.0043, -0.00537]",False,3
taco,A,S0,S1,output structural supervision (diff),centroid,best10,0.2210687674469427,0.2436535441975072,0.02258477675056447,0.01709360373851322,0.028008395017665725,10.216177079824229,7.589910214302176,13.100499443011593,"[0.02655, 0.01808, 0.02313]",True,3
taco,A,S0,S1,output structural supervision (diff),normal,best10,49.0600834940816,51.479259502756726,2.4191760086751244,1.914821093430136,2.9418190122496917,4.931047475626427,3.859966647486335,6.101842562507209,"[2.79583, 1.99668, 2.46502]",True,3
taco,A,S0,S1,output structural supervision (diff),q_rel_l1,best10,0.4498108128706615,0.46173117640718214,0.011920363536520756,0.003993574986813679,0.019125230077612385,2.6500838120021353,0.8786205709985895,4.330290238593193,"[0.01498, 0.00669, 0.01409]",True,3
taco,A,S0,S1,output structural supervision (diff),centroid_both,best10,0.09432746760287891,0.09212346689693712,-0.0022040007059418018,-0.005281632298599172,0.0006046671608572696,-2.3365417963097435,-5.423596933129449,0.6678852212472552,"[-0.00418, -0.00418, 0.00174]",False,3
taco,A,S0,S1,output structural supervision (diff),normal_both,best10,37.465736855080706,37.70608569122168,0.24034883614097355,-0.08005083722818022,0.5804119392799594,0.6415163728679785,-0.2122814138885043,1.5653659152162547,"[0.11289, 0.03627, 0.57189]",True,3
taco,A,S0,S1,output structural supervision (diff),q_cos,best10,0.8675567485876517,0.8432751399551897,-0.024281608632462093,-0.03137049317849341,-0.01707343102585208,-2.7988496051689515,-3.5952288237525054,-1.9727259563156907,"[-0.02801, -0.02223, -0.0226]",True,3
taco,A,S0,S1,output structural supervision (diff),E_C_last16,best10,2.078795240857662,2.172215055305879,0.09341981444821688,0.06299222295408798,0.12195689389311568,4.493940173235811,2.9912745051123624,6.010839784049771,"[0.10605, 0.07149, 0.10273]",True,3
taco,A,S1,S2,hidden aux supervision (diff),E_C,K1,2.175843896173732,2.4935340542933004,0.31769015811956847,0.28572503308808356,0.3522535533769882,14.600778974917894,12.715218221798485,16.66566740734101,"[0.31243, 0.29544, 0.3452]",True,3
taco,A,S1,S2,hidden aux supervision (diff),part_hamming,K1,0.20143130261556763,0.18123875082821853,-0.020192551787349057,-0.024572096892152187,-0.01544980308102122,-10.02453517658407,-12.180995513275583,-7.705916499525312,"[-0.02201, -0.02089, -0.01768]",True,3
taco,A,S1,S2,hidden aux supervision (diff),amount_l1,K1,0.47640546110387033,0.4797930283601577,0.003387567256287339,-0.0021095713115406698,0.009101995883587732,0.711068099101575,-0.4248521581874165,1.953820872568346,"[0.00079, 0.00283, 0.00654]",True,3
taco,A,S1,S2,hidden aux supervision (diff),centroid,K1,0.2672487890736742,0.24113396807972873,-0.026114820993945492,-0.03177062403609475,-0.02021091199555467,-9.771726593958952,-12.049979354142625,-7.500299256365716,"[-0.02778, -0.03009, -0.02047]",True,3
taco,A,S1,S2,hidden aux supervision (diff),normal,K1,53.81267729805502,51.305222108468904,-2.5074551895861226,-2.9964352698819936,-2.0199774067288505,-4.659599402010695,-5.585956900329547,-3.740811797468313,"[-2.55662, -2.89372, -2.07203]",True,3
taco,A,S1,S2,hidden aux supervision (diff),q_rel_l1,K1,0.49437426723157746,0.46800271398473137,-0.026371553246846136,-0.03199561828762115,-0.020898316763858834,-5.3343296758795455,-6.4906529059247315,-4.173898413446575,"[-0.02787, -0.02657, -0.02468]",True,3
taco,A,S1,S2,hidden aux supervision (diff),jitter_dense,K1,1.2548269083648373,2.1692656811340387,0.9144387727692013,0.9066464856239982,0.9212903351770049,72.8736980912216,71.6111867381602,73.9665008052904,"[0.88712, 0.88552, 0.97068]",True,3
taco,A,S1,S2,hidden aux supervision (diff),jitter_r2,K1,1.1938827840932016,1.2533658546815207,0.05948307058831929,0.04434241405895012,0.07431002982646281,4.982320825867248,3.661756461691379,6.22444800208497,"[0.05279, 0.04447, 0.08119]",True,3
taco,A,S1,S2,hidden aux supervision (diff),centroid_both,K1,0.10443423279380297,0.10550737788648286,0.0010731450926799043,-0.003944502440088776,0.007131141427591194,1.027579811687529,-3.7417266650525582,7.064388550475598,"[0.00067, -4e-05, 0.0026]",False,3
taco,A,S1,S2,hidden aux supervision (diff),normal_both,K1,40.20950087222643,40.503515232286176,0.2940143600597486,-0.44044539871286015,1.2073508905625674,0.731206191775513,-1.0874939066606193,3.113755037995314,"[0.31816, 0.53024, 0.03364]",True,3
taco,A,S1,S2,hidden aux supervision (diff),q_cos,K1,0.807148128152644,0.8383052665211478,0.031157138368503732,0.02430032131544311,0.0383550809370657,3.8601512264935245,2.98115155541836,4.788870532235356,"[0.03007, 0.03452, 0.02889]",True,3
taco,A,S1,S2,hidden aux supervision (diff),E_C_last16,K1,2.3674724742824775,2.6789913238623204,0.31151884957984255,0.26682787621684995,0.35799329775261546,13.158288130646856,10.801090954309567,15.557436065873475,"[0.3167, 0.28178, 0.33608]",True,3
taco,A,S1,S2,hidden aux supervision (diff),E_C,mean,2.1798032443711173,2.4941243502137427,0.31432110584262524,0.28323353637844434,0.346339711799791,14.41970079888144,12.50583166297703,16.469853540171542,"[0.30301, 0.29695, 0.34301]",True,3
taco,A,S1,S2,hidden aux supervision (diff),part_hamming,mean,0.2015257849359728,0.18131530582000785,-0.02021047911596495,-0.02431374974387791,-0.015721290360718575,-10.028731123605883,-12.128561589569475,-7.817571120843292,"[-0.0228, -0.02018, -0.01766]",True,3
taco,A,S1,S2,hidden aux supervision (diff),amount_l1,mean,0.4768295948881479,0.4798078670374531,0.0029782721493052033,-0.0023819450024043635,0.008543543641902228,0.6245988464713026,-0.4908892813560328,1.8354267726683693,"[-0.00105, 0.00308, 0.00691]",False,3
taco,A,S1,S2,hidden aux supervision (diff),centroid,mean,0.26762732307668846,0.24118277199307095,-0.02644455108361748,-0.031717384073365676,-0.02114254619527339,-9.881110336421006,-11.948980291841238,-7.9098617761996675,"[-0.02881, -0.02941, -0.02111]",True,3
taco,A,S1,S2,hidden aux supervision (diff),normal,mean,53.848827170627025,51.2943490912626,-2.554478079364413,-3.0225345274352784,-2.1118454373518634,-4.743795201463219,-5.6281455637750994,-3.911002898702809,"[-2.64247, -2.88599, -2.13497]",True,3
taco,A,S1,S2,hidden aux supervision (diff),q_rel_l1,mean,0.4943893028314025,0.4682087941361325,-0.026180508695269892,-0.03166210715811244,-0.020897443389996717,-5.295524912317551,-6.4492266702822265,-4.212131209575931,"[-0.0285, -0.02605, -0.02399]",True,3
taco,A,S1,S2,hidden aux supervision (diff),jitter_dense,mean,1.25561463814297,2.169561317301058,0.9139466791580885,0.9065387605398405,0.9205546236284108,72.78878816750638,71.5649845163493,73.8478278144646,"[0.89012, 0.88419, 0.96753]",True,3
taco,A,S1,S2,hidden aux supervision (diff),jitter_r2,mean,1.196208963885685,1.2540583744201632,0.05784941053447816,0.04354243932854351,0.07197493724859763,4.836062283513076,3.6219181173438697,6.043533489241648,"[0.05221, 0.04904, 0.07229]",True,3
taco,A,S1,S2,hidden aux supervision (diff),centroid_both,mean,0.10518294288520957,0.1053257473659166,0.00014280448070703436,-0.004455017999050272,0.005879963384771161,0.13576771745478222,-4.174327410074952,5.688996093264298,"[-0.00027, 0.00038, 0.00033]",False,3
taco,A,S1,S2,hidden aux supervision (diff),normal_both,mean,40.34014052478767,40.42234982611823,0.08220930133055833,-0.5090756482835649,0.7772826321434827,0.20379031966941685,-1.251578057049818,1.9500599231953686,"[0.01489, 0.1995, 0.03224]",True,3
taco,A,S1,S2,hidden aux supervision (diff),q_cos,mean,0.8062678107200361,0.8381013526342854,0.03183354191424926,0.02516485932419326,0.03846131136606748,3.948259063675197,3.0930260652520136,4.816622504337675,"[0.03338, 0.03346, 0.02867]",True,3
taco,A,S1,S2,hidden aux supervision (diff),E_C_last16,mean,2.369436920125843,2.68204140036534,0.3126044802394979,0.2677250225953345,0.35634231460370075,13.193196982129173,10.900713446316669,15.56645490134796,"[0.31195, 0.2871, 0.33876]",True,3
taco,A,S1,S2,hidden aux supervision (diff),E_C,best10,2.050482906483032,2.4429452944369547,0.39246238795392246,0.36136971430073705,0.4247104654714629,19.139998032320605,16.933788928761693,21.468636758089986,"[0.3826, 0.37576, 0.41903]",True,3
taco,A,S1,S2,hidden aux supervision (diff),part_hamming,best10,0.17852541486026494,0.16664972310312665,-0.011875691757138283,-0.016023228754756823,-0.007274438176971534,-6.652101476102779,-8.952952164332395,-4.203445375859138,"[-0.01375, -0.01108, -0.0108]",True,3
taco,A,S1,S2,hidden aux supervision (diff),amount_l1,best10,0.45195959983973494,0.4682036703350125,0.016244070495277537,0.011014128701814214,0.021587061209917435,3.5941421536433094,2.4083408486816227,4.886675592164602,"[0.01251, 0.01641, 0.01981]",True,3
taco,A,S1,S2,hidden aux supervision (diff),centroid,best10,0.2436535441975072,0.22837261281116106,-0.015280931386346126,-0.020363690168192086,-0.009790951034091012,-6.271581821916494,-8.413370690980926,-4.04630741689026,"[-0.01645, -0.01676, -0.01263]",True,3
taco,A,S1,S2,hidden aux supervision (diff),normal,best10,51.479259502756726,49.8760218605017,-1.6032376422550219,-2.035851375741002,-1.1813395539002995,-3.1143370315363073,-3.9541918845593216,-2.289930564512266,"[-1.64286, -1.70634, -1.46051]",True,3
taco,A,S1,S2,hidden aux supervision (diff),q_rel_l1,best10,0.46173117640718214,0.4449542387160081,-0.016776937691174148,-0.022203357909222995,-0.011309619596454896,-3.6334860083996445,-4.85278845328545,-2.413962868843389,"[-0.01752, -0.0144, -0.01841]",True,3
taco,A,S1,S2,hidden aux supervision (diff),centroid_both,best10,0.09212346689693712,0.09706037004406635,0.00493690314712924,0.0002924225519904899,0.010382358878331737,5.35900711666919,0.29476472516902774,11.426521254947563,"[0.00585, 0.00604, 0.00292]",True,3
taco,A,S1,S2,hidden aux supervision (diff),normal_both,best10,37.70608569122168,38.49519778214968,0.7891120909279955,0.1989542845799643,1.439948784267563,2.0927976915718682,0.5250361436635043,3.8654121950898013,"[1.09973, 0.75699, 0.51062]",True,3
taco,A,S1,S2,hidden aux supervision (diff),q_cos,best10,0.8432751399551897,0.8602967533673544,0.017021613412164835,0.010459876221418774,0.023575767357180005,2.0185124173196067,1.2444951433903784,2.8014390858126514,"[0.01794, 0.0163, 0.01682]",True,3
taco,A,S1,S2,hidden aux supervision (diff),E_C_last16,best10,2.172215055305879,2.5985467364063193,0.42633168110044006,0.38370260299777004,0.4687863227216326,19.626587158535557,16.958814012627933,22.58741822632451,"[0.42655, 0.40305, 0.44939]",True,3
taco,A,D0,S0,stochastic vs deterministic (L0),E_C,K1,1.7746110701790223,2.036792440565078,0.26218137038605555,0.2243512698257017,0.2996894941522551,14.774018645088628,12.326206140927344,17.159138418308185,"[0.23794, 0.30413, 0.24447]",True,3
taco,A,D0,S0,stochastic vs deterministic (L0),part_hamming,K1,0.18179837694296086,0.1855897796672902,0.0037914027243293137,-0.0005697201581746111,0.008103126565016607,2.085498665105745,-0.30633195484225384,4.664197262824676,"[0.00283, 0.00643, 0.00211]",True,3
taco,A,D0,S0,stochastic vs deterministic (L0),amount_l1,K1,0.45967725088526473,0.48134514864111116,0.021667897755846436,0.014773112347888273,0.028548769864526674,4.713719835845165,3.2134386497682854,6.2620874545086025,"[0.02007, 0.02554, 0.0194]",True,3
taco,A,D0,S0,stochastic vs deterministic (L0),centroid,K1,0.23959087469229548,0.23949479265309076,-9.608203920471038e-05,-0.0058318423088459526,0.005012449850040184,-0.040102545361175856,-2.4258270326304676,2.138838053993908,"[-0.00115, 0.002, -0.00113]",False,3
taco,A,D0,S0,stochastic vs deterministic (L0),normal,K1,51.27266321994446,51.05553847485846,-0.21712474508599913,-0.8401107311913524,0.3600813960063625,-0.4234707765317314,-1.6334423457449176,0.7139509295111202,"[-0.33146, -0.10768, -0.21224]",True,3
taco,A,D0,S0,stochastic vs deterministic (L0),q_rel_l1,K1,0.47619974081687644,0.4807385550095485,0.004538814192671916,-0.001664013159018642,0.010679230079124698,0.9531324365876559,-0.349213166497675,2.2365205864775417,"[0.00342, 0.00611, 0.00409]",True,3
taco,A,D0,S0,stochastic vs deterministic (L0),jitter_dense,K1,0.1604550471563479,1.1480126623814797,0.9875576152251317,0.9772626391800294,0.9992131924274198,615.473076557606,585.1887756824862,648.0166001159466,"[0.94615, 1.02428, 0.99224]",True,3
taco,A,D0,S0,stochastic vs deterministic (L0),jitter_r2,K1,1.0478565329958722,1.2336259981815194,0.18576946518564724,0.16941827146596905,0.2029871632476299,17.728520969805217,15.686313335802705,19.954604140868227,"[0.19459, 0.17611, 0.18661]",True,3
taco,A,D0,S0,stochastic vs deterministic (L0),centroid_both,K1,0.10400350113150292,0.10816315024060916,0.004159649109106252,-0.002424017319941969,0.010209044080676332,3.9995279618969315,-2.190637639094428,10.476311342338018,"[0.01217, 0.00276, -0.00245]",False,3
taco,A,D0,S0,stochastic vs deterministic (L0),normal_both,K1,40.21548552947603,39.751154801839,-0.46433072763703254,-1.5564761535338334,0.438682296825615,-1.154606792691082,-3.7914509929653284,1.106668090809526,"[0.24718, -0.83266, -0.80751]",False,3
taco,A,D0,S0,stochastic vs deterministic (L0),q_cos,K1,0.8312559812210307,0.8375286387497961,0.00627265752876525,-0.002174311769495832,0.014853921810352288,0.754599987304938,-0.26159285096248874,1.811701194946913,"[0.01575, 0.00501, -0.00194]",False,3
taco,A,D0,S0,stochastic vs deterministic (L0),E_C_last16,K1,2.0637486473189823,2.277525797158807,0.21377714983982482,0.15266879173934259,0.2707942941212308,10.358681524397028,7.058134938965455,13.477779767903852,"[0.1925, 0.25303, 0.1958]",True,3
taco,A,D0,S0,stochastic vs deterministic (L0),E_C,mean,1.7746110701790223,2.042637381880056,0.268026311701034,0.2308610055095352,0.305588352901138,15.10338328239975,12.850370746929695,17.47827764551728,"[0.24295, 0.31091, 0.25021]",True,3
taco,A,D0,S0,stochastic vs deterministic (L0),part_hamming,mean,0.18179837694296086,0.18611694207933524,0.0043185651363743536,2.5646424248005665e-06,0.008625485717934363,2.375469577338052,0.0014491807033945037,4.921965849245269,"[0.00423, 0.006, 0.00272]",True,3
taco,A,D0,S0,stochastic vs deterministic (L0),amount_l1,mean,0.45967725088526473,0.4815877484625048,0.02191049757724007,0.015129564951139355,0.028698958402071973,4.766495956683503,3.3088575142212084,6.321087857720076,"[0.02154, 0.02479, 0.0194]",True,3
taco,A,D0,S0,stochastic vs deterministic (L0),centroid,mean,0.23959087469229548,0.24018180034798822,0.0005909256556927601,-0.004831787337387183,0.0056121863689712,0.24663946673748605,-1.9611234424953494,2.375941310398777,"[-0.00091, 0.00378, -0.0011]",False,3
taco,A,D0,S0,stochastic vs deterministic (L0),normal,mean,51.27266321994446,51.12856506373419,-0.14409815621026725,-0.6924322017892659,0.3837335771217835,-0.2810428543415622,-1.3369685810148857,0.7613273607411486,"[-0.27814, 0.16155, -0.3157]",False,3
taco,A,D0,S0,stochastic vs deterministic (L0),q_rel_l1,mean,0.47619974081687644,0.48156665902816775,0.0053669182112911235,-0.0008988437082875396,0.011127758990302189,1.127030897178738,-0.18962562986384324,2.3499812757793226,"[0.00315, 0.00807, 0.00488]",True,3
taco,A,D0,S0,stochastic vs deterministic (L0),jitter_dense,mean,0.1604550471563479,1.1468892129349622,0.9864341657786142,0.9767486594115179,0.9977649941743841,614.7729119529843,584.6335676482761,646.2624461987168,"[0.94204, 1.02442, 0.99284]",True,3
taco,A,D0,S0,stochastic vs deterministic (L0),jitter_r2,mean,1.0478565329958722,1.2296106496498316,0.1817541166539594,0.1663435691426631,0.19802267444283805,17.345324567888664,15.393154348106975,19.420564116572248,"[0.18415, 0.17878, 0.18233]",True,3
taco,A,D0,S0,stochastic vs deterministic (L0),centroid_both,mean,0.10400350113150292,0.10892667552497198,0.004923174393469052,-0.0016739472572021895,0.0108955093209962,4.7336621747417595,-1.5332228448499907,11.096864675139816,"[0.00878, 0.00606, -7e-05]",False,3
taco,A,D0,S0,stochastic vs deterministic (L0),normal_both,mean,40.21548552947603,39.95530791045218,-0.26017761902385594,-1.1734115809692034,0.5571468386791544,-0.6469587911183017,-2.876269319829672,1.4241473486835465,"[0.13869, -0.25723, -0.66199]",False,3
taco,A,D0,S0,stochastic vs deterministic (L0),q_cos,mean,0.8312559812210307,0.837261668741686,0.006005687520655057,-0.0017947222055972563,0.013875986038639744,0.7224835256924633,-0.2142176785982497,1.6878494910963715,"[0.01396, 0.00402, 3e-05]",True,3
taco,A,D0,S0,stochastic vs deterministic (L0),E_C_last16,mean,2.0637486473189823,2.2819108215935064,0.21816217427452406,0.15859649804226317,0.27008876047089686,10.571160134153889,7.603522156971287,13.49156735307151,"[0.19766, 0.26321, 0.19361]",True,3
taco,A,D0,S0,stochastic vs deterministic (L0),E_C,best10,1.7746110701790223,1.9062473553440948,0.13163628516507234,0.09356739798188335,0.16767008380701262,7.417754085789241,5.106340092755701,9.63481360075924,"[0.11058, 0.18164, 0.10269]",True,3
taco,A,D0,S0,stochastic vs deterministic (L0),part_hamming,best10,0.18179837694296086,0.16677085416401727,-0.015027522778943621,-0.01954177456600678,-0.010261538112832843,-8.26603792159183,-10.679653287604774,-5.82755874179165,"[-0.0147, -0.01255, -0.01784]",True,3
taco,A,D0,S0,stochastic vs deterministic (L0),amount_l1,best10,0.45967725088526473,0.45483780845030874,-0.0048394424349560835,-0.011413551582568385,0.0018975077717640534,-1.0527913716930737,-2.4554478753719966,0.41440652736277617,"[-0.00511, -0.00133, -0.00808]",True,3
taco,A,D0,S0,stochastic vs deterministic (L0),centroid,best10,0.23959087469229548,0.2210687674469427,-0.01852210724535279,-0.024865247651048642,-0.012778510231605172,-7.7307231626165045,-10.074410660172383,-5.494488460998714,"[-0.01942, -0.01487, -0.02127]",True,3
taco,A,D0,S0,stochastic vs deterministic (L0),normal,best10,51.27266321994446,49.0600834940816,-2.2125797258628594,-2.9363489568647823,-1.5476799870350537,-4.315320459113958,-5.716021616816535,-3.095345476740252,"[-2.23575, -1.94678, -2.45521]",True,3
taco,A,D0,S0,stochastic vs deterministic (L0),q_rel_l1,best10,0.47619974081687644,0.4498108128706615,-0.026388927946215144,-0.03280041873004897,-0.020148780844971865,-5.5415670535534645,-6.880687079215386,-4.284921283260513,"[-0.02807, -0.02353, -0.02757]",True,3
taco,A,D0,S0,stochastic vs deterministic (L0),centroid_both,best10,0.10400350113150292,0.09432746760287891,-0.009676033528624003,-0.017366092778275555,-0.0029841706379607905,-9.303565190934815,-15.636716640530635,-3.029383800826202,"[-0.00573, -0.00786, -0.01544]",True,3
taco,A,D0,S0,stochastic vs deterministic (L0),normal_both,best10,40.21548552947603,37.465736855080706,-2.74974867439532,-4.002731857612213,-1.7125133492605482,-6.837536929349975,-9.65311002835547,-4.315392467538437,"[-2.35563, -2.64106, -3.25256]",True,3
taco,A,D0,S0,stochastic vs deterministic (L0),q_cos,best10,0.8312559812210307,0.8675567485876517,0.03630076736662086,0.02742234413455283,0.04486088761117418,4.366978185624459,3.245796950287372,5.503598561456435,"[0.0449, 0.03463, 0.02938]",True,3
taco,A,D0,S0,stochastic vs deterministic (L0),E_C_last16,best10,2.0637486473189823,2.078795240857662,0.01504659353867994,-0.045193387287503974,0.0703816461061825,0.7290904131289189,-2.1726076606148337,3.5063442006355583,"[0.00142, 0.06876, -0.02505]",False,3
taco,A,D1,S1,stochastic vs deterministic (L1),E_C,K1,1.7997577707027341,2.175843896173732,0.3760861254709981,0.3431238668811182,0.40560331816138706,20.89648571563889,18.56734417715551,23.128285112599876,"[0.38693, 0.38916, 0.35216]",True,3
taco,A,D1,S1,stochastic vs deterministic (L1),part_hamming,K1,0.18814322282645457,0.20143130261556763,0.013288079789113049,0.008039271620969651,0.018429979968319653,7.062746980458678,4.238141429947562,10.038561901679909,"[0.01608, 0.01263, 0.01115]",True,3
taco,A,D1,S1,stochastic vs deterministic (L1),amount_l1,K1,0.4553198139814339,0.47640546110387033,0.021085647122436393,0.01466231443078282,0.027153864160656387,4.6309531179981045,3.2503753729818285,6.035184355341583,"[0.02338, 0.02281, 0.01706]",True,3
taco,A,D1,S1,stochastic vs deterministic (L1),centroid,K1,0.25241967142924615,0.2672487890736742,0.014829117644428114,0.008251452602317057,0.021113844469916012,5.8747868422706295,3.1066925387169153,8.651539340895997,"[0.01911, 0.01465, 0.01073]",True,3
taco,A,D1,S1,stochastic vs deterministic (L1),normal,K1,52.38255059042256,53.81267729805502,1.4301267076324633,0.8793105507114944,1.981595180463767,2.7301585957785424,1.6674191309588249,3.8369474279694282,"[1.79617, 1.37293, 1.12128]",True,3
taco,A,D1,S1,stochastic vs deterministic (L1),q_rel_l1,K1,0.48472285650725117,0.49437426723157746,0.009651410724326372,0.0030615382512207702,0.01599317716313066,1.9911193777556013,0.623998501879508,3.364791538758416,"[0.01621, 0.00724, 0.00551]",True,3
taco,A,D1,S1,stochastic vs deterministic (L1),jitter_dense,K1,0.17774164948557866,1.2548269083648373,1.0770852588792588,1.0681549903569476,1.0870289249637155,605.9836071042255,576.721041172231,635.4038032060073,"[1.10613, 1.08633, 1.03879]",True,3
taco,A,D1,S1,stochastic vs deterministic (L1),jitter_r2,K1,1.0382337536212507,1.1938827840932016,0.1556490304719507,0.14092443862964263,0.1725021635314355,14.991713564412956,13.18943196639899,17.072428591473,"[0.16425, 0.15737, 0.14532]",True,3
taco,A,D1,S1,stochastic vs deterministic (L1),centroid_both,K1,0.1003931654606956,0.10443423279380297,0.004041067333107358,4.399220201638322e-05,0.008157189976936088,4.025241473922314,0.044756392391809285,8.357675857192671,"[0.00713, 0.00193, 0.00306]",True,3
taco,A,D1,S1,stochastic vs deterministic (L1),normal_both,K1,39.81211561881579,40.20950087222643,0.3973852534106364,-0.29077192108301636,1.0867590632418511,0.998151560734506,-0.7103447833737286,2.8056519417337,"[0.70832, -0.04378, 0.52762]",False,3
taco,A,D1,S1,stochastic vs deterministic (L1),q_cos,K1,0.8106943371069478,0.807148128152644,-0.003546208954303637,-0.012764854544561447,0.004945220156811722,-0.43742860804465433,-1.568071725463449,0.6191240797917441,"[-0.00701, -0.00229, -0.00134]",True,3
taco,A,D1,S1,stochastic vs deterministic (L1),E_C_last16,K1,2.0674846565057505,2.3674724742824775,0.2999878177767272,0.25003988652119463,0.3445699171470549,14.509796570086063,11.705320931671404,17.2637996185504,"[0.29469, 0.32142, 0.28386]",True,3
taco,A,D1,S1,stochastic vs deterministic (L1),E_C,mean,1.7997577707027341,2.1798032443711173,0.38004547366838315,0.34882227750792616,0.4092746296946603,21.11647910929648,18.88142209024044,23.281844881043455,"[0.39963, 0.38653, 0.35397]",True,3
taco,A,D1,S1,stochastic vs deterministic (L1),part_hamming,mean,0.18814322282645457,0.2015257849359728,0.013382562109518239,0.008272891791130357,0.018451969771235425,7.112965276385452,4.385893382373673,9.987498776068481,"[0.01731, 0.01153, 0.01131]",True,3
taco,A,D1,S1,stochastic vs deterministic (L1),amount_l1,mean,0.4553198139814339,0.4768295948881479,0.021509780906713925,0.015255160681013196,0.027348440664916235,4.724103859796247,3.298766434152167,6.064836888064673,"[0.02549, 0.02255, 0.01649]",True,3
taco,A,D1,S1,stochastic vs deterministic (L1),centroid,mean,0.25241967142924615,0.26762732307668846,0.015207651647442318,0.00859352921845924,0.021258685437260224,6.0247490068162435,3.308654246856957,8.671145227428223,"[0.02045, 0.01385, 0.01132]",True,3
taco,A,D1,S1,stochastic vs deterministic (L1),normal,mean,52.38255059042256,53.848827170627025,1.4662765802044575,0.9586479653526584,1.9855232229126611,2.799169883248398,1.804656712640007,3.8486044774996397,"[1.92147, 1.31495, 1.16241]",True,3
taco,A,D1,S1,stochastic vs deterministic (L1),q_rel_l1,mean,0.48472285650725117,0.4943893028314025,0.0096664463241513,0.0036771771678847077,0.015411824196779321,1.9942212739470166,0.7532962743241889,3.2268305919777696,"[0.01568, 0.00702, 0.00629]",True,3
taco,A,D1,S1,stochastic vs deterministic (L1),jitter_dense,mean,0.17774164948557866,1.25561463814297,1.0778729886573915,1.0688181061729551,1.0878145436837814,606.4267951698323,576.9615737382472,635.8870704607197,"[1.10487, 1.08743, 1.04132]",True,3
taco,A,D1,S1,stochastic vs deterministic (L1),jitter_r2,mean,1.0382337536212507,1.196208963885685,0.15797521026443428,0.1430082602571733,0.17332265647883854,15.215765208310096,13.363644409237363,17.18238024347052,"[0.16361, 0.16101, 0.1493]",True,3
taco,A,D1,S1,stochastic vs deterministic (L1),centroid_both,mean,0.1003931654606956,0.10518294288520957,0.004789777424513967,0.0003559360238883286,0.008976000092682188,4.771019424015677,0.345995506308272,8.968442081226446,"[0.00813, 0.00246, 0.00377]",True,3
taco,A,D1,S1,stochastic vs deterministic (L1),normal_both,mean,39.81211561881579,40.34014052478767,0.5280249059718823,-0.16384432462442577,1.2516816584578518,1.3262920037395043,-0.4054939397585944,3.2359245212006282,"[1.03069, 0.1415, 0.41189]",True,3
taco,A,D1,S1,stochastic vs deterministic (L1),q_cos,mean,0.8106943371069478,0.8062678107200361,-0.004426526386911668,-0.012785107718516644,0.00384927788121167,-0.5460166901755215,-1.566172159275947,0.49101922329992664,"[-0.00953, -0.00169, -0.00206]",True,3
taco,A,D1,S1,stochastic vs deterministic (L1),E_C_last16,mean,2.0674846565057505,2.369436920125843,0.3019522636200919,0.250163918593188,0.346204370489362,14.60481279364949,11.788257688873504,17.252891172099805,"[0.30737, 0.31443, 0.28406]",True,3
taco,A,D1,S1,stochastic vs deterministic (L1),E_C,best10,1.7997577707027341,2.050482906483032,0.2507251357802978,0.2179982282477325,0.2832539791853665,13.931048936791068,11.78587574588188,16.09231963204485,"[0.26809, 0.25823, 0.22586]",True,3
taco,A,D1,S1,stochastic vs deterministic (L1),part_hamming,best10,0.18814322282645457,0.17852541486026494,-0.009617807966189615,-0.014752767807356149,-0.004413092113177903,-5.111960888998491,-7.843694964446469,-2.371369693506886,"[-0.00633, -0.01179, -0.01073]",True,3
taco,A,D1,S1,stochastic vs deterministic (L1),amount_l1,best10,0.4553198139814339,0.45195959983973494,-0.0033602141416989844,-0.009687186630701663,0.0026809505849747935,-0.737989878436518,-2.1179512763397024,0.5904138752101717,"[-7e-05, -0.00189, -0.00812]",True,3
taco,A,D1,S1,stochastic vs deterministic (L1),centroid,best10,0.25241967142924615,0.2436535441975072,-0.008766127231738944,-0.015952928235522995,-0.0018406546924746145,-3.4728383814555785,-6.280483249035074,-0.7796233635416816,"[-0.00439, -0.01067, -0.01124]",True,3
taco,A,D1,S1,stochastic vs deterministic (L1),normal,best10,52.38255059042256,51.479259502756726,-0.9032910876658372,-1.5026900926539346,-0.31150939581577014,-1.7244121897168285,-2.840895023508605,-0.6065584854230699,"[-0.4536, -1.22145, -1.03482]",True,3
taco,A,D1,S1,stochastic vs deterministic (L1),q_rel_l1,best10,0.48472285650725117,0.46173117640718214,-0.02299168010006894,-0.030279265925174638,-0.016404606482244743,-4.7432630401915254,-6.1555556597883365,-3.431512308845197,"[-0.01793, -0.0268, -0.02425]",True,3
taco,A,D1,S1,stochastic vs deterministic (L1),centroid_both,best10,0.1003931654606956,0.09212346689693712,-0.008269698563758488,-0.012948068941173773,-0.003942660312977644,-8.237312296917377,-12.41311193136545,-4.186700913883801,"[-0.00651, -0.01023, -0.00807]",True,3
taco,A,D1,S1,stochastic vs deterministic (L1),normal_both,best10,39.81211561881579,37.70608569122168,-2.1060299275941023,-2.9418999258987766,-1.29700455843226,-5.289922162786964,-7.306078980187758,-3.329018211774115,"[-1.91208, -2.33304, -2.07297]",True,3
taco,A,D1,S1,stochastic vs deterministic (L1),q_cos,best10,0.8106943371069478,0.8432751399551897,0.03258080284824192,0.022353868395445533,0.042288065148421684,4.018876333157828,2.7082056632460993,5.3030291152764475,"[0.02885, 0.03593, 0.03297]",True,3
taco,A,D1,S1,stochastic vs deterministic (L1),E_C_last16,best10,2.0674846565057505,2.172215055305879,0.10473039880012852,0.052766865033570094,0.15140108117276857,5.065594971676024,2.4764652045838886,7.563883582589037,"[0.10952, 0.11632, 0.08835]",True,3
taco,A,D2,S2,stochastic vs deterministic (L2),E_C,K1,1.8917281268498838,2.4935340542933004,0.6018059274434171,0.5678011911785025,0.6343926744934009,31.81249561719777,28.749931300517527,35.02138659620613,"[0.59482, 0.601, 0.6096]",True,3
taco,A,D2,S2,stochastic vs deterministic (L2),part_hamming,K1,0.2001497370486008,0.18123875082821853,-0.018910986220382234,-0.02358092368578702,-0.013813518489845506,-9.448419218152793,-11.58054545890983,-7.171246117685781,"[-0.02081, -0.01845, -0.01748]",True,3
taco,A,D2,S2,stochastic vs deterministic (L2),amount_l1,K1,0.4585628503449125,0.4797930283601577,0.021230178015245182,0.013866442668573948,0.029186347021403207,4.629720440562668,2.9407062495929503,6.438714618472918,"[0.01928, 0.02011, 0.0243]",True,3
taco,A,D2,S2,stochastic vs deterministic (L2),centroid,K1,0.2664066475096258,0.24113396807972873,-0.02527267942989702,-0.03167169756498443,-0.018834499974704426,-9.486504809901142,-11.594100063960655,-7.375756240534381,"[-0.0259, -0.02665, -0.02327]",True,3
taco,A,D2,S2,stochastic vs deterministic (L2),normal,K1,53.5491799609565,51.305222108468904,-2.2439578524875987,-2.899052841511113,-1.6439062182547004,-4.1904616543590345,-5.390700507823132,-3.1133243477867945,"[-2.27922, -2.4331, -2.01955]",True,3
taco,A,D2,S2,stochastic vs deterministic (L2),q_rel_l1,K1,0.5000554646941877,0.46800271398473137,-0.0320527507094564,-0.03928115955178098,-0.024063158612074895,-6.40983910236006,-7.8024701747634095,-4.88465994681645,"[-0.0293, -0.03383, -0.03303]",True,3
taco,A,D2,S2,stochastic vs deterministic (L2),jitter_dense,K1,0.17100160889968877,2.1692656811340387,1.9982640722343503,1.9921855301318845,2.004404200223778,1168.564486084193,1113.8019713758974,1220.734680758815,"[2.00013, 1.9791, 2.01557]",True,3
taco,A,D2,S2,stochastic vs deterministic (L2),jitter_r2,K1,1.0069552805349777,1.2533658546815207,0.246410574146543,0.22933592348082307,0.2648087251345603,24.470855747996012,21.982098991940347,27.191769883941987,"[0.24913, 0.23498, 0.25513]",True,3
taco,A,D2,S2,stochastic vs deterministic (L2),centroid_both,K1,0.10098549972660158,0.10550737788648286,0.004521878159881294,-0.0014163324938268748,0.011624889862338129,4.477749946401577,-1.3831831987082155,11.985191956526787,"[0.00416, 0.00571, 0.00369]",True,3
taco,A,D2,S2,stochastic vs deterministic (L2),normal_both,K1,39.88969260257679,40.503515232286176,0.6138226297093837,-0.40639930640041955,1.7975561127216133,1.5388001001284568,-1.0018128114536617,4.683437309772365,"[0.84213, 0.58464, 0.41469]",True,3
taco,A,D2,S2,stochastic vs deterministic (L2),q_cos,K1,0.7910755779926798,0.8383052665211478,0.047229688528468046,0.03668412940529122,0.05757756659540025,5.97031305761091,4.516897855141022,7.431614517109142,"[0.04582, 0.04833, 0.04754]",True,3
taco,A,D2,S2,stochastic vs deterministic (L2),E_C_last16,K1,2.167227554233956,2.6789913238623204,0.511763769628364,0.4661723880539092,0.5545144956643607,23.613753370224934,20.391444127868397,26.877048306530128,"[0.50014, 0.51786, 0.51729]",True,3
taco,A,D2,S2,stochastic vs deterministic (L2),E_C,mean,1.8917281268498838,2.4941243502137427,0.6023962233638589,0.5679089520520832,0.6356666867844639,31.84369967406322,28.781089268578718,35.00382960992434,"[0.59809, 0.59988, 0.60921]",True,3
taco,A,D2,S2,stochastic vs deterministic (L2),part_hamming,mean,0.2001497370486008,0.18131530582000785,-0.01883443122859294,-0.023650250048193818,-0.013867754591551465,-9.410170358614833,-11.541653015228693,-7.085240237188684,"[-0.02037, -0.01884, -0.0173]",True,3
taco,A,D2,S2,stochastic vs deterministic (L2),amount_l1,mean,0.4585628503449125,0.4798078670374531,0.021245016692540586,0.013935297365581412,0.02890986289645694,4.632956349726314,2.9422087353341286,6.4646276348570675,"[0.01954, 0.02009, 0.0241]",True,3
taco,A,D2,S2,stochastic vs deterministic (L2),centroid,mean,0.2664066475096258,0.24118277199307095,-0.02522387551655481,-0.031881556279302344,-0.018870809042658743,-9.46818547973487,-11.624978444599176,-7.374004975104997,"[-0.02558, -0.02677, -0.02332]",True,3
taco,A,D2,S2,stochastic vs deterministic (L2),normal,mean,53.5491799609565,51.2943490912626,-2.2548308696938957,-2.904747785484107,-1.6586905697722472,-4.2107663858492845,-5.413966869964093,-3.129117752045185,"[-2.23977, -2.48337, -2.04136]",True,3
taco,A,D2,S2,stochastic vs deterministic (L2),q_rel_l1,mean,0.5000554646941877,0.4682087941361325,-0.03184667055805524,-0.03929720625360013,-0.02387253536168179,-6.368627643641744,-7.750178190488244,-4.820253806690777,"[-0.03045, -0.03352, -0.03157]",True,3
taco,A,D2,S2,stochastic vs deterministic (L2),jitter_dense,mean,0.17100160889968877,2.169561317301058,1.99855970840137,1.9924549070731867,2.0044015942352393,1168.7373711049377,1113.2416479372941,1220.6043255984478,"[2.00186, 1.97886, 2.01495]",True,3
taco,A,D2,S2,stochastic vs deterministic (L2),jitter_r2,mean,1.0069552805349777,1.2540583744201632,0.24710309388518553,0.22982721630769035,0.26504194834749706,24.539629381942763,22.013453350415713,27.202060481108692,"[0.24791, 0.24318, 0.25021]",True,3
taco,A,D2,S2,stochastic vs deterministic (L2),centroid_both,mean,0.10098549972660158,0.1053257473659166,0.0043402476393150325,-0.001338851183507528,0.011215767199983752,4.297891926133346,-1.2851691450110447,11.586858303825354,"[0.00422, 0.00667, 0.00214]",True,3
taco,A,D2,S2,stochastic vs deterministic (L2),normal_both,mean,39.88969260257679,40.42234982611823,0.5326572235414394,-0.4251994168476817,1.6704953710369934,1.3353254657746616,-1.0667901657548273,4.236420783033634,"[0.86123, 0.43918, 0.29756]",True,3
taco,A,D2,S2,stochastic vs deterministic (L2),q_cos,mean,0.7910755779926798,0.8381013526342854,0.047025774641605546,0.03654886195936936,0.05712672977809496,5.944536268068279,4.506662889592805,7.3814663345123765,"[0.04661, 0.04787, 0.0466]",True,3
taco,A,D2,S2,stochastic vs deterministic (L2),E_C_last16,mean,2.167227554233956,2.68204140036534,0.5148138461313841,0.4695390651893679,0.5573110843027128,23.754489699322477,20.559402558745443,27.092760685691665,"[0.50807, 0.51619, 0.52018]",True,3
taco,A,D2,S2,stochastic vs deterministic (L2),E_C,best10,1.8917281268498838,2.4429452944369547,0.5512171675870706,0.5163649257321556,0.5844701583973577,29.13828682692161,26.11900696609286,32.21649589535767,"[0.54614, 0.55039, 0.55712]",True,3
taco,A,D2,S2,stochastic vs deterministic (L2),part_hamming,best10,0.2001497370486008,0.16664972310312665,-0.03350001394547413,-0.03850074729940868,-0.028149812609784556,-16.737475871546913,-18.96972233211227,-14.483598107359342,"[-0.03496, -0.03305, -0.03249]",True,3
taco,A,D2,S2,stochastic vs deterministic (L2),amount_l1,best10,0.4585628503449125,0.4682036703350125,0.009640819990100002,0.002265377104619966,0.017414290793384007,2.102398827739438,0.4768025620001115,3.8538709484909006,"[0.00754, 0.00899, 0.0124]",True,3
taco,A,D2,S2,stochastic vs deterministic (L2),centroid,best10,0.2664066475096258,0.22837261281116106,-0.03803403469846471,-0.04550198759281941,-0.031075892949104487,-14.27668380425472,-16.544657370971994,-12.113889396044597,"[-0.03807, -0.03863, -0.0374]",True,3
taco,A,D2,S2,stochastic vs deterministic (L2),normal,best10,53.5491799609565,49.8760218605017,-3.673158100454798,-4.3963371579123764,-2.981173159090593,-6.859410551446265,-8.206961290011726,-5.626699926248991,"[-3.61523, -3.8401, -3.56414]",True,3
taco,A,D2,S2,stochastic vs deterministic (L2),q_rel_l1,best10,0.5000554646941877,0.4449542387160081,-0.055101225978179735,-0.0636088162389753,-0.046504646202873416,-11.019022862169326,-12.514708298436272,-9.468703632679553,"[-0.05308, -0.0557, -0.05652]",True,3
taco,A,D2,S2,stochastic vs deterministic (L2),centroid_both,best10,0.10098549972660158,0.09706037004406635,-0.003925129682535216,-0.009512228352256078,0.0023543603168620026,-3.8868250324667786,-8.964305328234579,2.396312702575032,"[-0.00429, -0.00037, -0.00711]",True,3
taco,A,D2,S2,stochastic vs deterministic (L2),normal_both,best10,39.88969260257679,38.49519778214968,-1.3944948204271084,-2.302132380433731,-0.4632529096060436,-3.49587758000679,-5.683293431736414,-1.20654377903735,"[-0.99669, -1.47787, -1.70892]",True,3
taco,A,D2,S2,stochastic vs deterministic (L2),q_cos,best10,0.7910755779926798,0.8602967533673544,0.06922117537467472,0.05624687935403586,0.08124636661505308,8.750260695737854,6.898961820921001,10.475417124299025,"[0.06956, 0.06833, 0.06978]",True,3
taco,A,D2,S2,stochastic vs deterministic (L2),E_C_last16,best10,2.167227554233956,2.5985467364063193,0.43131918217236304,0.38323073429961246,0.4751126028787243,19.901887152077123,16.853298572657096,23.065115678652703,"[0.42481, 0.43403, 0.43511]",True,3
taco,B,D0,D1,output structural supervision (det),E_C,K1,2.524624928886637,2.535086348379924,0.010461419493287476,-0.0036657368608854395,0.02532372856855039,0.41437519583953364,-0.14573700211616414,1.0285819390456252,"[0.02555, 0.01508, -0.00925]",False,3
taco,B,D0,D1,output structural supervision (det),part_hamming,K1,0.24866453769204,0.25611455324737037,0.007450015555330358,0.004541203315092941,0.010328588734241995,2.9960104582973823,1.8187791064659065,4.195999088403002,"[0.00592, 0.00818, 0.00825]",True,3
taco,B,D0,D1,output structural supervision (det),amount_l1,K1,0.5116965088502065,0.5090932107800038,-0.002603298070202597,-0.004699943438682654,-0.00024351048225689935,-0.5087582239035271,-0.9124771778480811,-0.04729895964353803,"[-0.00127, -0.00145, -0.00509]",True,3
taco,B,D0,D1,output structural supervision (det),centroid,K1,0.3392020970951397,0.3534012273902367,0.014199130295096955,0.011537122026640347,0.01709551872577913,4.186038475792331,3.340255954049942,5.152006390093478,"[0.01428, 0.01308, 0.01524]",True,3
taco,B,D0,D1,output structural supervision (det),normal,K1,58.50512023548504,59.91409335293613,1.4089731174510913,1.173028100073024,1.635026659092937,2.4082902689199326,1.985218990780413,2.8254673105652772,"[1.26426, 1.42314, 1.53953]",True,3
taco,B,D0,D1,output structural supervision (det),q_rel_l1,K1,0.5694211669839345,0.5783756463464363,0.008954479362501766,0.0038797723020823236,0.013808114617095883,1.5725582190650123,0.6672825290233497,2.420663928064326,"[0.00591, 0.00972, 0.01124]",True,3
taco,B,D0,D1,output structural supervision (det),jitter_dense,K1,0.17584461185931066,0.19110962670405593,0.015265014844745288,0.01345973918389058,0.01743644580348115,8.680968204450012,7.570562224771349,9.953560609198187,"[0.01477, 0.01619, 0.01483]",True,3
taco,B,D0,D1,output structural supervision (det),jitter_r2,K1,0.9468549983303025,0.9271251141543981,-0.019729884175904395,-0.028945444257381357,-0.01083470886040381,-2.0837281538035213,-3.0890867180199844,-1.1489705586208765,"[-0.01051, -0.02355, -0.02513]",True,3
taco,B,D0,D1,output structural supervision (det),centroid_both,K1,0.21238953049120668,0.2085055803228511,-0.003883950168355593,-0.010723859588004859,0.002332957962981324,-1.8286919130961476,-5.1999319480220745,1.1291801925050748,"[0.00523, -0.00652, -0.01036]",False,3
taco,B,D0,D1,output structural supervision (det),normal_both,K1,43.91038237292415,43.833360928837415,-0.07702144408673602,-0.889973558435809,0.6380087835574514,-0.1754059972254418,-2.0350845241007276,1.44649218894215,"[0.62272, 0.20005, -1.05383]",False,3
taco,B,D0,D1,output structural supervision (det),q_cos,K1,0.7350808765394649,0.7070866325092349,-0.02799424403022988,-0.03409768360765408,-0.022337555787157293,-3.808321631494249,-4.618854183735188,-3.0312614000475024,"[-0.0215, -0.02573, -0.03675]",True,3
taco,B,D0,D1,output structural supervision (det),E_C_last16,K1,2.6056795785060296,2.6263758572357476,0.020696278729718253,0.001755319677793131,0.03987167645574233,0.7942756623047442,0.06894001279704742,1.5467041175533103,"[0.04103, 0.02649, -0.00543]",False,3
taco,B,D0,D1,output structural supervision (det),E_C,mean,2.5003526654681223,2.5091387911621243,0.008786125694002427,-0.0020274361989705042,0.01966350794725063,0.3513954577426537,-0.07822599141513731,0.7860244593025589,"[0.02109, 0.01403, -0.00877]",False,3
taco,B,D0,D1,output structural supervision (det),part_hamming,mean,0.24784012356126553,0.2539544304413209,0.006114306880055413,0.00395453271028961,0.008373164088719584,2.4670367300490437,1.606250887083016,3.4075602297834573,"[0.00525, 0.00596, 0.00714]",True,3
taco,B,D0,D1,output structural supervision (det),amount_l1,mean,0.5101878231480008,0.5062207111174535,-0.0039671120305474,-0.005510662656958444,-0.0024066615833994508,-0.7775787368011211,-1.0759306728700735,-0.47153382246553077,"[-0.00276, -0.00431, -0.00483]",True,3
taco,B,D0,D1,output structural supervision (det),centroid,mean,0.3317978822892266,0.3464421916173109,0.014644309328084358,0.01271234446415609,0.016811777309415545,4.41362350689114,3.8216281780288908,5.127702384378363,"[0.01479, 0.014, 0.01514]",True,3
taco,B,D0,D1,output structural supervision (det),normal,mean,58.02496116973543,59.46494487585165,1.4399837061162397,1.2627309506308615,1.6180083526368003,2.481662507113036,2.1612281630618346,2.815235252020476,"[1.33867, 1.53909, 1.44219]",True,3
taco,B,D0,D1,output structural supervision (det),q_rel_l1,mean,0.5694761444483594,0.5782929551402182,0.00881681069185882,0.005524152270191726,0.012005551250901391,1.548231787724741,0.9661245057711376,2.111916446243711,"[0.00718, 0.00904, 0.01023]",True,3
taco,B,D0,D1,output structural supervision (det),jitter_dense,mean,0.17492517429939558,0.19106723686932645,0.016142062569930872,0.014812251961446211,0.017560310884904128,9.227981412385322,8.47100745304974,10.024425590348862,"[0.01533, 0.01695, 0.01614]",True,3
taco,B,D0,D1,output structural supervision (det),jitter_r2,mean,0.9583665098342532,0.937661903045113,-0.020704606789140365,-0.025279941741076346,-0.016212439466429068,-2.1604059174314183,-2.6412446822291713,-1.687246377755991,"[-0.01853, -0.01767, -0.02591]",True,3
taco,B,D0,D1,output structural supervision (det),centroid_both,mean,0.1941290891355743,0.19365462335585637,-0.000474465779717945,-0.0040554194554279265,0.0025879173575440945,-0.24440735895411292,-2.0402677486384135,1.3633256034250918,"[0.00436, -0.0024, -0.00338]",False,3
taco,B,D0,D1,output structural supervision (det),normal_both,mean,42.89469560641837,42.939988096694265,0.04529249027589726,-0.2530552015512281,0.33762646384762857,0.10558995613696442,-0.5837050583495595,0.8010966911547124,"[0.29193, 0.05282, -0.20887]",False,3
taco,B,D0,D1,output structural supervision (det),q_cos,mean,0.7374919093242973,0.7084988324913186,-0.02899307683297866,-0.03259244639857026,-0.02544466084075827,-3.931307783368443,-4.458290169228563,-3.4204434489579882,"[-0.02486, -0.02783, -0.03428]",True,3
taco,B,D0,D1,output structural supervision (det),E_C_last16,mean,2.545176667239749,2.572122404669776,0.026945737430027553,0.012306349352795757,0.041887063636312914,1.058698116199941,0.487774294238541,1.6748671117686742,"[0.04822, 0.03288, -0.00025]",False,3
taco,B,D0,D1,output structural supervision (det),E_C,best10,1.7978799079746115,1.823726727030216,0.025846819055604417,0.015539673539592227,0.03629283276058051,1.4376276714011427,0.8559879558805994,2.0372914569225076,"[0.02009, 0.0313, 0.02615]",True,3
taco,B,D0,D1,output structural supervision (det),part_hamming,best10,0.17333209899086982,0.17678524337320045,0.0034531443823306324,0.00128406494211018,0.005669427989783731,1.9922128690730956,0.7473421512217637,3.3395608683549627,"[0.00234, 0.00234, 0.00568]",True,3
taco,B,D0,D1,output structural supervision (det),amount_l1,best10,0.4078954094236259,0.4062093589250203,-0.001686050498605647,-0.0032915182364612232,7.274494705816844e-05,-0.4133536342044275,-0.8107081339059352,0.018508263776562117,"[-0.00123, -0.00229, -0.00153]",True,3
taco,B,D0,D1,output structural supervision (det),centroid,best10,0.2353475089372569,0.24598871206953413,0.010641203132277226,0.008674842775062397,0.012737764790242785,4.5214853474885075,3.6406361149946775,5.504890543079988,"[0.01068, 0.00912, 0.01212]",True,3
taco,B,D0,D1,output structural supervision (det),normal,best10,50.14802703141292,51.306710738402145,1.1586837069892186,0.948068393333989,1.4057401033409456,2.3105270049077253,1.8772597526253376,2.8042742502560447,"[1.05971, 1.28534, 1.131]",True,3
taco,B,D0,D1,output structural supervision (det),q_rel_l1,best10,0.4576010143063663,0.46136255083339556,0.0037615365270293223,0.0006079403763492344,0.00697849457980909,0.8220122791316342,0.1316511527716946,1.5267384858755673,"[0.00173, 0.00439, 0.00517]",True,3
taco,B,D0,D1,output structural supervision (det),centroid_both,best10,0.08415340168415246,0.08217838317268415,-0.0019750185114682925,-0.0047129736385278075,0.0005044843931957324,-2.3469265317176413,-5.529330714266267,0.591788601363441,"[0.00103, -0.00403, -0.00292]",False,3
taco,B,D0,D1,output structural supervision (det),normal_both,best10,32.87836481555751,32.6331260144001,-0.2452388011574089,-0.7241954920515195,0.19170293589919105,-0.7458971957187033,-2.1998517882197643,0.5888054032966217,"[0.22096, 0.25122, -1.2079]",False,3
taco,B,D0,D1,output structural supervision (det),q_cos,best10,0.8724057794524691,0.8638263658139405,-0.008579413638528665,-0.011945642984995779,-0.004861819681537535,-0.9834200827868456,-1.3758278867870066,-0.5570461069691612,"[-0.00385, -0.00943, -0.01246]",True,3
taco,B,D0,D1,output structural supervision (det),E_C_last16,best10,1.7682985014149122,1.7974072704603383,0.02910876904542628,0.015381537669618759,0.04425962190059545,1.6461456604829339,0.8777966504287749,2.5329191570832243,"[0.0298, 0.02874, 0.02879]",True,3
taco,B,D1,D2,hidden aux supervision (det),E_C,K1,2.535086348379924,2.559368910206543,0.024282561826618584,0.0032268368866271045,0.04527352311398486,0.957859358208335,0.11922336542504741,1.8252368430050403,"[0.0198, 0.0175, 0.03555]",True,3
taco,B,D1,D2,hidden aux supervision (det),part_hamming,K1,0.25611455324737037,0.26866797262106784,0.012553419373697524,0.008740375670318667,0.01636873026509595,4.901486157084056,3.346810501493258,6.430130878502305,"[0.01502, 0.01188, 0.01075]",True,3
taco,B,D1,D2,hidden aux supervision (det),amount_l1,K1,0.5090932107800038,0.5069456690369727,-0.0021475417430311377,-0.0057459675339674365,0.0013068169268419727,-0.42183664946952026,-1.116143013380566,0.25512383959180873,"[-0.0022, -0.00243, -0.00181]",True,3
taco,B,D1,D2,hidden aux supervision (det),centroid,K1,0.3534012273902367,0.3653374110474745,0.011936183657237899,0.007693624074780417,0.016775348593249306,3.377516186172569,2.1464111747298897,4.781978364630923,"[0.0144, 0.011, 0.01041]",True,3
taco,B,D1,D2,hidden aux supervision (det),normal,K1,59.91409335293613,61.114793870911925,1.2007005179758035,0.8316850116855923,1.5917451757237815,2.004036864753722,1.3867632992088375,2.6635619575671177,"[1.46773, 1.25691, 0.87745]",True,3
taco,B,D1,D2,hidden aux supervision (det),q_rel_l1,K1,0.5783756463464363,0.5927609678207736,0.014385321474337314,0.009291287388268853,0.01945304611009532,2.4871934987595656,1.587370549473932,3.4163585155059906,"[0.01813, 0.01347, 0.01155]",True,3
taco,B,D1,D2,hidden aux supervision (det),jitter_dense,K1,0.19110962670405593,0.18782097825459837,-0.0032886484494576086,-0.0056217119890667935,-0.0007700238572204782,-1.720817787243245,-2.905679437448394,-0.40375397167629057,"[-0.00323, -0.0042, -0.00244]",True,3
taco,B,D1,D2,hidden aux supervision (det),jitter_r2,K1,0.9271251141543981,0.8897350958800931,-0.037390018274304854,-0.04905641608530951,-0.025471194747919347,-4.032898872382207,-5.211641772604992,-2.7868648291500153,"[-0.04799, -0.03179, -0.03239]",True,3
taco,B,D1,D2,hidden aux supervision (det),centroid_both,K1,0.2085055803228511,0.19669894332018417,-0.0118066370026669,-0.025960237283832545,0.0013147178563827782,-5.662504084727848,-12.197079014422673,0.6797792611158204,"[-0.01928, -0.00698, -0.00916]",True,3
taco,B,D1,D2,hidden aux supervision (det),normal_both,K1,43.833360928837415,43.07241983895938,-0.7609410898780427,-2.1252236669662135,0.5963943895898818,-1.7359861843891267,-4.833249256108251,1.4019663515424607,"[-1.745, 0.50885, -1.04668]",False,3
taco,B,D1,D2,hidden aux supervision (det),q_cos,K1,0.7070866325092349,0.6847811715759256,-0.022305460933309335,-0.031478436013504904,-0.012691518067413697,-3.1545584243551694,-4.478297448120461,-1.785832868182291,"[-0.02831, -0.02025, -0.01836]",True,3
taco,B,D1,D2,hidden aux supervision (det),E_C_last16,K1,2.6263758572357476,2.654898216436197,0.02852235920044965,-0.004504749665071965,0.06219075083908183,1.085996854634086,-0.1750657612562434,2.4707304361016202,"[0.01563, 0.01552, 0.05441]",True,3
taco,B,D1,D2,hidden aux supervision (det),E_C,mean,2.5091387911621243,2.547724986594894,0.0385861954327686,0.020571835059024865,0.057507062150339024,1.5378262680677768,0.7933364787987784,2.3285763907871404,"[0.03582, 0.03499, 0.04495]",True,3
taco,B,D1,D2,hidden aux supervision (det),part_hamming,mean,0.2539544304413209,0.26813903111532067,0.014184600673999716,0.011596531092969752,0.01686056015773803,5.585490534404092,4.588793739066421,6.714517463844882,"[0.01574, 0.01266, 0.01416]",True,3
taco,B,D1,D2,hidden aux supervision (det),amount_l1,mean,0.5062207111174535,0.5061155129643669,-0.00010519815308652075,-0.003043403918964683,0.002925719370674758,-0.02078108437213455,-0.6015005888091451,0.5825921270186774,"[0.00019, 0.00084, -0.00134]",False,3
taco,B,D1,D2,hidden aux supervision (det),centroid,mean,0.3464421916173109,0.35918268955964255,0.012740497942331615,0.010115509329192623,0.015560796277321955,3.6775249235246443,2.903446118213626,4.545798806922696,"[0.01351, 0.01062, 0.01409]",True,3
taco,B,D1,D2,hidden aux supervision (det),normal,mean,59.46494487585165,60.73839559319255,1.2734507173408953,1.0454344450286999,1.5168079255770324,2.141515005184247,1.7511506554225509,2.550768941256165,"[1.42975, 1.09188, 1.29872]",True,3
taco,B,D1,D2,hidden aux supervision (det),q_rel_l1,mean,0.5782929551402182,0.5959571970906451,0.01766424195042679,0.014879632162067294,0.02042755298240099,3.054549047055888,2.562570626665117,3.533556776300717,"[0.01968, 0.01508, 0.01822]",True,3
taco,B,D1,D2,hidden aux supervision (det),jitter_dense,mean,0.19106723686932645,0.18774970429659488,-0.0033175325727315364,-0.005287991285280739,-0.001210788552695531,-1.7363168207642388,-2.732264454065658,-0.6232703645968729,"[-0.00355, -0.00404, -0.00236]",True,3
taco,B,D1,D2,hidden aux supervision (det),jitter_r2,mean,0.937661903045113,0.8983336291866096,-0.03932827385850319,-0.04660435806276544,-0.03181875762596385,-4.1942915384300505,-4.966224909652361,-3.3831555821412507,"[-0.04297, -0.03316, -0.04185]",True,3
taco,B,D1,D2,hidden aux supervision (det),centroid_both,mean,0.19365462335585637,0.18513895282769172,-0.008515670528164602,-0.016209133514557272,-0.0015368933350538585,-4.39734945677821,-8.139956866377307,-0.797204359639192,"[-0.01401, -0.00733, -0.00421]",True,3
taco,B,D1,D2,hidden aux supervision (det),normal_both,mean,42.939988096694265,41.89075517917918,-1.0492329175150763,-1.687566993919314,-0.4414674267704634,-2.4434867451578524,-3.9306687501209914,-1.0368128916867891,"[-1.5419, -0.44589, -1.15991]",True,3
taco,B,D1,D2,hidden aux supervision (det),q_cos,mean,0.7084988324913186,0.6770671131503819,-0.03143171934093666,-0.03757895909358577,-0.02573234294079075,-4.436382658587068,-5.326244352629638,-3.633513740241201,"[-0.03494, -0.02487, -0.03449]",True,3
taco,B,D1,D2,hidden aux supervision (det),E_C_last16,mean,2.572122404669776,2.6245442419234433,0.05242183725366666,0.024787716840751487,0.07847186551568537,2.038077082120715,0.9433472990448388,3.1197256003264284,"[0.04209, 0.04316, 0.07201]",True,3
taco,B,D1,D2,hidden aux supervision (det),E_C,best10,1.823726727030216,1.8678717235505797,0.044144996520363806,0.026771470164138566,0.05948242770305314,2.4205927273024175,1.433210162191445,3.2999432368382653,"[0.05297, 0.0378, 0.04167]",True,3
taco,B,D1,D2,hidden aux supervision (det),part_hamming,best10,0.17678524337320045,0.1834840572233595,0.006698813850159037,0.004251518097742964,0.009201321873828326,3.789238130027406,2.4106102729587464,5.166025698037013,"[0.00862, 0.00572, 0.00576]",True,3
taco,B,D1,D2,hidden aux supervision (det),amount_l1,best10,0.4062093589250203,0.4094271757349972,0.0032178168099769285,0.0004417276577505346,0.005968520060084441,0.7921572310624292,0.10882289658511457,1.486340463903879,"[0.00364, 0.00354, 0.00247]",True,3
taco,B,D1,D2,hidden aux supervision (det),centroid,best10,0.24598871206953413,0.2514491981141024,0.005460486044568239,0.0021272493242590015,0.009015956293719261,2.219811632260882,0.8843472906757022,3.6317655224282097,"[0.00633, 0.004, 0.00606]",True,3
taco,B,D1,D2,hidden aux supervision (det),normal,best10,51.306710738402145,51.90379939847814,0.5970886600759878,0.28689276775110684,0.9291954760595359,1.163763280636676,0.5548603729471857,1.8165875416401134,"[0.77295, 0.3813, 0.63701]",True,3
taco,B,D1,D2,hidden aux supervision (det),q_rel_l1,best10,0.46136255083339556,0.46875028141634373,0.0073877305829481345,0.003941995668769247,0.01093548087297064,1.6012852732852023,0.8450104689825988,2.374781188487418,"[0.01007, 0.00479, 0.00731]",True,3
taco,B,D1,D2,hidden aux supervision (det),centroid_both,best10,0.08217838317268415,0.0678263147243882,-0.014352068448295962,-0.020870589622377145,-0.008910554361895223,-17.464530079811237,-24.600108585102443,-11.34312343202506,"[-0.01707, -0.01284, -0.01314]",True,3
taco,B,D1,D2,hidden aux supervision (det),normal_both,best10,32.6331260144001,30.15703309324635,-2.476092921153748,-3.343572120252839,-1.6323623026886749,-7.587666961666861,-10.177972105696654,-5.039130300460604,"[-2.98904, -2.47242, -1.96682]",True,3
taco,B,D1,D2,hidden aux supervision (det),q_cos,best10,0.8638263658139405,0.8580605505706381,-0.005765815243302358,-0.011681272070262722,-0.00045209666427427185,-0.6674738664487867,-1.3641770871845593,-0.05166715523069465,"[-0.01026, 0.00058, -0.00762]",False,3
taco,B,D1,D2,hidden aux supervision (det),E_C_last16,best10,1.7974072704603383,1.8646972453692456,0.06728997490890734,0.042730840794980254,0.09036051256621921,3.7437244198791797,2.328372265487766,5.072602561137773,"[0.0745, 0.05175, 0.07562]",True,3
taco,B,S0,S1,output structural supervision (diff),E_C,K1,2.799934629828502,2.8240537297922175,0.024119099963715657,-0.007990669766952707,0.057939870764619705,0.8614165383279859,-0.27837804386499077,2.1073106616775084,"[0.03658, 0.02664, 0.00914]",True,3
taco,B,S0,S1,output structural supervision (diff),part_hamming,K1,0.25456922362138934,0.2702347646525382,0.015665541031148842,0.010444808998630633,0.021124631821401348,6.153745063247551,4.054298987348504,8.379820148844374,"[0.01544, 0.01422, 0.01734]",True,3
taco,B,S0,S1,output structural supervision (diff),amount_l1,K1,0.5374756666384775,0.5227468188838426,-0.014728847754634776,-0.019443526935273247,-0.0100756289881338,-2.7403748055708554,-3.591239567432025,-1.9157125525082308,"[-0.01635, -0.01087, -0.01696]",True,3
taco,B,S0,S1,output structural supervision (diff),centroid,K1,0.3403852646419908,0.36379910978546626,0.02341384514347538,0.017813905680641555,0.029043668516682306,6.8786306505076,5.1750527667466795,8.758467055854036,"[0.02077, 0.02475, 0.02472]",True,3
taco,B,S0,S1,output structural supervision (diff),normal,K1,58.544823541746034,61.06485851343736,2.520034971691313,2.045847333573725,3.040737852632182,4.304453953805809,3.4618336630998225,5.210416258283002,"[2.53251, 2.43185, 2.59575]",True,3
taco,B,S0,S1,output structural supervision (diff),q_rel_l1,K1,0.5720662903518249,0.5882447794379987,0.016178489086173826,0.008631415928304069,0.024031613302572218,2.828079430484176,1.4926067055951453,4.2065063756484555,"[0.01522, 0.01531, 0.018]",True,3
taco,B,S0,S1,output structural supervision (diff),jitter_dense,K1,1.1335214703947634,1.2403564661632092,0.10683499576844574,0.10243202735640598,0.11086058058393478,9.425052683937185,8.970428029450028,9.821100510792725,"[0.17483, 0.08175, 0.06393]",True,3
taco,B,S0,S1,output structural supervision (diff),jitter_r2,K1,1.1213805962544985,1.0877872894112117,-0.0335933068432869,-0.047876283444380725,-0.02002783405574027,-2.995709659636614,-4.207024364024314,-1.764012735550935,"[-0.02502, -0.03369, -0.04206]",True,3
taco,B,S0,S1,output structural supervision (diff),centroid_both,K1,0.22351381758009609,0.2110919569782749,-0.012421860601821226,-0.023192618451245296,-0.0025083812052644028,-5.557535876890396,-10.245297566520895,-1.1811921144119775,"[-0.01727, -0.0079, -0.0121]",True,3
taco,B,S0,S1,output structural supervision (diff),normal_both,K1,44.737858336487086,44.41067389853217,-0.32718443795492747,-1.331272032339369,0.586968472910966,-0.7313368366765993,-2.9281843698362064,1.307634490514542,"[-0.0756, -0.46515, -0.4408]",True,3
taco,B,S0,S1,output structural supervision (diff),q_cos,K1,0.7477209708583454,0.7062026754673228,-0.04151829539102267,-0.05116519264084169,-0.0328338564806782,-5.552645573570281,-6.833136650111515,-4.4081516948665245,"[-0.04534, -0.04057, -0.03864]",True,3
taco,B,S0,S1,output structural supervision (diff),E_C_last16,K1,2.871142832350819,2.881465369965131,0.01032253761431235,-0.030102985075500705,0.05230941227154994,0.35952713665103886,-1.0317105442382735,1.8311944107675115,"[0.023, 0.01061, -0.00264]",False,3
taco,B,S0,S1,output structural supervision (diff),E_C,mean,2.7847690682762707,2.8183144326939256,0.03354536441765431,0.008202548814226485,0.057067967340098426,1.2046013006894896,0.2941512795245238,2.0894437650928133,"[0.0325, 0.03396, 0.03418]",True,3
taco,B,S0,S1,output structural supervision (diff),part_hamming,mean,0.2531502865959341,0.26824372228526683,0.015093435689332748,0.011064554822746216,0.018950949434854012,5.962243176688209,4.381378314405815,7.530861275440803,"[0.01567, 0.014, 0.01561]",True,3
taco,B,S0,S1,output structural supervision (diff),amount_l1,mean,0.5364616259239996,0.5233936313096257,-0.013067994614373956,-0.01683453382037754,-0.009618921747314648,-2.4359607440449627,-3.1156176009215497,-1.804546801920126,"[-0.01505, -0.01005, -0.0141]",True,3
taco,B,S0,S1,output structural supervision (diff),centroid,mean,0.3363697917251797,0.36003011668633134,0.023660324961151717,0.019746128550458902,0.027757866193144427,7.034021943469448,5.6874771356895115,8.528647055219496,"[0.02321, 0.02352, 0.02425]",True,3
taco,B,S0,S1,output structural supervision (diff),normal,mean,58.154364894597954,60.74353180329004,2.5891669086920905,2.2495978535085106,2.967207588007687,4.452231424734543,3.830335376769445,5.122342538614033,"[2.70546, 2.45155, 2.61049]",True,3
taco,B,S0,S1,output structural supervision (diff),q_rel_l1,mean,0.5739227524225091,0.5881064656971794,0.014183713274670173,0.0071236496107453555,0.020518173977356856,2.4713627774471947,1.2168600807016094,3.6150042607929755,"[0.0165, 0.01325, 0.01281]",True,3
taco,B,S0,S1,output structural supervision (diff),jitter_dense,mean,1.1346064620893517,1.241968627012038,0.10736216492268628,0.10408750383990222,0.11056813644869037,9.462502507255355,9.107461802606021,9.796629783726463,"[0.17193, 0.08538, 0.06478]",True,3
taco,B,S0,S1,output structural supervision (diff),jitter_r2,mean,1.1349175132708726,1.0993669960893444,-0.03555051718152816,-0.04414376836807469,-0.028146186497274288,-3.132431808111791,-3.866501129112021,-2.491619111681065,"[-0.03046, -0.03569, -0.0405]",True,3
taco,B,S0,S1,output structural supervision (diff),centroid_both,mean,0.21283731904075287,0.20207156740323448,-0.010765751637518401,-0.015809083688280975,-0.005576368107119243,-5.058206749661709,-7.2145856245606215,-2.7398152016037125,"[-0.02044, -0.00394, -0.00792]",True,3
taco,B,S0,S1,output structural supervision (diff),normal_both,mean,43.53746970618901,43.51199010068708,-0.0254796055019343,-0.44716048665618563,0.3829025504018487,-0.05852339530495465,-1.0010813221330572,0.8775798445200378,"[-0.58237, 0.38826, 0.11767]",False,3
taco,B,S0,S1,output structural supervision (diff),q_cos,mean,0.753463936822349,0.7081381568230173,-0.04532577999933169,-0.05170090475641021,-0.039331319678912555,-6.015653541493737,-6.8482442490066076,-5.252688249610326,"[-0.05176, -0.04158, -0.04264]",True,3
taco,B,S0,S1,output structural supervision (diff),E_C_last16,mean,2.8310645934917553,2.863654626807669,0.0325900333159136,0.0022116445540277425,0.06152173098972348,1.1511582388771258,0.07362262209151815,2.203288961013228,"[0.02034, 0.03497, 0.04246]",True,3
taco,B,S0,S1,output structural supervision (diff),E_C,best10,2.001905524141186,2.1052183180283275,0.10331279388714186,0.08113061278964812,0.12346099979315356,5.160722753460734,3.978017914240417,6.368912869678023,"[0.11867, 0.08971, 0.10156]",True,3
taco,B,S0,S1,output structural supervision (diff),part_hamming,best10,0.17029628934570668,0.1814546194763329,0.011158330130626212,0.007432912746348507,0.014736596198062335,6.552303736914933,4.316281288411217,8.717062726439684,"[0.01221, 0.00987, 0.0114]",True,3
taco,B,S0,S1,output structural supervision (diff),amount_l1,best10,0.420789968396363,0.4179005141748668,-0.002889454221496215,-0.006012650654761812,-4.338729675555237e-05,-0.6866737418926516,-1.4125695720393683,-0.010029952199375192,"[-0.00226, -0.00267, -0.00374]",True,3
taco,B,S0,S1,output structural supervision (diff),centroid,best10,0.2309599524780071,0.2509924601934059,0.020032507715398794,0.016016170209873854,0.023948736121137366,8.673584965907155,6.644415295979944,10.764222800200818,"[0.0219, 0.0184, 0.0198]",True,3
taco,B,S0,S1,output structural supervision (diff),normal,best10,49.68745655410893,51.777690905354405,2.0902343512454755,1.7245265877361031,2.4451847555519666,4.2067646368037614,3.468291166977955,4.972248281812286,"[2.08141, 1.88133, 2.30796]",True,3
taco,B,S0,S1,output structural supervision (diff),q_rel_l1,best10,0.4552531075210144,0.46720154124956864,0.011948433728554312,0.0068103202489812635,0.016831619631900805,2.624569394730103,1.465016966234689,3.7426011396507253,"[0.01195, 0.00943, 0.01446]",True,3
taco,B,S0,S1,output structural supervision (diff),centroid_both,best10,0.07911162448521608,0.08127306848627962,0.0021614440010635414,-0.0014251618042255677,0.005872969219005737,2.7321446312450037,-1.71682867756201,7.744928950466701,"[-0.00284, 0.00668, 0.00264]",False,3
taco,B,S0,S1,output structural supervision (diff),normal_both,best10,31.618859188897268,31.868950031725046,0.25009084282777244,-0.4352557895631072,0.9419059702042171,0.7909546683315893,-1.3780452172211244,3.0046756442039912,"[-0.07041, 1.03822, -0.21754]",False,3
taco,B,S0,S1,output structural supervision (diff),q_cos,best10,0.887315173138738,0.868597941027081,-0.018717232111657222,-0.022850073250016693,-0.014977988295834297,-2.109423199137661,-2.586182510950452,-1.6829075037543828,"[-0.02072, -0.016, -0.01943]",True,3
taco,B,S0,S1,output structural supervision (diff),E_C_last16,best10,1.9277146846165152,2.0054383224401717,0.0777236378236568,0.05316066775082137,0.10195630138343094,4.031905677946224,2.7094843161226123,5.333526864385063,"[0.08545, 0.05355, 0.09417]",True,3
taco,B,S1,S2,hidden aux supervision (diff),E_C,K1,2.8240537297922175,3.0600685908462544,0.23601486105403618,0.20056905705949973,0.27295295261503044,8.357307743978426,6.925734102003966,9.922693299173236,"[0.23019, 0.22507, 0.25278]",True,3
taco,B,S1,S2,hidden aux supervision (diff),part_hamming,K1,0.2702347646525382,0.2439307732739564,-0.026303991378581786,-0.03183530422957086,-0.020602029693321765,-9.733755541187627,-11.532297744833208,-7.811424700674985,"[-0.02654, -0.02621, -0.02616]",True,3
taco,B,S1,S2,hidden aux supervision (diff),amount_l1,K1,0.5227468188838426,0.5157596072243466,-0.006987211659496082,-0.013371145300915481,-0.0007163642760105359,-1.336633989359326,-2.5166425724194363,-0.14471925250983952,"[-0.01039, -0.00828, -0.00229]",True,3
taco,B,S1,S2,hidden aux supervision (diff),centroid,K1,0.36379910978546626,0.33896639643939747,-0.024832713346068677,-0.031091157564172668,-0.018472313321626733,-6.825941207143882,-8.585299607968688,-5.097699527054022,"[-0.0236, -0.02658, -0.02432]",True,3
taco,B,S1,S2,hidden aux supervision (diff),normal,K1,61.06485851343736,58.66935918095348,-2.3954993324838716,-2.9042326904597013,-1.857771013745567,-3.922877070052899,-4.709704323588837,-3.0647623923442224,"[-2.10988, -2.63353, -2.44309]",True,3
taco,B,S1,S2,hidden aux supervision (diff),q_rel_l1,K1,0.5882447794379987,0.5580105512188032,-0.0302342282191956,-0.03703744305211246,-0.022981944320919618,-5.139735918792332,-6.247232765705135,-3.9295689521340216,"[-0.02881, -0.03275, -0.02914]",True,3
taco,B,S1,S2,hidden aux supervision (diff),jitter_dense,K1,1.2403564661632092,2.1546311562969573,0.9142746901337482,0.9087833173448842,0.9192821763670508,73.71064005187729,72.78853537229078,74.59484348688041,"[0.88754, 0.88263, 0.97266]",True,3
taco,B,S1,S2,hidden aux supervision (diff),jitter_r2,K1,1.0877872894112117,1.1760719477270658,0.08828465831585419,0.06699108218094044,0.11167907440494448,8.115985466574083,6.0150762114780765,10.468435560016886,"[0.08678, 0.0831, 0.09497]",True,3
taco,B,S1,S2,hidden aux supervision (diff),centroid_both,K1,0.2110919569782749,0.2130703348734658,0.001978377895190927,-0.008446548352810817,0.01358016173459779,0.9372114046934055,-3.986887901352021,6.567722984783697,"[0.00378, 0.00461, -0.00245]",False,3
taco,B,S1,S2,hidden aux supervision (diff),normal_both,K1,44.41067389853217,45.272492639747725,0.8618187412155632,-0.11653544492826134,1.9146719114658233,1.9405666826506796,-0.24624049645909363,4.378806057956397,"[0.84589, 1.35854, 0.38103]",True,3
taco,B,S1,S2,hidden aux supervision (diff),q_cos,K1,0.7062026754673228,0.7527769181507233,0.04657424268340043,0.03657401726166672,0.05719989547235537,6.595024955488937,5.112159155370488,8.313533693502052,"[0.04792, 0.04893, 0.04288]",True,3
taco,B,S1,S2,hidden aux supervision (diff),E_C_last16,K1,2.881465369965131,3.1404156935957324,0.2589503236306019,0.2088521417415715,0.31068816717357656,8.986758138055805,7.10822525399748,11.17182066759177,"[0.2521, 0.2542, 0.27055]",True,3
taco,B,S1,S2,hidden aux supervision (diff),E_C,mean,2.8183144326939256,3.0304938656506524,0.21217943295672698,0.18741282356995462,0.2369838418227522,7.52859334981697,6.489342952966748,8.614018066580664,"[0.21281, 0.19708, 0.22665]",True,3
taco,B,S1,S2,hidden aux supervision (diff),part_hamming,mean,0.26824372228526683,0.2428798059772124,-0.02536391630805449,-0.029443822677512155,-0.021422249750901554,-9.455548891124055,-10.83397575697509,-8.072505592923196,"[-0.02517, -0.02592, -0.025]",True,3
taco,B,S1,S2,hidden aux supervision (diff),amount_l1,mean,0.5233936313096257,0.5139407756277821,-0.009452855681843592,-0.013926279324557426,-0.004845663731769012,-1.8060700620660564,-2.6255709732240784,-0.9446711252668161,"[-0.01161, -0.011, -0.00575]",True,3
taco,B,S1,S2,hidden aux supervision (diff),centroid,mean,0.36003011668633134,0.3328489673876582,-0.027181149298673147,-0.03155829292666641,-0.022970365307595754,-7.5496876619224995,-8.823598222071604,-6.338564180967454,"[-0.02707, -0.02837, -0.0261]",True,3
taco,B,S1,S2,hidden aux supervision (diff),normal,mean,60.74353180329004,58.14302953407441,-2.6005022692156357,-2.9520882166778417,-2.255412224192081,-4.281117992343642,-4.868684676279744,-3.716315198119924,"[-2.4667, -2.77967, -2.55513]",True,3
taco,B,S1,S2,hidden aux supervision (diff),q_rel_l1,mean,0.5881064656971794,0.5573859094918429,-0.030720556205336428,-0.03518063807798712,-0.02583318834031098,-5.2236385751886605,-6.009501498222414,-4.425036367563251,"[-0.03085, -0.03291, -0.0284]",True,3
taco,B,S1,S2,hidden aux supervision (diff),jitter_dense,mean,1.241968627012038,2.155264526911271,0.9132958998992329,0.9088449719564402,0.9173869372629808,73.53614898441236,72.69351527637087,74.27871286763022,"[0.88906, 0.88205, 0.96878]",True,3
taco,B,S1,S2,hidden aux supervision (diff),jitter_r2,mean,1.0993669960893444,1.1843232700498876,0.08495627396054321,0.07236871058177673,0.0976806866887155,7.727744626021038,6.461304704045956,9.037366152255167,"[0.07788, 0.08176, 0.09523]",True,3
taco,B,S1,S2,hidden aux supervision (diff),centroid_both,mean,0.20207156740323448,0.2041123327625158,0.0020407653592813477,-0.004582522352640577,0.009221682419062516,1.0099220714258061,-2.3067629130956613,4.581987823844402,"[0.00674, 0.00187, -0.00248]",False,3
taco,B,S1,S2,hidden aux supervision (diff),normal_both,mean,43.51199010068708,44.22219265316213,0.7102025524750627,0.14473484018276148,1.4193114520105414,1.6321996553861018,0.33757748123823816,3.2442013463096275,"[1.19154, 0.53067, 0.4084]",True,3
taco,B,S1,S2,hidden aux supervision (diff),q_cos,mean,0.7081381568230173,0.7551311413934046,0.04699298457038715,0.040480934078087144,0.05384155137190181,6.636132245890547,5.632693721057125,7.762698499610909,"[0.04985, 0.04899, 0.04214]",True,3
taco,B,S1,S2,hidden aux supervision (diff),E_C_last16,mean,2.863654626807669,3.0911720175446176,0.22751739073694843,0.1905075979218058,0.2648634159345559,7.9450010698594475,6.434065688957213,9.584249226350217,"[0.23382, 0.20906, 0.23967]",True,3
taco,B,S1,S2,hidden aux supervision (diff),E_C,best10,2.1052183180283275,2.4657415505293963,0.3605232325010684,0.33388991786075894,0.3872139814805625,17.125218292738474,15.312542938648921,19.09812369845525,"[0.35114, 0.33935, 0.39108]",True,3
taco,B,S1,S2,hidden aux supervision (diff),part_hamming,best10,0.1814546194763329,0.16855302363789326,-0.01290159583843958,-0.016967121717335245,-0.009214687248154343,-7.110095006494099,-9.180040992440762,-5.167733160578269,"[-0.01366, -0.01306, -0.01198]",True,3
taco,B,S1,S2,hidden aux supervision (diff),amount_l1,best10,0.4179005141748668,0.4230796852295761,0.005179171054709307,0.0007489557908531536,0.00962398989791009,1.2393311037043109,0.1753405425613419,2.3329118690178063,"[0.0021, 0.00427, 0.00916]",True,3
taco,B,S1,S2,hidden aux supervision (diff),centroid,best10,0.2509924601934059,0.2340908905989303,-0.016901569594475595,-0.021653025130740747,-0.011932990577756266,-6.73389534548241,-8.634387375328423,-4.78340119552918,"[-0.01914, -0.01696, -0.0146]",True,3
taco,B,S1,S2,hidden aux supervision (diff),normal,best10,51.777690905354405,50.12463831857884,-1.6530525867755597,-2.0295657211716733,-1.2899063836494213,-3.1925961893457533,-3.88042988272721,-2.489706675822745,"[-1.55101, -1.73208, -1.67607]",True,3
taco,B,S1,S2,hidden aux supervision (diff),q_rel_l1,best10,0.46720154124956864,0.448057419446471,-0.019144121803097672,-0.023443176549187712,-0.014767125129267184,-4.097615292940848,-5.02418608220756,-3.136443414527179,"[-0.01769, -0.0209, -0.01884]",True,3
taco,B,S1,S2,hidden aux supervision (diff),centroid_both,best10,0.08127306848627962,0.08731975985670483,0.006046691370425207,0.0007709858438795596,0.011882318911214915,7.439969331840857,0.9510532174241026,15.399068455517728,"[0.00888, 0.00346, 0.0058]",True,3
taco,B,S1,S2,hidden aux supervision (diff),normal_both,best10,31.868950031725046,33.92334130870335,2.054391276978311,1.09108466291535,3.113440994110908,6.446372644637455,3.316261330672887,9.994023841530453,"[2.01711, 2.04205, 2.10402]",True,3
taco,B,S1,S2,hidden aux supervision (diff),q_cos,best10,0.868597941027081,0.8835285071542848,0.014930566127203922,0.009772494860150199,0.02012379795229698,1.718927183910779,1.1218016112954254,2.3309940438348553,"[0.01474, 0.01476, 0.01529]",True,3
taco,B,S1,S2,hidden aux supervision (diff),E_C_last16,best10,2.0054383224401717,2.4478667622957473,0.4424284398555755,0.4061444262088736,0.47726918442067034,22.061433398621745,19.64789546515371,24.57144946015759,"[0.42937, 0.4302, 0.46771]",True,3
taco,B,D0,S0,stochastic vs deterministic (L0),E_C,K1,2.524624928886637,2.799934629828502,0.27530970094186485,0.23447150119117813,0.3131696739210806,10.90497435051776,9.084563460600137,12.65802065387016,"[0.26683, 0.27462, 0.28447]",True,3
taco,B,D0,S0,stochastic vs deterministic (L0),part_hamming,K1,0.24866453769204,0.25456922362138934,0.00590468592934938,0.0006094934375996392,0.010967057727370185,2.3745589074152695,0.2515105729898437,4.382228683976708,"[0.00366, 0.00939, 0.00467]",True,3
taco,B,D0,S0,stochastic vs deterministic (L0),amount_l1,K1,0.5116965088502065,0.5374756666384775,0.025779157788270998,0.01872657797963078,0.032577724609933766,5.037978048002967,3.652300492409455,6.429967442232343,"[0.02869, 0.02302, 0.02563]",True,3
taco,B,D0,S0,stochastic vs deterministic (L0),centroid,K1,0.3392020970951397,0.3403852646419908,0.0011831675468510754,-0.0052920901573220115,0.0072504687689882,0.34880903065857005,-1.532994327565318,2.1829292117453436,"[0.00388, -9e-05, -0.00023]",False,3
taco,B,D0,S0,stochastic vs deterministic (L0),normal,K1,58.50512023548504,58.544823541746034,0.03970330626099949,-0.5392151580080377,0.5536125714111506,0.06786295985923285,-0.9189644463114988,0.942723273259749,"[-0.14866, 0.38403, -0.11626]",False,3
taco,B,D0,S0,stochastic vs deterministic (L0),q_rel_l1,K1,0.5694211669839345,0.5720662903518249,0.0026451233678903355,-0.0046610955783518235,0.010033411713952419,0.46452845824134226,-0.8073839531565818,1.7778497409101757,"[0.00134, 0.00639, 0.00021]",True,3
taco,B,D0,S0,stochastic vs deterministic (L0),jitter_dense,K1,0.17584461185931066,1.1335214703947634,0.9576768585354527,0.947425522400141,0.9683853243191625,544.6154126699478,518.8706561777972,573.0079617256375,"[0.91964, 0.99561, 0.95778]",True,3
taco,B,D0,S0,stochastic vs deterministic (L0),jitter_r2,K1,0.9468549983303025,1.1213805962544985,0.17452559792419603,0.15582462394887125,0.19349113556274272,18.43213567356743,16.083424017482393,21.11173730202558,"[0.18159, 0.17027, 0.17172]",True,3
taco,B,D0,S0,stochastic vs deterministic (L0),centroid_both,K1,0.21238953049120668,0.22351381758009609,0.011124287088889451,-0.001250479004218718,0.024205954821693486,5.2376814728869014,-0.5644685144524986,11.7948133534294,"[0.02375, -0.00039, 0.01002]",False,3
taco,B,D0,S0,stochastic vs deterministic (L0),normal_both,K1,43.91038237292415,44.737858336487086,0.8274759635629451,-0.5742373547900722,2.2592872772112456,1.8844654016795248,-1.2842249040728504,5.2026082078515,"[1.01936, 1.16138, 0.30169]",True,3
taco,B,D0,S0,stochastic vs deterministic (L0),q_cos,K1,0.7350808765394649,0.7477209708583454,0.012640094318880869,0.001106214665691496,0.023534322611478142,1.7195515109012627,0.15292274837417352,3.2369736715073483,"[0.01827, 0.00965, 0.01001]",True,3
taco,B,D0,S0,stochastic vs deterministic (L0),E_C_last16,K1,2.6056795785060296,2.871142832350819,0.2654632538447887,0.20617447432116934,0.3214309587782404,10.187870221441141,7.755087292712637,12.719313048494584,"[0.24595, 0.26336, 0.28708]",True,3
taco,B,D0,S0,stochastic vs deterministic (L0),E_C,mean,2.5003526654681223,2.7847690682762707,0.28441640280814834,0.2545775371521604,0.3124679942130558,11.375051477184295,10.052564976214606,12.71483228265815,"[0.28351, 0.2921, 0.27764]",True,3
taco,B,D0,S0,stochastic vs deterministic (L0),part_hamming,mean,0.24784012356126553,0.2531502865959341,0.005310163034668581,0.0018941734320527582,0.008927064672011159,2.1425760116504655,0.7629832131039072,3.6107470564567423,"[0.00376, 0.00636, 0.00581]",True,3
taco,B,D0,S0,stochastic vs deterministic (L0),amount_l1,mean,0.5101878231480008,0.5364616259239996,0.026273802775998802,0.02073276251042967,0.03159100757182222,5.149829451805044,4.048537783914652,6.200933553906918,"[0.02935, 0.02334, 0.02613]",True,3
taco,B,D0,S0,stochastic vs deterministic (L0),centroid,mean,0.3317978822892266,0.3363697917251797,0.004571909435953087,0.0006562011670142048,0.00872916246964526,1.3779200169722117,0.19078426745720023,2.6844833676562985,"[0.00498, 0.00355, 0.00519]",True,3
taco,B,D0,S0,stochastic vs deterministic (L0),normal,mean,58.02496116973543,58.154364894597954,0.12940372486254206,-0.22662823203917207,0.46627632102872163,0.2230138930795711,-0.39258599648289705,0.8057400655635094,"[-0.06081, 0.37472, 0.0743]",False,3
taco,B,D0,S0,stochastic vs deterministic (L0),q_rel_l1,mean,0.5694761444483594,0.5739227524225091,0.004446607974149806,-0.0011332039263726983,0.010614380509122199,0.7808242746422778,-0.1994932159572027,1.866328890410629,"[0.00211, 0.0058, 0.00543]",True,3
taco,B,D0,S0,stochastic vs deterministic (L0),jitter_dense,mean,0.17492517429939558,1.1346064620893517,0.9596812877899561,0.951927154175207,0.9679968582783642,548.623885403367,525.2456164237467,573.201684164693,"[0.92188, 0.99412, 0.96304]",True,3
taco,B,D0,S0,stochastic vs deterministic (L0),jitter_r2,mean,0.9583665098342532,1.1349175132708726,0.17655100343661936,0.16246941398624157,0.18974543514675424,18.4220756490284,16.420861508757902,20.43924937589845,"[0.18143, 0.17838, 0.16985]",True,3
taco,B,D0,S0,stochastic vs deterministic (L0),centroid_both,mean,0.1941290891355743,0.21283731904075287,0.01870822990517858,0.010629609366800484,0.026815080441914767,9.637004937530659,5.310811227182777,14.108281175574033,"[0.02848, 0.00711, 0.02054]",True,3
taco,B,D0,S0,stochastic vs deterministic (L0),normal_both,mean,42.89469560641837,43.53746970618901,0.642774099770647,-0.10323879842640996,1.3484639133497036,1.498493206872098,-0.23548609761996353,3.1814335657590176,"[1.09594, 0.38926, 0.44313]",True,3
taco,B,D0,S0,stochastic vs deterministic (L0),q_cos,mean,0.7374919093242973,0.753463936822349,0.015972027498051777,0.008067124968693617,0.02379607199957086,2.1657224026614186,1.0886594307122577,3.271664004529762,"[0.02084, 0.01567, 0.0114]",True,3
taco,B,D0,S0,stochastic vs deterministic (L0),E_C_last16,mean,2.545176667239749,2.8310645934917553,0.28588792625200615,0.24334496216481988,0.3247021154894448,11.232537604631299,9.4635920351815,12.967260950514614,"[0.2905, 0.2907, 0.27647]",True,3
taco,B,D0,S0,stochastic vs deterministic (L0),E_C,best10,1.7978799079746115,2.001905524141186,0.20402561616657416,0.1793927309942646,0.22946430121089087,11.34812260049214,9.792716566583803,12.860614282954774,"[0.192, 0.23197, 0.18811]",True,3
taco,B,D0,S0,stochastic vs deterministic (L0),part_hamming,best10,0.17333209899086982,0.17029628934570668,-0.0030358096451631616,-0.007123663685156694,0.0005883157283246808,-1.7514411138141561,-4.0195338729501096,0.3417673121721254,"[-0.00307, -0.00265, -0.00338]",True,3
taco,B,D0,S0,stochastic vs deterministic (L0),amount_l1,best10,0.4078954094236259,0.420789968396363,0.012894558972737072,0.007873715102636795,0.017998473113784753,3.1612415032955976,1.8879803929296113,4.434779890840135,"[0.01393, 0.01331, 0.01144]",True,3
taco,B,D0,S0,stochastic vs deterministic (L0),centroid,best10,0.2353475089372569,0.2309599524780071,-0.004387556459249812,-0.008680580840218515,-0.00044512144256062404,-1.864288463924002,-3.6953980990574675,-0.20036153992409877,"[-0.00293, -0.00531, -0.00493]",True,3
taco,B,D0,S0,stochastic vs deterministic (L0),normal,best10,50.14802703141292,49.68745655410893,-0.4605704773040047,-0.8599098402964671,-0.057946894310928844,-0.9184219291727969,-1.7063158701522418,-0.11478627627424798,"[-0.37022, -0.27687, -0.73462]",True,3
taco,B,D0,S0,stochastic vs deterministic (L0),q_rel_l1,best10,0.4576010143063663,0.4552531075210144,-0.0023479067853518893,-0.007880348772893023,0.002986466088333482,-0.5130903804727915,-1.6963371240522385,0.6484846290202295,"[-0.00248, -0.00029, -0.00427]",True,3
taco,B,D0,S0,stochastic vs deterministic (L0),centroid_both,best10,0.08415340168415246,0.07911162448521608,-0.005041777198936366,-0.010542171826813026,0.00024193792365220465,-5.991174566964441,-12.184615746993277,0.3046402137138804,"[-0.00137, -0.00883, -0.00492]",True,3
taco,B,D0,S0,stochastic vs deterministic (L0),normal_both,best10,32.87836481555751,31.618859188897268,-1.259505626660236,-2.1911923057523794,-0.43335471701491113,-3.8308037328677047,-6.620539799807457,-1.3015140411168025,"[-0.62658, -1.6093, -1.54264]",True,3
taco,B,D0,S0,stochastic vs deterministic (L0),q_cos,best10,0.8724057794524691,0.887315173138738,0.014909393686269014,0.00859307686176102,0.021942460762869504,1.7089975831689364,0.9752351674185089,2.5592837533455537,"[0.01608, 0.01667, 0.01198]",True,3
taco,B,D0,S0,stochastic vs deterministic (L0),E_C_last16,best10,1.7682985014149122,1.9277146846165152,0.15941618320160295,0.12267325073292501,0.20033133256233493,9.015230351326187,6.843431356026453,11.458908387993105,"[0.16011, 0.18561, 0.13253]",True,3
taco,B,D1,S1,stochastic vs deterministic (L1),E_C,K1,2.535086348379924,2.8240537297922175,0.288967381412293,0.2551316679189971,0.32283150509217406,11.39871947939608,9.747659567006162,13.057048506662161,"[0.27786, 0.28619, 0.30286]",True,3
taco,B,D1,S1,stochastic vs deterministic (L1),part_hamming,K1,0.25611455324737037,0.2702347646525382,0.014120211405167865,0.008958555744128856,0.01966327617947074,5.513240550422638,3.42948152130782,7.735961310692985,"[0.01317, 0.01542, 0.01376]",True,3
taco,B,D1,S1,stochastic vs deterministic (L1),amount_l1,K1,0.5090932107800038,0.5227468188838426,0.013653608103838814,0.00710620600591159,0.01997696895588158,2.681946609132635,1.374105446487861,3.9604907851349624,"[0.01361, 0.0136, 0.01375]",True,3
taco,B,D1,S1,stochastic vs deterministic (L1),centroid,K1,0.3534012273902367,0.36379910978546626,0.010397882395229496,0.004662502385524974,0.016010056841906886,2.9422315457178216,1.2928646530434351,4.647059410115961,"[0.01037, 0.01158, 0.00924]",True,3
taco,B,D1,S1,stochastic vs deterministic (L1),normal,K1,59.91409335293613,61.06485851343736,1.1507651605012215,0.6437201979901712,1.6715927027843143,1.9206919375753806,1.0805397312523501,2.817261592960807,"[1.11959, 1.39274, 0.93996]",True,3
taco,B,D1,S1,stochastic vs deterministic (L1),q_rel_l1,K1,0.5783756463464363,0.5882447794379987,0.009869133091562395,0.0033668758025212266,0.016535938606302144,1.706353501207225,0.58631550803383,2.867053283029164,"[0.01065, 0.01199, 0.00698]",True,3
taco,B,D1,S1,stochastic vs deterministic (L1),jitter_dense,K1,0.19110962670405593,1.2403564661632092,1.0492468394591532,1.0408906087653582,1.0578043148923009,549.0287734609891,524.7374803869415,574.8312161127392,"[1.0797, 1.06116, 1.00688]",True,3
taco,B,D1,S1,stochastic vs deterministic (L1),jitter_r2,K1,0.9271251141543981,1.0877872894112117,0.1606621752568135,0.14399420441127986,0.1785715366123319,17.329071643512606,15.05101550617811,19.88037588464364,"[0.16708, 0.16012, 0.15479]",True,3
taco,B,D1,S1,stochastic vs deterministic (L1),centroid_both,K1,0.2085055803228511,0.2110919569782749,0.002586376655423821,-0.010820391099129684,0.015592553772145138,1.2404352206876412,-4.973490344199472,7.942327720727205,"[0.00124, -0.00177, 0.00828]",False,3
taco,B,D1,S1,stochastic vs deterministic (L1),normal_both,K1,43.833360928837415,44.41067389853217,0.5773129696947535,-0.8024059756091098,1.9009293324712655,1.317062980025674,-1.7781932524927657,4.392382017830299,"[0.32105, 0.49618, 0.91472]",True,3
taco,B,D1,S1,stochastic vs deterministic (L1),q_cos,K1,0.7070866325092349,0.7062026754673228,-0.0008839570419119189,-0.011370077653775734,0.009380719424218241,-0.12501396593725955,-1.5978445284362208,1.3406567826756088,"[-0.00558, -0.0052, 0.00812]",False,3
taco,B,D1,S1,stochastic vs deterministic (L1),E_C_last16,K1,2.6263758572357476,2.881465369965131,0.2550895127293828,0.20026666776817176,0.30288227128542283,9.712604996219554,7.4347183600729005,11.916294633819312,"[0.22791, 0.24748, 0.28988]",True,3
taco,B,D1,S1,stochastic vs deterministic (L1),E_C,mean,2.5091387911621243,2.8183144326939256,0.30917564153180027,0.283931262599737,0.3339515863079006,12.321982451540837,11.00868962373671,13.6183974056177,"[0.29492, 0.31203, 0.32058]",True,3
taco,B,D1,S1,stochastic vs deterministic (L1),part_hamming,mean,0.2539544304413209,0.26824372228526683,0.014289291843945917,0.01044120587961988,0.018204118589467973,5.626714926419707,4.128602428943884,7.25792955023099,"[0.01418, 0.0144, 0.01429]",True,3
taco,B,D1,S1,stochastic vs deterministic (L1),amount_l1,mean,0.5062207111174535,0.5233936313096257,0.017172920192172245,0.012261224507190199,0.021835856019213905,3.392378030970722,2.4179910047457343,4.302161630175161,"[0.01706, 0.0176, 0.01686]",True,3
taco,B,D1,S1,stochastic vs deterministic (L1),centroid,mean,0.3464421916173109,0.36003011668633134,0.013587925069020452,0.009261064298131637,0.017844290662075147,3.9221334461565727,2.6289718904811465,5.224288669176724,"[0.0134, 0.01307, 0.0143]",True,3
taco,B,D1,S1,stochastic vs deterministic (L1),normal,mean,59.46494487585165,60.74353180329004,1.278586927438393,0.9471395152657308,1.6089552219362755,2.1501523798731714,1.5937625712500347,2.720701314583107,"[1.30598, 1.28718, 1.2426]",True,3
taco,B,D1,S1,stochastic vs deterministic (L1),q_rel_l1,mean,0.5782929551402182,0.5881064656971794,0.00981351055696116,0.005137232374609137,0.014264290014643488,1.6969790950646768,0.8834657553996594,2.4723180908517106,"[0.01142, 0.01001, 0.008]",True,3
taco,B,D1,S1,stochastic vs deterministic (L1),jitter_dense,mean,0.19106723686932645,1.241968627012038,1.0509013901427116,1.0437896342532644,1.058030891160426,550.0165320658496,525.6727819475318,574.1400169939616,"[1.07848, 1.06255, 1.01167]",True,3
taco,B,D1,S1,stochastic vs deterministic (L1),jitter_r2,mean,0.937661903045113,1.0993669960893444,0.16170509304423158,0.14867222774813535,0.17411161750759446,17.245565007929244,15.380256217124488,19.15542851529124,"[0.16949, 0.16036, 0.15526]",True,3
taco,B,D1,S1,stochastic vs deterministic (L1),centroid_both,mean,0.19365462335585637,0.20207156740323448,0.008416944047378125,0.0010940604997554239,0.015595587093276122,4.3463687576987375,0.5182639242366394,8.308181160696426,"[0.00368, 0.00557, 0.016]",True,3
taco,B,D1,S1,stochastic vs deterministic (L1),normal_both,mean,42.939988096694265,43.51199010068708,0.5720020039928153,-0.08345227293626864,1.1757843552455052,1.3320963264003671,-0.19190889390237054,2.7720370486741697,"[0.22164, 0.7247, 0.76967]",True,3
taco,B,D1,S1,stochastic vs deterministic (L1),q_cos,mean,0.7084988324913186,0.7081381568230173,-0.0003606756683012552,-0.007997270675937515,0.00684474943592642,-0.05090702366199462,-1.119375262077904,0.9727692141030975,"[-0.00605, 0.00193, 0.00304]",False,3
taco,B,D1,S1,stochastic vs deterministic (L1),E_C_last16,mean,2.572122404669776,2.863654626807669,0.2915322221378922,0.25145688308260933,0.3262610168119014,11.334305926055688,9.602565921523265,13.086785560192205,"[0.26262, 0.29279, 0.31918]",True,3
taco,B,D1,S1,stochastic vs deterministic (L1),E_C,best10,1.823726727030216,2.1052183180283275,0.28149159099811166,0.2564905002302952,0.30582722571496773,15.43496549269181,13.680864086629786,17.13079002221154,"[0.29058, 0.29038, 0.26352]",True,3
taco,B,D1,S1,stochastic vs deterministic (L1),part_hamming,best10,0.17678524337320045,0.1814546194763329,0.004669376103132418,0.0004119183002543735,0.009009333775376417,2.6412702859339943,0.22885974073263426,5.166763890258097,"[0.0068, 0.00487, 0.00234]",True,3
taco,B,D1,S1,stochastic vs deterministic (L1),amount_l1,best10,0.4062093589250203,0.4179005141748668,0.011691155249846506,0.007471875877227811,0.016186684209021016,2.8781107556915098,1.8050895225656838,3.9839393005955737,"[0.01291, 0.01293, 0.00923]",True,3
taco,B,D1,S1,stochastic vs deterministic (L1),centroid,best10,0.24598871206953413,0.2509924601934059,0.005003748123871758,-0.0006121978048100309,0.010714174338095047,2.0341372910059885,-0.24373073317784932,4.454507007264041,"[0.00829, 0.00397, 0.00276]",True,3
taco,B,D1,S1,stochastic vs deterministic (L1),normal,best10,51.306710738402145,51.777690905354405,0.4709801669522518,0.002615084204914571,0.9680594019481098,0.9179699110972939,0.005082964757341379,1.88572053495355,"[0.65148, 0.31911, 0.44235]",True,3
taco,B,D1,S1,stochastic vs deterministic (L1),q_rel_l1,best10,0.46136255083339556,0.46720154124956864,0.0058389904161731,0.000239889633786151,0.011471122844549809,1.2655969596200745,0.05142406910227937,2.5255354876511316,"[0.00775, 0.00475, 0.00502]",True,3
taco,B,D1,S1,stochastic vs deterministic (L1),centroid_both,best10,0.08217838317268415,0.08127306848627962,-0.0009053146864045346,-0.004628009375973072,0.002481622768518229,-1.101645775266924,-5.370094018216697,3.1980458739964357,"[-0.00524, 0.00188, 0.00064]",False,3
taco,B,D1,S1,stochastic vs deterministic (L1),normal_both,best10,32.6331260144001,31.868950031725046,-0.7641759826750549,-1.6038361711798408,0.03292807854972567,-2.3417186031698067,-4.877457420930753,0.10596902417485676,"[-0.91796, -0.8223, -0.55228]",True,3
taco,B,D1,S1,stochastic vs deterministic (L1),q_cos,best10,0.8638263658139405,0.868597941027081,0.004771575213140454,-0.0013078355032277557,0.011180257913710957,0.5523766583165779,-0.15049367935497937,1.291534639599612,"[-0.00079, 0.01009, 0.00502]",False,3
taco,B,D1,S1,stochastic vs deterministic (L1),E_C_last16,best10,1.7974072704603383,2.0054383224401717,0.2080310519798335,0.17139323978380575,0.24429168166025061,11.573951847126661,9.203927513531696,13.810973047407483,"[0.21576, 0.21042, 0.19791]",True,3
taco,B,D2,S2,stochastic vs deterministic (L2),E_C,K1,2.559368910206543,3.0600685908462544,0.5006996806397106,0.47130196842729577,0.5309076236582612,19.563404034602595,17.63815463575331,21.51356882692972,"[0.48825, 0.49376, 0.52009]",True,3
taco,B,D2,S2,stochastic vs deterministic (L2),part_hamming,K1,0.26866797262106784,0.2439307732739564,-0.02473719934711144,-0.030202569012823078,-0.019785929101054568,-9.207349542180477,-10.971511623377516,-7.455580113778193,"[-0.0284, -0.02266, -0.02315]",True,3
taco,B,D2,S2,stochastic vs deterministic (L2),amount_l1,K1,0.5069456690369727,0.5157596072243466,0.00881393818737387,0.00256305416101442,0.015632604060772375,1.7386356617105303,0.49917390721354593,3.1618114410769227,"[0.00542, 0.00774, 0.01328]",True,3
taco,B,D2,S2,stochastic vs deterministic (L2),centroid,K1,0.3653374110474745,0.33896639643939747,-0.026371014608077076,-0.03227448596808505,-0.020454846239670223,-7.218262847067203,-8.807516741937304,-5.640261172457894,"[-0.02763, -0.026, -0.02548]",True,3
taco,B,D2,S2,stochastic vs deterministic (L2),normal,K1,61.114793870911925,58.66935918095348,-2.445434689958454,-2.9319049961756742,-1.9717062503632894,-4.001379265262273,-4.789082261377309,-3.2310053773965786,"[-2.45802, -2.4977, -2.38058]",True,3
taco,B,D2,S2,stochastic vs deterministic (L2),q_rel_l1,K1,0.5927609678207736,0.5580105512188032,-0.03475041660197052,-0.042080650483894234,-0.027811831158106946,-5.8624670800654926,-7.094224335823707,-4.725183949814992,"[-0.0363, -0.03424, -0.03372]",True,3
taco,B,D2,S2,stochastic vs deterministic (L2),jitter_dense,K1,0.18782097825459837,2.1546311562969573,1.9668101780423588,1.9600497083318529,1.9733647230367535,1047.1727899192783,1002.4818336506115,1094.7696580772688,"[1.97047, 1.94799, 1.98197]",True,3
taco,B,D2,S2,stochastic vs deterministic (L2),jitter_r2,K1,0.8897350958800931,1.1760719477270658,0.28633685184697255,0.26194816465939735,0.30779159889287044,32.18225887377621,28.44898916135239,35.898304294239125,"[0.30185, 0.27501, 0.28215]",True,3
taco,B,D2,S2,stochastic vs deterministic (L2),centroid_both,K1,0.19669894332018417,0.2130703348734658,0.016371391553281642,0.0015494322932867427,0.031808104363954336,8.323070412550448,0.7198870737704421,17.44474503673259,"[0.0243, 0.00982, 0.01499]",True,3
taco,B,D2,S2,stochastic vs deterministic (L2),normal_both,K1,43.07241983895938,45.272492639747725,2.2000728007883597,0.8367483930896028,3.713566403196696,5.107845830380686,1.8935467059243205,8.682117818718794,"[2.91193, 1.34587, 2.34242]",True,3
taco,B,D2,S2,stochastic vs deterministic (L2),q_cos,K1,0.6847811715759256,0.7527769181507233,0.06799574657479784,0.0563483333700438,0.07965316450795831,9.92955843372787,8.071083284708669,11.90192124011018,"[0.07065, 0.06398, 0.06936]",True,3
taco,B,D2,S2,stochastic vs deterministic (L2),E_C_last16,K1,2.654898216436197,3.1404156935957324,0.485517477159535,0.4473613899457539,0.5269130776604203,18.287611711580777,16.180050889258425,20.635060194919717,"[0.46437, 0.48616, 0.50602]",True,3
taco,B,D2,S2,stochastic vs deterministic (L2),E_C,mean,2.547724986594894,3.0304938656506524,0.48276887905575855,0.4590348614031791,0.5080974444334656,18.94901850065822,17.290864221894076,20.653001331940146,"[0.4719, 0.47412, 0.50228]",True,3
taco,B,D2,S2,stochastic vs deterministic (L2),part_hamming,mean,0.26813903111532067,0.2428798059772124,-0.02525922513810829,-0.028795619190055077,-0.021763787322860054,-9.420197064576119,-10.58864948560927,-8.191372373914518,"[-0.02673, -0.02418, -0.02487]",True,3
taco,B,D2,S2,stochastic vs deterministic (L2),amount_l1,mean,0.5061155129643669,0.5139407756277821,0.007825262663415176,0.002199717665867258,0.013597858641745597,1.5461416342648526,0.4328210896072715,2.7101471290708057,"[0.00527, 0.00577, 0.01244]",True,3
taco,B,D2,S2,stochastic vs deterministic (L2),centroid,mean,0.35918268955964255,0.3328489673876582,-0.026333722171984313,-0.03000865005242692,-0.02255358222838078,-7.331567733475531,-8.360125736037782,-6.312188425498366,"[-0.02719, -0.02592, -0.02589]",True,3
taco,B,D2,S2,stochastic vs deterministic (L2),normal,mean,60.73839559319255,58.14302953407441,-2.5953660591181382,-2.8919238053301064,-2.291473920083777,-4.273023733621684,-4.766305132271553,-3.7756416663553893,"[-2.59047, -2.58437, -2.61125]",True,3
taco,B,D2,S2,stochastic vs deterministic (L2),q_rel_l1,mean,0.5959571970906451,0.5573859094918429,-0.03857128759880206,-0.043740717140686794,-0.03377894605972097,-6.472157360813869,-7.284576232994155,-5.702089503079188,"[-0.03911, -0.03798, -0.03862]",True,3
taco,B,D2,S2,stochastic vs deterministic (L2),jitter_dense,mean,0.18774970429659488,2.155264526911271,1.9675148226146761,1.9617742553405721,1.9730878954574265,1047.9456305861995,1004.7410095933129,1093.1071900011086,"[1.97109, 1.94863, 1.98282]",True,3
taco,B,D2,S2,stochastic vs deterministic (L2),jitter_r2,mean,0.8983336291866096,1.1843232700498876,0.2859896408632779,0.27061679482966466,0.3006343922024459,31.835571058630574,28.809510937905515,34.58314839805334,"[0.29035, 0.27528, 0.29234]",True,3
taco,B,D2,S2,stochastic vs deterministic (L2),centroid_both,mean,0.18513895282769172,0.2041123327625158,0.018973379934824074,0.010675813540012671,0.028042364761986276,10.248183672337463,5.568512338319143,15.81229648534357,"[0.02443, 0.01477, 0.01772]",True,3
taco,B,D2,S2,stochastic vs deterministic (L2),normal_both,mean,41.89075517917918,44.22219265316213,2.3314374739829544,1.4633319445523292,3.2663351212103913,5.565517890548177,3.4163026520591,7.91185807383572,"[2.95507, 1.70127, 2.33798]",True,3
taco,B,D2,S2,stochastic vs deterministic (L2),q_cos,mean,0.6770671131503819,0.7551311413934046,0.07806402824302255,0.06957052508785243,0.08704803091963334,11.5297326848135,10.019595133339099,13.15881972705939,"[0.07874, 0.07578, 0.07967]",True,3
taco,B,D2,S2,stochastic vs deterministic (L2),E_C_last16,mean,2.6245442419234433,3.0911720175446176,0.466627775621174,0.4342306827085806,0.5030420437858164,17.77938310840583,15.991203256701269,19.7840772163125,"[0.45435, 0.45869, 0.48684]",True,3
taco,B,D2,S2,stochastic vs deterministic (L2),E_C,best10,1.8678717235505797,2.4657415505293963,0.5978698269788162,0.571085455941837,0.6237864800745682,32.008077398502735,29.331699709271362,34.81512162909928,"[0.58875, 0.59193, 0.61293]",True,3
taco,B,D2,S2,stochastic vs deterministic (L2),part_hamming,best10,0.1834840572233595,0.16855302363789326,-0.0149310335854662,-0.018729187357197127,-0.010906162637282713,-8.13751004387827,-10.04436322481811,-6.098351351754094,"[-0.01549, -0.01391, -0.0154]",True,3
taco,B,D2,S2,stochastic vs deterministic (L2),amount_l1,best10,0.4094271757349972,0.4230796852295761,0.013652509494578885,0.008036204714944858,0.01959700169658789,3.334539157072358,1.9494874502693937,4.860661921436482,"[0.01137, 0.01366, 0.01592]",True,3
taco,B,D2,S2,stochastic vs deterministic (L2),centroid,best10,0.2514491981141024,0.2340908905989303,-0.01735830751517208,-0.02327263407023911,-0.012004283110948009,-6.9033059740740255,-8.958198551631725,-4.890890883394061,"[-0.01718, -0.01699, -0.0179]",True,3
taco,B,D2,S2,stochastic vs deterministic (L2),normal,best10,51.90379939847814,50.12463831857884,-1.779161079899296,-2.3009503427474134,-1.3071661546559292,-3.427805094267289,-4.388049991014054,-2.556321477176937,"[-1.67248, -1.79426, -1.87074]",True,3
taco,B,D2,S2,stochastic vs deterministic (L2),q_rel_l1,best10,0.46875028141634373,0.448057419446471,-0.02069286196987271,-0.026657575279335568,-0.015596239473788508,-4.414474569988225,-5.61164959258943,-3.3470461476301283,"[-0.02001, -0.02094, -0.02113]",True,3
taco,B,D2,S2,stochastic vs deterministic (L2),centroid_both,best10,0.0678263147243882,0.08731975985670483,0.019493445132316635,0.014295547788375119,0.02525050698321322,28.740239258948574,19.838882263414327,39.468451540204086,"[0.02071, 0.01818, 0.01958]",True,3
taco,B,D2,S2,stochastic vs deterministic (L2),normal_both,best10,30.15703309324635,33.92334130870335,3.766308215457004,2.6933577974620904,4.894998198646603,12.488987904783189,8.6012385442231,16.595869323281633,"[4.08819, 3.69217, 3.51856]",True,3
taco,B,D2,S2,stochastic vs deterministic (L2),q_cos,best10,0.8580605505706381,0.8835285071542848,0.025467956583646735,0.018126359762108118,0.033887029927727394,2.9680838452146086,2.0690181250777817,4.03389280385773,"[0.02421, 0.02427, 0.02793]",True,3
taco,B,D2,S2,stochastic vs deterministic (L2),E_C_last16,best10,1.8646972453692456,2.4478667622957473,0.5831695169265017,0.5467109678825914,0.6174154013465162,31.27421989680812,28.159171485304334,34.68017587583778,"[0.57063, 0.58887, 0.59]",True,3
arctic,A,D0,D1,output structural supervision (det),E_C,K1,1.9632492652129532,1.9762229052602605,0.012973640047307533,-0.014825727089525828,0.03608720747711617,0.6608249027359347,-0.7349907134939881,1.9930670385623683,"[0.0208, -0.00526, 0.02338]",False,3
arctic,A,D0,D1,output structural supervision (det),part_hamming,K1,0.19159035304708133,0.1931122281441739,0.0015218750970925471,-0.003596424993550567,0.006866705973096623,0.7943380618535612,-2.063134892872409,3.399851700402401,"[0.00098, 0.0003, 0.00329]",True,3
arctic,A,D0,D1,output structural supervision (det),amount_l1,K1,0.4825915086039718,0.4788900547190219,-0.0037014538849500294,-0.009259927368239195,0.0010830693015087501,-0.7669952369567024,-1.8218555013165272,0.2554126153321734,"[0.00045, -0.01083, -0.00072]",False,3
arctic,A,D0,D1,output structural supervision (det),centroid,K1,0.2988734488512346,0.31342927423910005,0.014555825387865413,0.004597434006372861,0.024032102293305758,4.870230341240722,1.4473504523440983,8.039006419789029,"[0.0115, 0.01324, 0.01893]",True,3
arctic,A,D0,D1,output structural supervision (det),normal,K1,48.94186365518945,50.87364805353585,1.9317843983463918,0.6317658095615507,3.4192295585518906,3.947100200262943,1.2541019440243995,7.1002470787112415,"[1.21493, 2.00862, 2.5718]",True,3
arctic,A,D0,D1,output structural supervision (det),q_rel_l1,K1,0.49515370328286434,0.5107271480557632,0.015573444772898936,0.002273868236724805,0.03145831250600756,3.1451738459486567,0.44673826645076353,6.202876258037193,"[0.00783, 0.01703, 0.02186]",True,3
arctic,A,D0,D1,output structural supervision (det),jitter_dense,K1,0.14394170499163075,0.15365490870463483,0.009713203713004093,0.008130787914049708,0.011490907000348822,6.748012130027803,5.154970453074492,8.765871439071438,"[0.01135, 0.00717, 0.01062]",True,3
arctic,A,D0,D1,output structural supervision (det),jitter_r2,K1,0.6232998209094167,0.6217968908529128,-0.0015029300565040286,-0.016193505634369207,0.012764827112955653,-0.2411247374194847,-2.6294979003107843,1.9606117713960813,"[0.0052, 4e-05, -0.00974]",False,3
arctic,A,D0,D1,output structural supervision (det),centroid_both,K1,0.1473636637678817,0.14658175193200618,-0.000781911835875563,-0.004722733095637994,0.003961182664730155,-0.5306001600958843,-3.2797449464292194,2.8838933510236364,"[-0.00118, 0.00254, -0.00371]",False,3
arctic,A,D0,D1,output structural supervision (det),normal_both,K1,34.23330073037241,34.37309018637331,0.1397894560008921,-0.35417910316931117,0.7408141497015577,0.4083434930855834,-1.0319239741232389,2.105977641383805,"[-0.24191, 0.63802, 0.02326]",False,3
arctic,A,D0,D1,output structural supervision (det),q_cos,K1,0.8418458225706251,0.8172758067273752,-0.02457001584324999,-0.05216122255891203,-0.0023640989977866456,-2.9185885567768133,-6.338578644506132,-0.2766213736780765,"[-0.01908, -0.01897, -0.03566]",True,3
arctic,A,D0,D1,output structural supervision (det),E_C_last16,K1,2.298387646087609,2.31256027514362,0.014172629056011046,-0.011759162721294713,0.04156715826475807,0.6166335378688714,-0.5377188053428794,1.8540432889832648,"[0.02889, -0.00868, 0.0223]",False,3
arctic,A,D0,D1,output structural supervision (det),E_C,mean,1.9632492652129532,1.9762229052602605,0.012973640047307533,-0.014825727089525828,0.03608720747711617,0.6608249027359347,-0.7349907134939881,1.9930670385623683,"[0.0208, -0.00526, 0.02338]",False,3
arctic,A,D0,D1,output structural supervision (det),part_hamming,mean,0.19159035304708133,0.1931122281441739,0.0015218750970925471,-0.003596424993550567,0.006866705973096623,0.7943380618535612,-2.063134892872409,3.399851700402401,"[0.00098, 0.0003, 0.00329]",True,3
arctic,A,D0,D1,output structural supervision (det),amount_l1,mean,0.4825915086039718,0.4788900547190219,-0.0037014538849500294,-0.009259927368239195,0.0010830693015087501,-0.7669952369567024,-1.8218555013165272,0.2554126153321734,"[0.00045, -0.01083, -0.00072]",False,3
arctic,A,D0,D1,output structural supervision (det),centroid,mean,0.2988734488512346,0.31342927423910005,0.014555825387865413,0.004597434006372861,0.024032102293305758,4.870230341240722,1.4473504523440983,8.039006419789029,"[0.0115, 0.01324, 0.01893]",True,3
arctic,A,D0,D1,output structural supervision (det),normal,mean,48.94186365518945,50.87364805353585,1.9317843983463918,0.6317658095615507,3.4192295585518906,3.947100200262943,1.2541019440243995,7.1002470787112415,"[1.21493, 2.00862, 2.5718]",True,3
arctic,A,D0,D1,output structural supervision (det),q_rel_l1,mean,0.49515370328286434,0.5107271480557632,0.015573444772898936,0.002273868236724805,0.03145831250600756,3.1451738459486567,0.44673826645076353,6.202876258037193,"[0.00783, 0.01703, 0.02186]",True,3
arctic,A,D0,D1,output structural supervision (det),jitter_dense,mean,0.14394170499163075,0.15365490870463483,0.009713203713004093,0.008130787914049708,0.011490907000348822,6.748012130027803,5.154970453074492,8.765871439071438,"[0.01135, 0.00717, 0.01062]",True,3
arctic,A,D0,D1,output structural supervision (det),jitter_r2,mean,0.6232998209094167,0.6217968908529128,-0.0015029300565040286,-0.016193505634369207,0.012764827112955653,-0.2411247374194847,-2.6294979003107843,1.9606117713960813,"[0.0052, 4e-05, -0.00974]",False,3
arctic,A,D0,D1,output structural supervision (det),centroid_both,mean,0.1473636637678817,0.14658175193200618,-0.000781911835875563,-0.004722733095637994,0.003961182664730155,-0.5306001600958843,-3.2797449464292194,2.8838933510236364,"[-0.00118, 0.00254, -0.00371]",False,3
arctic,A,D0,D1,output structural supervision (det),normal_both,mean,34.23330073037241,34.37309018637331,0.1397894560008921,-0.35417910316931117,0.7408141497015577,0.4083434930855834,-1.0319239741232389,2.105977641383805,"[-0.24191, 0.63802, 0.02326]",False,3
arctic,A,D0,D1,output structural supervision (det),q_cos,mean,0.8418458225706251,0.8172758067273752,-0.02457001584324999,-0.05216122255891203,-0.0023640989977866456,-2.9185885567768133,-6.338578644506132,-0.2766213736780765,"[-0.01908, -0.01897, -0.03566]",True,3
arctic,A,D0,D1,output structural supervision (det),E_C_last16,mean,2.298387646087609,2.31256027514362,0.014172629056011046,-0.011759162721294713,0.04156715826475807,0.6166335378688714,-0.5377188053428794,1.8540432889832648,"[0.02889, -0.00868, 0.0223]",False,3
arctic,A,D0,D1,output structural supervision (det),E_C,best10,1.9632492652129532,1.9762229052602605,0.012973640047307533,-0.014825727089525828,0.03608720747711617,0.6608249027359347,-0.7349907134939881,1.9930670385623683,"[0.0208, -0.00526, 0.02338]",False,3
arctic,A,D0,D1,output structural supervision (det),part_hamming,best10,0.19159035304708133,0.1931122281441739,0.0015218750970925471,-0.003596424993550567,0.006866705973096623,0.7943380618535612,-2.063134892872409,3.399851700402401,"[0.00098, 0.0003, 0.00329]",True,3
arctic,A,D0,D1,output structural supervision (det),amount_l1,best10,0.4825915086039718,0.4788900547190219,-0.0037014538849500294,-0.009259927368239195,0.0010830693015087501,-0.7669952369567024,-1.8218555013165272,0.2554126153321734,"[0.00045, -0.01083, -0.00072]",False,3
arctic,A,D0,D1,output structural supervision (det),centroid,best10,0.2988734488512346,0.31342927423910005,0.014555825387865413,0.004597434006372861,0.024032102293305758,4.870230341240722,1.4473504523440983,8.039006419789029,"[0.0115, 0.01324, 0.01893]",True,3
arctic,A,D0,D1,output structural supervision (det),normal,best10,48.94186365518945,50.87364805353585,1.9317843983463918,0.6317658095615507,3.4192295585518906,3.947100200262943,1.2541019440243995,7.1002470787112415,"[1.21493, 2.00862, 2.5718]",True,3
arctic,A,D0,D1,output structural supervision (det),q_rel_l1,best10,0.49515370328286434,0.5107271480557632,0.015573444772898936,0.002273868236724805,0.03145831250600756,3.1451738459486567,0.44673826645076353,6.202876258037193,"[0.00783, 0.01703, 0.02186]",True,3
arctic,A,D0,D1,output structural supervision (det),centroid_both,best10,0.1473636637678817,0.14658175193200618,-0.000781911835875563,-0.004722733095637994,0.003961182664730155,-0.5306001600958843,-3.2797449464292194,2.8838933510236364,"[-0.00118, 0.00254, -0.00371]",False,3
arctic,A,D0,D1,output structural supervision (det),normal_both,best10,34.23330073037241,34.37309018637331,0.1397894560008921,-0.35417910316931117,0.7408141497015577,0.4083434930855834,-1.0319239741232389,2.105977641383805,"[-0.24191, 0.63802, 0.02326]",False,3
arctic,A,D0,D1,output structural supervision (det),q_cos,best10,0.8418458225706251,0.8172758067273752,-0.02457001584324999,-0.05216122255891203,-0.0023640989977866456,-2.9185885567768133,-6.338578644506132,-0.2766213736780765,"[-0.01908, -0.01897, -0.03566]",True,3
arctic,A,D0,D1,output structural supervision (det),E_C_last16,best10,2.298387646087609,2.31256027514362,0.014172629056011046,-0.011759162721294713,0.04156715826475807,0.6166335378688714,-0.5377188053428794,1.8540432889832648,"[0.02889, -0.00868, 0.0223]",False,3
arctic,A,D1,D2,hidden aux supervision (det),E_C,K1,1.9762229052602605,1.9959848284400918,0.019761923179831543,-0.054826987658636236,0.09650955081674649,0.9999845223547243,-2.5019452178865254,5.311153869150131,"[0.0075, 0.03324, 0.01854]",True,3
arctic,A,D1,D2,hidden aux supervision (det),part_hamming,K1,0.1931122281441739,0.20326754468990535,0.01015531654573149,-0.000212189529597404,0.02250271400496561,5.258764110033298,-0.10369603885882483,12.139252165531067,"[0.01326, 0.01141, 0.0058]",True,3
arctic,A,D1,D2,hidden aux supervision (det),amount_l1,K1,0.4788900547190219,0.495356363661614,0.016466308942592066,-0.007241492075923361,0.04013190988161477,3.43843201175964,-1.52847960553687,8.65499089300954,"[0.00899, 0.0285, 0.01191]",True,3
arctic,A,D1,D2,hidden aux supervision (det),centroid,K1,0.31342927423910005,0.33383055137450335,0.02040127713540335,0.0036365053843953137,0.03929196814985379,6.509052858872444,1.0835275668360955,12.652766920910864,"[0.02796, 0.01981, 0.01343]",True,3
arctic,A,D1,D2,hidden aux supervision (det),normal,K1,50.87364805353585,54.11703813759657,3.2433900840607164,1.0024402894587077,5.935007171761322,6.375383343155594,1.974540536551661,11.679286231353526,"[4.29651, 3.13809, 2.29557]",True,3
arctic,A,D1,D2,hidden aux supervision (det),q_rel_l1,K1,0.5107271480557632,0.5246228598872713,0.013895711831508147,-0.010433432655277512,0.04250027732323807,2.720770157687191,-1.9997087044466233,8.208413776970813,"[0.01666, 0.0147, 0.01033]",True,3
arctic,A,D1,D2,hidden aux supervision (det),jitter_dense,K1,0.15365490870463483,0.11057760934328735,-0.043077299361347514,-0.05255722684401992,-0.03356646630234126,-28.035094826780572,-31.805084564144938,-23.464146572753407,"[-0.05313, -0.04777, -0.02834]",True,3
arctic,A,D1,D2,hidden aux supervision (det),jitter_r2,K1,0.6217968908529128,0.5829429857192501,-0.038853905133662686,-0.056620461280667195,-0.020686283338667472,-6.248648988959593,-8.908697188669956,-3.3224969287189765,"[-0.05298, -0.04288, -0.0207]",True,3
arctic,A,D1,D2,hidden aux supervision (det),centroid_both,K1,0.14658175193200618,0.1432759260231342,-0.0033058259088719626,-0.010639710892209041,0.0060274176272141575,-2.255277935554645,-7.39482846839169,4.117041759328255,"[-0.00283, -0.00581, -0.00128]",True,3
arctic,A,D1,D2,hidden aux supervision (det),normal_both,K1,34.37309018637331,33.818949983965965,-0.5541402024073415,-1.8514434858402986,0.7489411450457653,-1.612133792460202,-5.2173834563397525,2.119774176644329,"[-0.31992, -1.18076, -0.16174]",True,3
arctic,A,D1,D2,hidden aux supervision (det),q_cos,K1,0.8172758067273752,0.8010922126425263,-0.016183594084848856,-0.06235038234768434,0.018702327017744984,-1.9801875880375186,-8.013173679688801,2.2627764469068667,"[-0.01861, -0.0161, -0.01384]",True,3
arctic,A,D1,D2,hidden aux supervision (det),E_C_last16,K1,2.31256027514362,2.320923361086076,0.008363085942456362,-0.08602134085801523,0.104432149427935,0.36163753361788675,-3.501806206994529,4.886573941947137,"[-0.00698, 0.01932, 0.01275]",False,3
arctic,A,D1,D2,hidden aux supervision (det),E_C,mean,1.9762229052602605,1.9959848284400918,0.019761923179831543,-0.054826987658636236,0.09650955081674649,0.9999845223547243,-2.5019452178865254,5.311153869150131,"[0.0075, 0.03324, 0.01854]",True,3
arctic,A,D1,D2,hidden aux supervision (det),part_hamming,mean,0.1931122281441739,0.20326754468990535,0.01015531654573149,-0.000212189529597404,0.02250271400496561,5.258764110033298,-0.10369603885882483,12.139252165531067,"[0.01326, 0.01141, 0.0058]",True,3
arctic,A,D1,D2,hidden aux supervision (det),amount_l1,mean,0.4788900547190219,0.495356363661614,0.016466308942592066,-0.007241492075923361,0.04013190988161477,3.43843201175964,-1.52847960553687,8.65499089300954,"[0.00899, 0.0285, 0.01191]",True,3
arctic,A,D1,D2,hidden aux supervision (det),centroid,mean,0.31342927423910005,0.33383055137450335,0.02040127713540335,0.0036365053843953137,0.03929196814985379,6.509052858872444,1.0835275668360955,12.652766920910864,"[0.02796, 0.01981, 0.01343]",True,3
arctic,A,D1,D2,hidden aux supervision (det),normal,mean,50.87364805353585,54.11703813759657,3.2433900840607164,1.0024402894587077,5.935007171761322,6.375383343155594,1.974540536551661,11.679286231353526,"[4.29651, 3.13809, 2.29557]",True,3
arctic,A,D1,D2,hidden aux supervision (det),q_rel_l1,mean,0.5107271480557632,0.5246228598872713,0.013895711831508147,-0.010433432655277512,0.04250027732323807,2.720770157687191,-1.9997087044466233,8.208413776970813,"[0.01666, 0.0147, 0.01033]",True,3
arctic,A,D1,D2,hidden aux supervision (det),jitter_dense,mean,0.15365490870463483,0.11057760934328735,-0.043077299361347514,-0.05255722684401992,-0.03356646630234126,-28.035094826780572,-31.805084564144938,-23.464146572753407,"[-0.05313, -0.04777, -0.02834]",True,3
arctic,A,D1,D2,hidden aux supervision (det),jitter_r2,mean,0.6217968908529128,0.5829429857192501,-0.038853905133662686,-0.056620461280667195,-0.020686283338667472,-6.248648988959593,-8.908697188669956,-3.3224969287189765,"[-0.05298, -0.04288, -0.0207]",True,3
arctic,A,D1,D2,hidden aux supervision (det),centroid_both,mean,0.14658175193200618,0.1432759260231342,-0.0033058259088719626,-0.010639710892209041,0.0060274176272141575,-2.255277935554645,-7.39482846839169,4.117041759328255,"[-0.00283, -0.00581, -0.00128]",True,3
arctic,A,D1,D2,hidden aux supervision (det),normal_both,mean,34.37309018637331,33.818949983965965,-0.5541402024073415,-1.8514434858402986,0.7489411450457653,-1.612133792460202,-5.2173834563397525,2.119774176644329,"[-0.31992, -1.18076, -0.16174]",True,3
arctic,A,D1,D2,hidden aux supervision (det),q_cos,mean,0.8172758067273752,0.8010922126425263,-0.016183594084848856,-0.06235038234768434,0.018702327017744984,-1.9801875880375186,-8.013173679688801,2.2627764469068667,"[-0.01861, -0.0161, -0.01384]",True,3
arctic,A,D1,D2,hidden aux supervision (det),E_C_last16,mean,2.31256027514362,2.320923361086076,0.008363085942456362,-0.08602134085801523,0.104432149427935,0.36163753361788675,-3.501806206994529,4.886573941947137,"[-0.00698, 0.01932, 0.01275]",False,3
arctic,A,D1,D2,hidden aux supervision (det),E_C,best10,1.9762229052602605,1.9959848284400918,0.019761923179831543,-0.054826987658636236,0.09650955081674649,0.9999845223547243,-2.5019452178865254,5.311153869150131,"[0.0075, 0.03324, 0.01854]",True,3
arctic,A,D1,D2,hidden aux supervision (det),part_hamming,best10,0.1931122281441739,0.20326754468990535,0.01015531654573149,-0.000212189529597404,0.02250271400496561,5.258764110033298,-0.10369603885882483,12.139252165531067,"[0.01326, 0.01141, 0.0058]",True,3
arctic,A,D1,D2,hidden aux supervision (det),amount_l1,best10,0.4788900547190219,0.495356363661614,0.016466308942592066,-0.007241492075923361,0.04013190988161477,3.43843201175964,-1.52847960553687,8.65499089300954,"[0.00899, 0.0285, 0.01191]",True,3
arctic,A,D1,D2,hidden aux supervision (det),centroid,best10,0.31342927423910005,0.33383055137450335,0.02040127713540335,0.0036365053843953137,0.03929196814985379,6.509052858872444,1.0835275668360955,12.652766920910864,"[0.02796, 0.01981, 0.01343]",True,3
arctic,A,D1,D2,hidden aux supervision (det),normal,best10,50.87364805353585,54.11703813759657,3.2433900840607164,1.0024402894587077,5.935007171761322,6.375383343155594,1.974540536551661,11.679286231353526,"[4.29651, 3.13809, 2.29557]",True,3
arctic,A,D1,D2,hidden aux supervision (det),q_rel_l1,best10,0.5107271480557632,0.5246228598872713,0.013895711831508147,-0.010433432655277512,0.04250027732323807,2.720770157687191,-1.9997087044466233,8.208413776970813,"[0.01666, 0.0147, 0.01033]",True,3
arctic,A,D1,D2,hidden aux supervision (det),centroid_both,best10,0.14658175193200618,0.1432759260231342,-0.0033058259088719626,-0.010639710892209041,0.0060274176272141575,-2.255277935554645,-7.39482846839169,4.117041759328255,"[-0.00283, -0.00581, -0.00128]",True,3
arctic,A,D1,D2,hidden aux supervision (det),normal_both,best10,34.37309018637331,33.818949983965965,-0.5541402024073415,-1.8514434858402986,0.7489411450457653,-1.612133792460202,-5.2173834563397525,2.119774176644329,"[-0.31992, -1.18076, -0.16174]",True,3
arctic,A,D1,D2,hidden aux supervision (det),q_cos,best10,0.8172758067273752,0.8010922126425263,-0.016183594084848856,-0.06235038234768434,0.018702327017744984,-1.9801875880375186,-8.013173679688801,2.2627764469068667,"[-0.01861, -0.0161, -0.01384]",True,3
arctic,A,D1,D2,hidden aux supervision (det),E_C_last16,best10,2.31256027514362,2.320923361086076,0.008363085942456362,-0.08602134085801523,0.104432149427935,0.36163753361788675,-3.501806206994529,4.886573941947137,"[-0.00698, 0.01932, 0.01275]",False,3
arctic,A,S0,S1,output structural supervision (diff),E_C,K1,2.486298237863835,2.486203433151313,-9.480471252112066e-05,-0.051883056456221766,0.05303256953822439,-0.003813086904769225,-2.108294120352494,2.264140247594071,"[0.0003, -0.00884, 0.00827]",False,3
arctic,A,S0,S1,output structural supervision (diff),part_hamming,K1,0.19544008096653342,0.20065522961331847,0.005215148646785045,-0.00375264949333548,0.015271709975960909,2.668413060920738,-2.0368299814783275,7.912358376428785,"[0.00502, 0.00475, 0.00587]",True,3
arctic,A,S0,S1,output structural supervision (diff),amount_l1,K1,0.5833278811373163,0.5437528195133345,-0.03957506162398177,-0.05582464711670909,-0.02535018956421992,-6.7843596892406595,-9.355404508884247,-4.38708661522681,"[-0.03933, -0.03981, -0.03959]",True,3
arctic,A,S0,S1,output structural supervision (diff),centroid,K1,0.3029654836582561,0.32909153021978865,0.026126046561532553,0.014408573285588389,0.038904727128953674,8.623439952982448,4.748499831332187,13.041805250847084,"[0.02455, 0.02034, 0.03349]",True,3
arctic,A,S0,S1,output structural supervision (diff),normal,K1,48.04724618600261,51.63796386891796,3.5907176829153493,1.736085575978563,6.020888847100576,7.4733058977299205,3.555859885454038,12.65075089796024,"[3.79139, 3.07157, 3.90919]",True,3
arctic,A,S0,S1,output structural supervision (diff),q_rel_l1,K1,0.5085944159617347,0.5322405897534876,0.02364617379175292,0.0055415694776432866,0.047522526870434775,4.649318405716052,1.0597333508057138,9.350072776294006,"[0.02284, 0.02331, 0.02478]",True,3
arctic,A,S0,S1,output structural supervision (diff),jitter_dense,K1,1.5858434712160445,1.646912530972539,0.061069059756494334,0.048458459240371114,0.07277495595875962,3.850888241174655,3.0224877564817954,4.673217775009664,"[0.08953, 0.05591, 0.03777]",True,3
arctic,A,S0,S1,output structural supervision (diff),jitter_r2,K1,0.9598984498811024,0.9397896767250098,-0.020108773156092583,-0.050900988406732614,0.006664140263779289,-2.0948854702894315,-5.470247658250615,0.681644336185605,"[0.00655, -0.03603, -0.03085]",False,3
arctic,A,S0,S1,output structural supervision (diff),centroid_both,K1,0.16883429816146267,0.16317812184799846,-0.005656176313464146,-0.016910062344808695,0.004025160857676731,-3.3501346438831847,-9.764519564686347,2.601638151754204,"[-0.00852, -0.0065, -0.00194]",True,3
arctic,A,S0,S1,output structural supervision (diff),normal_both,K1,34.80389804128678,34.48722286955003,-0.3166751717367481,-1.3484968043865426,0.6796357478155491,-0.909884207111189,-4.002664635674735,1.950155330106984,"[-0.56537, -0.43294, 0.04828]",False,3
arctic,A,S0,S1,output structural supervision (diff),q_cos,K1,0.836783106408773,0.7898607195745553,-0.04692238683421766,-0.09206020659051793,-0.014678513513280294,-5.607473008817632,-11.096567007460113,-1.7477184880189123,"[-0.04712, -0.03791, -0.05573]",True,3
arctic,A,S0,S1,output structural supervision (diff),E_C_last16,K1,2.9287742069758824,2.898737801659492,-0.030036405316390447,-0.08743228746398991,0.03190009065856815,-1.0255623408881642,-2.889559140752318,1.1916839008062174,"[-0.03852, -0.04259, -0.009]",True,3
arctic,A,S0,S1,output structural supervision (diff),E_C,mean,2.4898445642656752,2.4845613060031737,-0.005283258262501004,-0.05561381891318457,0.04642519578602404,-0.21219229257627426,-2.207143297531522,1.9163092614565613,"[-0.01103, -0.01707, 0.01225]",False,3
arctic,A,S0,S1,output structural supervision (diff),part_hamming,mean,0.196148392907928,0.2010378322624151,0.00488943935448711,-0.003944921749368032,0.013911913563577542,2.4927246570825456,-2.128292193058856,7.183744445883677,"[0.00237, 0.00517, 0.00712]",True,3
arctic,A,S0,S1,output structural supervision (diff),amount_l1,mean,0.5853572099479616,0.5438872758699681,-0.04146993407799352,-0.05689723494924734,-0.027500001339950956,-7.084551684548346,-9.584020626847101,-4.796773936057597,"[-0.04214, -0.04333, -0.03893]",True,3
arctic,A,S0,S1,output structural supervision (diff),centroid,mean,0.30444684427057966,0.3306852763905907,0.026238432120011056,0.014078644503845515,0.03998998362489539,8.618395169401527,4.5143135144679825,13.282507549005796,"[0.02368, 0.02326, 0.03177]",True,3
arctic,A,S0,S1,output structural supervision (diff),normal,mean,48.106509120559394,51.882756091697026,3.776246971137635,1.8457904585398466,6.198131189088066,7.849763036586199,3.811043964075167,13.032686077093846,"[3.72638, 3.34781, 4.25455]",True,3
arctic,A,S0,S1,output structural supervision (diff),q_rel_l1,mean,0.5074929846490743,0.5340119379943097,0.02651895334523531,0.00785051296195477,0.05041048350653459,5.225481759826267,1.504770237440889,9.952115508418125,"[0.0255, 0.02276, 0.0313]",True,3
arctic,A,S0,S1,output structural supervision (diff),jitter_dense,mean,1.5844134144671929,1.6463227537797769,0.06190933931258414,0.04757556242103821,0.07388645710573856,3.907398078512414,2.957432795261683,4.7808766640304645,"[0.08778, 0.06001, 0.03794]",True,3
arctic,A,S0,S1,output structural supervision (diff),jitter_r2,mean,0.9571223221198526,0.9387185003488293,-0.018403821771023093,-0.05160445158629897,0.00972093206536259,-1.9228286025408048,-5.521712261210265,1.0217830190904165,"[-0.00472, -0.01627, -0.03422]",True,3
arctic,A,S0,S1,output structural supervision (diff),centroid_both,mean,0.1676309687332467,0.16214876499387523,-0.005482203739371455,-0.01292985195496643,0.000624835028566436,-3.270400320894973,-7.62975930308839,0.3831170421344732,"[-0.00606, -0.00478, -0.0056]",True,3
arctic,A,S0,S1,output structural supervision (diff),normal_both,mean,34.800755342189554,34.670753955525946,-0.1300013866636058,-0.7843066000180626,0.45803575593400625,-0.373559094868281,-2.3056953141980197,1.3186869167806758,"[-0.10558, -0.19968, -0.08474]",True,3
arctic,A,S0,S1,output structural supervision (diff),q_cos,mean,0.8375851279263148,0.7876120364633937,-0.049973091462920775,-0.09634440767994225,-0.01705283114520343,-5.966329844781737,-11.522722248836104,-1.9919286135623215,"[-0.04969, -0.03966, -0.06057]",True,3
arctic,A,S0,S1,output structural supervision (diff),E_C_last16,mean,2.940277926575754,2.8982828598723183,-0.041995066703434045,-0.09729013221735636,0.016119558428048533,-1.4282686110677623,-3.194120197436112,0.6172662119087402,"[-0.05981, -0.07133, 0.00516]",False,3
arctic,A,S0,S1,output structural supervision (diff),E_C,best10,2.2882507292814154,2.290034418037715,0.0017836887563001337,-0.040893469613833264,0.04683048846644017,0.07794988256641933,-1.7577864978571944,2.143892795812974,"[0.00242, -0.01667, 0.0196]",False,3
arctic,A,S0,S1,output structural supervision (diff),part_hamming,best10,0.16092527654075386,0.1642914183294287,0.0033661417886748334,-0.003989298135279528,0.010474642443337095,2.091742118474693,-2.6655639914736184,6.385253373388933,"[0.00182, 0.00208, 0.0062]",True,3
arctic,A,S0,S1,output structural supervision (diff),amount_l1,best10,0.5110281506373037,0.47495305470080784,-0.03607509593649577,-0.05007540379353238,-0.023104757788679955,-7.059316769830881,-9.51427317718474,-4.671291908434993,"[-0.03668, -0.03934, -0.03221]",True,3
arctic,A,S0,S1,output structural supervision (diff),centroid,best10,0.26051652303973616,0.280892769535703,0.020376246495966845,0.011430266445421769,0.03029984555092097,7.821479520075925,4.4493189809816425,11.815451682496425,"[0.01883, 0.01569, 0.02662]",True,3
arctic,A,S0,S1,output structural supervision (diff),normal,best10,43.74916042681236,46.77264371594434,3.023483289131981,1.5161774682331715,4.92242262078708,6.910951569436263,3.433261430642931,11.505569202231026,"[3.01606, 2.42859, 3.6258]",True,3
arctic,A,S0,S1,output structural supervision (diff),q_rel_l1,best10,0.45073245890358443,0.4693946088246974,0.018662149921113015,0.004573507542558357,0.03656539782440095,4.140405145551096,1.0183615843530447,8.114726840163012,"[0.01895, 0.01263, 0.0244]",True,3
arctic,A,S0,S1,output structural supervision (diff),centroid_both,best10,0.14281006924988282,0.13392120239902355,-0.00888886685085927,-0.016934804272275308,-0.0021071413936179523,-6.22425778346617,-11.894712632085403,-1.5139216569402425,"[-0.00948, -0.00702, -0.01017]",True,3
arctic,A,S0,S1,output structural supervision (diff),normal_both,best10,30.991621222921168,30.112002356825766,-0.8796188660954062,-1.8756922651884658,0.0001239673626387078,-2.8382473435911826,-6.358158813881598,0.00039558957096730296,"[-0.70235, -0.74242, -1.19409]",True,3
arctic,A,S0,S1,output structural supervision (diff),q_cos,best10,0.8836080392148333,0.8466686719434342,-0.03693936727139899,-0.0715484310989342,-0.01226132780260901,-4.180515073654512,-8.128850891376494,-1.3777525409371716,"[-0.03903, -0.02739, -0.0444]",True,3
arctic,A,S0,S1,output structural supervision (diff),E_C_last16,best10,2.543406525072658,2.52113290328706,-0.022273621785598,-0.08243117601341438,0.03843071368033942,-0.8757397437659464,-2.886191605071786,1.6827140995812728,"[-0.03244, -0.06341, 0.02902]",False,3
arctic,A,S1,S2,hidden aux supervision (diff),E_C,K1,2.486203433151313,2.9311476448103515,0.4449442116590384,0.40629610083892287,0.4781777725372302,17.896532750542548,14.92639680732375,21.20220658690719,"[0.52344, 0.35832, 0.45307]",True,3
arctic,A,S1,S2,hidden aux supervision (diff),part_hamming,K1,0.20065522961331847,0.17517685691415463,-0.025478372699163823,-0.037338640389175407,-0.015293859446511267,-12.697587173911728,-17.170715462432984,-8.497935643331322,"[-0.0237, -0.02374, -0.029]",True,3
arctic,A,S1,S2,hidden aux supervision (diff),amount_l1,K1,0.5437528195133345,0.5816516026480649,0.03789878313473048,0.021254606534575844,0.054852965776642934,6.969855010342818,3.449737623346727,11.54028254506323,"[0.04508, 0.03146, 0.03715]",True,3
arctic,A,S1,S2,hidden aux supervision (diff),centroid,K1,0.32909153021978865,0.28582772499744824,-0.04326380522234038,-0.053483045309011906,-0.03347317954679406,-13.1464353377451,-16.295873115595494,-10.358316629971743,"[-0.03893, -0.03601, -0.05485]",True,3
arctic,A,S1,S2,hidden aux supervision (diff),normal,K1,51.63796386891796,47.271202979122016,-4.3667608897959465,-5.8356901509448855,-3.1330266923515633,-8.456493174054813,-10.77876697932778,-6.317689645995761,"[-4.58043, -3.0619, -5.45796]",True,3
arctic,A,S1,S2,hidden aux supervision (diff),q_rel_l1,K1,0.5322405897534876,0.4971586957667356,-0.03508189398675196,-0.053459904196280314,-0.017761792759541553,-6.591360122120815,-9.78178740166542,-3.5056653940012783,"[-0.03132, -0.03128, -0.04265]",True,3
arctic,A,S1,S2,hidden aux supervision (diff),jitter_dense,K1,1.646912530972539,2.7687837479362347,1.1218712169636962,1.0920483520343192,1.1538515754252388,68.11966002233314,66.71897072302586,69.54480843865511,"[1.21448, 0.94025, 1.21088]",True,3
arctic,A,S1,S2,hidden aux supervision (diff),jitter_r2,K1,0.9397896767250098,1.0905569379474953,0.15076726122248557,0.11725495223683848,0.18638803516708508,16.042659858520803,12.806822052714239,19.44077861887823,"[0.14572, 0.14429, 0.16229]",True,3
arctic,A,S1,S2,hidden aux supervision (diff),centroid_both,K1,0.16317812184799846,0.16964511154052606,0.006466989692527547,-0.0014246896078523488,0.01457785801735606,3.9631475220383017,-0.8977624225297243,9.186767496504999,"[0.00932, 0.00866, 0.00142]",True,3
arctic,A,S1,S2,hidden aux supervision (diff),normal_both,K1,34.48722286955003,35.30646938822603,0.819246518675999,-0.20422859566197518,1.707153905247737,2.3755073633352497,-0.577154526520629,5.105404987066975,"[0.79569, 1.4697, 0.19236]",True,3
arctic,A,S1,S2,hidden aux supervision (diff),q_cos,K1,0.7898607195745553,0.84882925693146,0.05896853735690476,0.03617565789835082,0.08456954255579792,7.465688050504293,4.313661447658079,11.371297181562735,"[0.05731, 0.04853, 0.07107]",True,3
arctic,A,S1,S2,hidden aux supervision (diff),E_C_last16,K1,2.898737801659492,3.2087504365965454,0.31001263493705394,0.23976632692947838,0.3757199031627862,10.69474564962638,7.50507395871407,14.4709657687639,"[0.39943, 0.2269, 0.30371]",True,3
arctic,A,S1,S2,hidden aux supervision (diff),E_C,mean,2.4845613060031737,2.9344510964808928,0.4498897904777185,0.40867802752861054,0.4885282825180875,18.107413545831985,14.961661980746953,21.741867190574027,"[0.5324, 0.36844, 0.44883]",True,3
arctic,A,S1,S2,hidden aux supervision (diff),part_hamming,mean,0.2010378322624151,0.17542481323233455,-0.02561301903008053,-0.03622407736160324,-0.01583467064140052,-12.740397537040593,-16.767637257022116,-8.78216246633059,"[-0.0249, -0.02188, -0.03007]",True,3
arctic,A,S1,S2,hidden aux supervision (diff),amount_l1,mean,0.5438872758699681,0.5821634601147372,0.03827618424476902,0.020312095850065194,0.0561644072403962,7.037521549579329,3.336536364838083,11.824444860497184,"[0.04805, 0.03111, 0.03567]",True,3
arctic,A,S1,S2,hidden aux supervision (diff),centroid,mean,0.3306852763905907,0.28779194304539313,-0.04289333334519765,-0.052648813817597964,-0.033769653564701976,-12.971044194460568,-15.715681163650764,-10.393366935187087,"[-0.04143, -0.03364, -0.05361]",True,3
arctic,A,S1,S2,hidden aux supervision (diff),normal,mean,51.882756091697026,47.45293659950242,-4.4298194921946,-5.739044211224845,-3.2025394378412164,-8.53813448993609,-10.586547037498717,-6.465875321761894,"[-4.58858, -2.97051, -5.73037]",True,3
arctic,A,S1,S2,hidden aux supervision (diff),q_rel_l1,mean,0.5340119379943097,0.4988297696308797,-0.035182168363429946,-0.052267239100146905,-0.019205803823623524,-6.588273755746044,-9.369877223518907,-3.6894076212561466,"[-0.03379, -0.02693, -0.04482]",True,3
arctic,A,S1,S2,hidden aux supervision (diff),jitter_dense,mean,1.6463227537797769,2.764553654364788,1.1182309005850106,1.0917490977111604,1.1466744741539923,67.92294512225354,66.5702220694607,69.34019365060922,"[1.2118, 0.92899, 1.21391]",True,3
arctic,A,S1,S2,hidden aux supervision (diff),jitter_r2,mean,0.9387185003488293,1.0891339493748533,0.15041544902602402,0.12076517880797233,0.1834765613908051,16.023488294960586,12.884954552396799,19.383079546401262,"[0.15769, 0.11669, 0.17687]",True,3
arctic,A,S1,S2,hidden aux supervision (diff),centroid_both,mean,0.16214876499387523,0.16957021432070857,0.007421449326833302,0.0008412354285627839,0.014254344936470766,4.576938545978826,0.49333930960706596,8.907731135604614,"[0.00744, 0.00755, 0.00727]",True,3
arctic,A,S1,S2,hidden aux supervision (diff),normal_both,mean,34.670753955525946,35.35208532897803,0.6813313734520724,-0.03988887870835705,1.316909970410791,1.9651472659811597,-0.10867304923866117,3.873346349268858,"[0.56424, 0.98432, 0.49543]",True,3
arctic,A,S1,S2,hidden aux supervision (diff),q_cos,mean,0.7876120364633937,0.8471614018536598,0.059549365390265716,0.037702743568465445,0.08293358613972329,7.560748520002303,4.475538245014143,11.20945968725695,"[0.06014, 0.04391, 0.0746]",True,3
arctic,A,S1,S2,hidden aux supervision (diff),E_C_last16,mean,2.8982828598723183,3.212056260617403,0.3137734007450842,0.2330980466428646,0.3894123906349055,10.826182809462125,7.256582377050624,14.89569427907609,"[0.40857, 0.23755, 0.29521]",True,3
arctic,A,S1,S2,hidden aux supervision (diff),E_C,best10,2.290034418037715,2.858375255779554,0.5683408377418382,0.5409645136522703,0.59684499753114,24.818004186541387,21.41869546125388,28.659808404330377,"[0.63232, 0.49316, 0.57954]",True,3
arctic,A,S1,S2,hidden aux supervision (diff),part_hamming,best10,0.1642914183294287,0.15433522396283658,-0.009956194366592125,-0.018372038074659782,-0.0020543610381346463,-6.060081815489882,-10.127257952422998,-1.5012220016640931,"[-0.01247, -0.00482, -0.01257]",True,3
arctic,A,S1,S2,hidden aux supervision (diff),amount_l1,best10,0.47495305470080784,0.5490929750345086,0.0741399203337008,0.0586129622363406,0.09013966930009482,15.609947046325345,10.97591833557605,21.686493236967806,"[0.07662, 0.07175, 0.07404]",True,3
arctic,A,S1,S2,hidden aux supervision (diff),centroid,best10,0.280892769535703,0.2615719434928723,-0.019320826042830728,-0.02746817561111195,-0.01072997603352396,-6.878363609987803,-9.787137584467242,-3.844774404479756,"[-0.02185, -0.01004, -0.02607]",True,3
arctic,A,S1,S2,hidden aux supervision (diff),normal,best10,46.77264371594434,44.44698951342628,-2.32565420251807,-3.548238118210365,-1.2070675571912377,-4.972253047405295,-7.3173744277792885,-2.6641658352749786,"[-2.93856, -0.78654, -3.25186]",True,3
arctic,A,S1,S2,hidden aux supervision (diff),q_rel_l1,best10,0.4693946088246974,0.4581566324664487,-0.011237976358248764,-0.028197174322682934,0.005438058070767285,-2.394142614118877,-5.864751253607958,1.1393239983469305,"[-0.01753, -0.00093, -0.01525]",True,3
arctic,A,S1,S2,hidden aux supervision (diff),centroid_both,best10,0.13392120239902355,0.1526418374083589,0.018720635009335358,0.012195380243476864,0.025550727275876928,13.97884328543919,9.148498983589871,19.36000219153673,"[0.01754, 0.01613, 0.02249]",True,3
arctic,A,S1,S2,hidden aux supervision (diff),normal_both,best10,30.112002356825766,32.857650560984474,2.7456482041587114,1.8498123575981875,3.688140723202187,9.118118986651602,5.914999698962808,12.650476165669389,"[2.17836, 2.9375, 3.12108]",True,3
arctic,A,S1,S2,hidden aux supervision (diff),q_cos,best10,0.8466686719434342,0.87998158523419,0.033312913290755725,0.01509763695979491,0.05372097470156738,3.9345867391419764,1.7312713826973525,6.620575896330871,"[0.04264, 0.0186, 0.0387]",True,3
arctic,A,S1,S2,hidden aux supervision (diff),E_C_last16,best10,2.52113290328706,3.0583555681303842,0.5372226648433234,0.47792354919959784,0.5916405055003288,21.308780038644205,17.643890992646092,25.388291131395114,"[0.60518, 0.48613, 0.52036]",True,3
arctic,A,D0,S0,stochastic vs deterministic (L0),E_C,K1,1.9632492652129532,2.486298237863835,0.5230489726508817,0.46766348198995117,0.5733029129421502,26.642005267433365,22.70543770490572,31.029655073721752,"[0.50942, 0.51794, 0.54178]",True,3
arctic,A,D0,S0,stochastic vs deterministic (L0),part_hamming,K1,0.19159035304708133,0.19544008096653342,0.003849727919452079,-0.007435718460940296,0.013633579126372855,2.009353737401409,-3.603605760306361,7.523902044059438,"[0.0039, 0.00535, 0.0023]",True,3
arctic,A,D0,S0,stochastic vs deterministic (L0),amount_l1,K1,0.4825915086039718,0.5833278811373163,0.10073637253334447,0.08189496659558738,0.11981933337181158,20.874045800091267,16.244944179630473,27.121738274266338,"[0.10019, 0.0976, 0.10442]",True,3
arctic,A,D0,S0,stochastic vs deterministic (L0),centroid,K1,0.2988734488512346,0.3029654836582561,0.004092034807021473,-0.006600793346045631,0.015354501608504973,1.369153005310375,-2.0862986764733416,5.083408279456747,"[0.00119, 0.0094, 0.00169]",True,3
arctic,A,D0,S0,stochastic vs deterministic (L0),normal,K1,48.94186365518945,48.04724618600261,-0.8946174691868511,-2.209013144757219,0.24148790551438523,-1.8279186822342974,-4.480572628140223,0.47966395459733135,"[-0.78058, -0.81281, -1.09046]",True,3
arctic,A,D0,S0,stochastic vs deterministic (L0),q_rel_l1,K1,0.49515370328286434,0.5085944159617347,0.013440712678870417,0.0006624565470690626,0.025365688290897772,2.7144526214301967,0.13365895641819225,5.075387142510479,"[0.00631, 0.01735, 0.01666]",True,3
arctic,A,D0,S0,stochastic vs deterministic (L0),jitter_dense,K1,0.14394170499163075,1.5858434712160445,1.4419017662244138,1.4143410581688494,1.4731915501597161,1001.7261962460781,867.9055533433351,1200.1639694402065,"[1.41638, 1.43429, 1.47504]",True,3
arctic,A,D0,S0,stochastic vs deterministic (L0),jitter_r2,K1,0.6232998209094167,0.9598984498811024,0.33659862897168563,0.30465903963138097,0.37461594310235347,54.00268340853624,47.53245929637875,61.407283378146516,"[0.32496, 0.33336, 0.35148]",True,3
arctic,A,D0,S0,stochastic vs deterministic (L0),centroid_both,K1,0.1473636637678817,0.16883429816146267,0.021470634393580927,0.009848669826062372,0.03183127486763059,14.56982938982856,6.413963112540322,22.48114243029795,"[0.02256, 0.02111, 0.02074]",True,3
arctic,A,D0,S0,stochastic vs deterministic (L0),normal_both,K1,34.23330073037241,34.80389804128678,0.5705973109143608,-0.30460479356789644,1.4134702872282914,1.6667902268860724,-0.8450184657347481,4.2885001946810775,"[0.61212, 0.24506, 0.85461]",True,3
arctic,A,D0,S0,stochastic vs deterministic (L0),q_cos,K1,0.8418458225706251,0.836783106408773,-0.005062716161852239,-0.024519112283504573,0.012949045075128951,-0.6013828216659634,-2.9175570599360157,1.5543964372895402,"[-0.00011, -0.0062, -0.00888]",True,3
arctic,A,D0,S0,stochastic vs deterministic (L0),E_C_last16,K1,2.298387646087609,2.9287742069758824,0.6303865608882734,0.5511832481788712,0.7035965093887477,27.427338550193568,23.577534126352727,31.696989151477652,"[0.60626, 0.60918, 0.67572]",True,3
arctic,A,D0,S0,stochastic vs deterministic (L0),E_C,mean,1.9632492652129532,2.4898445642656752,0.5265952990527222,0.4743206586715824,0.5768577073960898,26.822640832395894,23.140963338332487,31.21963496534661,"[0.50702, 0.52376, 0.54901]",True,3
arctic,A,D0,S0,stochastic vs deterministic (L0),part_hamming,mean,0.19159035304708133,0.196148392907928,0.004558039860846644,-0.0065532317294259065,0.014368102657339387,2.3790549932994676,-3.2120659118677786,7.98795305377209,"[0.00635, 0.00509, 0.00223]",True,3
arctic,A,D0,S0,stochastic vs deterministic (L0),amount_l1,mean,0.4825915086039718,0.5853572099479616,0.10276570134398973,0.08342535625406054,0.1225919946265711,21.294552330866278,16.608121277139155,27.58810343137592,"[0.09845, 0.10347, 0.10638]",True,3
arctic,A,D0,S0,stochastic vs deterministic (L0),centroid,mean,0.2988734488512346,0.30444684427057966,0.005573395419345108,-0.0036995358924500907,0.016345568547605393,1.8648011192587521,-1.2783882556628323,5.264247162166602,"[0.00567, 0.00798, 0.00307]",True,3
arctic,A,D0,S0,stochastic vs deterministic (L0),normal,mean,48.94186365518945,48.106509120559394,-0.8353545346300668,-1.9849052232682605,0.21611425544883683,-1.7068302517358025,-4.036009099897598,0.44434916622637655,"[-0.66627, -0.78046, -1.05933]",True,3
arctic,A,D0,S0,stochastic vs deterministic (L0),q_rel_l1,mean,0.49515370328286434,0.5074929846490743,0.012339281366210042,0.0004298011331647741,0.0245272061562912,2.4920103160696705,0.082371090458766,4.9225185489971235,"[0.00675, 0.0162, 0.01407]",True,3
arctic,A,D0,S0,stochastic vs deterministic (L0),jitter_dense,mean,0.14394170499163075,1.5844134144671929,1.4404717094755621,1.4145095460503676,1.471782103995756,1000.7326990876729,867.7633339298314,1198.2147815053045,"[1.41165, 1.44101, 1.46875]",True,3
arctic,A,D0,S0,stochastic vs deterministic (L0),jitter_r2,mean,0.6232998209094167,0.9571223221198526,0.3338225012104357,0.30384456740634275,0.3704224912943596,53.55729137277416,47.189781427951246,60.560584506698234,"[0.32117, 0.33379, 0.34651]",True,3
arctic,A,D0,S0,stochastic vs deterministic (L0),centroid_both,mean,0.1473636637678817,0.1676309687332467,0.020267304965364996,0.010789728139250212,0.028941940379789567,13.753258060473318,6.930782733931218,21.033071836592843,"[0.01994, 0.0198, 0.02107]",True,3
arctic,A,D0,S0,stochastic vs deterministic (L0),normal_both,mean,34.23330073037241,34.800755342189554,0.5674546118171407,-0.1795591722724733,1.2628135600709767,1.6576099870898142,-0.4947272680249082,3.8352853997353,"[0.2503, 0.42534, 1.02672]",True,3
arctic,A,D0,S0,stochastic vs deterministic (L0),q_cos,mean,0.8418458225706251,0.8375851279263148,-0.00426069464431042,-0.02155923441358146,0.01181009058141322,-0.5061134153163782,-2.5415496625286194,1.4073789989995866,"[-0.00164, -0.00462, -0.00652]",True,3
arctic,A,D0,S0,stochastic vs deterministic (L0),E_C_last16,mean,2.298387646087609,2.940277926575754,0.641890280488144,0.5608112549726683,0.7248131732327033,27.927851142986746,24.171372897092127,32.09281002425279,"[0.62657, 0.63711, 0.66199]",True,3
arctic,A,D0,S0,stochastic vs deterministic (L0),E_C,best10,1.9632492652129532,2.2882507292814154,0.32500146406846236,0.27392697972025,0.3764648968588555,16.554263884225072,13.35486137576114,20.38388622446061,"[0.317, 0.32324, 0.33476]",True,3
arctic,A,D0,S0,stochastic vs deterministic (L0),part_hamming,best10,0.19159035304708133,0.16092527654075386,-0.03066507650632745,-0.044058606664732713,-0.0195490623741861,-16.005543086395303,-21.965909622678815,-10.968816825935523,"[-0.02668, -0.02865, -0.03667]",True,3
arctic,A,D0,S0,stochastic vs deterministic (L0),amount_l1,best10,0.4825915086039718,0.5110281506373037,0.02843664203333171,0.008048677900053496,0.04765720963227055,5.892487026054938,1.5241849859736645,10.974544750951122,"[0.02946, 0.02801, 0.02784]",True,3
arctic,A,D0,S0,stochastic vs deterministic (L0),centroid,best10,0.2988734488512346,0.26051652303973616,-0.038356925811498396,-0.04899061629013936,-0.028364324591646787,-12.83383517636949,-16.184738334186733,-9.598989925269297,"[-0.03533, -0.03547, -0.04427]",True,3
arctic,A,D0,S0,stochastic vs deterministic (L0),normal,best10,48.94186365518945,43.74916042681236,-5.192703228377099,-6.547821663976893,-3.9141282764027663,-10.609941756532383,-13.071375193391589,-8.156725357531325,"[-4.57954, -5.10816, -5.89041]",True,3
arctic,A,D0,S0,stochastic vs deterministic (L0),q_rel_l1,best10,0.49515370328286434,0.45073245890358443,-0.04442124437927986,-0.05859561330943316,-0.032758266310268395,-8.971203100121738,-11.576842034105816,-6.600635102103469,"[-0.04511, -0.04004, -0.04811]",True,3
arctic,A,D0,S0,stochastic vs deterministic (L0),centroid_both,best10,0.1473636637678817,0.14281006924988282,-0.0045535945179989035,-0.0163675944304128,0.005157089872381119,-3.0900388885359398,-10.516114154778167,3.703974643717123,"[-0.00329, -0.00502, -0.00536]",True,3
arctic,A,D0,S0,stochastic vs deterministic (L0),normal_both,best10,34.23330073037241,30.991621222921168,-3.241679507451246,-4.290987429281751,-2.3871246053854174,-9.469374668201858,-12.1417451827176,-7.001318715584349,"[-3.37224, -3.40447, -2.94832]",True,3
arctic,A,D0,S0,stochastic vs deterministic (L0),q_cos,best10,0.8418458225706251,0.8836080392148333,0.04176221664420807,0.022344263542835096,0.0633141726242978,4.960791575431811,2.610740353403296,7.664233632275086,"[0.03842, 0.04315, 0.04372]",True,3
arctic,A,D0,S0,stochastic vs deterministic (L0),E_C_last16,best10,2.298387646087609,2.543406525072658,0.2450188789850495,0.1763733816738841,0.31282556556725233,10.660467976415045,7.442050329900307,14.357000029274891,"[0.24365, 0.24056, 0.25085]",True,3
arctic,A,D1,S1,stochastic vs deterministic (L1),E_C,K1,1.9762229052602605,2.486203433151313,0.509980527891053,0.4614027648383947,0.5578901456912779,25.805820109340893,22.352956813627767,30.5001861831258,"[0.48891, 0.51436, 0.52667]",True,3
arctic,A,D1,S1,stochastic vs deterministic (L1),part_hamming,K1,0.1931122281441739,0.20065522961331847,0.007543001469144578,-0.0030888150428680676,0.018707410336611562,3.906019593701293,-1.5761405730130296,10.219519918860676,"[0.00794, 0.0098, 0.00489]",True,3
arctic,A,D1,S1,stochastic vs deterministic (L1),amount_l1,K1,0.4788900547190219,0.5437528195133345,0.06486276479431272,0.04264320721544183,0.08519628589834097,13.54439587023153,8.622645159552999,19.278963845984045,"[0.06041, 0.06862, 0.06556]",True,3
arctic,A,D1,S1,stochastic vs deterministic (L1),centroid,K1,0.31342927423910005,0.32909153021978865,0.01566225598068861,0.004506006201529729,0.027717187138879884,4.99706226188068,1.420593946481996,9.0064244919426,"[0.01424, 0.01649, 0.01625]",True,3
arctic,A,D1,S1,stochastic vs deterministic (L1),normal,K1,50.87364805353585,51.63796386891796,0.764315815382106,-0.5711365174003236,2.120524158245817,1.502380593146757,-1.1242648684890888,4.217848913193167,"[1.79588, 0.25014, 0.24693]",True,3
arctic,A,D1,S1,stochastic vs deterministic (L1),q_rel_l1,K1,0.5107271480557632,0.5322405897534876,0.021513441697724404,0.009162397231667438,0.03399084137828741,4.2123160634052415,1.8388094014648582,6.674316138432812,"[0.02132, 0.02363, 0.01959]",True,3
arctic,A,D1,S1,stochastic vs deterministic (L1),jitter_dense,K1,0.15365490870463483,1.646912530972539,1.4932576222679041,1.467575008398682,1.5236252742972125,971.8255243887705,847.8513197331395,1154.3143554523954,"[1.49455, 1.48302, 1.5022]",True,3
arctic,A,D1,S1,stochastic vs deterministic (L1),jitter_r2,K1,0.6217968908529128,0.9397896767250098,0.3179927858720971,0.28251029342436523,0.3550499612168682,51.14094176892865,44.98651349161105,58.42228370010538,"[0.32631, 0.2973, 0.33037]",True,3
arctic,A,D1,S1,stochastic vs deterministic (L1),centroid_both,K1,0.14658175193200618,0.16317812184799846,0.01659636991599234,0.00801852377853912,0.02503551270768922,11.322261944099798,5.423006678933806,18.24988084646728,"[0.01521, 0.01206, 0.02251]",True,3
arctic,A,D1,S1,stochastic vs deterministic (L1),normal_both,K1,34.37309018637331,34.48722286955003,0.11413268317672082,-0.8780112153227569,1.0516151640958586,0.3320407986534768,-2.4132328651308432,3.069488182974034,"[0.28866, -0.82589, 0.87963]",False,3
arctic,A,D1,S1,stochastic vs deterministic (L1),q_cos,K1,0.8172758067273752,0.7898607195745553,-0.02741508715281991,-0.044657249613376075,-0.010720152339461216,-3.3544474126303125,-5.667510024327694,-1.2930636679335916,"[-0.02816, -0.02514, -0.02895]",True,3
arctic,A,D1,S1,stochastic vs deterministic (L1),E_C_last16,K1,2.31256027514362,2.898737801659492,0.5861775265158717,0.5118092575065255,0.656544009467983,25.347556680634753,21.318773682728008,30.12730121161582,"[0.53885, 0.57527, 0.64441]",True,3
arctic,A,D1,S1,stochastic vs deterministic (L1),E_C,mean,1.9762229052602605,2.4845613060031737,0.5083384007429136,0.46010430218285414,0.557609881190684,25.722725882279327,22.340947293650636,30.1977871446522,"[0.47518, 0.51195, 0.53788]",True,3
arctic,A,D1,S1,stochastic vs deterministic (L1),part_hamming,mean,0.1931122281441739,0.2010378322624151,0.007925604118241206,-0.0015312818887315517,0.017641334572909725,4.104144100250395,-0.7452073809969817,9.478719981497207,"[0.00775, 0.00996, 0.00607]",True,3
arctic,A,D1,S1,stochastic vs deterministic (L1),amount_l1,mean,0.4788900547190219,0.5438872758699681,0.06499722115094622,0.04235929526062257,0.08682731302421785,13.572472535284108,8.556300138827599,19.386041612923123,"[0.05586, 0.07096, 0.06816]",True,3
arctic,A,D1,S1,stochastic vs deterministic (L1),centroid,mean,0.31342927423910005,0.3306852763905907,0.017256002151490753,0.0073834242111211566,0.028394091682274445,5.50554896104789,2.3998005243372145,9.07954209194477,"[0.01785, 0.01799, 0.01592]",True,3
arctic,A,D1,S1,stochastic vs deterministic (L1),normal,mean,50.87364805353585,51.882756091697026,1.009108038161177,-0.34199218139337645,2.2755703040443462,1.9835574541445578,-0.6724140827164105,4.414548261842133,"[1.84518, 0.55873, 0.62341]",True,3
arctic,A,D1,S1,stochastic vs deterministic (L1),q_rel_l1,mean,0.5107271480557632,0.5340119379943097,0.023284789938546414,0.011371055613546658,0.035479792167136245,4.559144746306698,2.293198504136207,6.9465690743713004,"[0.02442, 0.02193, 0.02351]",True,3
arctic,A,D1,S1,stochastic vs deterministic (L1),jitter_dense,mean,0.15365490870463483,1.6463227537797769,1.4926678450751425,1.465541525401364,1.5237862039763133,971.4416920740505,847.5206936572505,1153.7355043376847,"[1.48808, 1.49385, 1.49607]",True,3
arctic,A,D1,S1,stochastic vs deterministic (L1),jitter_r2,mean,0.6217968908529128,0.9387185003488293,0.31692160949591663,0.28276210956789943,0.35441380003677125,50.96867066369506,45.05601131792785,58.15949222557242,"[0.31126, 0.31748, 0.32202]",True,3
arctic,A,D1,S1,stochastic vs deterministic (L1),centroid_both,mean,0.14658175193200618,0.16214876499387523,0.015567013061869105,0.005227960788712098,0.025941821585892415,10.620021153171933,3.4696840615090707,18.226611956449034,"[0.01506, 0.01247, 0.01918]",True,3
arctic,A,D1,S1,stochastic vs deterministic (L1),normal_both,mean,34.37309018637331,34.670753955525946,0.2976637691526428,-0.5465570730242642,1.1451986071681663,0.8659790770590758,-1.5236447679204623,3.326257218201789,"[0.38663, -0.41235, 0.91871]",False,3
arctic,A,D1,S1,stochastic vs deterministic (L1),q_cos,mean,0.8172758067273752,0.7876120364633937,-0.029663770263981218,-0.048061775723354544,-0.012889011234721066,-3.6295911392219438,-6.128000724223326,-1.5341213535360443,"[-0.03225, -0.02531, -0.03143]",True,3
arctic,A,D1,S1,stochastic vs deterministic (L1),E_C_last16,mean,2.31256027514362,2.8982828598723183,0.585722584728699,0.5098691621648299,0.6610007485359674,25.32788403503656,21.50030097079072,29.69086351644372,"[0.53786, 0.57445, 0.64485]",True,3
arctic,A,D1,S1,stochastic vs deterministic (L1),E_C,best10,1.9762229052602605,2.290034418037715,0.3138115127774549,0.2671335368033169,0.36595049874992663,15.879358140327149,12.612069110938595,20.059279420673604,"[0.29862, 0.31183, 0.33098]",True,3
arctic,A,D1,S1,stochastic vs deterministic (L1),part_hamming,best10,0.1931122281441739,0.1642914183294287,-0.02882080981474516,-0.03927384798012428,-0.020291303253397366,-14.924383655926821,-20.085256715523446,-10.371356696310919,"[-0.02584, -0.02687, -0.03375]",True,3
arctic,A,D1,S1,stochastic vs deterministic (L1),amount_l1,best10,0.4788900547190219,0.47495305470080784,-0.0039370000182140305,-0.026040619524807917,0.0176978105717226,-0.8221093713303262,-5.226218800874783,4.011618690590968,"[-0.00767, -0.0005, -0.00365]",True,3
arctic,A,D1,S1,stochastic vs deterministic (L1),centroid,best10,0.31342927423910005,0.280892769535703,-0.03253650470339697,-0.04395951319765072,-0.02222670223548607,-10.38081231639405,-13.570710634639804,-7.2150750825778935,"[-0.028, -0.03303, -0.03658]",True,3
arctic,A,D1,S1,stochastic vs deterministic (L1),normal,best10,50.87364805353585,46.77264371594434,-4.10100433759151,-5.3402124867204295,-2.9820418684384524,-8.061156403165548,-10.474450156518822,-5.907934303685803,"[-2.77841, -4.68819, -4.83641]",True,3
arctic,A,D1,S1,stochastic vs deterministic (L1),q_rel_l1,best10,0.5107271480557632,0.4693946088246974,-0.04133253923106578,-0.0535372418910574,-0.029003598479966523,-8.09288078544691,-10.37914174593082,-5.832353981655225,"[-0.03399, -0.04444, -0.04556]",True,3
arctic,A,D1,S1,stochastic vs deterministic (L1),centroid_both,best10,0.14658175193200618,0.13392120239902355,-0.012660549532982608,-0.026914902622884377,0.00011228907377418442,-8.63719348835138,-17.787511183359307,0.07583172760434742,"[-0.01159, -0.01458, -0.01182]",True,3
arctic,A,D1,S1,stochastic vs deterministic (L1),normal_both,best10,34.37309018637331,30.112002356825766,-4.261087829547543,-5.571036337244706,-3.0980528355856674,-12.396580599659867,-16.3400832665358,-9.058473857999616,"[-3.83268, -4.78491, -4.16568]",True,3
arctic,A,D1,S1,stochastic vs deterministic (L1),q_cos,best10,0.8172758067273752,0.8466686719434342,0.02939286521605907,0.011962775449245337,0.04706020156192365,3.596443816654382,1.4225595036607697,6.028656049732084,"[0.01847, 0.03473, 0.03498]",True,3
arctic,A,D1,S1,stochastic vs deterministic (L1),E_C_last16,best10,2.31256027514362,2.52113290328706,0.2085726281434405,0.13040184000258492,0.2841111867600943,9.019121809938003,5.054251689353317,13.777825546008081,"[0.18232, 0.18582, 0.25757]",True,3
arctic,A,D2,S2,stochastic vs deterministic (L2),E_C,K1,1.9959848284400918,2.9311476448103515,0.93516281637026,0.8514993471588342,1.013557851994558,46.85220063025783,41.992118362063245,53.5899256913251,"[1.00485, 0.83944, 0.96121]",True,3
arctic,A,D2,S2,stochastic vs deterministic (L2),part_hamming,K1,0.20326754468990535,0.17517685691415463,-0.028090687775750744,-0.04680840833191723,-0.012354167549821816,-13.819563678306068,-21.819368970633224,-6.70342184034457,"[-0.02902, -0.02535, -0.02991]",True,3
arctic,A,D2,S2,stochastic vs deterministic (L2),amount_l1,K1,0.495356363661614,0.5816516026480649,0.08629523898645114,0.04859262611664058,0.12090828955546759,17.420839887584584,8.94951796292689,27.555537800120213,"[0.09651, 0.07158, 0.0908]",True,3
arctic,A,D2,S2,stochastic vs deterministic (L2),centroid,K1,0.33383055137450335,0.28582772499744824,-0.048002826377055115,-0.07012921717431889,-0.02574674744140185,-14.379398823567758,-20.53078296535018,-7.882936100373639,"[-0.05266, -0.03932, -0.05203]",True,3
arctic,A,D2,S2,stochastic vs deterministic (L2),normal,K1,54.11703813759657,47.271202979122016,-6.845835158474555,-10.151863963125097,-4.182321987676353,-12.650055128790516,-17.37076934540812,-8.17380926067024,"[-7.08106, -5.94985, -7.5066]",True,3
arctic,A,D2,S2,stochastic vs deterministic (L2),q_rel_l1,K1,0.5246228598872713,0.4971586957667356,-0.027464164120535702,-0.06531437757239629,0.010648324369529871,-5.235030003541419,-11.85476852405165,2.0576094129120204,"[-0.02666, -0.02235, -0.03338]",True,3
arctic,A,D2,S2,stochastic vs deterministic (L2),jitter_dense,K1,0.11057760934328735,2.7687837479362347,2.6582061385929476,2.601640676869814,2.721467709722301,2403.9280233854274,2051.238477739726,2813.38962202972,"[2.76216, 2.47104, 2.74142]",True,3
arctic,A,D2,S2,stochastic vs deterministic (L2),jitter_r2,K1,0.5829429857192501,1.0905569379474953,0.5076139522282453,0.447841574845284,0.5736287511017698,87.07780429023227,74.66703734063877,101.39297318427394,"[0.52501, 0.48447, 0.51336]",True,3
arctic,A,D2,S2,stochastic vs deterministic (L2),centroid_both,K1,0.1432759260231342,0.16964511154052606,0.02636918551739185,0.011258207192833596,0.0403575240669177,18.404477464786485,7.481462769808989,30.397573944644975,"[0.02736, 0.02653, 0.02521]",True,3
arctic,A,D2,S2,stochastic vs deterministic (L2),normal_both,K1,33.818949983965965,35.30646938822603,1.487519404260061,-0.31399382096248496,3.1387996643803104,4.398478973963749,-0.8638519959239255,9.860796706272023,"[1.40427, 1.82456, 1.23373]",True,3
arctic,A,D2,S2,stochastic vs deterministic (L2),q_cos,K1,0.8010922126425263,0.84882925693146,0.047737044288933696,0.0020593533548426287,0.10575914957981458,5.958994924125616,0.2459287501791696,14.641257242211903,"[0.04776, 0.03949, 0.05596]",True,3
arctic,A,D2,S2,stochastic vs deterministic (L2),E_C_last16,K1,2.320923361086076,3.2087504365965454,0.8878270755104695,0.7730401904796792,0.997566628487698,38.253183642178115,32.50811781860703,44.63322540565273,"[0.94526, 0.78285, 0.93537]",True,3
arctic,A,D2,S2,stochastic vs deterministic (L2),E_C,mean,1.9959848284400918,2.9344510964808928,0.9384662680408006,0.8576069235163013,1.0150388337034169,47.01770547896567,42.145768249458484,53.62201724379037,"[1.00008, 0.84715, 0.96817]",True,3
arctic,A,D2,S2,stochastic vs deterministic (L2),part_hamming,mean,0.20326754468990535,0.17542481323233455,-0.027842731457570814,-0.04610009729144616,-0.011864697630566187,-13.697578479656569,-21.51218765417887,-6.8126509775794375,"[-0.03041, -0.02332, -0.0298]",True,3
arctic,A,D2,S2,stochastic vs deterministic (L2),amount_l1,mean,0.495356363661614,0.5821634601147372,0.0868070964531232,0.0493008276325788,0.12225241876162321,17.524171045559143,9.075654981712455,27.550023808876322,"[0.09493, 0.07357, 0.09192]",True,3
arctic,A,D2,S2,stochastic vs deterministic (L2),centroid,mean,0.33383055137450335,0.28779194304539313,-0.046038608329110234,-0.0662241897682195,-0.025076812040690084,-13.791011080187943,-19.59644919063036,-7.654041421051538,"[-0.05154, -0.03545, -0.05113]",True,3
arctic,A,D2,S2,stochastic vs deterministic (L2),normal,mean,54.11703813759657,47.45293659950242,-6.664101538094142,-9.693327006993448,-4.1344033112502565,-12.31423922563939,-16.681457552658053,-8.083374045626279,"[-7.03992, -5.54986, -7.40252]",True,3
arctic,A,D2,S2,stochastic vs deterministic (L2),q_rel_l1,mean,0.5246228598872713,0.4988297696308797,-0.02579309025639168,-0.0631092806828425,0.011921139106670682,-4.916501401012896,-11.322526133357236,2.465148776778725,"[-0.02603, -0.0197, -0.03164]",True,3
arctic,A,D2,S2,stochastic vs deterministic (L2),jitter_dense,mean,0.11057760934328735,2.764553654364788,2.6539760450215004,2.599981603537225,2.713927216264172,2400.1025712016003,2048.618391382878,2810.076193171708,"[2.753, 2.47061, 2.73832]",True,3
arctic,A,D2,S2,stochastic vs deterministic (L2),jitter_r2,mean,0.5829429857192501,1.0891339493748533,0.5061909636556033,0.4468510795302292,0.5701753912041074,86.83370004547733,74.75281166891108,100.89325953925199,"[0.52192, 0.47705, 0.5196]",True,3
arctic,A,D2,S2,stochastic vs deterministic (L2),centroid_both,mean,0.1432759260231342,0.16957021432070857,0.026294288297574363,0.011307153278944554,0.04037261252450093,18.352202653590766,7.539986803321486,29.912651480931608,"[0.02532, 0.02583, 0.02773]",True,3
arctic,A,D2,S2,stochastic vs deterministic (L2),normal_both,mean,33.818949983965965,35.35208532897803,1.5331353450120566,-0.2218029347093455,3.1444436972476564,4.533361756467724,-0.6289940386232651,9.896726384484289,"[1.27079, 1.75273, 1.57588]",True,3
arctic,A,D2,S2,stochastic vs deterministic (L2),q_cos,mean,0.8010922126425263,0.8471614018536598,0.04606918921113336,0.003162669330617235,0.09904101200418522,5.750797284518239,0.35935989770585763,13.798621653847821,"[0.0465, 0.0347, 0.05701]",True,3
arctic,A,D2,S2,stochastic vs deterministic (L2),E_C_last16,mean,2.320923361086076,3.212056260617403,0.8911328995313268,0.7788180396461424,1.0003694537639505,38.39561936738492,32.637181069904585,44.948936613081614,"[0.95341, 0.79268, 0.92731]",True,3
arctic,A,D2,S2,stochastic vs deterministic (L2),E_C,best10,1.9959848284400918,2.858375255779554,0.8623904273394616,0.7835426518050919,0.9369221201156153,43.20626164345347,38.410169648202476,49.81909725294149,"[0.92344, 0.77175, 0.89198]",True,3
arctic,A,D2,S2,stochastic vs deterministic (L2),part_hamming,best10,0.20326754468990535,0.15433522396283658,-0.04893232072706878,-0.06829294559448565,-0.03227553984977372,-24.072864559719765,-31.55050440693341,-17.80343205403041,"[-0.05157, -0.0431, -0.05213]",True,3
arctic,A,D2,S2,stochastic vs deterministic (L2),amount_l1,best10,0.495356363661614,0.5490929750345086,0.05373661137289472,0.016230528697625677,0.08937002173347752,10.848071270484994,2.796247122874984,20.144381723569893,"[0.05997, 0.04275, 0.05849]",True,3
arctic,A,D2,S2,stochastic vs deterministic (L2),centroid,best10,0.33383055137450335,0.2615719434928723,-0.07225860788163105,-0.0972014440978267,-0.04891303079383985,-21.645295070842295,-27.687687882946587,-15.367356920078768,"[-0.07781, -0.06287, -0.07609]",True,3
arctic,A,D2,S2,stochastic vs deterministic (L2),normal,best10,54.11703813759657,44.44698951342628,-9.670048624170299,-13.331106521562209,-6.71690425397051,-17.868769165791154,-22.99553493528742,-13.126749821129557,"[-10.01349, -8.61282, -10.38384]",True,3
arctic,A,D2,S2,stochastic vs deterministic (L2),q_rel_l1,best10,0.5246228598872713,0.4581566324664487,-0.06646622742082268,-0.11266503269257455,-0.026543929901184062,-12.669334964760125,-19.888092885989504,-5.275820119746443,"[-0.06818, -0.06007, -0.07114]",True,3
arctic,A,D2,S2,stochastic vs deterministic (L2),centroid_both,best10,0.1432759260231342,0.1526418374083589,0.00936591138522471,-0.005092731520450184,0.022562233876937395,6.536974944215279,-3.2210344471353847,16.602148960023257,"[0.00878, 0.00737, 0.01196]",True,3
arctic,A,D2,S2,stochastic vs deterministic (L2),normal_both,best10,33.818949983965965,32.857650560984474,-0.9612994229814911,-2.5356175322736467,0.48820361559311315,-2.842487491294843,-7.066554943466841,1.4411187406797588,"[-1.3344, -0.66665, -0.88285]",True,3
arctic,A,D2,S2,stochastic vs deterministic (L2),q_cos,best10,0.8010922126425263,0.87998158523419,0.07888937259166365,0.026575367378779594,0.1486542547460512,9.84772680930639,3.062468829377152,20.59900975566411,"[0.07972, 0.06943, 0.08752]",True,3
arctic,A,D2,S2,stochastic vs deterministic (L2),E_C_last16,best10,2.320923361086076,3.0583555681303842,0.7374322070443076,0.6384427447098334,0.8367195877861314,31.773225234771484,26.03081510665359,38.57639350315936,"[0.79448, 0.65263, 0.76518]",True,3
arctic,B,D0,D1,output structural supervision (det),E_C,K1,3.4641473911782747,3.440681388835326,-0.023466002342948752,-0.04941573572790456,0.0017270830566181406,-0.6773961870879641,-1.4479049705656721,0.04801880223725963,"[-0.01361, -0.03457, -0.02221]",True,3
arctic,B,D0,D1,output structural supervision (det),part_hamming,K1,0.35959435609506446,0.35963169339790574,3.7337302841164525e-05,-0.004795830112329822,0.004481731417302309,0.010383172652295158,-1.3983319951026862,1.2759280890339175,"[0.00059, 0.00055, -0.00102]",False,3
arctic,B,D0,D1,output structural supervision (det),amount_l1,K1,0.6934201526539032,0.684227133383407,-0.009193019270496346,-0.01507809659577714,-0.003399564249913562,-1.325750230262579,-2.1054977850097245,-0.48943123654803244,"[-0.00588, -0.01235, -0.00935]",True,3
arctic,B,D0,D1,output structural supervision (det),centroid,K1,0.6086869722492593,0.6168788925454181,0.008191920296158839,-0.00398562697444632,0.02114756081354602,1.3458346686618716,-0.6292238028197228,3.6247665325271683,"[0.01213, 0.01145, 0.001]",True,3
arctic,B,D0,D1,output structural supervision (det),normal,K1,72.73696701330097,74.51659713423807,1.7796301209371157,0.08402680781643142,4.065433099857881,2.446665284533611,0.11215092583005681,5.829337271508117,"[1.9918, 1.7133, 1.63379]",True,3
arctic,B,D0,D1,output structural supervision (det),q_rel_l1,K1,0.7535123322225814,0.7656134984933349,0.012101166270753388,-0.002557918579066782,0.02854628574525716,1.6059679123047177,-0.3374857958742261,3.8649187728863277,"[0.01167, 0.01274, 0.0119]",True,3
arctic,B,D0,D1,output structural supervision (det),jitter_dense,K1,0.17058338688212485,0.17779984394268644,0.007216457060561598,0.005259382031254961,0.009389944852558537,4.230457134461885,2.8090911498868554,6.06992887403468,"[0.00794, 0.00418, 0.00953]",True,3
arctic,B,D0,D1,output structural supervision (det),jitter_r2,K1,0.4768126752948569,0.47359535687913495,-0.003217318415721896,-0.016901893526161612,0.00919175632037017,-0.6747552199052431,-3.4867428278396617,2.0174724857876303,"[-0.00156, -0.0095, 0.00141]",False,3
arctic,B,D0,D1,output structural supervision (det),centroid_both,K1,0.42573461039358995,0.4277479055781572,0.0020132951845671975,-0.015034071077784072,0.022007738909132532,0.47289911024757103,-3.69632965126383,5.1202538265555875,"[0.00658, 0.01233, -0.01286]",False,3
arctic,B,D0,D1,output structural supervision (det),normal_both,K1,47.02325836988332,46.900426415132365,-0.12283195475096333,-1.9170174225302221,1.634524326728607,-0.26121531984185653,-4.094845648567357,3.6906645758103096,"[0.52242, -0.22769, -0.66323]",False,3
arctic,B,D0,D1,output structural supervision (det),q_cos,K1,0.5417583408209705,0.5141607846557347,-0.027597556165235924,-0.06231313425992507,0.001636958368416464,-5.094071301867742,-11.151517170033888,0.31118665548104385,"[-0.02564, -0.02629, -0.03086]",True,3
arctic,B,D0,D1,output structural supervision (det),E_C_last16,K1,3.4368018700230505,3.4106291872198864,-0.026172682803164246,-0.05589202636408117,0.006229815945657922,-0.7615417994109919,-1.6616067693042358,0.1921732412189403,"[-0.01669, -0.03527, -0.02656]",True,3
arctic,B,D0,D1,output structural supervision (det),E_C,mean,3.6114714875924117,3.5778061534448335,-0.033665334147578115,-0.05705610695867897,-0.010776631309588154,-0.9321777636411843,-1.6364392841017428,-0.31314919197910074,"[-0.02583, -0.03874, -0.03642]",True,3
arctic,B,D0,D1,output structural supervision (det),part_hamming,mean,0.37466912247485895,0.3755278441475831,0.0008587216727241979,-0.0024173611883516206,0.004004308766569474,0.22919467370354774,-0.7127770143032341,1.054379952005613,"[0.00016, 0.00297, -0.00055]",False,3
arctic,B,D0,D1,output structural supervision (det),amount_l1,mean,0.699833996351608,0.6905830627193801,-0.009250933632227898,-0.014557531639338827,-0.004173802009216714,-1.3218754276664413,-1.9941794325432527,-0.6337617620012725,"[-0.00691, -0.01092, -0.00993]",True,3
arctic,B,D0,D1,output structural supervision (det),centroid,mean,0.6456592417018334,0.6515054442182077,0.005846202516374191,-0.0020630418826327653,0.015241651541634673,0.9054625317473697,-0.3169854186495069,2.4691613920453603,"[0.00536, 0.00968, 0.0025]",True,3
arctic,B,D0,D1,output structural supervision (det),normal,mean,74.54248285361943,76.07756453073154,1.5350816771121,0.1723462147222501,3.327643273528797,2.0593380020981655,0.23122476596619812,4.64542276297375,"[1.46883, 1.62555, 1.51087]",True,3
arctic,B,D0,D1,output structural supervision (det),q_rel_l1,mean,0.767121123149991,0.7800924827508282,0.01297135960083709,0.0013591217080678915,0.02717315284401677,1.69091414763467,0.17202071073421088,3.585913371415095,"[0.01065, 0.01647, 0.0118]",True,3
arctic,B,D0,D1,output structural supervision (det),jitter_dense,mean,0.16760637332989056,0.17564664516451112,0.008040271834620544,0.006605887283612708,0.009583586827892319,4.79711581062332,3.6410299881474595,6.338647123797303,"[0.00809, 0.00599, 0.01003]",True,3
arctic,B,D0,D1,output structural supervision (det),jitter_r2,mean,0.4530338843187024,0.4486565658103301,-0.004377318508372268,-0.014602546100909355,0.004981434162842883,-0.9662232031396711,-3.0941283146624365,1.1318859506332934,"[-0.00013, -0.00944, -0.00356]",True,3
arctic,B,D0,D1,output structural supervision (det),centroid_both,mean,0.4577434243944784,0.45427271105394124,-0.003470713340537119,-0.013086309516169334,0.006051674018844068,-0.7582224354458877,-2.9272219318897785,1.384642180907214,"[-0.00038, -0.00414, -0.00589]",True,3
arctic,B,D0,D1,output structural supervision (det),normal_both,mean,44.94614680777888,44.77062094214783,-0.1755258656310512,-0.9206816435802472,0.6452987565091555,-0.39052483493572376,-2.016876314953553,1.520806001941244,"[-0.01927, -0.65895, 0.15165]",False,3
arctic,B,D0,D1,output structural supervision (det),q_cos,mean,0.5202331902495149,0.492227099824857,-0.028006090424657806,-0.056742716062021865,-0.0038212737643983316,-5.383372485562776,-10.41829278173908,-0.7416427164325445,"[-0.02244, -0.03307, -0.02851]",True,3
arctic,B,D0,D1,output structural supervision (det),E_C_last16,mean,3.5564109354516935,3.5209652363880135,-0.0354456990636805,-0.05967739314907324,-0.007425848624300361,-0.9966705115638685,-1.699077813353067,-0.2357059887655777,"[-0.02487, -0.04332, -0.03815]",True,3
arctic,B,D0,D1,output structural supervision (det),E_C,best10,2.347934913891618,2.3546966635304964,0.006761749638878741,-0.00828487178061164,0.024632501040757107,0.2879870987424926,-0.3451696142755978,1.1021064194162156,"[0.00797, 0.00264, 0.00968]",True,3
arctic,B,D0,D1,output structural supervision (det),part_hamming,best10,0.21708856690858616,0.21868933592739392,0.0016007690188077715,-0.002120456136374658,0.005015794051656556,0.7373806191653731,-0.900257438136931,2.5417004237118013,"[0.00277, 0.00085, 0.00118]",True,3
arctic,B,D0,D1,output structural supervision (det),amount_l1,best10,0.4408515809657967,0.437332291085954,-0.00351928987984268,-0.0065922508570446904,3.316389081366432e-05,-0.7982935826458482,-1.477620741533825,0.00812754329437837,"[-0.00157, -0.00935, 0.00036]",False,3
arctic,B,D0,D1,output structural supervision (det),centroid,best10,0.38707461344966115,0.3976549315182859,0.010580318068624826,-0.0013080122955106076,0.022142599448358575,2.733405317990645,-0.3271581758595321,5.872153232818977,"[0.00967, 0.01295, 0.00912]",True,3
arctic,B,D0,D1,output structural supervision (det),normal,best10,54.68868303128041,56.04405155489522,1.3553685236148076,0.0570440638041756,2.8952909576734736,2.4783345447166205,0.09736662456454326,5.496331828899215,"[1.26442, 1.52876, 1.27293]",True,3
arctic,B,D0,D1,output structural supervision (det),q_rel_l1,best10,0.5455259221562562,0.5544906547126163,0.008964732556360175,-0.0030071126747222214,0.022953728717434535,1.6433192616999603,-0.5237475141147474,4.282349838570632,"[0.00719, 0.00753, 0.01217]",True,3
arctic,B,D0,D1,output structural supervision (det),centroid_both,best10,0.07869863487099127,0.0699614902422513,-0.008737144628739969,-0.02034835442939332,0.006146054013556028,-11.102028190276169,-24.217182129720037,8.83496236074226,"[-0.00288, -0.00964, -0.0137]",True,3
arctic,B,D0,D1,output structural supervision (det),normal_both,best10,11.49532514548857,9.988103703732559,-1.5072214417560124,-2.6750298212513024,-0.26936300030599103,-13.111603392510673,-22.814445664249426,-2.2681151338986405,"[-1.57669, -1.15244, -1.79253]",True,3
arctic,B,D0,D1,output structural supervision (det),q_cos,best10,0.8163160603880669,0.8072926677149256,-0.009023392673141211,-0.03538252113896808,0.014205990771686113,-1.1053797800880893,-4.341526561656384,1.7817189368755537,"[-0.00771, -0.00522, -0.01414]",True,3
arctic,B,D0,D1,output structural supervision (det),E_C_last16,best10,2.2835922594779707,2.301538316900158,0.017946057422186752,-0.004885570023259087,0.04066150187466963,0.7858696029338308,-0.2281883758385228,1.8303087602131063,"[0.03194, 0.00219, 0.01971]",True,3
arctic,B,D1,D2,hidden aux supervision (det),E_C,K1,3.440681388835326,3.4356002637775997,-0.005081125057726368,-0.0723018216454236,0.06483544631189098,-0.14767787201145355,-2.011469424265444,1.9595127707898286,"[-0.01356, 0.00639, -0.00807]",False,3
arctic,B,D1,D2,hidden aux supervision (det),part_hamming,K1,0.35963169339790574,0.3891315808599835,0.029499887462077816,0.016559082907630043,0.04564257378710345,8.202805259835188,4.663362234501545,12.55849862187295,"[0.03808, 0.03217, 0.01824]",True,3
arctic,B,D1,D2,hidden aux supervision (det),amount_l1,K1,0.684227133383407,0.6918386259954088,0.0076114926120019345,-0.013381792923461857,0.030629104865727223,1.1124219196575913,-1.9260920400742898,4.53038523697411,"[0.00133, 0.01654, 0.00497]",True,3
arctic,B,D1,D2,hidden aux supervision (det),centroid,K1,0.6168788925454181,0.6558568057433892,0.038977913197971156,0.02079597529004534,0.05800615338776358,6.3185681450596,3.1921560165330876,9.860461333920846,"[0.04647, 0.03927, 0.0312]",True,3
arctic,B,D1,D2,hidden aux supervision (det),normal,K1,74.51659713423807,79.02737320110361,4.510776066865544,2.9317909728349316,6.123281519946651,6.053384400712236,3.851009289108376,8.372683751489074,"[5.6742, 4.80464, 3.05348]",True,3
arctic,B,D1,D2,hidden aux supervision (det),q_rel_l1,K1,0.7656134984933349,0.8097664059597103,0.0441529074663757,0.024368497007782316,0.0666004104206404,5.7669969969527335,3.164802005806866,8.854643005256136,"[0.05709, 0.04902, 0.02634]",True,3
arctic,B,D1,D2,hidden aux supervision (det),jitter_dense,K1,0.17779984394268644,0.13139138501604825,-0.046408458926638176,-0.05486764113296323,-0.038261425171956596,-26.10151836893507,-29.67702031986392,-22.256159737659452,"[-0.05777, -0.05029, -0.03117]",True,3
arctic,B,D1,D2,hidden aux supervision (det),jitter_r2,K1,0.47359535687913495,0.39333990928266316,-0.0802554475964718,-0.10580316630856025,-0.05856969569798904,-16.945995443311233,-22.044959672918687,-12.728514333003183,"[-0.10457, -0.07931, -0.05689]",True,3
arctic,B,D1,D2,hidden aux supervision (det),centroid_both,K1,0.4277479055781572,0.38117397142620923,-0.04657393415194793,-0.07479254007933939,-0.021439360220450513,-10.88817351168493,-17.982307020099487,-4.901629577713351,"[-0.06091, -0.06593, -0.01288]",True,3
arctic,B,D1,D2,hidden aux supervision (det),normal_both,K1,46.900426415132365,41.91923217253766,-4.981194242594704,-7.737291622826177,-2.578726880915064,-10.620786682202798,-16.81316343744017,-5.501621007754909,"[-7.3507, -5.58663, -2.00626]",True,3
arctic,B,D1,D2,hidden aux supervision (det),q_cos,K1,0.5141607846557347,0.4476951378327544,-0.06646564682298023,-0.10195184747012072,-0.033230181823928416,-12.927015985375757,-19.619724178593533,-6.5165819769987365,"[-0.08965, -0.07178, -0.03797]",True,3
arctic,B,D1,D2,hidden aux supervision (det),E_C_last16,K1,3.4106291872198864,3.459895905627999,0.049266718408112864,-0.03710827477143355,0.1368800297741225,1.4445052717170892,-1.0385645392970266,4.248309132286021,"[0.04883, 0.07258, 0.02639]",True,3
arctic,B,D1,D2,hidden aux supervision (det),E_C,mean,3.5778061534448335,3.544825410661304,-0.03298074278352931,-0.08854168763619609,0.02766199048232556,-0.9218146922737702,-2.3254390084922916,0.8352817960523451,"[-0.04502, -0.02884, -0.02508]",True,3
arctic,B,D1,D2,hidden aux supervision (det),part_hamming,mean,0.3755278441475831,0.4019503357232712,0.026422491575688073,0.018570250931189226,0.03673617725620149,7.036093857611281,5.310008597670701,9.397673024284847,"[0.03572, 0.02725, 0.01629]",True,3
arctic,B,D1,D2,hidden aux supervision (det),amount_l1,mean,0.6905830627193801,0.6910725654897323,0.0004895027703522253,-0.017974245631568776,0.02264922938209128,0.0708825334384322,-2.4728433720042298,3.2523684405673547,"[-0.0063, 0.00801, -0.00024]",False,3
arctic,B,D1,D2,hidden aux supervision (det),centroid,mean,0.6515054442182077,0.6885972960681844,0.03709185184997683,0.02713894599739822,0.046552979281193764,5.693252785398628,3.9980138213935756,7.511710627955037,"[0.04757, 0.03707, 0.02664]",True,3
arctic,B,D1,D2,hidden aux supervision (det),normal,mean,76.07756453073154,80.06344707524904,3.9858825445175174,2.726756173124619,5.5329774986591636,5.239235205679349,3.5018031809410655,7.394325464648288,"[5.04165, 4.15141, 2.76458]",True,3
arctic,B,D1,D2,hidden aux supervision (det),q_rel_l1,mean,0.7800924827508282,0.8200151503673592,0.03992266761653097,0.026067904359920378,0.05546423062210209,5.117683928417338,3.3346675623179722,7.099688542229132,"[0.05259, 0.04111, 0.02607]",True,3
arctic,B,D1,D2,hidden aux supervision (det),jitter_dense,mean,0.17564664516451112,0.13027563048025934,-0.045371014684251774,-0.05268453557288346,-0.03826704826711664,-25.830846152374377,-28.895300255958013,-22.447036420573852,"[-0.0561, -0.04926, -0.03075]",True,3
arctic,B,D1,D2,hidden aux supervision (det),jitter_r2,mean,0.4486565658103301,0.3665763142271682,-0.0820802515831619,-0.09664738360676106,-0.07005233939949151,-18.294672994457283,-22.911137006549854,-15.173887850805045,"[-0.10986, -0.08118, -0.0552]",True,3
arctic,B,D1,D2,hidden aux supervision (det),centroid_both,mean,0.45427271105394124,0.40522623357252885,-0.0490464774814124,-0.07046182720565716,-0.028981489068585574,-10.796703453223389,-16.02313984734871,-6.285858179465576,"[-0.06541, -0.06001, -0.02172]",True,3
arctic,B,D1,D2,hidden aux supervision (det),normal_both,mean,44.77062094214783,38.33492922964222,-6.435691712505608,-8.503031840378771,-4.4145745223442345,-14.374810036299813,-19.614101424894603,-9.566315213775034,"[-8.96282, -6.87388, -3.47038]",True,3
arctic,B,D1,D2,hidden aux supervision (det),q_cos,mean,0.492227099824857,0.4236547955036443,-0.06857230432121263,-0.09670208538094924,-0.04132779982842345,-13.93102987332715,-20.195765179238546,-8.104200561174668,"[-0.09524, -0.06923, -0.04125]",True,3
arctic,B,D1,D2,hidden aux supervision (det),E_C_last16,mean,3.5209652363880135,3.549100291307041,0.028135054919027548,-0.03997729677649182,0.10096311999252335,0.7990722154328722,-1.068145158607503,3.0489328912091773,"[0.02627, 0.04368, 0.01446]",True,3
arctic,B,D1,D2,hidden aux supervision (det),E_C,best10,2.3546966635304964,2.3934107659965433,0.038714102466046604,-0.01394832917349019,0.10335399071263188,1.6441227044506457,-0.549543565446764,4.927911353996395,"[0.04214, 0.04699, 0.02701]",True,3
arctic,B,D1,D2,hidden aux supervision (det),part_hamming,best10,0.21868933592739392,0.24113277272207786,0.02244343679468398,0.013152869666799934,0.03322285349772729,10.26270288832707,6.744728459612492,14.412366977247416,"[0.02967, 0.02184, 0.01582]",True,3
arctic,B,D1,D2,hidden aux supervision (det),amount_l1,best10,0.437332291085954,0.459674993039219,0.022342701953264973,0.005408021922883545,0.044314903395670485,5.1088617073724585,1.1840450957194326,10.284479018924442,"[0.01703, 0.03473, 0.01527]",True,3
arctic,B,D1,D2,hidden aux supervision (det),centroid,best10,0.3976549315182859,0.4313513298709226,0.03369639835263666,0.01928007718944261,0.04809364521108245,8.47377856574807,4.825282226887295,12.554997075786002,"[0.05096, 0.03095, 0.01919]",True,3
arctic,B,D1,D2,hidden aux supervision (det),normal,best10,56.04405155489522,59.64931675268331,3.605265197788088,2.0252488882177397,5.383871709589065,6.432913213379532,3.632008163183076,9.624612590384341,"[4.88095, 3.5634, 2.37145]",True,3
arctic,B,D1,D2,hidden aux supervision (det),q_rel_l1,best10,0.5544906547126163,0.5800615553627304,0.02557090065011414,0.00846234777840614,0.04500052147207938,4.611601734454318,1.5882400943244113,8.035796044679078,"[0.03358, 0.02812, 0.01501]",True,3
arctic,B,D1,D2,hidden aux supervision (det),centroid_both,best10,0.0699614902422513,0.036490369200920116,-0.03347112104133119,-0.04904925502302961,-0.019638472300488808,-47.84220708483027,-68.73695130247204,-33.41528978015107,"[-0.04604, -0.03653, -0.01784]",True,3
arctic,B,D1,D2,hidden aux supervision (det),normal_both,best10,9.988103703732559,5.194763216280167,-4.793340487452391,-6.674802548593313,-3.0984486137201586,-47.99049579011797,-66.70664307669155,-33.132086732293345,"[-7.31581, -5.24964, -1.81457]",True,3
arctic,B,D1,D2,hidden aux supervision (det),q_cos,best10,0.8072926677149256,0.7994375862615136,-0.00785508145341202,-0.025342819031663615,0.00799705305139881,-0.973015334778915,-3.2237821458642513,0.9580594923963348,"[-0.01454, -0.00862, -0.00041]",True,3
arctic,B,D1,D2,hidden aux supervision (det),E_C_last16,best10,2.301538316900158,2.363033625868059,0.061495308967901376,-0.009197820528787013,0.14488393701308883,2.6719220147821243,-0.35155963452035977,7.075704008570205,"[0.05806, 0.07777, 0.04865]",True,3
arctic,B,S0,S1,output structural supervision (diff),E_C,K1,3.83952338101616,3.770226783863533,-0.06929659715262791,-0.13491755475821637,-0.0069700286232056655,-1.804822897947489,-3.4875420789546197,-0.19120082876284972,"[-0.04024, -0.0758, -0.09186]",True,3
arctic,B,S0,S1,output structural supervision (diff),part_hamming,K1,0.3412391819271816,0.3449167505567593,0.003677568629577651,-0.0035316066566795272,0.010428151943187637,1.07770995370704,-1.0998753139906836,3.110794083043511,"[0.00573, 0.00619, -0.00088]",False,3
arctic,B,S0,S1,output structural supervision (diff),amount_l1,K1,0.7695513548309444,0.7270906062589753,-0.04246074857196926,-0.06279044659063156,-0.02550031572369952,-5.517597793235907,-7.750795676927192,-3.5936349513679855,"[-0.03118, -0.04905, -0.04715]",True,3
arctic,B,S0,S1,output structural supervision (diff),centroid,K1,0.5924744856907689,0.6045139847476849,0.012039499056916083,0.0003858273712149565,0.024844411595093898,2.0320704684656965,0.0652989185612407,4.502384640160528,"[0.01184, 0.0121, 0.01217]",True,3
arctic,B,S0,S1,output structural supervision (diff),normal,K1,69.5681132637899,72.57428184461423,3.00616858082433,1.0860876627098655,5.374036866283571,4.321187451822195,1.5241158044515757,8.0877381693099,"[2.86997, 2.79084, 3.3577]",True,3
arctic,B,S0,S1,output structural supervision (diff),q_rel_l1,K1,0.733271581618162,0.7541299734171146,0.02085839179895257,0.005857175921746941,0.03711195619547641,2.844565686416356,0.7775010975582752,5.1462808194657095,"[0.01837, 0.02336, 0.02085]",True,3
arctic,B,S0,S1,output structural supervision (diff),jitter_dense,K1,1.5980754046029941,1.6497602383722971,0.05168483376930264,0.03635332466165224,0.06586613965544473,3.234192430496896,2.250122291520862,4.2426593517481015,"[0.08526, 0.04431, 0.02548]",True,3
arctic,B,S0,S1,output structural supervision (diff),jitter_r2,K1,0.8534042881434537,0.8075534862376028,-0.04585080190585078,-0.07734918080082394,-0.017850384036252442,-5.372694107923626,-8.877248076425548,-2.0850361119839733,"[-0.02609, -0.05173, -0.05974]",True,3
arctic,B,S0,S1,output structural supervision (diff),centroid_both,K1,0.4465374921224878,0.4381053788273673,-0.008432113295120574,-0.028508086805343783,0.01192107335421352,-1.8883326582591953,-6.385370288591485,2.7742821174485677,"[-0.02734, 0.00063, 0.00142]",False,3
arctic,B,S0,S1,output structural supervision (diff),normal_both,K1,47.4458863572835,46.732193921201976,-0.7136924360815343,-2.597563659003802,0.9078292920186516,-1.5042240558163056,-5.33941812724672,1.9931532300399901,"[-1.42238, -0.76552, 0.04682]",False,3
arctic,B,S0,S1,output structural supervision (diff),q_cos,K1,0.5974380231852974,0.5460812805811324,-0.05135674260416498,-0.08837212977815183,-0.019317650533443288,-8.596162381890537,-14.425126641405306,-3.352709288452782,"[-0.04255, -0.05639, -0.05512]",True,3
arctic,B,S0,S1,output structural supervision (diff),E_C_last16,K1,3.8421900300142164,3.766221166938864,-0.07596886307535207,-0.14511068872443056,-0.002519443655666325,-1.977228155866917,-3.6912686602755262,-0.06629386633415502,"[-0.03129, -0.07588, -0.12074]",True,3
arctic,B,S0,S1,output structural supervision (diff),E_C,mean,3.9596112252777194,3.8757952303655685,-0.08381599491215097,-0.13426927424258095,-0.03655630833171957,-2.1167733432282176,-3.4552730446633984,-0.9547895846777621,"[-0.07868, -0.07711, -0.09566]",True,3
arctic,B,S0,S1,output structural supervision (diff),part_hamming,mean,0.36079936811861524,0.36659807247797355,0.0057987043593582905,-0.0005036479821188061,0.011668444556683281,1.6071825152010666,-0.15202286794052666,3.098520884839817,"[0.00697, 0.00824, 0.00219]",True,3
arctic,B,S0,S1,output structural supervision (diff),amount_l1,mean,0.7716416599636223,0.72759175328905,-0.044049906674572224,-0.06138248675206328,-0.03044205366096033,-5.708596225435636,-7.64405154194534,-4.126892009254302,"[-0.04049, -0.04776, -0.0439]",True,3
arctic,B,S0,S1,output structural supervision (diff),centroid,mean,0.6317565082602443,0.6447951639351505,0.01303865567490619,0.003957488315205257,0.023874729862087107,2.0638735817399834,0.6098338341299359,3.947707512133758,"[0.01423, 0.01527, 0.00962]",True,3
arctic,B,S0,S1,output structural supervision (diff),normal,mean,72.01097479430578,75.04182027129717,3.0308454769913866,1.1283428635051442,5.3573343672832925,4.208866059164973,1.5151217609408407,7.663026289639774,"[3.10032, 2.91203, 3.08018]",True,3
arctic,B,S0,S1,output structural supervision (diff),q_rel_l1,mean,0.7499699086298011,0.7743148524901666,0.0243449438603655,0.009348942960351452,0.04125588072274522,3.2461227550907967,1.2006641036034882,5.573229121652301,"[0.02615, 0.02587, 0.02101]",True,3
arctic,B,S0,S1,output structural supervision (diff),jitter_dense,mean,1.5883305368671277,1.6387997945363377,0.05046925766920956,0.03594152962600384,0.06390578497854518,3.177503453957198,2.2301294046986664,4.115600280629184,"[0.07898, 0.04567, 0.02676]",True,3
arctic,B,S0,S1,output structural supervision (diff),jitter_r2,mean,0.8160332607699552,0.771160974266762,-0.04487228650319319,-0.07535974810108499,-0.018282435323875343,-5.498830582083725,-9.184777933216592,-2.3433253163145595,"[-0.02996, -0.0554, -0.04925]",True,3
arctic,B,S0,S1,output structural supervision (diff),centroid_both,mean,0.4829218767947221,0.47019149326722676,-0.012730383527495216,-0.026712601676571787,-0.001947778332517708,-2.6361165520166874,-5.688384871115404,-0.3605061944832788,"[-0.01521, -0.01273, -0.01025]",True,3
arctic,B,S0,S1,output structural supervision (diff),normal_both,mean,47.2560550824502,46.21746572682294,-1.0385893556272692,-2.0804269887451956,-0.26753943966296145,-2.1977910636323372,-4.4844947073092385,-0.5493741578084466,"[-1.55768, -1.37884, -0.17925]",True,3
arctic,B,S0,S1,output structural supervision (diff),q_cos,mean,0.5665266483215996,0.5109837809314711,-0.05554286739012846,-0.09349015077782748,-0.02351480172072039,-9.804104988649808,-15.864378229224041,-4.441431158927567,"[-0.05777, -0.05334, -0.05551]",True,3
arctic,B,S0,S1,output structural supervision (diff),E_C_last16,mean,3.936831042010297,3.849176348345254,-0.08765469366504297,-0.13558524514604603,-0.03680280992475176,-2.2265292243855983,-3.418679815341785,-1.0029679600301433,"[-0.08372, -0.08335, -0.09589]",True,3
arctic,B,S0,S1,output structural supervision (diff),E_C,best10,2.6734083006458897,2.680368938753682,0.006960638107792019,-0.023054942117200626,0.04033865220196243,0.2603656952105071,-0.843142522747109,1.5955974841483922,"[0.00926, -0.00285, 0.01448]",False,3
arctic,B,S0,S1,output structural supervision (diff),part_hamming,best10,0.19971812159735977,0.20791798046419538,0.008199858866835606,0.002575040067132644,0.014306196946146427,4.105715996752091,1.3454020257146926,7.034563738904165,"[0.00673, 0.01016, 0.0077]",True,3
arctic,B,S0,S1,output structural supervision (diff),amount_l1,best10,0.4680580883203442,0.4443472304037609,-0.023710857916583297,-0.03270421989137739,-0.014482214442069407,-5.065793863678591,-6.827211024871804,-3.2886359933036013,"[-0.02104, -0.02769, -0.02241]",True,3
arctic,B,S0,S1,output structural supervision (diff),centroid,best10,0.35878333413980135,0.3793982158358272,0.020614881696025964,0.010572818176127097,0.032656458136308096,5.745774603898757,2.7587618650475987,9.326405485623845,"[0.01543, 0.02273, 0.02368]",True,3
arctic,B,S0,S1,output structural supervision (diff),normal,best10,50.92521318825342,53.9306959541895,3.0054827659360823,1.5548913824594004,4.802153591262633,5.901757847975664,2.927901587660209,9.844635330081575,"[3.0354, 2.45815, 3.5229]",True,3
arctic,B,S0,S1,output structural supervision (diff),q_rel_l1,best10,0.526028380545664,0.5496431552407776,0.023614774695113566,0.00984805306426553,0.03921444897125497,4.489258672814822,1.8702781940130864,7.55620775613477,"[0.02043, 0.02495, 0.02547]",True,3
arctic,B,S0,S1,output structural supervision (diff),centroid_both,best10,0.0974319759041979,0.08371646902574006,-0.013715506878457828,-0.022306607296923173,-0.005531820486219197,-14.077007831539735,-24.99904094040516,-5.88958640025663,"[-0.01898, -0.00751, -0.01465]",True,3
arctic,B,S0,S1,output structural supervision (diff),normal_both,best10,13.753623637674531,11.246005204843362,-2.5076184328311655,-3.7761584924200644,-1.2412927201228596,-18.232420043559937,-28.075660317748373,-9.267911999880141,"[-2.54906, -3.38416, -1.58963]",True,3
arctic,B,S0,S1,output structural supervision (diff),q_cos,best10,0.8485660938058702,0.8141673712400339,-0.034398722565836384,-0.06087646286714611,-0.01334182888260803,-4.0537469994300634,-7.148303142284085,-1.5777773040724585,"[-0.03253, -0.03025, -0.04042]",True,3
arctic,B,S0,S1,output structural supervision (diff),E_C_last16,best10,2.5711382200213744,2.5967459781195528,0.025607758098178453,-0.010319477335712497,0.06370807790795231,0.995969718732792,-0.3988138285984544,2.558327165938179,"[0.0426, 0.00865, 0.02557]",True,3
arctic,B,S1,S2,hidden aux supervision (diff),E_C,K1,3.770226783863533,4.086595543823789,0.3163687599602566,0.2645183913077479,0.36583163817968467,8.391239522097326,6.561783565116408,10.36584516686987,"[0.36628, 0.23786, 0.34497]",True,3
arctic,B,S1,S2,hidden aux supervision (diff),part_hamming,K1,0.3449167505567593,0.3243260997561171,-0.020590650800642252,-0.030591409263408975,-0.012506735127628262,-5.969745095709356,-8.733545993685166,-3.7395933899877054,"[-0.02624, -0.01691, -0.01862]",True,3
arctic,B,S1,S2,hidden aux supervision (diff),amount_l1,K1,0.7270906062589753,0.7510961629316799,0.024005556672704677,0.009589364627509511,0.03935666831668516,3.301590814962929,1.1848478180569666,6.195186407843423,"[0.0289, 0.0177, 0.02541]",True,3
arctic,B,S1,S2,hidden aux supervision (diff),centroid,K1,0.6045139847476849,0.5754425931040958,-0.02907139164358911,-0.04038762755179502,-0.01813261041358851,-4.809051961919963,-6.707730788299637,-2.8817488720919493,"[-0.02921, -0.02873, -0.02928]",True,3
arctic,B,S1,S2,hidden aux supervision (diff),normal,K1,72.57428184461423,69.01194916831122,-3.562332676303002,-4.964270141825228,-2.2348074957536355,-4.908533141161731,-6.927529505607833,-3.0442426337177753,"[-4.04352, -2.91974, -3.72373]",True,3
arctic,B,S1,S2,hidden aux supervision (diff),q_rel_l1,K1,0.7541299734171146,0.7125510058255606,-0.04157896759155403,-0.05721853630729581,-0.026344824641536865,-5.513501525891007,-7.563488009422247,-3.524745659684392,"[-0.04636, -0.03322, -0.04516]",True,3
arctic,B,S1,S2,hidden aux supervision (diff),jitter_dense,K1,1.6497602383722971,2.7410108919212037,1.0912506535489073,1.0643102503301345,1.1220722543270427,66.1460149279369,64.72540472974124,67.6996884492333,"[1.17716, 0.91463, 1.18196]",True,3
arctic,B,S1,S2,hidden aux supervision (diff),jitter_r2,K1,0.8075534862376028,0.9929711250421394,0.18541763880453652,0.1543998599245267,0.22327822278595358,22.960415868972174,18.290607781244915,28.637378491080412,"[0.21326, 0.14011, 0.20289]",True,3
arctic,B,S1,S2,hidden aux supervision (diff),centroid_both,K1,0.4381053788273673,0.4707397288145452,0.03263434998717787,0.00889654631079141,0.056292778204348935,7.448972681989674,1.831391818416006,14.267180367901865,"[0.06382, 0.02387, 0.0102]",True,3
arctic,B,S1,S2,hidden aux supervision (diff),normal_both,K1,46.732193921201976,50.23172889612482,3.4995349749228435,1.4211357005285243,6.067277673166453,7.488488515697833,2.9645653022650764,13.576301898242171,"[5.67919, 2.47894, 2.34047]",True,3
arctic,B,S1,S2,hidden aux supervision (diff),q_cos,K1,0.5460812805811324,0.6243554211061407,0.07827414052500839,0.05491205999021391,0.10329392729198277,14.33378936588159,9.275357527426543,20.071010948586586,"[0.08753, 0.07191, 0.07538]",True,3
arctic,B,S1,S2,hidden aux supervision (diff),E_C_last16,K1,3.766221166938864,4.099685079307966,0.3334639123691026,0.2515355661389081,0.4290080612322741,8.854071430970635,6.31179881001267,11.660282845908387,"[0.41402, 0.21739, 0.36898]",True,3
arctic,B,S1,S2,hidden aux supervision (diff),E_C,mean,3.8757952303655685,4.196336598507393,0.3205413681418238,0.2843016559213283,0.3547245771590239,8.270338061992778,6.8151398157445975,9.906489473284651,"[0.38334, 0.23633, 0.34196]",True,3
arctic,B,S1,S2,hidden aux supervision (diff),part_hamming,mean,0.36659807247797355,0.34300002859472245,-0.023598043883251076,-0.03164215588448055,-0.016950479127728287,-6.437034358566884,-8.231705172176774,-4.894404436070032,"[-0.02784, -0.02143, -0.02153]",True,3
arctic,B,S1,S2,hidden aux supervision (diff),amount_l1,mean,0.72759175328905,0.7487993403841944,0.021207587095144417,0.008281410699743667,0.03441595220352797,2.9147646326770804,1.0387948893952448,5.254957080621336,"[0.03306, 0.01279, 0.01778]",True,3
arctic,B,S1,S2,hidden aux supervision (diff),centroid,mean,0.6447951639351505,0.6184513883625147,-0.026343775572635803,-0.03430052345532354,-0.019059384453467675,-4.085603777153213,-5.418655615410128,-2.8732461449364477,"[-0.02833, -0.02487, -0.02583]",True,3
arctic,B,S1,S2,hidden aux supervision (diff),normal,mean,75.04182027129717,71.45097628272136,-3.5908439885758154,-4.886608196244744,-2.475061065866614,-4.78512378243744,-6.588267651127522,-3.241653278823653,"[-3.98568, -2.7622, -4.02466]",True,3
arctic,B,S1,S2,hidden aux supervision (diff),q_rel_l1,mean,0.7743148524901666,0.735351250454196,-0.03896360203597067,-0.05143848245663858,-0.02832662357188394,-5.032010158485944,-6.6051715807673546,-3.7084321462062864,"[-0.04604, -0.03234, -0.03852]",True,3
arctic,B,S1,S2,hidden aux supervision (diff),jitter_dense,mean,1.6387997945363377,2.731507889472456,1.0927080949361179,1.0696345455494503,1.1177984303870678,66.6773390245192,65.66602141620396,67.76708518594698,"[1.1848, 0.90783, 1.18549]",True,3
arctic,B,S1,S2,hidden aux supervision (diff),jitter_r2,mean,0.771160974266762,0.9554437139608954,0.18428273969413345,0.16378528200576897,0.21024519510145628,23.8967927376452,20.41439309282542,28.13928750005774,"[0.20792, 0.14518, 0.19975]",True,3
arctic,B,S1,S2,hidden aux supervision (diff),centroid_both,mean,0.47019149326722676,0.500912796174206,0.030721302906979272,0.014430759080787581,0.0473578082189679,6.533785350625054,2.840437566857479,10.83659820664742,"[0.03995, 0.02458, 0.02763]",True,3
arctic,B,S1,S2,hidden aux supervision (diff),normal_both,mean,46.21746572682294,49.04375036491822,2.8262846380952866,1.4516485355113369,4.213468088183063,6.115187394307964,3.1078362509155077,9.387913726520946,"[3.72043, 2.6217, 2.13673]",True,3
arctic,B,S1,S2,hidden aux supervision (diff),q_cos,mean,0.5109837809314711,0.5886926855319462,0.07770890460047523,0.05911031199382814,0.09720345247781885,15.207704725739003,10.980441713995749,20.641322039609953,"[0.09209, 0.06418, 0.07685]",True,3
arctic,B,S1,S2,hidden aux supervision (diff),E_C_last16,mean,3.849176348345254,4.19983996689106,0.3506636185458058,0.3100316548706078,0.3915674744537988,9.110094908916167,7.595285841219224,10.839249475841427,"[0.42065, 0.26442, 0.36693]",True,3
arctic,B,S1,S2,hidden aux supervision (diff),E_C,best10,2.680368938753682,3.1257739707987797,0.44540503204509774,0.40021823924275773,0.4873994208271727,16.61730314828236,13.701144813551913,20.00802233373582,"[0.50807, 0.35567, 0.47247]",True,3
arctic,B,S1,S2,hidden aux supervision (diff),part_hamming,best10,0.20791798046419538,0.18979148574692523,-0.018126494717270167,-0.02623506945649451,-0.010916080779505434,-8.718098683337116,-11.80182995533906,-5.826195903740439,"[-0.02116, -0.01689, -0.01634]",True,3
arctic,B,S1,S2,hidden aux supervision (diff),amount_l1,best10,0.4443472304037609,0.48992158204156866,0.045574351637807806,0.03522746726217921,0.05646446792271047,10.256472533067473,7.125540624186333,14.599706305737502,"[0.05434, 0.03724, 0.04514]",True,3
arctic,B,S1,S2,hidden aux supervision (diff),centroid,best10,0.3793982158358272,0.34690670832644444,-0.03249150750938282,-0.0435245533564261,-0.022501672056141182,-8.563958962696471,-11.244298362463578,-5.863345035265988,"[-0.03141, -0.03227, -0.03379]",True,3
arctic,B,S1,S2,hidden aux supervision (diff),normal,best10,53.9306959541895,51.01986728005084,-2.910828674138661,-3.9769675864045064,-1.8978938027664474,-5.397350474785667,-7.360959373984133,-3.5008999636089944,"[-3.24896, -2.1901, -3.29343]",True,3
arctic,B,S1,S2,hidden aux supervision (diff),q_rel_l1,best10,0.5496431552407776,0.5245928772621684,-0.025050277978609117,-0.03826669154755838,-0.01202702413953131,-4.557552975918644,-6.824026047117149,-2.290703011926565,"[-0.02697, -0.02243, -0.02576]",True,3
arctic,B,S1,S2,hidden aux supervision (diff),centroid_both,best10,0.08371646902574006,0.1246807863334975,0.04096431730775743,0.031349168214263375,0.050532818605301226,48.932208661550526,33.09300895143856,77.83848046746182,"[0.05363, 0.02033, 0.04893]",True,3
arctic,B,S1,S2,hidden aux supervision (diff),normal_both,best10,11.246005204843362,19.46280981071534,8.216804605871973,6.401868166148094,10.182523673932963,73.06420774492625,47.258896859571124,116.7186019635051,"[9.52908, 6.83877, 8.28256]",True,3
arctic,B,S1,S2,hidden aux supervision (diff),q_cos,best10,0.8141673712400339,0.8506375446808808,0.03647017344084692,0.01890309933597909,0.05484942705048034,4.479444243178188,2.255655041923288,7.0109112013146735,"[0.04176, 0.02614, 0.04151]",True,3
arctic,B,S1,S2,hidden aux supervision (diff),E_C_last16,best10,2.5967459781195528,3.102215903420602,0.5054699253010494,0.4599184924377537,0.5467995853448401,19.465512975092313,16.419885325032556,22.94672196329508,"[0.5459, 0.41617, 0.55434]",True,3
arctic,B,D0,S0,stochastic vs deterministic (L0),E_C,K1,3.4641473911782747,3.83952338101616,0.3753759898378858,0.2889539044226857,0.45004317764730867,10.836028247349127,8.230998912172627,13.427914825137188,"[0.35806, 0.37961, 0.38845]",True,3
arctic,B,D0,S0,stochastic vs deterministic (L0),part_hamming,K1,0.35959435609506446,0.3412391819271816,-0.018355174167882852,-0.030116654735644142,-0.005731858289360787,-5.104411083423777,-8.043904144461433,-1.755508186741328,"[-0.01182, -0.01672, -0.02653]",True,3
arctic,B,D0,S0,stochastic vs deterministic (L0),amount_l1,K1,0.6934201526539032,0.7695513548309444,0.07613120217704111,0.051346778812613916,0.09779180673116497,10.979087049268287,7.669184220036307,14.353925373964117,"[0.06855, 0.08362, 0.07622]",True,3
arctic,B,D0,S0,stochastic vs deterministic (L0),centroid,K1,0.6086869722492593,0.5924744856907689,-0.016212486558490332,-0.0285321143739839,-0.00428602187846248,-2.663517916044922,-4.643554107576442,-0.7175674360982764,"[-0.00795, -0.00945, -0.03124]",True,3
arctic,B,D0,S0,stochastic vs deterministic (L0),normal,K1,72.73696701330097,69.5681132637899,-3.1688537495110625,-4.323633557572539,-2.0271684476187954,-4.356593187246316,-5.826467300871596,-2.7783144041800822,"[-1.75516, -2.72577, -5.02563]",True,3
arctic,B,D0,S0,stochastic vs deterministic (L0),q_rel_l1,K1,0.7535123322225814,0.733271581618162,-0.020240750604419298,-0.035892682398210474,-0.004888078920559738,-2.6861870388659392,-4.700194165188909,-0.6447871836904429,"[-0.00904, -0.01644, -0.03525]",True,3
arctic,B,D0,S0,stochastic vs deterministic (L0),jitter_dense,K1,0.17058338688212485,1.5980754046029941,1.4274920177208692,1.3944115462771753,1.459883217469714,836.8294496973982,734.7937079435864,972.7484021454609,"[1.39985, 1.41447, 1.46816]",True,3
arctic,B,D0,S0,stochastic vs deterministic (L0),jitter_r2,K1,0.4768126752948569,0.8534042881434537,0.3765916128485967,0.343028799156042,0.41041616506882544,78.98104063943263,69.83929352706149,91.36230252364463,"[0.35028, 0.3678, 0.4117]",True,3
arctic,B,D0,S0,stochastic vs deterministic (L0),centroid_both,K1,0.42573461039358995,0.4465374921224878,0.020802881728897812,0.004662980599546607,0.03883719192671783,4.886349669731027,1.044608540967129,9.862036910351147,"[0.01863, 0.01576, 0.02801]",True,3
arctic,B,D0,S0,stochastic vs deterministic (L0),normal_both,K1,47.02325836988332,47.4458863572835,0.422627987400178,-1.0948262430416194,2.1404278544636512,0.8987637225727818,-2.4493580376823254,4.590413349646427,"[-0.84172, 0.31594, 1.79367]",False,3
arctic,B,D0,S0,stochastic vs deterministic (L0),q_cos,K1,0.5417583408209705,0.5974380231852974,0.05567968236432682,0.03700143116250682,0.07491834889925147,10.277586549004635,6.685224096510178,14.718420028566847,"[0.03209, 0.04828, 0.08666]",True,3
arctic,B,D0,S0,stochastic vs deterministic (L0),E_C_last16,K1,3.4368018700230505,3.8421900300142164,0.4053881599911652,0.2841139102146188,0.5139494792377968,11.795505685884855,8.122028778464752,15.34909693422064,"[0.356, 0.45032, 0.40985]",True,3
arctic,B,D0,S0,stochastic vs deterministic (L0),E_C,mean,3.6114714875924117,3.9596112252777194,0.34813973768530776,0.29712395787906837,0.3955047855010522,9.63983071391754,7.88510161879985,11.680927833329214,"[0.33377, 0.35052, 0.36013]",True,3
arctic,B,D0,S0,stochastic vs deterministic (L0),part_hamming,mean,0.37466912247485895,0.36079936811861524,-0.013869754356243661,-0.02175775071767282,-0.005546210177113288,-3.701867467654585,-5.561609279191238,-1.6480977032817368,"[-0.00756, -0.01002, -0.02404]",True,3
arctic,B,D0,S0,stochastic vs deterministic (L0),amount_l1,mean,0.699833996351608,0.7716416599636223,0.07180766361201428,0.05601202705769952,0.08825944971071334,10.260670957164653,7.9478269480104835,12.992002385867107,"[0.06194, 0.07971, 0.07377]",True,3
arctic,B,D0,S0,stochastic vs deterministic (L0),centroid,mean,0.6456592417018334,0.6317565082602443,-0.013902733441589132,-0.020893033873551174,-0.007740675085442256,-2.1532617429813494,-3.208158140980355,-1.2466787310239758,"[-0.00549, -0.00834, -0.02788]",True,3
arctic,B,D0,S0,stochastic vs deterministic (L0),normal,mean,74.54248285361943,72.01097479430578,-2.531508059313648,-3.303920999841261,-1.8808976315797432,-3.396060826528724,-4.401379484144574,-2.548268859886782,"[-1.57608, -2.1356, -3.88284]",True,3
arctic,B,D0,S0,stochastic vs deterministic (L0),q_rel_l1,mean,0.767121123149991,0.7499699086298011,-0.017151214520189924,-0.02755465158891492,-0.007104422282309664,-2.235789629903917,-3.5589238806992163,-0.9364168797068473,"[-0.00845, -0.0112, -0.0318]",True,3
arctic,B,D0,S0,stochastic vs deterministic (L0),jitter_dense,mean,0.16760637332989056,1.5883305368671277,1.4207241635372374,1.3920072753431822,1.4491770363191738,847.6552146026705,743.8961948371627,981.1579069120885,"[1.39137, 1.42326, 1.44755]",True,3
arctic,B,D0,S0,stochastic vs deterministic (L0),jitter_r2,mean,0.4530338843187024,0.8160332607699552,0.3629993764512528,0.3361979330087471,0.3914978225246947,80.12631924809588,72.48986930990556,89.7658089582619,"[0.33365, 0.36512, 0.39023]",True,3
arctic,B,D0,S0,stochastic vs deterministic (L0),centroid_both,mean,0.4577434243944784,0.4829218767947221,0.025178452400243637,0.014501796180805415,0.03683748797973605,5.500560151912781,2.908968971305148,8.998670822858124,"[0.01835, 0.01472, 0.04247]",True,3
arctic,B,D0,S0,stochastic vs deterministic (L0),normal_both,mean,44.94614680777888,47.2560550824502,2.309908274671323,1.1751481307610958,3.3694402886177466,5.139279868750712,2.516241588764334,7.9159856336805,"[0.79665, 1.19048, 4.9426]",True,3
arctic,B,D0,S0,stochastic vs deterministic (L0),q_cos,mean,0.5202331902495149,0.5665266483215996,0.04629345807208476,0.034146731655614486,0.06002795798324997,8.89859757888216,6.420305704675755,12.343205457023409,"[0.02667, 0.03637, 0.07584]",True,3
arctic,B,D0,S0,stochastic vs deterministic (L0),E_C_last16,mean,3.5564109354516935,3.936831042010297,0.38042010655860314,0.3099610175251375,0.44725114665813737,10.696742121851766,8.409581260641108,13.460651722055017,"[0.37392, 0.39999, 0.36735]",True,3
arctic,B,D0,S0,stochastic vs deterministic (L0),E_C,best10,2.347934913891618,2.6734083006458897,0.3254733867542718,0.26544576009440546,0.3831143238346269,13.862112822148532,10.717227605471802,17.51857823251395,"[0.306, 0.34913, 0.3213]",True,3
arctic,B,D0,S0,stochastic vs deterministic (L0),part_hamming,best10,0.21708856690858616,0.19971812159735977,-0.017370445311226376,-0.02900858221419329,-0.007926715944248493,-8.001547736293691,-12.522907480749613,-3.9425981548409927,"[-0.00942, -0.01858, -0.02411]",True,3
arctic,B,D0,S0,stochastic vs deterministic (L0),amount_l1,best10,0.4408515809657967,0.4680580883203442,0.027206507354547476,0.010778919861007307,0.04335286000553358,6.171353019749826,2.3821256626231913,10.466760381249829,"[0.0179, 0.03771, 0.026]",True,3
arctic,B,D0,S0,stochastic vs deterministic (L0),centroid,best10,0.38707461344966115,0.35878333413980135,-0.028291279309859838,-0.041189568845794805,-0.015626221036713007,-7.308998918250964,-10.708811392668771,-4.077244413056835,"[-0.01314, -0.02498, -0.04676]",True,3
arctic,B,D0,S0,stochastic vs deterministic (L0),normal,best10,54.68868303128041,50.92521318825342,-3.7634698430269853,-4.909468437494661,-2.635140899772831,-6.881624560010691,-8.973799651411463,-4.907838851671675,"[-2.59268, -3.28112, -5.4166]",True,3
arctic,B,D0,S0,stochastic vs deterministic (L0),q_rel_l1,best10,0.5455259221562562,0.526028380545664,-0.019497541610592153,-0.03267523292278489,-0.008598952150417586,-3.5740816006553433,-5.830482999443653,-1.6029626904532024,"[-0.01235, -0.01889, -0.02725]",True,3
arctic,B,D0,S0,stochastic vs deterministic (L0),centroid_both,best10,0.07869863487099127,0.0974319759041979,0.01873334103320662,0.0044278849940627245,0.03325836605845773,23.803895790461603,4.829669553607441,53.75165436159837,"[0.01286, 0.01616, 0.02717]",True,3
arctic,B,D0,S0,stochastic vs deterministic (L0),normal_both,best10,11.49532514548857,13.753623637674531,2.258298492185958,-0.009854349209261747,4.470372341255687,19.645364212009685,-0.08346426166685461,44.30746788728055,"[-0.28951, 2.78266, 4.28175]",False,3
arctic,B,D0,S0,stochastic vs deterministic (L0),q_cos,best10,0.8163160603880669,0.8485660938058702,0.032250033417803414,0.017029009039662237,0.05158213759631678,3.9506797651968295,2.04955265717528,6.602617165016733,"[0.02483, 0.03776, 0.03417]",True,3
arctic,B,D0,S0,stochastic vs deterministic (L0),E_C_last16,best10,2.2835922594779707,2.5711382200213744,0.2875459605434035,0.21308151822634167,0.35546571708381297,12.591825854635562,8.664726464769611,16.711373523212416,"[0.27257, 0.31953, 0.27053]",True,3
arctic,B,D1,S1,stochastic vs deterministic (L1),E_C,K1,3.440681388835326,3.770226783863533,0.3295453950282066,0.2578242484980255,0.3963382630626855,9.57791082015178,7.2213017801401325,12.08884947716793,"[0.33144, 0.33838, 0.31881]",True,3
arctic,B,D1,S1,stochastic vs deterministic (L1),part_hamming,K1,0.35963169339790574,0.3449167505567593,-0.014714942841146364,-0.025596560354618554,-0.0031653399479885883,-4.091670203511633,-6.991803220155179,-0.9209486069118866,"[-0.00668, -0.01107, -0.02639]",True,3
arctic,B,D1,S1,stochastic vs deterministic (L1),amount_l1,K1,0.684227133383407,0.7270906062589753,0.04286347287556819,0.024801136361136324,0.061906628409446336,6.2645093689305265,3.4860064168551252,9.263682371704318,"[0.04325, 0.04692, 0.03842]",True,3
arctic,B,D1,S1,stochastic vs deterministic (L1),centroid,K1,0.6168788925454181,0.6045139847476849,-0.012364907797733086,-0.026129514413881064,0.0006942336682904872,-2.0044303585606604,-4.181245697034697,0.11660556330497229,"[-0.00823, -0.00879, -0.02007]",True,3
arctic,B,D1,S1,stochastic vs deterministic (L1),normal,K1,74.51659713423807,72.57428184461423,-1.9423152896238483,-3.1579014986828464,-0.6733343700084485,-2.6065539280126337,-4.137679792194016,-0.9083134993160713,"[-0.87699, -1.64824, -3.30172]",True,3
arctic,B,D1,S1,stochastic vs deterministic (L1),q_rel_l1,K1,0.7656134984933349,0.7541299734171146,-0.011483525076220113,-0.025988623366720545,0.0030885682310753076,-1.4999115217820602,-3.3306877243032496,0.4127188960298067,"[-0.00233, -0.00582, -0.0263]",True,3
arctic,B,D1,S1,stochastic vs deterministic (L1),jitter_dense,K1,0.17779984394268644,1.6497602383722971,1.4719603944296107,1.4451209846271291,1.4995968175020753,827.8749642233068,728.689060922814,956.7090576597673,"[1.47717, 1.4546, 1.48412]",True,3
arctic,B,D1,S1,stochastic vs deterministic (L1),jitter_r2,K1,0.47359535687913495,0.8075534862376028,0.33395812935846786,0.2954450152419241,0.37573512117502295,70.51549904525277,60.42823279337206,83.46497947861565,"[0.32575, 0.32557, 0.35056]",True,3
arctic,B,D1,S1,stochastic vs deterministic (L1),centroid_both,K1,0.4277479055781572,0.4381053788273673,0.010357473249210037,-0.00675602589216776,0.028182893508079804,2.421396601629322,-1.4515150837549395,7.229925050206787,"[-0.01529, 0.00407, 0.04229]",False,3
arctic,B,D1,S1,stochastic vs deterministic (L1),normal_both,K1,46.900426415132365,46.732193921201976,-0.168232493930393,-1.6100415547901397,1.4438470599450357,-0.35870141657414756,-3.5275431186367445,3.222778237518864,"[-2.78653, -0.22189, 2.50372]",False,3
arctic,B,D1,S1,stochastic vs deterministic (L1),q_cos,K1,0.5141607846557347,0.5460812805811324,0.031920495925397745,0.005471633974424965,0.056580436412359124,6.208271201929705,1.0074973264717402,11.482553147054041,"[0.01518, 0.01818, 0.0624]",True,3
arctic,B,D1,S1,stochastic vs deterministic (L1),E_C_last16,K1,3.4106291872198864,3.766221166938864,0.3555919797189774,0.25298730396931873,0.4512691245912932,10.425993568911895,7.050022255569965,13.663210881084975,"[0.3414, 0.40971, 0.31566]",True,3
arctic,B,D1,S1,stochastic vs deterministic (L1),E_C,mean,3.5778061534448335,3.8757952303655685,0.2979890769207349,0.25809566082141533,0.33881682088353565,8.328821186520141,6.831217651290489,9.993595018247703,"[0.28092, 0.31215, 0.3009]",True,3
arctic,B,D1,S1,stochastic vs deterministic (L1),part_hamming,mean,0.3755278441475831,0.36659807247797355,-0.008929771669609569,-0.015189781967933183,-0.002925111226487292,-2.3779253146672397,-3.8957625586156563,-0.8118142437754217,"[-0.00075, -0.00474, -0.0213]",True,3
arctic,B,D1,S1,stochastic vs deterministic (L1),amount_l1,mean,0.6905830627193801,0.72759175328905,0.03700869056966996,0.022324951562363797,0.0538821802812339,5.359049847521158,3.19556812398345,8.123381755715142,"[0.02836, 0.04286, 0.0398]",True,3
arctic,B,D1,S1,stochastic vs deterministic (L1),centroid,mean,0.6515054442182077,0.6447951639351505,-0.006710280283057134,-0.014620901139100806,0.0002950557019145908,-1.0299653429771904,-2.1667495388556612,0.04844410184041692,"[0.00338, -0.00275, -0.02076]",False,3
arctic,B,D1,S1,stochastic vs deterministic (L1),normal,mean,76.07756453073154,75.04182027129717,-1.0357442594343613,-1.9016628446318753,-0.17658294713300055,-1.3614319357134308,-2.4625782816794617,-0.23678866929446318,"[0.05541, -0.84912, -2.31353]",False,3
arctic,B,D1,S1,stochastic vs deterministic (L1),q_rel_l1,mean,0.7800924827508282,0.7743148524901666,-0.005777630260661522,-0.01674746405333574,0.004920085223904822,-0.7406340130708622,-2.1219105770389657,0.6233574142459508,"[0.00706, -0.0018, -0.02259]",False,3
arctic,B,D1,S1,stochastic vs deterministic (L1),jitter_dense,mean,0.17564664516451112,1.6387997945363377,1.4631531493718266,1.4396146995759527,1.4893265280351795,833.0094480321177,730.9049522154781,959.4278152557993,"[1.46225, 1.46293, 1.46427]",True,3
arctic,B,D1,S1,stochastic vs deterministic (L1),jitter_r2,mean,0.4486565658103301,0.771160974266762,0.32250440845643186,0.29176765085710255,0.35513642737962287,71.882244244871,63.8734145356459,81.49007518052005,"[0.30382, 0.31917, 0.34453]",True,3
arctic,B,D1,S1,stochastic vs deterministic (L1),centroid_both,mean,0.45427271105394124,0.47019149326722676,0.015918782213285534,0.008270492226114078,0.02520173497978087,3.5042347528102535,1.7594382950446796,5.767288223502431,"[0.00352, 0.00612, 0.03811]",True,3
arctic,B,D1,S1,stochastic vs deterministic (L1),normal_both,mean,44.77062094214783,46.21746572682294,1.446844784675105,0.4962180732526926,2.3382400207898795,3.2316835331471117,1.150047672200838,5.290321501635642,"[-0.74176, 0.47059, 4.6117]",False,3
arctic,B,D1,S1,stochastic vs deterministic (L1),q_cos,mean,0.492227099824857,0.5109837809314711,0.018756681106614097,0.0011195861998702713,0.03708856156652293,3.8105746541155616,0.23133992147226223,7.5496057442346665,"[-0.00867, 0.0161, 0.04883]",False,3
arctic,B,D1,S1,stochastic vs deterministic (L1),E_C_last16,mean,3.5209652363880135,3.849176348345254,0.32821111195724073,0.27103999720546584,0.382792143072781,9.32162318915526,7.402461230209911,11.493253447230313,"[0.31507, 0.35996, 0.30961]",True,3
arctic,B,D1,S1,stochastic vs deterministic (L1),E_C,best10,2.3546966635304964,2.680368938753682,0.32567227522318504,0.26965920731375276,0.38968550929779827,13.830752821252613,10.890179266739741,17.56260939107237,"[0.30729, 0.34363, 0.3261]",True,3
arctic,B,D1,S1,stochastic vs deterministic (L1),part_hamming,best10,0.21868933592739392,0.20791798046419538,-0.010771355463198542,-0.020502518437669866,-0.002145038901209806,-4.925414134859651,-9.389480705509056,-1.1089605969462402,"[-0.00546, -0.00927, -0.01759]",True,3
arctic,B,D1,S1,stochastic vs deterministic (L1),amount_l1,best10,0.437332291085954,0.4443472304037609,0.0070149393178068585,-0.012965751194190519,0.024005332846670457,1.6040295813482874,-2.8478606392983496,5.756559368150627,"[-0.00157, 0.01937, 0.00324]",False,3
arctic,B,D1,S1,stochastic vs deterministic (L1),centroid,best10,0.3976549315182859,0.3793982158358272,-0.018256715682458707,-0.030503559634403304,-0.005773817922073003,-4.591095001073597,-7.628020720041128,-1.4529115191529218,"[-0.00738, -0.0152, -0.03219]",True,3
arctic,B,D1,S1,stochastic vs deterministic (L1),normal,best10,56.04405155489522,53.9306959541895,-2.113355600705711,-3.250185626093917,-1.0192242442345487,-3.7708829787862053,-5.688073422663431,-1.8534565686937454,"[-0.82171, -2.35173, -3.16663]",True,3
arctic,B,D1,S1,stochastic vs deterministic (L1),q_rel_l1,best10,0.5544906547126163,0.5496431552407776,-0.004847499471838758,-0.01809039571294279,0.007585212461409091,-0.8742256394476233,-3.206924778946396,1.3680016600986944,"[0.00089, -0.00148, -0.01395]",False,3
arctic,B,D1,S1,stochastic vs deterministic (L1),centroid_both,best10,0.0699614902422513,0.08371646902574006,0.013754978783488754,0.0014382987077035878,0.02638837990087616,19.660785863566144,2.0403043894713813,44.07557835492255,"[-0.00324, 0.01829, 0.02622]",False,3
arctic,B,D1,S1,stochastic vs deterministic (L1),normal_both,best10,9.988103703732559,11.246005204843362,1.257901501110805,-0.6950068584575432,3.0054217628845117,12.593997203300212,-6.705985339775777,35.55482473557166,"[-1.26188, 0.55094, 4.48464]",False,3
arctic,B,D1,S1,stochastic vs deterministic (L1),q_cos,best10,0.8072926677149256,0.8141673712400339,0.0068747035251082505,-0.008448489646430173,0.023777750181868756,0.851575122633963,-1.0429292783988298,3.004973205408934,"[1e-05, 0.01273, 0.00789]",True,3
arctic,B,D1,S1,stochastic vs deterministic (L1),E_C_last16,best10,2.301538316900158,2.5967459781195528,0.2952076612193952,0.2305736512604949,0.3560429307197531,12.826536888466734,9.441470315404343,16.695739690307732,"[0.28324, 0.326, 0.27639]",True,3
arctic,B,D2,S2,stochastic vs deterministic (L2),E_C,K1,3.4356002637775997,4.086595543823789,0.6509952800461896,0.5780867902017406,0.7334919277489363,18.948516418216556,16.50206390857438,22.206933148665797,"[0.71128, 0.56985, 0.67185]",True,3
arctic,B,D2,S2,stochastic vs deterministic (L2),part_hamming,K1,0.3891315808599835,0.3243260997561171,-0.06480548110386643,-0.08862887145942815,-0.04413406913260467,-16.65387346887802,-21.519295250033466,-12.17033271713347,"[-0.071, -0.06016, -0.06326]",True,3
arctic,B,D2,S2,stochastic vs deterministic (L2),amount_l1,K1,0.6918386259954088,0.7510961629316799,0.059257536936270935,0.024211337872571445,0.09412185018028442,8.565225286606704,3.2250182581071485,14.505660137392006,"[0.07083, 0.04809, 0.05886]",True,3
arctic,B,D2,S2,stochastic vs deterministic (L2),centroid,K1,0.6558568057433892,0.5754425931040958,-0.08041421263929337,-0.10326075893237525,-0.056031758669094406,-12.260940488091276,-15.917880959812457,-8.557852084640395,"[-0.08391, -0.07679, -0.08054]",True,3
arctic,B,D2,S2,stochastic vs deterministic (L2),normal,K1,79.02737320110361,69.01194916831122,-10.015424032792396,-12.510273077024353,-7.3927101701617515,-12.673360668721468,-15.739454037722101,-9.420230069572034,"[-10.59471, -9.37263, -10.07893]",True,3
arctic,B,D2,S2,stochastic vs deterministic (L2),q_rel_l1,K1,0.8097664059597103,0.7125510058255606,-0.09721540013414985,-0.12503233713870188,-0.06876992732811243,-12.005363450331464,-15.133994280356976,-8.707239734692118,"[-0.10579, -0.08806, -0.0978]",True,3
arctic,B,D2,S2,stochastic vs deterministic (L2),jitter_dense,K1,0.13139138501604825,2.7410108919212037,2.609619506905156,2.556942131918762,2.6677771697710044,1986.1420188138015,1697.2167966631305,2304.9928719016543,"[2.71209, 2.41952, 2.69725]",True,3
arctic,B,D2,S2,stochastic vs deterministic (L2),jitter_r2,K1,0.39333990928266316,0.9929711250421394,0.5996312157594762,0.5438653433095693,0.662431786676467,152.44606550426778,128.96767200831187,180.01436067789288,"[0.64358, 0.54498, 0.61034]",True,3
arctic,B,D2,S2,stochastic vs deterministic (L2),centroid_both,K1,0.38117397142620923,0.4707397288145452,0.08956575738833585,0.05334348617266645,0.12616512388896964,23.497343497305103,12.321328889187022,39.18132388031634,"[0.10945, 0.09387, 0.06538]",True,3
arctic,B,D2,S2,stochastic vs deterministic (L2),normal_both,K1,41.91923217253766,50.23172889612482,8.312496723587154,4.631743966112543,12.518004106711565,19.829792419320302,10.683647950581076,32.53273548330833,"[10.24336, 7.84368, 6.85045]",True,3
arctic,B,D2,S2,stochastic vs deterministic (L2),q_cos,K1,0.4476951378327544,0.6243554211061407,0.17666028327338637,0.13528942181670003,0.21982950289723013,39.45995128036914,27.076863538603636,55.3949382360412,"[0.19236, 0.16187, 0.17575]",True,3
arctic,B,D2,S2,stochastic vs deterministic (L2),E_C_last16,K1,3.459895905627999,4.099685079307966,0.6397891736799671,0.5548204988672362,0.7427777362022644,18.491572900770258,15.69036927854317,21.942215019168465,"[0.70659, 0.55452, 0.65825]",True,3
arctic,B,D2,S2,stochastic vs deterministic (L2),E_C,mean,3.544825410661304,4.196336598507393,0.6515111878460881,0.5879679219315691,0.7224697507483661,18.379217940794046,16.27902278123696,21.234912141081818,"[0.70927, 0.57732, 0.66794]",True,3
arctic,B,D2,S2,stochastic vs deterministic (L2),part_hamming,mean,0.4019503357232712,0.34300002859472245,-0.05895030712854872,-0.07611529597034308,-0.044470252942778773,-14.666067394239967,-17.489346066163858,-12.221386890985041,"[-0.06431, -0.05342, -0.05912]",True,3
arctic,B,D2,S2,stochastic vs deterministic (L2),amount_l1,mean,0.6910725654897323,0.7487993403841944,0.05772677489446215,0.022417949436190483,0.09078940532091785,8.353214666183973,3.0802811558771293,14.102595312496536,"[0.06773, 0.04764, 0.05782]",True,3
arctic,B,D2,S2,stochastic vs deterministic (L2),centroid,mean,0.6885972960681844,0.6184513883625147,-0.07014590770566977,-0.08467886421916467,-0.05571705192566953,-10.18678233362158,-12.473479514141472,-7.931244524618252,"[-0.07252, -0.06469, -0.07323]",True,3
arctic,B,D2,S2,stochastic vs deterministic (L2),normal,mean,80.06344707524904,71.45097628272136,-8.612470792527693,-10.701660171748538,-6.580714488739606,-10.757057192944874,-13.358965801929457,-8.366002637778202,"[-8.97192, -7.76273, -9.10276]",True,3
arctic,B,D2,S2,stochastic vs deterministic (L2),q_rel_l1,mean,0.8200151503673592,0.735351250454196,-0.08466389991316317,-0.1046427506211989,-0.06546996763320491,-10.324675083775537,-12.611961133627158,-8.125748432700309,"[-0.09157, -0.07525, -0.08717]",True,3
arctic,B,D2,S2,stochastic vs deterministic (L2),jitter_dense,mean,0.13027563048025934,2.731507889472456,2.601232258992196,2.554492570804637,2.655028761522854,1996.7143888713408,1717.3634144109783,2313.4350130318116,"[2.70315, 2.42003, 2.68052]",True,3
arctic,B,D2,S2,stochastic vs deterministic (L2),jitter_r2,mean,0.3665763142271682,0.9554437139608954,0.5888673997337273,0.5433548809895882,0.6342201873385376,160.6397840993089,138.53390622446238,192.0143077967195,"[0.62159, 0.54553, 0.59948]",True,3
arctic,B,D2,S2,stochastic vs deterministic (L2),centroid_both,mean,0.40522623357252885,0.500912796174206,0.0956865626016772,0.06361879081335059,0.1307035715013728,23.613121430488746,13.652510111619565,36.96438185723705,"[0.10888, 0.09072, 0.08746]",True,3
arctic,B,D2,S2,stochastic vs deterministic (L2),normal_both,mean,38.33492922964222,49.04375036491822,10.708821135276,7.621964649534349,13.764290175414743,27.9348921479043,18.489292812825965,39.218439678911835,"[11.9415, 9.96616, 10.2188]",True,3
arctic,B,D2,S2,stochastic vs deterministic (L2),q_cos,mean,0.4236547955036443,0.5886926855319462,0.16503789002830194,0.13212873582017517,0.19911361050320317,38.955746938283454,27.754260926592345,52.953983713234166,"[0.17866, 0.14952, 0.16693]",True,3
arctic,B,D2,S2,stochastic vs deterministic (L2),E_C_last16,mean,3.549100291307041,4.19983996689106,0.6507396755840189,0.5753054057788868,0.7280279909876438,18.335341978864417,16.23349987680214,21.06999835331056,"[0.70945, 0.58069, 0.66208]",True,3
arctic,B,D2,S2,stochastic vs deterministic (L2),E_C,best10,2.3934107659965433,3.1257739707987797,0.7323632048022363,0.6687285496163734,0.7992670129574218,30.59914391658143,26.598061516820295,35.27363313731111,"[0.77321, 0.65232, 0.77156]",True,3
arctic,B,D2,S2,stochastic vs deterministic (L2),part_hamming,best10,0.24113277272207786,0.18979148574692523,-0.05134128697515268,-0.07128113208023176,-0.03424438721845322,-21.291708462344516,-26.867756544323782,-15.97752366208458,"[-0.05628, -0.048, -0.04975]",True,3
arctic,B,D2,S2,stochastic vs deterministic (L2),amount_l1,best10,0.459674993039219,0.48992158204156866,0.030246589002349684,-0.0066987258313537,0.059467733543816945,6.579994443980786,-1.2863125842398793,14.939513753398415,"[0.03574, 0.02188, 0.03312]",True,3
arctic,B,D2,S2,stochastic vs deterministic (L2),centroid,best10,0.4313513298709226,0.34690670832644444,-0.08444462154447818,-0.10619394944491121,-0.06095612319034484,-19.576761608628246,-24.302070459640788,-14.66012747629184,"[-0.08974, -0.07842, -0.08517]",True,3
arctic,B,D2,S2,stochastic vs deterministic (L2),normal,best10,59.64931675268331,51.01986728005084,-8.629449472632459,-10.975804968873847,-6.371715262078796,-14.466971195012512,-18.1602203994353,-10.876625398818419,"[-8.95162, -8.10522, -8.83151]",True,3
arctic,B,D2,S2,stochastic vs deterministic (L2),q_rel_l1,best10,0.5800615553627304,0.5245928772621684,-0.055468678100562024,-0.08259742761337358,-0.0288915729162411,-9.562550316901408,-13.70022534702009,-5.322093616527268,"[-0.05966, -0.05202, -0.05472]",True,3
arctic,B,D2,S2,stochastic vs deterministic (L2),centroid_both,best10,0.036490369200920116,0.1246807863334975,0.08819041713257739,0.07125299137164783,0.10655148590033188,241.68135062430017,154.9093803153327,521.4866944283649,"[0.09643, 0.07514, 0.09299]",True,3
arctic,B,D2,S2,stochastic vs deterministic (L2),normal_both,best10,5.194763216280167,19.46280981071534,14.26804659443517,11.913942015356714,16.65391864479283,274.6621164506539,169.70378892705327,576.284875114494,"[15.58301, 12.63936, 14.58178]",True,3
arctic,B,D2,S2,stochastic vs deterministic (L2),q_cos,best10,0.7994375862615136,0.8506375446808808,0.05119995841936719,0.020742917691153023,0.08431046730757022,6.40449727398964,2.491229677352824,11.118138352653627,"[0.05631, 0.04749, 0.0498]",True,3
arctic,B,D2,S2,stochastic vs deterministic (L2),E_C_last16,best10,2.363033625868059,3.102215903420602,0.7391822775525432,0.6591035221509194,0.8168866517738234,31.281073170552332,27.10076067503373,35.90313016884843,"[0.77108, 0.66439, 0.78208]",True,3
